founder	set	score	value	n_true	n_false
TIL18	crisp	witness27x	0	75850	27414
TIL18	crisp	witness27x	1	16252	7261
TIL18	crisp	witness27x	2	22731	9394
TIL18	crisp	witness27x	3	26519	10522
TIL18	crisp	witness27x	4	26438	9390
TIL18	crisp	witness27x	5	23230	7762
TIL18	crisp	witness27x	6	18641	6050
TIL18	crisp	witness27x	7	12933	4256
TIL18	crisp	witness27x	8	8070	2758
TIL18	crisp	witness27x	9	5048	1507
TIL18	crisp	witness27x	10	2566	815
TIL18	crisp	witness27x	11	1340	419
TIL18	crisp	witness27x	12	631	208
TIL18	crisp	witness27x	13	355	118
TIL18	crisp	witness27x	14	175	58
TIL18	crisp	witness27x	15	101	30
TIL18	crisp	witness27x	16	45	31
TIL18	crisp	witness27x	17	48	18
TIL18	crisp	witness27x	18	25	10
TIL18	crisp	witness27x	19	15	12
TIL18	crisp	witness27x	20	15	4
TIL18	crisp	witness27x	21	10	8
TIL18	crisp	witness27x	22	17	1
TIL18	crisp	witness27x	23	11	2
TIL18	crisp	witness27x	24	13	0
TIL18	crisp	witness27x	25	8	2
TIL18	crisp	witness27x	26	7	1
TIL18	crisp	witness27x	27	4	0
TIL18	crisp	witness27x	28	6	1
TIL18	crisp	witness27x	29	1	0
TIL18	crisp	witness27x	32	2	0
TIL18	crisp	witness27x	34	1	0
TIL18	crisp	witness27x	36	1	0
TIL18	crisp	witness27x	42	0	1
TIL18	crisp	witness27x	43	1	0
TIL18	crisp	witness27x	44	1	0
TIL18	crisp	witness27x	46	1	1
TIL18	crisp	witness27x	50	1	0
TIL18	crisp	witness27x	51	1	0
TIL18	crisp	witness27x	56	0	1
TIL18	crisp	witness27x	71	1	0
TIL18	crisp	own_lam0.05	0	229927	84312
TIL18	crisp	own_lam0.05	1	10729	3587
TIL18	crisp	own_lam0.05	2	446	149
TIL18	crisp	own_lam0.05	3	13	7
TIL18	crisp	population_lam0.05	0	225671	83001
TIL18	crisp	population_lam0.05	1	14441	4768
TIL18	crisp	population_lam0.05	2	948	270
TIL18	crisp	population_lam0.05	3	49	14
TIL18	crisp	population_lam0.05	4	6	2
TIL18	crisp	own_lam0.4	0	171761	64821
TIL18	crisp	own_lam0.4	1	50132	17187
TIL18	crisp	own_lam0.4	2	15072	4780
TIL18	crisp	own_lam0.4	3	3393	1064
TIL18	crisp	own_lam0.4	4	621	174
TIL18	crisp	own_lam0.4	5	110	21
TIL18	crisp	own_lam0.4	6	20	7
TIL18	crisp	own_lam0.4	7	3	1
TIL18	crisp	own_lam0.4	8	2	0
TIL18	crisp	own_lam0.4	9	1	0
TIL18	crisp	population_lam0.4	0	157604	60165
TIL18	crisp	population_lam0.4	1	52131	18230
TIL18	crisp	population_lam0.4	2	21011	6632
TIL18	crisp	population_lam0.4	3	7199	2090
TIL18	crisp	population_lam0.4	4	2245	670
TIL18	crisp	population_lam0.4	5	622	179
TIL18	crisp	population_lam0.4	6	201	58
TIL18	crisp	population_lam0.4	7	55	17
TIL18	crisp	population_lam0.4	8	20	7
TIL18	crisp	population_lam0.4	9	6	3
TIL18	crisp	population_lam0.4	10	4	2
TIL18	crisp	population_lam0.4	11	3	1
TIL18	crisp	population_lam0.4	12	3	0
TIL18	crisp	population_lam0.4	13	1	0
TIL18	crisp	population_lam0.4	15	1	0
TIL18	crisp	population_lam0.4	17	0	1
TIL18	crisp	population_lam0.4	18	1	0
TIL18	crisp	population_lam0.4	19	1	0
TIL18	crisp	population_lam0.4	20	2	0
TIL18	crisp	population_lam0.4	21	1	0
TIL18	crisp	population_lam0.4	22	1	0
TIL18	crisp	population_lam0.4	23	2	0
TIL18	crisp	population_lam0.4	24	1	0
TIL18	crisp	own_lam0.8	0	134211	51802
TIL18	crisp	own_lam0.8	1	56209	20430
TIL18	crisp	own_lam0.8	2	30601	9740
TIL18	crisp	own_lam0.8	3	13576	4123
TIL18	crisp	own_lam0.8	4	4631	1377
TIL18	crisp	own_lam0.8	5	1358	408
TIL18	crisp	own_lam0.8	6	350	127
TIL18	crisp	own_lam0.8	7	104	27
TIL18	crisp	own_lam0.8	8	39	13
TIL18	crisp	own_lam0.8	9	19	6
TIL18	crisp	own_lam0.8	10	7	0
TIL18	crisp	own_lam0.8	11	5	1
TIL18	crisp	own_lam0.8	12	1	1
TIL18	crisp	own_lam0.8	13	1	0
TIL18	crisp	own_lam0.8	14	1	0
TIL18	crisp	own_lam0.8	18	1	0
TIL18	crisp	own_lam0.8	26	1	0
TIL18	crisp	population_lam0.8	0	121273	47175
TIL18	crisp	population_lam0.8	1	50266	18858
TIL18	crisp	population_lam0.8	2	33065	10900
TIL18	crisp	population_lam0.8	3	18791	5681
TIL18	crisp	population_lam0.8	4	9590	2884
TIL18	crisp	population_lam0.8	5	4449	1381
TIL18	crisp	population_lam0.8	6	2033	644
TIL18	crisp	population_lam0.8	7	894	272
TIL18	crisp	population_lam0.8	8	403	125
TIL18	crisp	population_lam0.8	9	159	62
TIL18	crisp	population_lam0.8	10	86	35
TIL18	crisp	population_lam0.8	11	32	17
TIL18	crisp	population_lam0.8	12	19	5
TIL18	crisp	population_lam0.8	13	18	4
TIL18	crisp	population_lam0.8	14	6	2
TIL18	crisp	population_lam0.8	15	11	3
TIL18	crisp	population_lam0.8	16	2	4
TIL18	crisp	population_lam0.8	17	1	1
TIL18	crisp	population_lam0.8	18	2	1
TIL18	crisp	population_lam0.8	19	3	0
TIL18	crisp	population_lam0.8	21	1	0
TIL18	crisp	population_lam0.8	22	1	0
TIL18	crisp	population_lam0.8	24	2	0
TIL18	crisp	population_lam0.8	25	1	0
TIL18	crisp	population_lam0.8	26	2	0
TIL18	crisp	population_lam0.8	27	0	1
TIL18	crisp	population_lam0.8	28	1	0
TIL18	crisp	population_lam0.8	29	1	0
TIL18	crisp	population_lam0.8	30	1	0
TIL18	crisp	population_lam0.8	31	1	0
TIL18	crisp	population_lam0.8	33	1	0
TIL18	crisp	llr	-12.0	1	0
TIL18	crisp	llr	-11.5	0	1
TIL18	crisp	llr	-11.0	0	1
TIL18	crisp	llr	-10.0	1	0
TIL18	crisp	llr	-9.5	3	0
TIL18	crisp	llr	-9.0	1	2
TIL18	crisp	llr	-8.0	1	2
TIL18	crisp	llr	-7.5	0	1
TIL18	crisp	llr	-7.0	0	4
TIL18	crisp	llr	-6.5	2	1
TIL18	crisp	llr	-6.0	3	3
TIL18	crisp	llr	-5.5	5	7
TIL18	crisp	llr	-5.0	6	10
TIL18	crisp	llr	-4.5	11	8
TIL18	crisp	llr	-4.0	14	10
TIL18	crisp	llr	-3.5	11	17
TIL18	crisp	llr	-3.0	20	37
TIL18	crisp	llr	-2.5	17	38
TIL18	crisp	llr	-2.0	40	47
TIL18	crisp	llr	-1.5	42	48
TIL18	crisp	llr	-1.0	58	68
TIL18	crisp	llr	-0.5	48	65
TIL18	crisp	llr	0.0	68	75
TIL18	crisp	llr	0.5	75	71
TIL18	crisp	llr	1.0	119	92
TIL18	crisp	llr	1.5	98	100
TIL18	crisp	llr	2.0	121	115
TIL18	crisp	llr	2.5	136	128
TIL18	crisp	llr	3.0	177	150
TIL18	crisp	llr	3.5	173	159
TIL18	crisp	llr	4.0	188	146
TIL18	crisp	llr	4.5	219	182
TIL18	crisp	llr	5.0	237	202
TIL18	crisp	llr	5.5	271	197
TIL18	crisp	llr	6.0	297	224
TIL18	crisp	llr	6.5	290	236
TIL18	crisp	llr	7.0	327	231
TIL18	crisp	llr	7.5	373	243
TIL18	crisp	llr	8.0	414	258
TIL18	crisp	llr	8.5	389	265
TIL18	crisp	llr	9.0	414	265
TIL18	crisp	llr	9.5	456	293
TIL18	crisp	llr	10.0	433	287
TIL18	crisp	llr	10.5	501	327
TIL18	crisp	llr	11.0	519	345
TIL18	crisp	llr	11.5	523	354
TIL18	crisp	llr	12.0	604	358
TIL18	crisp	llr	12.5	616	339
TIL18	crisp	llr	13.0	607	311
TIL18	crisp	llr	13.5	712	356
TIL18	crisp	llr	14.0	731	355
TIL18	crisp	llr	14.5	729	381
TIL18	crisp	llr	15.0	773	383
TIL18	crisp	llr	15.5	831	385
TIL18	crisp	llr	16.0	812	403
TIL18	crisp	llr	16.5	841	443
TIL18	crisp	llr	17.0	837	442
TIL18	crisp	llr	17.5	911	452
TIL18	crisp	llr	18.0	920	385
TIL18	crisp	llr	18.5	1030	468
TIL18	crisp	llr	19.0	1013	453
TIL18	crisp	llr	19.5	1019	439
TIL18	crisp	llr	20.0	1033	513
TIL18	crisp	llr	20.5	1137	470
TIL18	crisp	llr	21.0	1148	484
TIL18	crisp	llr	21.5	1123	479
TIL18	crisp	llr	22.0	1152	553
TIL18	crisp	llr	22.5	1147	521
TIL18	crisp	llr	23.0	1137	512
TIL18	crisp	llr	23.5	1264	537
TIL18	crisp	llr	24.0	1243	525
TIL18	crisp	llr	24.5	1391	545
TIL18	crisp	llr	25.0	1348	532
TIL18	crisp	llr	25.5	1439	573
TIL18	crisp	llr	26.0	1510	578
TIL18	crisp	llr	26.5	1504	562
TIL18	crisp	llr	27.0	1517	542
TIL18	crisp	llr	27.5	1504	661
TIL18	crisp	llr	28.0	1498	628
TIL18	crisp	llr	28.5	1562	569
TIL18	crisp	llr	29.0	1618	620
TIL18	crisp	llr	29.5	1601	625
TIL18	crisp	llr	30.0	1659	701
TIL18	crisp	llr	30.5	1617	638
TIL18	crisp	llr	31.0	1678	645
TIL18	crisp	llr	31.5	1626	643
TIL18	crisp	llr	32.0	1700	665
TIL18	crisp	llr	32.5	1775	659
TIL18	crisp	llr	33.0	1712	665
TIL18	crisp	llr	33.5	1802	673
TIL18	crisp	llr	34.0	1819	698
TIL18	crisp	llr	34.5	1793	710
TIL18	crisp	llr	35.0	1822	644
TIL18	crisp	llr	35.5	1894	670
TIL18	crisp	llr	36.0	1896	682
TIL18	crisp	llr	36.5	1993	644
TIL18	crisp	llr	37.0	1993	705
TIL18	crisp	llr	37.5	1900	701
TIL18	crisp	llr	38.0	1904	673
TIL18	crisp	llr	38.5	2061	676
TIL18	crisp	llr	39.0	1908	660
TIL18	crisp	llr	39.5	1963	717
TIL18	crisp	llr	40.0	2000	671
TIL18	crisp	llr	40.5	1974	646
TIL18	crisp	llr	41.0	1950	679
TIL18	crisp	llr	41.5	1980	673
TIL18	crisp	llr	42.0	2018	686
TIL18	crisp	llr	42.5	1949	662
TIL18	crisp	llr	43.0	2068	655
TIL18	crisp	llr	43.5	2037	670
TIL18	crisp	llr	44.0	2048	648
TIL18	crisp	llr	44.5	2022	670
TIL18	crisp	llr	45.0	1971	690
TIL18	crisp	llr	45.5	2023	673
TIL18	crisp	llr	46.0	1953	686
TIL18	crisp	llr	46.5	1976	666
TIL18	crisp	llr	47.0	1932	660
TIL18	crisp	llr	47.5	1980	608
TIL18	crisp	llr	48.0	1893	639
TIL18	crisp	llr	48.5	1941	644
TIL18	crisp	llr	49.0	1944	649
TIL18	crisp	llr	49.5	2009	634
TIL18	crisp	llr	50.0	1948	627
TIL18	crisp	llr	50.5	1900	592
TIL18	crisp	llr	51.0	1885	617
TIL18	crisp	llr	51.5	1870	602
TIL18	crisp	llr	52.0	1983	600
TIL18	crisp	llr	52.5	1851	625
TIL18	crisp	llr	53.0	1813	641
TIL18	crisp	llr	53.5	1803	578
TIL18	crisp	llr	54.0	1741	584
TIL18	crisp	llr	54.5	1806	575
TIL18	crisp	llr	55.0	1701	590
TIL18	crisp	llr	55.5	1793	589
TIL18	crisp	llr	56.0	1711	588
TIL18	crisp	llr	56.5	1806	574
TIL18	crisp	llr	57.0	1709	520
TIL18	crisp	llr	57.5	1656	564
TIL18	crisp	llr	58.0	1672	524
TIL18	crisp	llr	58.5	1595	578
TIL18	crisp	llr	59.0	1596	528
TIL18	crisp	llr	59.5	1644	510
TIL18	crisp	llr	60.0	1652	515
TIL18	crisp	llr	60.5	1665	498
TIL18	crisp	llr	61.0	1573	517
TIL18	crisp	llr	61.5	1548	501
TIL18	crisp	llr	62.0	1489	505
TIL18	crisp	llr	62.5	1554	511
TIL18	crisp	llr	63.0	1536	473
TIL18	crisp	llr	63.5	1449	479
TIL18	crisp	llr	64.0	1476	511
TIL18	crisp	llr	64.5	1402	466
TIL18	crisp	llr	65.0	1429	478
TIL18	crisp	llr	65.5	1390	454
TIL18	crisp	llr	66.0	1369	431
TIL18	crisp	llr	66.5	1389	458
TIL18	crisp	llr	67.0	1338	455
TIL18	crisp	llr	67.5	1355	468
TIL18	crisp	llr	68.0	1292	421
TIL18	crisp	llr	68.5	1340	435
TIL18	crisp	llr	69.0	1220	420
TIL18	crisp	llr	69.5	1310	403
TIL18	crisp	llr	70.0	1233	408
TIL18	crisp	llr	70.5	1200	405
TIL18	crisp	llr	71.0	1159	391
TIL18	crisp	llr	71.5	1167	375
TIL18	crisp	llr	72.0	1150	374
TIL18	crisp	llr	72.5	1155	362
TIL18	crisp	llr	73.0	1136	368
TIL18	crisp	llr	73.5	1109	353
TIL18	crisp	llr	74.0	1102	317
TIL18	crisp	llr	74.5	1068	332
TIL18	crisp	llr	75.0	1041	346
TIL18	crisp	llr	75.5	1009	329
TIL18	crisp	llr	76.0	1020	304
TIL18	crisp	llr	76.5	968	337
TIL18	crisp	llr	77.0	989	286
TIL18	crisp	llr	77.5	1054	304
TIL18	crisp	llr	78.0	922	277
TIL18	crisp	llr	78.5	925	311
TIL18	crisp	llr	79.0	887	286
TIL18	crisp	llr	79.5	905	285
TIL18	crisp	llr	80.0	881	286
TIL18	crisp	llr	80.5	852	260
TIL18	crisp	llr	81.0	837	284
TIL18	crisp	llr	81.5	818	257
TIL18	crisp	llr	82.0	771	257
TIL18	crisp	llr	82.5	837	231
TIL18	crisp	llr	83.0	783	236
TIL18	crisp	llr	83.5	728	247
TIL18	crisp	llr	84.0	770	206
TIL18	crisp	llr	84.5	724	226
TIL18	crisp	llr	85.0	654	237
TIL18	crisp	llr	85.5	691	226
TIL18	crisp	llr	86.0	716	201
TIL18	crisp	llr	86.5	655	226
TIL18	crisp	llr	87.0	614	204
TIL18	crisp	llr	87.5	605	211
TIL18	crisp	llr	88.0	650	219
TIL18	crisp	llr	88.5	623	165
TIL18	crisp	llr	89.0	587	199
TIL18	crisp	llr	89.5	579	177
TIL18	crisp	llr	90.0	569	155
TIL18	crisp	llr	90.5	529	177
TIL18	crisp	llr	91.0	503	159
TIL18	crisp	llr	91.5	499	187
TIL18	crisp	llr	92.0	494	170
TIL18	crisp	llr	92.5	520	157
TIL18	crisp	llr	93.0	458	129
TIL18	crisp	llr	93.5	454	164
TIL18	crisp	llr	94.0	431	143
TIL18	crisp	llr	94.5	398	150
TIL18	crisp	llr	95.0	355	143
TIL18	crisp	llr	95.5	402	138
TIL18	crisp	llr	96.0	380	134
TIL18	crisp	llr	96.5	373	115
TIL18	crisp	llr	97.0	392	117
TIL18	crisp	llr	97.5	351	137
TIL18	crisp	llr	98.0	364	129
TIL18	crisp	llr	98.5	332	104
TIL18	crisp	llr	99.0	322	116
TIL18	crisp	llr	99.5	283	116
TIL18	crisp	llr	100.0	284	77
TIL18	crisp	llr	100.5	289	104
TIL18	crisp	llr	101.0	291	95
TIL18	crisp	llr	101.5	284	103
TIL18	crisp	llr	102.0	242	103
TIL18	crisp	llr	102.5	255	87
TIL18	crisp	llr	103.0	262	72
TIL18	crisp	llr	103.5	263	88
TIL18	crisp	llr	104.0	209	80
TIL18	crisp	llr	104.5	224	79
TIL18	crisp	llr	105.0	227	72
TIL18	crisp	llr	105.5	219	67
TIL18	crisp	llr	106.0	173	78
TIL18	crisp	llr	106.5	183	60
TIL18	crisp	llr	107.0	176	65
TIL18	crisp	llr	107.5	171	59
TIL18	crisp	llr	108.0	164	65
TIL18	crisp	llr	108.5	173	51
TIL18	crisp	llr	109.0	172	52
TIL18	crisp	llr	109.5	162	50
TIL18	crisp	llr	110.0	148	43
TIL18	crisp	llr	110.5	163	47
TIL18	crisp	llr	111.0	141	44
TIL18	crisp	llr	111.5	130	50
TIL18	crisp	llr	112.0	153	48
TIL18	crisp	llr	112.5	125	50
TIL18	crisp	llr	113.0	134	47
TIL18	crisp	llr	113.5	120	45
TIL18	crisp	llr	114.0	109	39
TIL18	crisp	llr	114.5	114	55
TIL18	crisp	llr	115.0	106	30
TIL18	crisp	llr	115.5	107	28
TIL18	crisp	llr	116.0	94	43
TIL18	crisp	llr	116.5	86	35
TIL18	crisp	llr	117.0	77	25
TIL18	crisp	llr	117.5	90	38
TIL18	crisp	llr	118.0	98	18
TIL18	crisp	llr	118.5	72	32
TIL18	crisp	llr	119.0	61	28
TIL18	crisp	llr	119.5	72	23
TIL18	crisp	llr	120.0	66	27
TIL18	crisp	llr	120.5	89	23
TIL18	crisp	llr	121.0	67	22
TIL18	crisp	llr	121.5	68	29
TIL18	crisp	llr	122.0	60	21
TIL18	crisp	llr	122.5	43	15
TIL18	crisp	llr	123.0	62	23
TIL18	crisp	llr	123.5	64	28
TIL18	crisp	llr	124.0	53	22
TIL18	crisp	llr	124.5	36	20
TIL18	crisp	llr	125.0	39	13
TIL18	crisp	llr	125.5	53	17
TIL18	crisp	llr	126.0	55	17
TIL18	crisp	llr	126.5	41	13
TIL18	crisp	llr	127.0	50	17
TIL18	crisp	llr	127.5	36	14
TIL18	crisp	llr	128.0	30	14
TIL18	crisp	llr	128.5	35	16
TIL18	crisp	llr	129.0	31	10
TIL18	crisp	llr	129.5	36	15
TIL18	crisp	llr	130.0	30	7
TIL18	crisp	llr	130.5	26	10
TIL18	crisp	llr	131.0	38	13
TIL18	crisp	llr	131.5	32	13
TIL18	crisp	llr	132.0	28	10
TIL18	crisp	llr	132.5	31	9
TIL18	crisp	llr	133.0	29	7
TIL18	crisp	llr	133.5	32	6
TIL18	crisp	llr	134.0	23	9
TIL18	crisp	llr	134.5	26	7
TIL18	crisp	llr	135.0	26	10
TIL18	crisp	llr	135.5	29	11
TIL18	crisp	llr	136.0	25	8
TIL18	crisp	llr	136.5	34	8
TIL18	crisp	llr	137.0	31	11
TIL18	crisp	llr	137.5	27	8
TIL18	crisp	llr	138.0	16	5
TIL18	crisp	llr	138.5	22	8
TIL18	crisp	llr	139.0	24	10
TIL18	crisp	llr	139.5	24	10
TIL18	crisp	llr	140.0	16	8
TIL18	crisp	llr	140.5	18	7
TIL18	crisp	llr	141.0	30	9
TIL18	crisp	llr	141.5	22	7
TIL18	crisp	llr	142.0	15	3
TIL18	crisp	llr	142.5	22	8
TIL18	crisp	llr	143.0	14	7
TIL18	crisp	llr	143.5	18	9
TIL18	crisp	llr	144.0	22	12
TIL18	crisp	llr	144.5	25	3
TIL18	crisp	llr	145.0	16	2
TIL18	crisp	llr	145.5	17	5
TIL18	crisp	llr	146.0	17	5
TIL18	crisp	llr	146.5	18	5
TIL18	crisp	llr	147.0	13	5
TIL18	crisp	llr	147.5	17	7
TIL18	crisp	llr	148.0	19	6
TIL18	crisp	llr	148.5	16	8
TIL18	crisp	llr	149.0	10	12
TIL18	crisp	llr	149.5	12	9
TIL18	crisp	llr	150.0	10	5
TIL18	crisp	llr	150.5	13	4
TIL18	crisp	llr	151.0	4	5
TIL18	crisp	llr	151.5	11	3
TIL18	crisp	llr	152.0	10	3
TIL18	crisp	llr	152.5	19	2
TIL18	crisp	llr	153.0	15	4
TIL18	crisp	llr	153.5	9	4
TIL18	crisp	llr	154.0	13	5
TIL18	crisp	llr	154.5	7	4
TIL18	crisp	llr	155.0	14	4
TIL18	crisp	llr	155.5	11	3
TIL18	crisp	llr	156.0	8	5
TIL18	crisp	llr	156.5	14	1
TIL18	crisp	llr	157.0	10	3
TIL18	crisp	llr	157.5	6	5
TIL18	crisp	llr	158.0	3	7
TIL18	crisp	llr	158.5	12	8
TIL18	crisp	llr	159.0	10	1
TIL18	crisp	llr	159.5	10	6
TIL18	crisp	llr	160.0	15	5
TIL18	crisp	llr	160.5	15	1
TIL18	crisp	llr	161.0	11	4
TIL18	crisp	llr	161.5	4	5
TIL18	crisp	llr	162.0	7	2
TIL18	crisp	llr	162.5	12	3
TIL18	crisp	llr	163.0	12	5
TIL18	crisp	llr	163.5	6	2
TIL18	crisp	llr	164.0	9	5
TIL18	crisp	llr	164.5	8	3
TIL18	crisp	llr	165.0	5	3
TIL18	crisp	llr	165.5	7	4
TIL18	crisp	llr	166.0	8	4
TIL18	crisp	llr	166.5	8	3
TIL18	crisp	llr	167.0	4	5
TIL18	crisp	llr	167.5	7	3
TIL18	crisp	llr	168.0	9	4
TIL18	crisp	llr	168.5	7	4
TIL18	crisp	llr	169.0	12	2
TIL18	crisp	llr	169.5	9	2
TIL18	crisp	llr	170.0	11	2
TIL18	crisp	llr	170.5	10	1
TIL18	crisp	llr	171.0	6	3
TIL18	crisp	llr	171.5	10	1
TIL18	crisp	llr	172.0	8	4
TIL18	crisp	llr	172.5	13	2
TIL18	crisp	llr	173.0	6	2
TIL18	crisp	llr	173.5	7	3
TIL18	crisp	llr	174.0	10	7
TIL18	crisp	llr	174.5	6	3
TIL18	crisp	llr	175.0	9	3
TIL18	crisp	llr	175.5	12	3
TIL18	crisp	llr	176.0	8	2
TIL18	crisp	llr	176.5	8	8
TIL18	crisp	llr	177.0	11	1
TIL18	crisp	llr	177.5	6	7
TIL18	crisp	llr	178.0	7	2
TIL18	crisp	llr	178.5	10	4
TIL18	crisp	llr	179.0	8	3
TIL18	crisp	llr	179.5	8	2
TIL18	crisp	llr	180.0	10	1
TIL18	crisp	llr	180.5	9	4
TIL18	crisp	llr	181.0	4	4
TIL18	crisp	llr	181.5	9	4
TIL18	crisp	llr	182.0	7	1
TIL18	crisp	llr	182.5	8	2
TIL18	crisp	llr	183.0	5	3
TIL18	crisp	llr	183.5	5	2
TIL18	crisp	llr	184.0	7	4
TIL18	crisp	llr	184.5	5	1
TIL18	crisp	llr	185.0	8	3
TIL18	crisp	llr	185.5	5	2
TIL18	crisp	llr	186.0	9	3
TIL18	crisp	llr	186.5	6	1
TIL18	crisp	llr	187.0	3	1
TIL18	crisp	llr	187.5	6	2
TIL18	crisp	llr	188.0	4	1
TIL18	crisp	llr	188.5	7	1
TIL18	crisp	llr	189.0	7	2
TIL18	crisp	llr	189.5	4	9
TIL18	crisp	llr	190.0	7	0
TIL18	crisp	llr	190.5	6	2
TIL18	crisp	llr	191.0	6	3
TIL18	crisp	llr	191.5	4	2
TIL18	crisp	llr	192.0	3	5
TIL18	crisp	llr	192.5	3	3
TIL18	crisp	llr	193.0	4	1
TIL18	crisp	llr	193.5	7	1
TIL18	crisp	llr	194.0	7	2
TIL18	crisp	llr	194.5	4	4
TIL18	crisp	llr	195.0	5	2
TIL18	crisp	llr	195.5	5	0
TIL18	crisp	llr	196.0	6	2
TIL18	crisp	llr	196.5	5	3
TIL18	crisp	llr	197.0	2	5
TIL18	crisp	llr	197.5	6	1
TIL18	crisp	llr	198.0	4	1
TIL18	crisp	llr	198.5	5	2
TIL18	crisp	llr	199.0	6	1
TIL18	crisp	llr	199.5	4	1
TIL18	crisp	llr	200.0	2	1
TIL18	crisp	llr	200.5	2	4
TIL18	crisp	llr	201.0	3	1
TIL18	crisp	llr	201.5	1	2
TIL18	crisp	llr	202.0	5	2
TIL18	crisp	llr	202.5	6	0
TIL18	crisp	llr	203.0	0	1
TIL18	crisp	llr	203.5	4	0
TIL18	crisp	llr	204.0	5	2
TIL18	crisp	llr	204.5	3	1
TIL18	crisp	llr	205.0	3	0
TIL18	crisp	llr	205.5	5	2
TIL18	crisp	llr	206.0	4	3
TIL18	crisp	llr	206.5	2	1
TIL18	crisp	llr	207.0	6	1
TIL18	crisp	llr	207.5	4	0
TIL18	crisp	llr	208.0	5	0
TIL18	crisp	llr	208.5	1	2
TIL18	crisp	llr	209.0	2	2
TIL18	crisp	llr	209.5	2	3
TIL18	crisp	llr	210.0	2	0
TIL18	crisp	llr	210.5	2	1
TIL18	crisp	llr	211.0	0	2
TIL18	crisp	llr	211.5	2	1
TIL18	crisp	llr	212.0	4	3
TIL18	crisp	llr	212.5	3	2
TIL18	crisp	llr	213.0	2	1
TIL18	crisp	llr	213.5	1	0
TIL18	crisp	llr	214.0	2	0
TIL18	crisp	llr	214.5	3	1
TIL18	crisp	llr	215.0	4	1
TIL18	crisp	llr	215.5	3	2
TIL18	crisp	llr	216.0	2	0
TIL18	crisp	llr	216.5	4	1
TIL18	crisp	llr	217.0	4	0
TIL18	crisp	llr	217.5	5	3
TIL18	crisp	llr	218.0	3	0
TIL18	crisp	llr	218.5	3	2
TIL18	crisp	llr	219.0	2	1
TIL18	crisp	llr	219.5	0	1
TIL18	crisp	llr	220.0	3	1
TIL18	crisp	llr	220.5	3	1
TIL18	crisp	llr	221.0	2	1
TIL18	crisp	llr	221.5	4	0
TIL18	crisp	llr	222.0	2	1
TIL18	crisp	llr	222.5	5	5
TIL18	crisp	llr	223.0	1	2
TIL18	crisp	llr	223.5	2	0
TIL18	crisp	llr	224.0	4	1
TIL18	crisp	llr	224.5	1	1
TIL18	crisp	llr	225.0	2	3
TIL18	crisp	llr	225.5	2	0
TIL18	crisp	llr	226.0	2	3
TIL18	crisp	llr	227.0	1	0
TIL18	crisp	llr	227.5	1	2
TIL18	crisp	llr	228.0	3	2
TIL18	crisp	llr	228.5	1	3
TIL18	crisp	llr	229.0	1	0
TIL18	crisp	llr	229.5	2	1
TIL18	crisp	llr	230.0	2	2
TIL18	crisp	llr	230.5	3	0
TIL18	crisp	llr	231.0	1	1
TIL18	crisp	llr	231.5	2	1
TIL18	crisp	llr	232.0	4	1
TIL18	crisp	llr	232.5	3	0
TIL18	crisp	llr	233.0	2	4
TIL18	crisp	llr	233.5	3	0
TIL18	crisp	llr	234.0	1	0
TIL18	crisp	llr	234.5	1	1
TIL18	crisp	llr	235.0	2	0
TIL18	crisp	llr	235.5	1	1
TIL18	crisp	llr	236.0	1	2
TIL18	crisp	llr	236.5	1	1
TIL18	crisp	llr	237.0	2	0
TIL18	crisp	llr	237.5	0	1
TIL18	crisp	llr	238.0	0	1
TIL18	crisp	llr	238.5	2	2
TIL18	crisp	llr	239.0	1	3
TIL18	crisp	llr	239.5	2	2
TIL18	crisp	llr	240.0	1	0
TIL18	crisp	llr	240.5	1	0
TIL18	crisp	llr	241.0	2	2
TIL18	crisp	llr	241.5	2	1
TIL18	crisp	llr	242.0	2	1
TIL18	crisp	llr	242.5	4	1
TIL18	crisp	llr	243.0	0	2
TIL18	crisp	llr	244.0	3	0
TIL18	crisp	llr	244.5	2	2
TIL18	crisp	llr	245.0	1	0
TIL18	crisp	llr	245.5	3	1
TIL18	crisp	llr	246.0	2	1
TIL18	crisp	llr	246.5	1	0
TIL18	crisp	llr	247.5	2	1
TIL18	crisp	llr	248.5	1	1
TIL18	crisp	llr	249.0	1	0
TIL18	crisp	llr	249.5	1	1
TIL18	crisp	llr	250.0	2	0
TIL18	crisp	llr	250.5	1	1
TIL18	crisp	llr	251.0	2	0
TIL18	crisp	llr	251.5	3	0
TIL18	crisp	llr	252.5	1	0
TIL18	crisp	llr	253.0	2	1
TIL18	crisp	llr	253.5	1	0
TIL18	crisp	llr	254.0	1	3
TIL18	crisp	llr	254.5	2	1
TIL18	crisp	llr	255.0	1	1
TIL18	crisp	llr	255.5	1	0
TIL18	crisp	llr	256.0	2	0
TIL18	crisp	llr	256.5	1	1
TIL18	crisp	llr	257.0	3	1
TIL18	crisp	llr	257.5	1	0
TIL18	crisp	llr	258.0	1	0
TIL18	crisp	llr	258.5	0	1
TIL18	crisp	llr	259.0	1	0
TIL18	crisp	llr	259.5	1	0
TIL18	crisp	llr	260.0	2	0
TIL18	crisp	llr	260.5	0	3
TIL18	crisp	llr	262.0	2	1
TIL18	crisp	llr	262.5	2	1
TIL18	crisp	llr	263.0	1	0
TIL18	crisp	llr	263.5	1	1
TIL18	crisp	llr	264.0	1	0
TIL18	crisp	llr	264.5	1	0
TIL18	crisp	llr	265.0	2	0
TIL18	crisp	llr	265.5	1	0
TIL18	crisp	llr	266.0	2	2
TIL18	crisp	llr	266.5	1	2
TIL18	crisp	llr	267.0	0	1
TIL18	crisp	llr	268.5	1	1
TIL18	crisp	llr	269.0	2	0
TIL18	crisp	llr	269.5	1	2
TIL18	crisp	llr	270.0	2	0
TIL18	crisp	llr	270.5	1	1
TIL18	crisp	llr	271.5	1	1
TIL18	crisp	llr	272.0	3	0
TIL18	crisp	llr	272.5	0	1
TIL18	crisp	llr	273.0	0	1
TIL18	crisp	llr	273.5	0	2
TIL18	crisp	llr	274.0	2	1
TIL18	crisp	llr	274.5	1	1
TIL18	crisp	llr	275.5	1	1
TIL18	crisp	llr	276.0	0	1
TIL18	crisp	llr	276.5	1	0
TIL18	crisp	llr	277.0	2	0
TIL18	crisp	llr	278.5	1	2
TIL18	crisp	llr	279.0	0	1
TIL18	crisp	llr	280.0	0	1
TIL18	crisp	llr	281.0	1	0
TIL18	crisp	llr	281.5	0	1
TIL18	crisp	llr	282.5	0	1
TIL18	crisp	llr	283.0	0	1
TIL18	crisp	llr	283.5	1	0
TIL18	crisp	llr	284.0	1	1
TIL18	crisp	llr	284.5	0	2
TIL18	crisp	llr	286.0	1	0
TIL18	crisp	llr	287.0	0	1
TIL18	crisp	llr	289.5	0	1
TIL18	crisp	llr	290.0	2	1
TIL18	crisp	llr	290.5	0	3
TIL18	crisp	llr	291.5	1	0
TIL18	crisp	llr	292.0	1	0
TIL18	crisp	llr	293.0	1	0
TIL18	crisp	llr	293.5	1	0
TIL18	crisp	llr	294.0	0	1
TIL18	crisp	llr	294.5	0	2
TIL18	crisp	llr	295.0	1	0
TIL18	crisp	llr	295.5	1	0
TIL18	crisp	llr	298.0	1	1
TIL18	crisp	llr	299.5	0	1
TIL18	crisp	llr	301.5	1	0
TIL18	crisp	llr	302.0	0	1
TIL18	crisp	llr	303.5	1	0
TIL18	crisp	llr	304.0	0	1
TIL18	crisp	llr	305.0	3	0
TIL18	crisp	llr	305.5	0	1
TIL18	crisp	llr	306.0	0	1
TIL18	crisp	llr	310.5	0	1
TIL18	crisp	llr	311.0	1	0
TIL18	crisp	llr	311.5	1	1
TIL18	crisp	llr	312.0	3	1
TIL18	crisp	llr	312.5	0	1
TIL18	crisp	llr	313.0	0	2
TIL18	crisp	llr	314.0	0	1
TIL18	crisp	llr	315.5	0	1
TIL18	crisp	llr	318.0	1	1
TIL18	crisp	llr	318.5	1	0
TIL18	crisp	llr	319.0	0	1
TIL18	crisp	llr	320.0	1	0
TIL18	crisp	llr	323.5	1	0
TIL18	crisp	llr	324.0	1	0
TIL18	crisp	llr	325.0	0	1
TIL18	crisp	llr	327.0	1	0
TIL18	crisp	llr	328.5	0	1
TIL18	crisp	llr	329.5	1	0
TIL18	crisp	llr	331.5	0	1
TIL18	crisp	llr	332.5	1	0
TIL18	crisp	llr	334.0	1	2
TIL18	crisp	llr	335.0	1	0
TIL18	crisp	llr	336.0	1	0
TIL18	crisp	llr	337.0	0	1
TIL18	crisp	llr	339.5	1	0
TIL18	crisp	llr	340.5	1	0
TIL18	crisp	llr	341.5	0	1
TIL18	crisp	llr	345.0	0	1
TIL18	crisp	llr	347.0	1	1
TIL18	crisp	llr	348.0	1	0
TIL18	crisp	llr	350.0	1	0
TIL18	crisp	llr	351.5	1	1
TIL18	crisp	llr	352.5	1	0
TIL18	crisp	llr	353.0	1	0
TIL18	crisp	llr	354.5	0	1
TIL18	crisp	llr	360.0	2	0
TIL18	crisp	llr	362.0	2	0
TIL18	crisp	llr	364.5	1	0
TIL18	crisp	llr	365.5	2	0
TIL18	crisp	llr	366.0	0	1
TIL18	crisp	llr	367.5	1	1
TIL18	crisp	llr	368.0	1	0
TIL18	crisp	llr	368.5	2	1
TIL18	crisp	llr	369.0	2	0
TIL18	crisp	llr	370.5	0	1
TIL18	crisp	llr	377.0	1	0
TIL18	crisp	llr	378.0	1	0
TIL18	crisp	llr	378.5	1	0
TIL18	crisp	llr	379.0	0	1
TIL18	crisp	llr	381.5	1	0
TIL18	crisp	llr	383.0	1	0
TIL18	crisp	llr	383.5	1	0
TIL18	crisp	llr	385.0	1	0
TIL18	crisp	llr	386.0	0	1
TIL18	crisp	llr	387.0	1	0
TIL18	crisp	llr	389.5	1	0
TIL18	crisp	llr	390.5	1	0
TIL18	crisp	llr	395.0	1	0
TIL18	crisp	llr	397.0	1	0
TIL18	crisp	llr	397.5	1	1
TIL18	crisp	llr	398.5	0	1
TIL18	crisp	llr	400.5	1	0
TIL18	crisp	llr	401.0	0	1
TIL18	crisp	llr	403.0	1	0
TIL18	crisp	llr	404.5	1	1
TIL18	crisp	llr	405.0	1	0
TIL18	crisp	llr	407.0	1	0
TIL18	crisp	llr	410.5	1	0
TIL18	crisp	llr	411.5	1	0
TIL18	crisp	llr	413.0	1	0
TIL18	crisp	llr	415.0	1	0
TIL18	crisp	llr	415.5	1	0
TIL18	crisp	llr	417.0	1	0
TIL18	crisp	llr	418.5	1	1
TIL18	crisp	llr	422.0	1	0
TIL18	crisp	llr	422.5	0	1
TIL18	crisp	llr	423.0	1	0
TIL18	crisp	llr	427.5	1	0
TIL18	crisp	llr	432.0	1	0
TIL18	crisp	llr	434.0	1	0
TIL18	crisp	llr	435.5	1	0
TIL18	crisp	llr	437.0	1	0
TIL18	crisp	llr	437.5	1	0
TIL18	crisp	llr	440.5	0	1
TIL18	crisp	llr	441.5	0	1
TIL18	crisp	llr	446.0	0	1
TIL18	crisp	llr	446.5	0	1
TIL18	crisp	llr	447.5	1	0
TIL18	crisp	llr	448.5	0	1
TIL18	crisp	llr	458.0	0	1
TIL18	crisp	llr	459.0	1	0
TIL18	crisp	llr	460.0	1	0
TIL18	crisp	llr	465.5	0	1
TIL18	crisp	llr	466.5	0	2
TIL18	crisp	llr	471.0	1	0
TIL18	crisp	llr	472.0	2	0
TIL18	crisp	llr	472.5	1	0
TIL18	crisp	llr	473.0	1	0
TIL18	crisp	llr	488.5	0	1
TIL18	crisp	llr	495.0	1	0
TIL18	crisp	llr	502.0	1	0
TIL18	crisp	llr	505.0	0	1
TIL18	crisp	llr	507.5	0	1
TIL18	crisp	llr	512.0	0	1
TIL18	crisp	llr	515.5	1	0
TIL18	crisp	llr	517.5	0	1
TIL18	crisp	llr	521.0	0	1
TIL18	crisp	llr	523.0	1	0
TIL18	crisp	llr	524.0	1	0
TIL18	crisp	llr	524.5	0	1
TIL18	crisp	llr	527.5	1	0
TIL18	crisp	llr	530.0	0	1
TIL18	crisp	llr	532.5	1	0
TIL18	crisp	llr	535.0	0	2
TIL18	crisp	llr	536.0	0	1
TIL18	crisp	llr	538.5	0	1
TIL18	crisp	llr	546.0	1	0
TIL18	crisp	llr	557.0	0	1
TIL18	crisp	llr	557.5	1	0
TIL18	crisp	llr	564.5	0	2
TIL18	crisp	llr	571.0	0	1
TIL18	crisp	llr	573.0	0	1
TIL18	crisp	llr	574.0	0	1
TIL18	crisp	llr	577.0	1	0
TIL18	crisp	llr	581.0	0	1
TIL18	crisp	llr	584.5	0	1
TIL18	crisp	llr	586.0	0	1
TIL18	crisp	llr	589.5	1	0
TIL18	crisp	llr	590.0	0	1
TIL18	crisp	llr	591.5	0	1
TIL18	crisp	llr	594.5	0	1
TIL18	crisp	llr	605.0	0	1
TIL18	crisp	llr	610.5	0	1
TIL18	crisp	llr	611.5	1	0
TIL18	crisp	llr	620.0	0	1
TIL18	crisp	llr	622.0	0	1
TIL18	crisp	llr	630.5	0	1
TIL18	crisp	llr	682.0	0	1
TIL18	crisp	llr	690.5	0	1
TIL18	crisp	llr	692.5	0	1
TIL18	crisp	llr	698.5	0	1
TIL18	crisp	llr	700.5	0	1
TIL18	crisp	llr	703.0	0	1
TIL18	crisp	llr	708.0	0	1
TIL18	crisp	llr	712.5	0	1
TIL18	crisp	llr	719.5	1	0
TIL18	crisp	llr	766.5	0	1
TIL18	crisp	llr	792.0	0	1
TIL18	crisp	llr	836.5	0	1
TIL18	crisp	llr	880.5	0	1
TIL18	crisp	llr	985.0	1	0
TIL18	crisp	llr	990.0	1	0
TIL18	tierA	witness27x	0	62728	20756
TIL18	tierA	witness27x	1	12290	4973
TIL18	tierA	witness27x	2	17916	7000
TIL18	tierA	witness27x	3	21080	8239
TIL18	tierA	witness27x	4	21307	7679
TIL18	tierA	witness27x	5	19223	6547
TIL18	tierA	witness27x	6	15588	5234
TIL18	tierA	witness27x	7	10858	3731
TIL18	tierA	witness27x	8	6884	2470
TIL18	tierA	witness27x	9	4327	1345
TIL18	tierA	witness27x	10	2226	720
TIL18	tierA	witness27x	11	1140	381
TIL18	tierA	witness27x	12	544	181
TIL18	tierA	witness27x	13	308	105
TIL18	tierA	witness27x	14	154	54
TIL18	tierA	witness27x	15	75	24
TIL18	tierA	witness27x	16	35	23
TIL18	tierA	witness27x	17	39	12
TIL18	tierA	witness27x	18	21	5
TIL18	tierA	witness27x	19	12	6
TIL18	tierA	witness27x	20	9	2
TIL18	tierA	witness27x	21	6	6
TIL18	tierA	witness27x	22	12	1
TIL18	tierA	witness27x	23	7	1
TIL18	tierA	witness27x	24	9	0
TIL18	tierA	witness27x	25	8	1
TIL18	tierA	witness27x	26	6	0
TIL18	tierA	witness27x	27	3	0
TIL18	tierA	witness27x	28	6	0
TIL18	tierA	witness27x	29	1	0
TIL18	tierA	witness27x	32	2	0
TIL18	tierA	witness27x	34	1	0
TIL18	tierA	witness27x	36	1	0
TIL18	tierA	own_lam0.05	0	187475	66340
TIL18	tierA	own_lam0.05	1	8947	3027
TIL18	tierA	own_lam0.05	2	392	122
TIL18	tierA	own_lam0.05	3	12	7
TIL18	tierA	population_lam0.05	0	184048	65229
TIL18	tierA	population_lam0.05	1	11920	4022
TIL18	tierA	population_lam0.05	2	811	229
TIL18	tierA	population_lam0.05	3	42	14
TIL18	tierA	population_lam0.05	4	5	2
TIL18	tierA	own_lam0.4	0	139411	50161
TIL18	tierA	own_lam0.4	1	41172	14193
TIL18	tierA	own_lam0.4	2	12693	4081
TIL18	tierA	own_lam0.4	3	2917	899
TIL18	tierA	own_lam0.4	4	518	141
TIL18	tierA	own_lam0.4	5	94	16
TIL18	tierA	own_lam0.4	6	18	4
TIL18	tierA	own_lam0.4	7	2	1
TIL18	tierA	own_lam0.4	8	1	0
TIL18	tierA	population_lam0.4	0	128077	46445
TIL18	tierA	population_lam0.4	1	42611	14907
TIL18	tierA	population_lam0.4	2	17508	5584
TIL18	tierA	population_lam0.4	3	6015	1777
TIL18	tierA	population_lam0.4	4	1843	556
TIL18	tierA	population_lam0.4	5	509	150
TIL18	tierA	population_lam0.4	6	175	52
TIL18	tierA	population_lam0.4	7	46	13
TIL18	tierA	population_lam0.4	8	17	6
TIL18	tierA	population_lam0.4	9	5	3
TIL18	tierA	population_lam0.4	10	4	2
TIL18	tierA	population_lam0.4	11	2	0
TIL18	tierA	population_lam0.4	12	3	0
TIL18	tierA	population_lam0.4	13	1	0
TIL18	tierA	population_lam0.4	15	1	0
TIL18	tierA	population_lam0.4	17	0	1
TIL18	tierA	population_lam0.4	18	1	0
TIL18	tierA	population_lam0.4	19	1	0
TIL18	tierA	population_lam0.4	20	2	0
TIL18	tierA	population_lam0.4	21	1	0
TIL18	tierA	population_lam0.4	22	1	0
TIL18	tierA	population_lam0.4	23	2	0
TIL18	tierA	population_lam0.4	24	1	0
TIL18	tierA	own_lam0.8	0	108750	39226
TIL18	tierA	own_lam0.8	1	45650	16718
TIL18	tierA	own_lam0.8	2	25543	8284
TIL18	tierA	own_lam0.8	3	11361	3551
TIL18	tierA	own_lam0.8	4	3936	1204
TIL18	tierA	own_lam0.8	5	1147	358
TIL18	tierA	own_lam0.8	6	288	119
TIL18	tierA	own_lam0.8	7	94	20
TIL18	tierA	own_lam0.8	8	32	11
TIL18	tierA	own_lam0.8	9	14	5
TIL18	tierA	own_lam0.8	10	5	0
TIL18	tierA	own_lam0.8	11	5	0
TIL18	tierA	own_lam0.8	12	1	0
TIL18	tierA	population_lam0.8	0	98562	35699
TIL18	tierA	population_lam0.8	1	40509	15166
TIL18	tierA	population_lam0.8	2	27397	9162
TIL18	tierA	population_lam0.8	3	15623	4837
TIL18	tierA	population_lam0.8	4	7979	2456
TIL18	tierA	population_lam0.8	5	3751	1186
TIL18	tierA	population_lam0.8	6	1648	556
TIL18	tierA	population_lam0.8	7	726	217
TIL18	tierA	population_lam0.8	8	339	108
TIL18	tierA	population_lam0.8	9	134	48
TIL18	tierA	population_lam0.8	10	67	30
TIL18	tierA	population_lam0.8	11	29	14
TIL18	tierA	population_lam0.8	12	17	4
TIL18	tierA	population_lam0.8	13	14	4
TIL18	tierA	population_lam0.8	14	4	1
TIL18	tierA	population_lam0.8	15	9	3
TIL18	tierA	population_lam0.8	16	2	2
TIL18	tierA	population_lam0.8	17	1	1
TIL18	tierA	population_lam0.8	18	1	1
TIL18	tierA	population_lam0.8	19	3	0
TIL18	tierA	population_lam0.8	21	1	0
TIL18	tierA	population_lam0.8	22	1	0
TIL18	tierA	population_lam0.8	24	2	0
TIL18	tierA	population_lam0.8	25	1	0
TIL18	tierA	population_lam0.8	26	1	0
TIL18	tierA	population_lam0.8	27	0	1
TIL18	tierA	population_lam0.8	28	1	0
TIL18	tierA	population_lam0.8	29	1	0
TIL18	tierA	population_lam0.8	30	1	0
TIL18	tierA	population_lam0.8	31	1	0
TIL18	tierA	population_lam0.8	33	1	0
TIL18	tierA	llr	6.5	19	12
TIL18	tierA	llr	7.0	110	64
TIL18	tierA	llr	7.5	107	67
TIL18	tierA	llr	8.0	142	76
TIL18	tierA	llr	8.5	137	79
TIL18	tierA	llr	9.0	138	86
TIL18	tierA	llr	9.5	169	120
TIL18	tierA	llr	10.0	168	114
TIL18	tierA	llr	10.5	207	132
TIL18	tierA	llr	11.0	235	150
TIL18	tierA	llr	11.5	212	159
TIL18	tierA	llr	12.0	249	161
TIL18	tierA	llr	12.5	274	166
TIL18	tierA	llr	13.0	282	147
TIL18	tierA	llr	13.5	337	174
TIL18	tierA	llr	14.0	376	162
TIL18	tierA	llr	14.5	363	189
TIL18	tierA	llr	15.0	414	197
TIL18	tierA	llr	15.5	420	200
TIL18	tierA	llr	16.0	432	226
TIL18	tierA	llr	16.5	480	242
TIL18	tierA	llr	17.0	473	251
TIL18	tierA	llr	17.5	509	257
TIL18	tierA	llr	18.0	512	221
TIL18	tierA	llr	18.5	577	278
TIL18	tierA	llr	19.0	596	275
TIL18	tierA	llr	19.5	648	273
TIL18	tierA	llr	20.0	641	325
TIL18	tierA	llr	20.5	723	299
TIL18	tierA	llr	21.0	709	315
TIL18	tierA	llr	21.5	741	298
TIL18	tierA	llr	22.0	750	336
TIL18	tierA	llr	22.5	742	323
TIL18	tierA	llr	23.0	730	328
TIL18	tierA	llr	23.5	834	370
TIL18	tierA	llr	24.0	814	355
TIL18	tierA	llr	24.5	928	369
TIL18	tierA	llr	25.0	936	370
TIL18	tierA	llr	25.5	996	401
TIL18	tierA	llr	26.0	1056	410
TIL18	tierA	llr	26.5	1023	407
TIL18	tierA	llr	27.0	1101	378
TIL18	tierA	llr	27.5	1065	489
TIL18	tierA	llr	28.0	1068	442
TIL18	tierA	llr	28.5	1108	415
TIL18	tierA	llr	29.0	1199	465
TIL18	tierA	llr	29.5	1196	472
TIL18	tierA	llr	30.0	1271	520
TIL18	tierA	llr	30.5	1215	470
TIL18	tierA	llr	31.0	1280	477
TIL18	tierA	llr	31.5	1260	504
TIL18	tierA	llr	32.0	1318	516
TIL18	tierA	llr	32.5	1330	527
TIL18	tierA	llr	33.0	1307	522
TIL18	tierA	llr	33.5	1414	525
TIL18	tierA	llr	34.0	1427	562
TIL18	tierA	llr	34.5	1416	580
TIL18	tierA	llr	35.0	1458	520
TIL18	tierA	llr	35.5	1512	545
TIL18	tierA	llr	36.0	1525	539
TIL18	tierA	llr	36.5	1592	515
TIL18	tierA	llr	37.0	1581	575
TIL18	tierA	llr	37.5	1536	580
TIL18	tierA	llr	38.0	1536	554
TIL18	tierA	llr	38.5	1662	549
TIL18	tierA	llr	39.0	1538	544
TIL18	tierA	llr	39.5	1604	606
TIL18	tierA	llr	40.0	1653	552
TIL18	tierA	llr	40.5	1639	554
TIL18	tierA	llr	41.0	1632	572
TIL18	tierA	llr	41.5	1621	563
TIL18	tierA	llr	42.0	1690	562
TIL18	tierA	llr	42.5	1616	555
TIL18	tierA	llr	43.0	1698	556
TIL18	tierA	llr	43.5	1706	560
TIL18	tierA	llr	44.0	1715	553
TIL18	tierA	llr	44.5	1714	577
TIL18	tierA	llr	45.0	1667	580
TIL18	tierA	llr	45.5	1705	564
TIL18	tierA	llr	46.0	1652	592
TIL18	tierA	llr	46.5	1688	572
TIL18	tierA	llr	47.0	1655	562
TIL18	tierA	llr	47.5	1683	529
TIL18	tierA	llr	48.0	1603	554
TIL18	tierA	llr	48.5	1668	558
TIL18	tierA	llr	49.0	1676	563
TIL18	tierA	llr	49.5	1752	564
TIL18	tierA	llr	50.0	1706	545
TIL18	tierA	llr	50.5	1624	524
TIL18	tierA	llr	51.0	1628	539
TIL18	tierA	llr	51.5	1630	532
TIL18	tierA	llr	52.0	1734	512
TIL18	tierA	llr	52.5	1618	531
TIL18	tierA	llr	53.0	1600	552
TIL18	tierA	llr	53.5	1575	515
TIL18	tierA	llr	54.0	1525	521
TIL18	tierA	llr	54.5	1587	516
TIL18	tierA	llr	55.0	1517	524
TIL18	tierA	llr	55.5	1588	515
TIL18	tierA	llr	56.0	1504	520
TIL18	tierA	llr	56.5	1586	496
TIL18	tierA	llr	57.0	1512	460
TIL18	tierA	llr	57.5	1477	503
TIL18	tierA	llr	58.0	1475	466
TIL18	tierA	llr	58.5	1433	525
TIL18	tierA	llr	59.0	1421	482
TIL18	tierA	llr	59.5	1478	459
TIL18	tierA	llr	60.0	1465	462
TIL18	tierA	llr	60.5	1468	450
TIL18	tierA	llr	61.0	1413	467
TIL18	tierA	llr	61.5	1412	451
TIL18	tierA	llr	62.0	1326	454
TIL18	tierA	llr	62.5	1398	471
TIL18	tierA	llr	63.0	1392	435
TIL18	tierA	llr	63.5	1300	434
TIL18	tierA	llr	64.0	1325	463
TIL18	tierA	llr	64.5	1263	421
TIL18	tierA	llr	65.0	1285	435
TIL18	tierA	llr	65.5	1241	413
TIL18	tierA	llr	66.0	1224	396
TIL18	tierA	llr	66.5	1230	436
TIL18	tierA	llr	67.0	1214	419
TIL18	tierA	llr	67.5	1240	431
TIL18	tierA	llr	68.0	1168	384
TIL18	tierA	llr	68.5	1217	398
TIL18	tierA	llr	69.0	1111	385
TIL18	tierA	llr	69.5	1214	366
TIL18	tierA	llr	70.0	1110	385
TIL18	tierA	llr	70.5	1110	376
TIL18	tierA	llr	71.0	1067	355
TIL18	tierA	llr	71.5	1078	347
TIL18	tierA	llr	72.0	1072	354
TIL18	tierA	llr	72.5	1067	340
TIL18	tierA	llr	73.0	1049	345
TIL18	tierA	llr	73.5	1035	329
TIL18	tierA	llr	74.0	1018	300
TIL18	tierA	llr	74.5	993	314
TIL18	tierA	llr	75.0	960	321
TIL18	tierA	llr	75.5	943	301
TIL18	tierA	llr	76.0	935	282
TIL18	tierA	llr	76.5	902	311
TIL18	tierA	llr	77.0	904	269
TIL18	tierA	llr	77.5	973	283
TIL18	tierA	llr	78.0	866	260
TIL18	tierA	llr	78.5	871	291
TIL18	tierA	llr	79.0	817	268
TIL18	tierA	llr	79.5	845	261
TIL18	tierA	llr	80.0	818	256
TIL18	tierA	llr	80.5	808	250
TIL18	tierA	llr	81.0	789	272
TIL18	tierA	llr	81.5	780	242
TIL18	tierA	llr	82.0	717	238
TIL18	tierA	llr	82.5	790	225
TIL18	tierA	llr	83.0	746	224
TIL18	tierA	llr	83.5	689	240
TIL18	tierA	llr	84.0	721	188
TIL18	tierA	llr	84.5	689	210
TIL18	tierA	llr	85.0	615	227
TIL18	tierA	llr	85.5	652	214
TIL18	tierA	llr	86.0	667	191
TIL18	tierA	llr	86.5	617	217
TIL18	tierA	llr	87.0	575	195
TIL18	tierA	llr	87.5	567	202
TIL18	tierA	llr	88.0	614	212
TIL18	tierA	llr	88.5	593	156
TIL18	tierA	llr	89.0	550	190
TIL18	tierA	llr	89.5	553	172
TIL18	tierA	llr	90.0	543	149
TIL18	tierA	llr	90.5	508	170
TIL18	tierA	llr	91.0	477	154
TIL18	tierA	llr	91.5	468	178
TIL18	tierA	llr	92.0	483	166
TIL18	tierA	llr	92.5	491	156
TIL18	tierA	llr	93.0	443	124
TIL18	tierA	llr	93.5	435	157
TIL18	tierA	llr	94.0	410	139
TIL18	tierA	llr	94.5	386	146
TIL18	tierA	llr	95.0	341	137
TIL18	tierA	llr	95.5	386	135
TIL18	tierA	llr	96.0	367	120
TIL18	tierA	llr	96.5	357	111
TIL18	tierA	llr	97.0	377	114
TIL18	tierA	llr	97.5	336	134
TIL18	tierA	llr	98.0	355	127
TIL18	tierA	llr	98.5	320	103
TIL18	tierA	llr	99.0	317	111
TIL18	tierA	llr	99.5	271	115
TIL18	tierA	llr	100.0	276	73
TIL18	tierA	llr	100.5	282	101
TIL18	tierA	llr	101.0	281	93
TIL18	tierA	llr	101.5	279	99
TIL18	tierA	llr	102.0	238	99
TIL18	tierA	llr	102.5	241	84
TIL18	tierA	llr	103.0	257	71
TIL18	tierA	llr	103.5	258	83
TIL18	tierA	llr	104.0	197	76
TIL18	tierA	llr	104.5	217	78
TIL18	tierA	llr	105.0	218	71
TIL18	tierA	llr	105.5	212	63
TIL18	tierA	llr	106.0	165	77
TIL18	tierA	llr	106.5	176	60
TIL18	tierA	llr	107.0	171	63
TIL18	tierA	llr	107.5	166	58
TIL18	tierA	llr	108.0	159	64
TIL18	tierA	llr	108.5	168	51
TIL18	tierA	llr	109.0	164	50
TIL18	tierA	llr	109.5	157	47
TIL18	tierA	llr	110.0	143	41
TIL18	tierA	llr	110.5	156	46
TIL18	tierA	llr	111.0	134	42
TIL18	tierA	llr	111.5	128	48
TIL18	tierA	llr	112.0	152	47
TIL18	tierA	llr	112.5	125	48
TIL18	tierA	llr	113.0	134	47
TIL18	tierA	llr	113.5	115	43
TIL18	tierA	llr	114.0	105	38
TIL18	tierA	llr	114.5	109	51
TIL18	tierA	llr	115.0	104	28
TIL18	tierA	llr	115.5	102	28
TIL18	tierA	llr	116.0	92	40
TIL18	tierA	llr	116.5	85	35
TIL18	tierA	llr	117.0	76	25
TIL18	tierA	llr	117.5	88	38
TIL18	tierA	llr	118.0	96	18
TIL18	tierA	llr	118.5	70	31
TIL18	tierA	llr	119.0	61	28
TIL18	tierA	llr	119.5	71	23
TIL18	tierA	llr	120.0	64	27
TIL18	tierA	llr	120.5	88	22
TIL18	tierA	llr	121.0	64	22
TIL18	tierA	llr	121.5	66	25
TIL18	tierA	llr	122.0	58	21
TIL18	tierA	llr	122.5	43	14
TIL18	tierA	llr	123.0	60	22
TIL18	tierA	llr	123.5	64	28
TIL18	tierA	llr	124.0	52	22
TIL18	tierA	llr	124.5	35	19
TIL18	tierA	llr	125.0	38	12
TIL18	tierA	llr	125.5	53	17
TIL18	tierA	llr	126.0	55	17
TIL18	tierA	llr	126.5	41	13
TIL18	tierA	llr	127.0	50	17
TIL18	tierA	llr	127.5	36	14
TIL18	tierA	llr	128.0	30	14
TIL18	tierA	llr	128.5	34	16
TIL18	tierA	llr	129.0	30	9
TIL18	tierA	llr	129.5	34	13
TIL18	tierA	llr	130.0	30	7
TIL18	tierA	llr	130.5	25	10
TIL18	tierA	llr	131.0	38	12
TIL18	tierA	llr	131.5	31	12
TIL18	tierA	llr	132.0	26	8
TIL18	tierA	llr	132.5	31	8
TIL18	tierA	llr	133.0	29	7
TIL18	tierA	llr	133.5	29	6
TIL18	tierA	llr	134.0	23	8
TIL18	tierA	llr	134.5	26	6
TIL18	tierA	llr	135.0	26	10
TIL18	tierA	llr	135.5	29	11
TIL18	tierA	llr	136.0	25	8
TIL18	tierA	llr	136.5	33	8
TIL18	tierA	llr	137.0	29	11
TIL18	tierA	llr	137.5	27	8
TIL18	tierA	llr	138.0	16	5
TIL18	tierA	llr	138.5	21	7
TIL18	tierA	llr	139.0	24	10
TIL18	tierA	llr	139.5	23	9
TIL18	tierA	llr	140.0	15	8
TIL18	tierA	llr	140.5	18	6
TIL18	tierA	llr	141.0	28	8
TIL18	tierA	llr	141.5	21	7
TIL18	tierA	llr	142.0	14	3
TIL18	tierA	llr	142.5	20	8
TIL18	tierA	llr	143.0	14	6
TIL18	tierA	llr	143.5	18	9
TIL18	tierA	llr	144.0	21	11
TIL18	tierA	llr	144.5	25	3
TIL18	tierA	llr	145.0	16	2
TIL18	tierA	llr	145.5	17	4
TIL18	tierA	llr	146.0	16	4
TIL18	tierA	llr	146.5	15	5
TIL18	tierA	llr	147.0	13	5
TIL18	tierA	llr	147.5	17	7
TIL18	tierA	llr	148.0	17	6
TIL18	tierA	llr	148.5	16	8
TIL18	tierA	llr	149.0	10	11
TIL18	tierA	llr	149.5	12	9
TIL18	tierA	llr	150.0	9	5
TIL18	tierA	llr	150.5	12	3
TIL18	tierA	llr	151.0	4	5
TIL18	tierA	llr	151.5	11	3
TIL18	tierA	llr	152.0	9	3
TIL18	tierA	llr	152.5	19	2
TIL18	tierA	llr	153.0	14	3
TIL18	tierA	llr	153.5	9	4
TIL18	tierA	llr	154.0	13	5
TIL18	tierA	llr	154.5	7	4
TIL18	tierA	llr	155.0	13	4
TIL18	tierA	llr	155.5	10	3
TIL18	tierA	llr	156.0	8	5
TIL18	tierA	llr	156.5	13	1
TIL18	tierA	llr	157.0	10	3
TIL18	tierA	llr	157.5	6	4
TIL18	tierA	llr	158.0	3	7
TIL18	tierA	llr	158.5	12	8
TIL18	tierA	llr	159.0	9	1
TIL18	tierA	llr	159.5	10	6
TIL18	tierA	llr	160.0	15	5
TIL18	tierA	llr	160.5	14	1
TIL18	tierA	llr	161.0	11	4
TIL18	tierA	llr	161.5	3	4
TIL18	tierA	llr	162.0	7	2
TIL18	tierA	llr	162.5	11	3
TIL18	tierA	llr	163.0	12	5
TIL18	tierA	llr	163.5	6	2
TIL18	tierA	llr	164.0	9	5
TIL18	tierA	llr	164.5	8	3
TIL18	tierA	llr	165.0	5	2
TIL18	tierA	llr	165.5	6	4
TIL18	tierA	llr	166.0	8	4
TIL18	tierA	llr	166.5	8	3
TIL18	tierA	llr	167.0	4	5
TIL18	tierA	llr	167.5	7	3
TIL18	tierA	llr	168.0	9	4
TIL18	tierA	llr	168.5	7	4
TIL18	tierA	llr	169.0	12	1
TIL18	tierA	llr	169.5	9	2
TIL18	tierA	llr	170.0	11	2
TIL18	tierA	llr	170.5	9	1
TIL18	tierA	llr	171.0	5	3
TIL18	tierA	llr	171.5	10	1
TIL18	tierA	llr	172.0	8	3
TIL18	tierA	llr	172.5	12	1
TIL18	tierA	llr	173.0	6	2
TIL18	tierA	llr	173.5	6	3
TIL18	tierA	llr	174.0	9	7
TIL18	tierA	llr	174.5	6	3
TIL18	tierA	llr	175.0	5	3
TIL18	tierA	llr	175.5	12	3
TIL18	tierA	llr	176.0	8	2
TIL18	tierA	llr	176.5	8	8
TIL18	tierA	llr	177.0	11	1
TIL18	tierA	llr	177.5	5	7
TIL18	tierA	llr	178.0	7	2
TIL18	tierA	llr	178.5	10	4
TIL18	tierA	llr	179.0	8	3
TIL18	tierA	llr	179.5	8	2
TIL18	tierA	llr	180.0	10	1
TIL18	tierA	llr	180.5	9	3
TIL18	tierA	llr	181.0	4	4
TIL18	tierA	llr	181.5	9	4
TIL18	tierA	llr	182.0	6	1
TIL18	tierA	llr	182.5	8	2
TIL18	tierA	llr	183.0	4	3
TIL18	tierA	llr	183.5	5	2
TIL18	tierA	llr	184.0	7	4
TIL18	tierA	llr	184.5	5	1
TIL18	tierA	llr	185.0	8	3
TIL18	tierA	llr	185.5	5	2
TIL18	tierA	llr	186.0	9	3
TIL18	tierA	llr	186.5	6	1
TIL18	tierA	llr	187.0	3	1
TIL18	tierA	llr	187.5	5	2
TIL18	tierA	llr	188.0	3	1
TIL18	tierA	llr	188.5	6	1
TIL18	tierA	llr	189.0	6	1
TIL18	tierA	llr	189.5	4	8
TIL18	tierA	llr	190.0	7	0
TIL18	tierA	llr	190.5	6	2
TIL18	tierA	llr	191.0	6	2
TIL18	tierA	llr	191.5	4	1
TIL18	tierA	llr	192.0	3	5
TIL18	tierA	llr	192.5	3	2
TIL18	tierA	llr	193.0	4	1
TIL18	tierA	llr	193.5	7	0
TIL18	tierA	llr	194.0	7	2
TIL18	tierA	llr	194.5	4	4
TIL18	tierA	llr	195.0	4	0
TIL18	tierA	llr	195.5	5	0
TIL18	tierA	llr	196.0	6	2
TIL18	tierA	llr	196.5	3	3
TIL18	tierA	llr	197.0	2	4
TIL18	tierA	llr	197.5	6	1
TIL18	tierA	llr	198.0	4	1
TIL18	tierA	llr	198.5	4	2
TIL18	tierA	llr	199.0	6	0
TIL18	tierA	llr	199.5	4	0
TIL18	tierA	llr	200.0	2	1
TIL18	tierA	llr	200.5	2	3
TIL18	tierA	llr	201.0	3	1
TIL18	tierA	llr	201.5	1	2
TIL18	tierA	llr	202.0	5	2
TIL18	tierA	llr	202.5	6	0
TIL18	tierA	llr	203.0	0	1
TIL18	tierA	llr	203.5	4	0
TIL18	tierA	llr	204.0	3	2
TIL18	tierA	llr	204.5	3	1
TIL18	tierA	llr	205.0	2	0
TIL18	tierA	llr	205.5	5	1
TIL18	tierA	llr	206.0	4	2
TIL18	tierA	llr	206.5	2	1
TIL18	tierA	llr	207.0	5	1
TIL18	tierA	llr	207.5	3	0
TIL18	tierA	llr	208.0	5	0
TIL18	tierA	llr	208.5	1	2
TIL18	tierA	llr	209.0	1	2
TIL18	tierA	llr	209.5	2	3
TIL18	tierA	llr	210.0	2	0
TIL18	tierA	llr	210.5	2	1
TIL18	tierA	llr	211.0	0	2
TIL18	tierA	llr	211.5	2	1
TIL18	tierA	llr	212.0	4	3
TIL18	tierA	llr	212.5	3	2
TIL18	tierA	llr	213.0	2	1
TIL18	tierA	llr	213.5	1	0
TIL18	tierA	llr	214.0	2	0
TIL18	tierA	llr	214.5	3	1
TIL18	tierA	llr	215.0	4	1
TIL18	tierA	llr	215.5	3	1
TIL18	tierA	llr	216.0	2	0
TIL18	tierA	llr	216.5	3	1
TIL18	tierA	llr	217.0	4	0
TIL18	tierA	llr	217.5	4	3
TIL18	tierA	llr	218.0	3	0
TIL18	tierA	llr	218.5	3	2
TIL18	tierA	llr	219.0	2	1
TIL18	tierA	llr	219.5	0	1
TIL18	tierA	llr	220.0	2	1
TIL18	tierA	llr	220.5	3	1
TIL18	tierA	llr	221.0	2	1
TIL18	tierA	llr	221.5	4	0
TIL18	tierA	llr	222.0	2	1
TIL18	tierA	llr	222.5	5	5
TIL18	tierA	llr	223.0	0	1
TIL18	tierA	llr	223.5	2	0
TIL18	tierA	llr	224.0	4	1
TIL18	tierA	llr	224.5	1	1
TIL18	tierA	llr	225.0	2	2
TIL18	tierA	llr	225.5	2	0
TIL18	tierA	llr	226.0	2	3
TIL18	tierA	llr	227.0	1	0
TIL18	tierA	llr	227.5	1	2
TIL18	tierA	llr	228.0	2	2
TIL18	tierA	llr	228.5	1	2
TIL18	tierA	llr	229.0	1	0
TIL18	tierA	llr	229.5	2	1
TIL18	tierA	llr	230.0	1	2
TIL18	tierA	llr	230.5	3	0
TIL18	tierA	llr	231.0	1	1
TIL18	tierA	llr	231.5	1	1
TIL18	tierA	llr	232.0	3	0
TIL18	tierA	llr	232.5	2	0
TIL18	tierA	llr	233.0	2	4
TIL18	tierA	llr	233.5	3	0
TIL18	tierA	llr	234.0	1	0
TIL18	tierA	llr	234.5	1	1
TIL18	tierA	llr	235.0	2	0
TIL18	tierA	llr	235.5	1	1
TIL18	tierA	llr	236.0	1	2
TIL18	tierA	llr	236.5	1	1
TIL18	tierA	llr	237.0	1	0
TIL18	tierA	llr	237.5	0	1
TIL18	tierA	llr	238.0	0	1
TIL18	tierA	llr	238.5	2	2
TIL18	tierA	llr	239.0	1	2
TIL18	tierA	llr	239.5	0	2
TIL18	tierA	llr	240.0	1	0
TIL18	tierA	llr	240.5	1	0
TIL18	tierA	llr	241.0	2	2
TIL18	tierA	llr	241.5	0	1
TIL18	tierA	llr	242.0	2	1
TIL18	tierA	llr	242.5	4	1
TIL18	tierA	llr	243.0	0	1
TIL18	tierA	llr	244.0	2	0
TIL18	tierA	llr	244.5	2	2
TIL18	tierA	llr	245.5	3	0
TIL18	tierA	llr	246.0	2	1
TIL18	tierA	llr	247.5	0	1
TIL18	tierA	llr	248.5	0	1
TIL18	tierA	llr	249.0	1	0
TIL18	tierA	llr	249.5	1	1
TIL18	tierA	llr	250.5	1	1
TIL18	tierA	llr	251.0	1	0
TIL18	tierA	llr	251.5	2	0
TIL18	tierA	llr	252.5	1	0
TIL18	tierA	llr	253.0	2	0
TIL18	tierA	llr	254.0	0	2
TIL18	tierA	llr	254.5	1	1
TIL18	tierA	llr	255.0	1	1
TIL18	tierA	llr	255.5	1	0
TIL18	tierA	llr	256.0	1	0
TIL18	tierA	llr	256.5	1	1
TIL18	tierA	llr	257.0	3	1
TIL18	tierA	llr	257.5	1	0
TIL18	tierA	llr	258.5	0	1
TIL18	tierA	llr	259.5	1	0
TIL18	tierA	llr	260.0	2	0
TIL18	tierA	llr	260.5	0	3
TIL18	tierA	llr	262.0	0	1
TIL18	tierA	llr	262.5	2	1
TIL18	tierA	llr	263.5	0	1
TIL18	tierA	llr	265.5	1	0
TIL18	tierA	llr	266.0	0	2
TIL18	tierA	llr	266.5	0	2
TIL18	tierA	llr	267.0	0	1
TIL18	tierA	llr	268.5	0	1
TIL18	tierA	llr	269.0	2	0
TIL18	tierA	llr	269.5	1	1
TIL18	tierA	llr	270.0	2	0
TIL18	tierA	llr	270.5	1	1
TIL18	tierA	llr	272.0	3	0
TIL18	tierA	llr	272.5	0	1
TIL18	tierA	llr	273.5	0	1
TIL18	tierA	llr	274.0	0	1
TIL18	tierA	llr	274.5	1	0
TIL18	tierA	llr	275.5	1	1
TIL18	tierA	llr	276.0	0	1
TIL18	tierA	llr	277.0	1	0
TIL18	tierA	llr	278.5	1	1
TIL18	tierA	llr	279.0	0	1
TIL18	tierA	llr	280.0	0	1
TIL18	tierA	llr	281.0	1	0
TIL18	tierA	llr	282.5	0	1
TIL18	tierA	llr	283.0	0	1
TIL18	tierA	llr	283.5	1	0
TIL18	tierA	llr	284.5	0	2
TIL18	tierA	llr	287.0	0	1
TIL18	tierA	llr	289.5	0	1
TIL18	tierA	llr	290.0	0	1
TIL18	tierA	llr	290.5	0	2
TIL18	tierA	llr	292.0	1	0
TIL18	tierA	llr	293.0	1	0
TIL18	tierA	llr	294.0	0	1
TIL18	tierA	llr	294.5	0	2
TIL18	tierA	llr	295.0	1	0
TIL18	tierA	llr	295.5	1	0
TIL18	tierA	llr	302.0	0	1
TIL18	tierA	llr	305.5	0	1
TIL18	tierA	llr	310.5	0	1
TIL18	tierA	llr	311.5	0	1
TIL18	tierA	llr	312.0	0	1
TIL18	tierA	llr	314.0	0	1
TIL18	tierA	llr	315.5	0	1
TIL18	tierA	llr	318.0	1	0
TIL18	tierA	llr	323.5	1	0
TIL18	tierA	llr	328.5	0	1
TIL18	tierA	llr	334.0	0	1
TIL18	tierA	llr	337.0	0	1
TIL18	tierA	llr	350.0	1	0
TIL18	tierA	llr	351.5	1	0
TIL18	tierA	llr	353.0	1	0
TIL18	tierA	llr	362.0	1	0
TIL18	tierA	llr	368.5	1	0
TIL18	tierA	llr	377.0	1	0
TIL18	tierA	llr	387.0	1	0
Gigi	crisp	witness27x	0	86444	45082
Gigi	crisp	witness27x	1	17706	8477
Gigi	crisp	witness27x	2	24678	11024
Gigi	crisp	witness27x	3	28611	13250
Gigi	crisp	witness27x	4	27842	12832
Gigi	crisp	witness27x	5	24870	11249
Gigi	crisp	witness27x	6	20344	9181
Gigi	crisp	witness27x	7	14650	6747
Gigi	crisp	witness27x	8	10183	4714
Gigi	crisp	witness27x	9	6206	2648
Gigi	crisp	witness27x	10	3565	1761
Gigi	crisp	witness27x	11	1924	978
Gigi	crisp	witness27x	12	941	528
Gigi	crisp	witness27x	13	500	339
Gigi	crisp	witness27x	14	313	206
Gigi	crisp	witness27x	15	182	182
Gigi	crisp	witness27x	16	115	144
Gigi	crisp	witness27x	17	71	95
Gigi	crisp	witness27x	18	60	78
Gigi	crisp	witness27x	19	42	76
Gigi	crisp	witness27x	20	35	55
Gigi	crisp	witness27x	21	25	49
Gigi	crisp	witness27x	22	22	36
Gigi	crisp	witness27x	23	11	48
Gigi	crisp	witness27x	24	12	20
Gigi	crisp	witness27x	25	12	39
Gigi	crisp	witness27x	26	9	16
Gigi	crisp	witness27x	27	4	25
Gigi	crisp	witness27x	28	7	23
Gigi	crisp	witness27x	29	7	19
Gigi	crisp	witness27x	30	2	15
Gigi	crisp	witness27x	31	5	17
Gigi	crisp	witness27x	32	4	13
Gigi	crisp	witness27x	33	0	11
Gigi	crisp	witness27x	34	5	5
Gigi	crisp	witness27x	35	2	7
Gigi	crisp	witness27x	36	1	9
Gigi	crisp	witness27x	37	5	8
Gigi	crisp	witness27x	38	0	5
Gigi	crisp	witness27x	39	0	2
Gigi	crisp	witness27x	40	1	4
Gigi	crisp	witness27x	41	0	5
Gigi	crisp	witness27x	42	2	6
Gigi	crisp	witness27x	43	3	2
Gigi	crisp	witness27x	44	1	3
Gigi	crisp	witness27x	45	1	3
Gigi	crisp	witness27x	47	3	2
Gigi	crisp	witness27x	48	1	5
Gigi	crisp	witness27x	49	2	1
Gigi	crisp	witness27x	50	0	1
Gigi	crisp	witness27x	51	0	2
Gigi	crisp	witness27x	52	0	2
Gigi	crisp	witness27x	53	1	3
Gigi	crisp	witness27x	55	1	4
Gigi	crisp	witness27x	57	0	1
Gigi	crisp	witness27x	58	1	0
Gigi	crisp	witness27x	60	1	2
Gigi	crisp	witness27x	61	1	0
Gigi	crisp	witness27x	62	1	0
Gigi	crisp	witness27x	64	1	1
Gigi	crisp	witness27x	66	0	1
Gigi	crisp	witness27x	74	0	1
Gigi	crisp	witness27x	76	0	1
Gigi	crisp	witness27x	80	0	1
Gigi	crisp	witness27x	86	0	1
Gigi	crisp	witness27x	87	0	1
Gigi	crisp	witness27x	98	0	2
Gigi	crisp	witness27x	103	0	2
Gigi	crisp	witness27x	104	0	1
Gigi	crisp	witness27x	105	0	1
Gigi	crisp	witness27x	107	0	1
Gigi	crisp	witness27x	108	0	1
Gigi	crisp	witness27x	110	0	1
Gigi	crisp	witness27x	111	0	1
Gigi	crisp	witness27x	113	0	1
Gigi	crisp	witness27x	117	0	2
Gigi	crisp	witness27x	119	0	1
Gigi	crisp	witness27x	125	0	1
Gigi	crisp	witness27x	126	0	2
Gigi	crisp	witness27x	127	0	1
Gigi	crisp	witness27x	129	0	1
Gigi	crisp	witness27x	132	0	1
Gigi	crisp	witness27x	133	0	1
Gigi	crisp	witness27x	135	0	2
Gigi	crisp	own_lam0.05	0	256018	124432
Gigi	crisp	own_lam0.05	1	12898	5359
Gigi	crisp	own_lam0.05	2	490	283
Gigi	crisp	own_lam0.05	3	29	12
Gigi	crisp	own_lam0.05	4	1	3
Gigi	crisp	population_lam0.05	0	252546	123060
Gigi	crisp	population_lam0.05	1	15914	6576
Gigi	crisp	population_lam0.05	2	917	424
Gigi	crisp	population_lam0.05	3	56	24
Gigi	crisp	population_lam0.05	4	3	5
Gigi	crisp	own_lam0.4	0	192617	96280
Gigi	crisp	own_lam0.4	1	54966	24309
Gigi	crisp	own_lam0.4	2	16807	7124
Gigi	crisp	own_lam0.4	3	4041	1749
Gigi	crisp	own_lam0.4	4	793	411
Gigi	crisp	own_lam0.4	5	159	114
Gigi	crisp	own_lam0.4	6	29	49
Gigi	crisp	own_lam0.4	7	10	13
Gigi	crisp	own_lam0.4	8	9	6
Gigi	crisp	own_lam0.4	9	2	6
Gigi	crisp	own_lam0.4	10	1	2
Gigi	crisp	own_lam0.4	11	0	5
Gigi	crisp	own_lam0.4	12	2	2
Gigi	crisp	own_lam0.4	15	0	2
Gigi	crisp	own_lam0.4	16	0	3
Gigi	crisp	own_lam0.4	17	0	4
Gigi	crisp	own_lam0.4	18	0	4
Gigi	crisp	own_lam0.4	19	0	1
Gigi	crisp	own_lam0.4	20	0	3
Gigi	crisp	own_lam0.4	21	0	2
Gigi	crisp	population_lam0.4	0	179826	91360
Gigi	crisp	population_lam0.4	1	56900	25146
Gigi	crisp	population_lam0.4	2	22112	9302
Gigi	crisp	population_lam0.4	3	7455	2923
Gigi	crisp	population_lam0.4	4	2259	931
Gigi	crisp	population_lam0.4	5	628	246
Gigi	crisp	population_lam0.4	6	181	95
Gigi	crisp	population_lam0.4	7	51	29
Gigi	crisp	population_lam0.4	8	14	19
Gigi	crisp	population_lam0.4	9	3	7
Gigi	crisp	population_lam0.4	10	3	3
Gigi	crisp	population_lam0.4	11	1	6
Gigi	crisp	population_lam0.4	12	2	3
Gigi	crisp	population_lam0.4	13	1	0
Gigi	crisp	population_lam0.4	15	0	2
Gigi	crisp	population_lam0.4	16	0	1
Gigi	crisp	population_lam0.4	17	0	2
Gigi	crisp	population_lam0.4	18	0	4
Gigi	crisp	population_lam0.4	19	0	2
Gigi	crisp	population_lam0.4	20	0	3
Gigi	crisp	population_lam0.4	21	0	1
Gigi	crisp	population_lam0.4	22	0	1
Gigi	crisp	population_lam0.4	23	0	2
Gigi	crisp	population_lam0.4	24	0	1
Gigi	crisp	own_lam0.8	0	152165	77501
Gigi	crisp	own_lam0.8	1	61149	27290
Gigi	crisp	own_lam0.8	2	33276	14810
Gigi	crisp	own_lam0.8	3	14745	6429
Gigi	crisp	own_lam0.8	4	5583	2473
Gigi	crisp	own_lam0.8	5	1706	894
Gigi	crisp	own_lam0.8	6	578	322
Gigi	crisp	own_lam0.8	7	136	151
Gigi	crisp	own_lam0.8	8	54	74
Gigi	crisp	own_lam0.8	9	25	41
Gigi	crisp	own_lam0.8	10	9	21
Gigi	crisp	own_lam0.8	11	5	16
Gigi	crisp	own_lam0.8	12	3	21
Gigi	crisp	own_lam0.8	13	2	10
Gigi	crisp	own_lam0.8	14	0	6
Gigi	crisp	own_lam0.8	15	0	1
Gigi	crisp	own_lam0.8	16	0	4
Gigi	crisp	own_lam0.8	17	0	2
Gigi	crisp	own_lam0.8	18	0	3
Gigi	crisp	own_lam0.8	20	0	1
Gigi	crisp	own_lam0.8	21	0	1
Gigi	crisp	own_lam0.8	22	0	1
Gigi	crisp	own_lam0.8	23	0	3
Gigi	crisp	own_lam0.8	24	0	3
Gigi	crisp	own_lam0.8	25	0	1
Gigi	crisp	own_lam0.8	26	0	2
Gigi	crisp	own_lam0.8	28	0	3
Gigi	crisp	own_lam0.8	29	0	2
Gigi	crisp	own_lam0.8	32	0	1
Gigi	crisp	own_lam0.8	34	0	1
Gigi	crisp	own_lam0.8	35	0	1
Gigi	crisp	population_lam0.8	0	140028	72895
Gigi	crisp	population_lam0.8	1	56063	25902
Gigi	crisp	population_lam0.8	2	35779	15562
Gigi	crisp	population_lam0.8	3	19574	8100
Gigi	crisp	population_lam0.8	4	9954	4001
Gigi	crisp	population_lam0.8	5	4525	1897
Gigi	crisp	population_lam0.8	6	2068	871
Gigi	crisp	population_lam0.8	7	854	394
Gigi	crisp	population_lam0.8	8	359	194
Gigi	crisp	population_lam0.8	9	119	105
Gigi	crisp	population_lam0.8	10	70	58
Gigi	crisp	population_lam0.8	11	20	26
Gigi	crisp	population_lam0.8	12	10	15
Gigi	crisp	population_lam0.8	13	7	18
Gigi	crisp	population_lam0.8	14	3	7
Gigi	crisp	population_lam0.8	15	3	11
Gigi	crisp	population_lam0.8	16	0	5
Gigi	crisp	population_lam0.8	17	0	1
Gigi	crisp	population_lam0.8	18	0	4
Gigi	crisp	population_lam0.8	19	0	3
Gigi	crisp	population_lam0.8	21	0	2
Gigi	crisp	population_lam0.8	22	0	1
Gigi	crisp	population_lam0.8	23	0	3
Gigi	crisp	population_lam0.8	24	0	2
Gigi	crisp	population_lam0.8	25	0	1
Gigi	crisp	population_lam0.8	26	0	2
Gigi	crisp	population_lam0.8	27	0	1
Gigi	crisp	population_lam0.8	28	0	1
Gigi	crisp	population_lam0.8	29	0	2
Gigi	crisp	population_lam0.8	30	0	1
Gigi	crisp	population_lam0.8	31	0	1
Gigi	crisp	population_lam0.8	33	0	1
Gigi	crisp	population_lam0.8	34	0	1
Gigi	crisp	population_lam0.8	35	0	1
Gigi	crisp	llr	-12.0	0	1
Gigi	crisp	llr	-11.0	0	1
Gigi	crisp	llr	-10.5	0	2
Gigi	crisp	llr	-10.0	0	4
Gigi	crisp	llr	-9.5	0	1
Gigi	crisp	llr	-9.0	1	1
Gigi	crisp	llr	-8.5	2	4
Gigi	crisp	llr	-8.0	0	2
Gigi	crisp	llr	-7.5	2	2
Gigi	crisp	llr	-7.0	2	8
Gigi	crisp	llr	-6.5	3	8
Gigi	crisp	llr	-6.0	1	5
Gigi	crisp	llr	-5.5	2	22
Gigi	crisp	llr	-5.0	7	15
Gigi	crisp	llr	-4.5	8	26
Gigi	crisp	llr	-4.0	23	36
Gigi	crisp	llr	-3.5	25	15
Gigi	crisp	llr	-3.0	33	55
Gigi	crisp	llr	-2.5	25	60
Gigi	crisp	llr	-2.0	43	53
Gigi	crisp	llr	-1.5	52	78
Gigi	crisp	llr	-1.0	51	74
Gigi	crisp	llr	-0.5	53	91
Gigi	crisp	llr	0.0	90	110
Gigi	crisp	llr	0.5	74	93
Gigi	crisp	llr	1.0	94	134
Gigi	crisp	llr	1.5	89	155
Gigi	crisp	llr	2.0	114	159
Gigi	crisp	llr	2.5	164	168
Gigi	crisp	llr	3.0	169	191
Gigi	crisp	llr	3.5	190	240
Gigi	crisp	llr	4.0	222	225
Gigi	crisp	llr	4.5	229	237
Gigi	crisp	llr	5.0	255	254
Gigi	crisp	llr	5.5	289	270
Gigi	crisp	llr	6.0	280	273
Gigi	crisp	llr	6.5	324	284
Gigi	crisp	llr	7.0	355	355
Gigi	crisp	llr	7.5	393	351
Gigi	crisp	llr	8.0	442	353
Gigi	crisp	llr	8.5	459	343
Gigi	crisp	llr	9.0	479	391
Gigi	crisp	llr	9.5	478	420
Gigi	crisp	llr	10.0	496	405
Gigi	crisp	llr	10.5	499	389
Gigi	crisp	llr	11.0	513	434
Gigi	crisp	llr	11.5	546	481
Gigi	crisp	llr	12.0	577	475
Gigi	crisp	llr	12.5	591	448
Gigi	crisp	llr	13.0	604	487
Gigi	crisp	llr	13.5	719	531
Gigi	crisp	llr	14.0	773	479
Gigi	crisp	llr	14.5	764	494
Gigi	crisp	llr	15.0	765	512
Gigi	crisp	llr	15.5	827	552
Gigi	crisp	llr	16.0	862	546
Gigi	crisp	llr	16.5	873	568
Gigi	crisp	llr	17.0	936	509
Gigi	crisp	llr	17.5	953	578
Gigi	crisp	llr	18.0	1007	576
Gigi	crisp	llr	18.5	947	605
Gigi	crisp	llr	19.0	973	597
Gigi	crisp	llr	19.5	1033	579
Gigi	crisp	llr	20.0	1028	630
Gigi	crisp	llr	20.5	1079	615
Gigi	crisp	llr	21.0	1176	629
Gigi	crisp	llr	21.5	1182	647
Gigi	crisp	llr	22.0	1228	615
Gigi	crisp	llr	22.5	1180	641
Gigi	crisp	llr	23.0	1225	685
Gigi	crisp	llr	23.5	1233	646
Gigi	crisp	llr	24.0	1296	677
Gigi	crisp	llr	24.5	1272	732
Gigi	crisp	llr	25.0	1307	704
Gigi	crisp	llr	25.5	1408	704
Gigi	crisp	llr	26.0	1393	723
Gigi	crisp	llr	26.5	1452	739
Gigi	crisp	llr	27.0	1474	741
Gigi	crisp	llr	27.5	1551	795
Gigi	crisp	llr	28.0	1550	717
Gigi	crisp	llr	28.5	1539	789
Gigi	crisp	llr	29.0	1494	744
Gigi	crisp	llr	29.5	1630	725
Gigi	crisp	llr	30.0	1657	839
Gigi	crisp	llr	30.5	1648	849
Gigi	crisp	llr	31.0	1713	836
Gigi	crisp	llr	31.5	1680	799
Gigi	crisp	llr	32.0	1749	768
Gigi	crisp	llr	32.5	1741	852
Gigi	crisp	llr	33.0	1770	853
Gigi	crisp	llr	33.5	1792	870
Gigi	crisp	llr	34.0	1809	862
Gigi	crisp	llr	34.5	1854	892
Gigi	crisp	llr	35.0	1873	930
Gigi	crisp	llr	35.5	1904	856
Gigi	crisp	llr	36.0	1874	875
Gigi	crisp	llr	36.5	1926	957
Gigi	crisp	llr	37.0	2019	896
Gigi	crisp	llr	37.5	2015	848
Gigi	crisp	llr	38.0	2085	919
Gigi	crisp	llr	38.5	2043	885
Gigi	crisp	llr	39.0	1948	862
Gigi	crisp	llr	39.5	1942	945
Gigi	crisp	llr	40.0	2038	954
Gigi	crisp	llr	40.5	1973	981
Gigi	crisp	llr	41.0	2012	919
Gigi	crisp	llr	41.5	2142	988
Gigi	crisp	llr	42.0	2082	938
Gigi	crisp	llr	42.5	2033	920
Gigi	crisp	llr	43.0	2072	915
Gigi	crisp	llr	43.5	2103	917
Gigi	crisp	llr	44.0	2146	916
Gigi	crisp	llr	44.5	2100	955
Gigi	crisp	llr	45.0	2132	911
Gigi	crisp	llr	45.5	2079	951
Gigi	crisp	llr	46.0	2100	927
Gigi	crisp	llr	46.5	2087	924
Gigi	crisp	llr	47.0	2143	951
Gigi	crisp	llr	47.5	2105	940
Gigi	crisp	llr	48.0	1976	950
Gigi	crisp	llr	48.5	2094	948
Gigi	crisp	llr	49.0	2085	871
Gigi	crisp	llr	49.5	2047	900
Gigi	crisp	llr	50.0	2059	901
Gigi	crisp	llr	50.5	2136	933
Gigi	crisp	llr	51.0	2000	883
Gigi	crisp	llr	51.5	2098	883
Gigi	crisp	llr	52.0	2092	884
Gigi	crisp	llr	52.5	2065	875
Gigi	crisp	llr	53.0	1980	816
Gigi	crisp	llr	53.5	1972	817
Gigi	crisp	llr	54.0	1945	803
Gigi	crisp	llr	54.5	2000	863
Gigi	crisp	llr	55.0	1976	869
Gigi	crisp	llr	55.5	2060	835
Gigi	crisp	llr	56.0	1985	838
Gigi	crisp	llr	56.5	1818	795
Gigi	crisp	llr	57.0	1916	780
Gigi	crisp	llr	57.5	1921	838
Gigi	crisp	llr	58.0	1853	776
Gigi	crisp	llr	58.5	1813	748
Gigi	crisp	llr	59.0	1858	803
Gigi	crisp	llr	59.5	1816	769
Gigi	crisp	llr	60.0	1843	786
Gigi	crisp	llr	60.5	1759	784
Gigi	crisp	llr	61.0	1834	774
Gigi	crisp	llr	61.5	1777	764
Gigi	crisp	llr	62.0	1714	761
Gigi	crisp	llr	62.5	1764	737
Gigi	crisp	llr	63.0	1780	688
Gigi	crisp	llr	63.5	1704	709
Gigi	crisp	llr	64.0	1646	697
Gigi	crisp	llr	64.5	1641	698
Gigi	crisp	llr	65.0	1677	722
Gigi	crisp	llr	65.5	1672	671
Gigi	crisp	llr	66.0	1590	672
Gigi	crisp	llr	66.5	1526	627
Gigi	crisp	llr	67.0	1505	641
Gigi	crisp	llr	67.5	1523	647
Gigi	crisp	llr	68.0	1633	595
Gigi	crisp	llr	68.5	1550	650
Gigi	crisp	llr	69.0	1486	617
Gigi	crisp	llr	69.5	1489	634
Gigi	crisp	llr	70.0	1478	564
Gigi	crisp	llr	70.5	1397	601
Gigi	crisp	llr	71.0	1407	588
Gigi	crisp	llr	71.5	1401	586
Gigi	crisp	llr	72.0	1420	611
Gigi	crisp	llr	72.5	1313	596
Gigi	crisp	llr	73.0	1314	551
Gigi	crisp	llr	73.5	1399	565
Gigi	crisp	llr	74.0	1329	548
Gigi	crisp	llr	74.5	1323	499
Gigi	crisp	llr	75.0	1353	522
Gigi	crisp	llr	75.5	1273	516
Gigi	crisp	llr	76.0	1265	540
Gigi	crisp	llr	76.5	1234	518
Gigi	crisp	llr	77.0	1156	494
Gigi	crisp	llr	77.5	1200	475
Gigi	crisp	llr	78.0	1115	489
Gigi	crisp	llr	78.5	1093	526
Gigi	crisp	llr	79.0	1106	460
Gigi	crisp	llr	79.5	1082	446
Gigi	crisp	llr	80.0	1058	443
Gigi	crisp	llr	80.5	1037	453
Gigi	crisp	llr	81.0	1031	478
Gigi	crisp	llr	81.5	1015	439
Gigi	crisp	llr	82.0	999	417
Gigi	crisp	llr	82.5	955	401
Gigi	crisp	llr	83.0	982	435
Gigi	crisp	llr	83.5	982	380
Gigi	crisp	llr	84.0	932	374
Gigi	crisp	llr	84.5	894	391
Gigi	crisp	llr	85.0	896	353
Gigi	crisp	llr	85.5	894	366
Gigi	crisp	llr	86.0	871	372
Gigi	crisp	llr	86.5	831	358
Gigi	crisp	llr	87.0	816	336
Gigi	crisp	llr	87.5	793	366
Gigi	crisp	llr	88.0	788	346
Gigi	crisp	llr	88.5	803	365
Gigi	crisp	llr	89.0	786	317
Gigi	crisp	llr	89.5	754	315
Gigi	crisp	llr	90.0	695	319
Gigi	crisp	llr	90.5	695	298
Gigi	crisp	llr	91.0	666	321
Gigi	crisp	llr	91.5	689	319
Gigi	crisp	llr	92.0	699	293
Gigi	crisp	llr	92.5	674	271
Gigi	crisp	llr	93.0	634	266
Gigi	crisp	llr	93.5	607	333
Gigi	crisp	llr	94.0	631	313
Gigi	crisp	llr	94.5	592	268
Gigi	crisp	llr	95.0	583	239
Gigi	crisp	llr	95.5	514	238
Gigi	crisp	llr	96.0	536	257
Gigi	crisp	llr	96.5	504	246
Gigi	crisp	llr	97.0	484	253
Gigi	crisp	llr	97.5	533	210
Gigi	crisp	llr	98.0	460	216
Gigi	crisp	llr	98.5	522	255
Gigi	crisp	llr	99.0	458	234
Gigi	crisp	llr	99.5	454	219
Gigi	crisp	llr	100.0	452	192
Gigi	crisp	llr	100.5	435	179
Gigi	crisp	llr	101.0	432	161
Gigi	crisp	llr	101.5	400	181
Gigi	crisp	llr	102.0	417	172
Gigi	crisp	llr	102.5	390	183
Gigi	crisp	llr	103.0	377	147
Gigi	crisp	llr	103.5	343	171
Gigi	crisp	llr	104.0	341	188
Gigi	crisp	llr	104.5	375	165
Gigi	crisp	llr	105.0	331	140
Gigi	crisp	llr	105.5	312	143
Gigi	crisp	llr	106.0	316	127
Gigi	crisp	llr	106.5	276	158
Gigi	crisp	llr	107.0	302	135
Gigi	crisp	llr	107.5	258	136
Gigi	crisp	llr	108.0	269	134
Gigi	crisp	llr	108.5	270	133
Gigi	crisp	llr	109.0	238	163
Gigi	crisp	llr	109.5	240	136
Gigi	crisp	llr	110.0	259	139
Gigi	crisp	llr	110.5	223	120
Gigi	crisp	llr	111.0	226	126
Gigi	crisp	llr	111.5	234	128
Gigi	crisp	llr	112.0	222	130
Gigi	crisp	llr	112.5	188	107
Gigi	crisp	llr	113.0	213	103
Gigi	crisp	llr	113.5	175	93
Gigi	crisp	llr	114.0	189	127
Gigi	crisp	llr	114.5	189	94
Gigi	crisp	llr	115.0	191	82
Gigi	crisp	llr	115.5	167	90
Gigi	crisp	llr	116.0	157	71
Gigi	crisp	llr	116.5	154	73
Gigi	crisp	llr	117.0	152	77
Gigi	crisp	llr	117.5	107	84
Gigi	crisp	llr	118.0	132	70
Gigi	crisp	llr	118.5	129	66
Gigi	crisp	llr	119.0	142	64
Gigi	crisp	llr	119.5	109	68
Gigi	crisp	llr	120.0	128	75
Gigi	crisp	llr	120.5	114	89
Gigi	crisp	llr	121.0	127	72
Gigi	crisp	llr	121.5	106	51
Gigi	crisp	llr	122.0	106	55
Gigi	crisp	llr	122.5	99	58
Gigi	crisp	llr	123.0	73	53
Gigi	crisp	llr	123.5	107	54
Gigi	crisp	llr	124.0	94	47
Gigi	crisp	llr	124.5	84	48
Gigi	crisp	llr	125.0	75	42
Gigi	crisp	llr	125.5	77	40
Gigi	crisp	llr	126.0	70	26
Gigi	crisp	llr	126.5	82	47
Gigi	crisp	llr	127.0	74	43
Gigi	crisp	llr	127.5	65	44
Gigi	crisp	llr	128.0	73	39
Gigi	crisp	llr	128.5	57	43
Gigi	crisp	llr	129.0	58	44
Gigi	crisp	llr	129.5	62	34
Gigi	crisp	llr	130.0	43	38
Gigi	crisp	llr	130.5	68	36
Gigi	crisp	llr	131.0	60	39
Gigi	crisp	llr	131.5	47	23
Gigi	crisp	llr	132.0	43	25
Gigi	crisp	llr	132.5	55	52
Gigi	crisp	llr	133.0	45	39
Gigi	crisp	llr	133.5	52	24
Gigi	crisp	llr	134.0	37	24
Gigi	crisp	llr	134.5	39	30
Gigi	crisp	llr	135.0	48	40
Gigi	crisp	llr	135.5	39	20
Gigi	crisp	llr	136.0	39	16
Gigi	crisp	llr	136.5	36	32
Gigi	crisp	llr	137.0	34	23
Gigi	crisp	llr	137.5	36	20
Gigi	crisp	llr	138.0	29	23
Gigi	crisp	llr	138.5	40	13
Gigi	crisp	llr	139.0	36	24
Gigi	crisp	llr	139.5	32	25
Gigi	crisp	llr	140.0	37	20
Gigi	crisp	llr	140.5	29	20
Gigi	crisp	llr	141.0	38	29
Gigi	crisp	llr	141.5	42	20
Gigi	crisp	llr	142.0	27	16
Gigi	crisp	llr	142.5	29	22
Gigi	crisp	llr	143.0	17	27
Gigi	crisp	llr	143.5	14	22
Gigi	crisp	llr	144.0	30	16
Gigi	crisp	llr	144.5	30	21
Gigi	crisp	llr	145.0	23	10
Gigi	crisp	llr	145.5	18	17
Gigi	crisp	llr	146.0	22	15
Gigi	crisp	llr	146.5	28	14
Gigi	crisp	llr	147.0	25	23
Gigi	crisp	llr	147.5	25	21
Gigi	crisp	llr	148.0	17	16
Gigi	crisp	llr	148.5	23	17
Gigi	crisp	llr	149.0	18	12
Gigi	crisp	llr	149.5	30	17
Gigi	crisp	llr	150.0	18	17
Gigi	crisp	llr	150.5	26	16
Gigi	crisp	llr	151.0	19	15
Gigi	crisp	llr	151.5	16	15
Gigi	crisp	llr	152.0	14	14
Gigi	crisp	llr	152.5	13	17
Gigi	crisp	llr	153.0	21	12
Gigi	crisp	llr	153.5	20	15
Gigi	crisp	llr	154.0	16	16
Gigi	crisp	llr	154.5	25	15
Gigi	crisp	llr	155.0	15	12
Gigi	crisp	llr	155.5	9	16
Gigi	crisp	llr	156.0	20	13
Gigi	crisp	llr	156.5	16	6
Gigi	crisp	llr	157.0	14	15
Gigi	crisp	llr	157.5	15	12
Gigi	crisp	llr	158.0	17	11
Gigi	crisp	llr	158.5	19	10
Gigi	crisp	llr	159.0	14	15
Gigi	crisp	llr	159.5	23	8
Gigi	crisp	llr	160.0	21	15
Gigi	crisp	llr	160.5	10	17
Gigi	crisp	llr	161.0	18	13
Gigi	crisp	llr	161.5	8	14
Gigi	crisp	llr	162.0	9	19
Gigi	crisp	llr	162.5	13	15
Gigi	crisp	llr	163.0	14	16
Gigi	crisp	llr	163.5	13	7
Gigi	crisp	llr	164.0	7	14
Gigi	crisp	llr	164.5	21	17
Gigi	crisp	llr	165.0	15	13
Gigi	crisp	llr	165.5	8	4
Gigi	crisp	llr	166.0	7	11
Gigi	crisp	llr	166.5	14	14
Gigi	crisp	llr	167.0	13	10
Gigi	crisp	llr	167.5	11	8
Gigi	crisp	llr	168.0	12	9
Gigi	crisp	llr	168.5	12	18
Gigi	crisp	llr	169.0	16	12
Gigi	crisp	llr	169.5	4	6
Gigi	crisp	llr	170.0	13	12
Gigi	crisp	llr	170.5	7	10
Gigi	crisp	llr	171.0	13	12
Gigi	crisp	llr	171.5	13	12
Gigi	crisp	llr	172.0	8	16
Gigi	crisp	llr	172.5	15	12
Gigi	crisp	llr	173.0	12	9
Gigi	crisp	llr	173.5	9	9
Gigi	crisp	llr	174.0	12	10
Gigi	crisp	llr	174.5	6	8
Gigi	crisp	llr	175.0	9	14
Gigi	crisp	llr	175.5	4	13
Gigi	crisp	llr	176.0	8	12
Gigi	crisp	llr	176.5	14	13
Gigi	crisp	llr	177.0	9	16
Gigi	crisp	llr	177.5	9	15
Gigi	crisp	llr	178.0	16	7
Gigi	crisp	llr	178.5	10	9
Gigi	crisp	llr	179.0	10	8
Gigi	crisp	llr	179.5	10	7
Gigi	crisp	llr	180.0	5	4
Gigi	crisp	llr	180.5	7	9
Gigi	crisp	llr	181.0	13	10
Gigi	crisp	llr	181.5	8	15
Gigi	crisp	llr	182.0	9	8
Gigi	crisp	llr	182.5	9	7
Gigi	crisp	llr	183.0	10	6
Gigi	crisp	llr	183.5	8	14
Gigi	crisp	llr	184.0	5	6
Gigi	crisp	llr	184.5	5	9
Gigi	crisp	llr	185.0	9	12
Gigi	crisp	llr	185.5	6	15
Gigi	crisp	llr	186.0	7	9
Gigi	crisp	llr	186.5	9	6
Gigi	crisp	llr	187.0	8	8
Gigi	crisp	llr	187.5	6	11
Gigi	crisp	llr	188.0	8	13
Gigi	crisp	llr	188.5	8	13
Gigi	crisp	llr	189.0	4	11
Gigi	crisp	llr	189.5	9	9
Gigi	crisp	llr	190.0	9	7
Gigi	crisp	llr	190.5	8	11
Gigi	crisp	llr	191.0	6	7
Gigi	crisp	llr	191.5	8	13
Gigi	crisp	llr	192.0	13	12
Gigi	crisp	llr	192.5	7	10
Gigi	crisp	llr	193.0	9	7
Gigi	crisp	llr	193.5	7	6
Gigi	crisp	llr	194.0	4	9
Gigi	crisp	llr	194.5	9	4
Gigi	crisp	llr	195.0	6	10
Gigi	crisp	llr	195.5	8	5
Gigi	crisp	llr	196.0	3	3
Gigi	crisp	llr	196.5	12	10
Gigi	crisp	llr	197.0	9	7
Gigi	crisp	llr	197.5	11	13
Gigi	crisp	llr	198.0	6	5
Gigi	crisp	llr	198.5	6	16
Gigi	crisp	llr	199.0	4	6
Gigi	crisp	llr	199.5	6	5
Gigi	crisp	llr	200.0	7	4
Gigi	crisp	llr	200.5	13	9
Gigi	crisp	llr	201.0	5	3
Gigi	crisp	llr	201.5	5	7
Gigi	crisp	llr	202.0	9	9
Gigi	crisp	llr	202.5	12	9
Gigi	crisp	llr	203.0	10	6
Gigi	crisp	llr	203.5	10	5
Gigi	crisp	llr	204.0	6	4
Gigi	crisp	llr	204.5	6	12
Gigi	crisp	llr	205.0	8	7
Gigi	crisp	llr	205.5	5	4
Gigi	crisp	llr	206.0	4	8
Gigi	crisp	llr	206.5	6	8
Gigi	crisp	llr	207.0	6	4
Gigi	crisp	llr	207.5	8	10
Gigi	crisp	llr	208.0	3	13
Gigi	crisp	llr	208.5	6	3
Gigi	crisp	llr	209.0	7	8
Gigi	crisp	llr	209.5	2	12
Gigi	crisp	llr	210.0	4	7
Gigi	crisp	llr	210.5	7	6
Gigi	crisp	llr	211.0	4	12
Gigi	crisp	llr	211.5	3	4
Gigi	crisp	llr	212.0	2	2
Gigi	crisp	llr	212.5	5	11
Gigi	crisp	llr	213.0	6	9
Gigi	crisp	llr	213.5	7	9
Gigi	crisp	llr	214.0	3	6
Gigi	crisp	llr	214.5	3	10
Gigi	crisp	llr	215.0	5	6
Gigi	crisp	llr	215.5	8	3
Gigi	crisp	llr	216.0	4	5
Gigi	crisp	llr	216.5	3	6
Gigi	crisp	llr	217.0	7	5
Gigi	crisp	llr	217.5	4	7
Gigi	crisp	llr	218.0	7	4
Gigi	crisp	llr	218.5	4	7
Gigi	crisp	llr	219.0	4	9
Gigi	crisp	llr	219.5	7	6
Gigi	crisp	llr	220.0	3	3
Gigi	crisp	llr	220.5	1	5
Gigi	crisp	llr	221.0	5	5
Gigi	crisp	llr	221.5	6	6
Gigi	crisp	llr	222.0	2	2
Gigi	crisp	llr	222.5	4	5
Gigi	crisp	llr	223.0	6	7
Gigi	crisp	llr	223.5	0	2
Gigi	crisp	llr	224.0	4	2
Gigi	crisp	llr	224.5	5	5
Gigi	crisp	llr	225.0	3	4
Gigi	crisp	llr	225.5	5	3
Gigi	crisp	llr	226.0	4	6
Gigi	crisp	llr	226.5	6	3
Gigi	crisp	llr	227.0	6	4
Gigi	crisp	llr	227.5	5	5
Gigi	crisp	llr	228.0	3	2
Gigi	crisp	llr	228.5	4	4
Gigi	crisp	llr	229.0	5	3
Gigi	crisp	llr	229.5	3	5
Gigi	crisp	llr	230.0	4	6
Gigi	crisp	llr	230.5	6	4
Gigi	crisp	llr	231.0	5	4
Gigi	crisp	llr	231.5	1	3
Gigi	crisp	llr	232.0	2	8
Gigi	crisp	llr	232.5	4	0
Gigi	crisp	llr	233.0	7	4
Gigi	crisp	llr	233.5	3	2
Gigi	crisp	llr	234.0	3	5
Gigi	crisp	llr	234.5	6	1
Gigi	crisp	llr	235.0	3	6
Gigi	crisp	llr	235.5	3	8
Gigi	crisp	llr	236.0	1	4
Gigi	crisp	llr	236.5	5	1
Gigi	crisp	llr	237.0	6	1
Gigi	crisp	llr	237.5	1	4
Gigi	crisp	llr	238.0	5	5
Gigi	crisp	llr	238.5	3	2
Gigi	crisp	llr	239.0	6	5
Gigi	crisp	llr	239.5	7	5
Gigi	crisp	llr	240.0	3	2
Gigi	crisp	llr	240.5	6	4
Gigi	crisp	llr	241.0	3	4
Gigi	crisp	llr	241.5	3	7
Gigi	crisp	llr	242.0	4	3
Gigi	crisp	llr	242.5	0	1
Gigi	crisp	llr	243.0	5	2
Gigi	crisp	llr	243.5	3	5
Gigi	crisp	llr	244.0	2	6
Gigi	crisp	llr	244.5	4	1
Gigi	crisp	llr	245.0	6	1
Gigi	crisp	llr	245.5	4	3
Gigi	crisp	llr	246.0	6	1
Gigi	crisp	llr	246.5	6	2
Gigi	crisp	llr	247.0	4	5
Gigi	crisp	llr	247.5	7	5
Gigi	crisp	llr	248.0	3	5
Gigi	crisp	llr	248.5	2	3
Gigi	crisp	llr	249.0	2	7
Gigi	crisp	llr	249.5	4	3
Gigi	crisp	llr	250.0	2	3
Gigi	crisp	llr	250.5	5	6
Gigi	crisp	llr	251.0	4	6
Gigi	crisp	llr	251.5	4	3
Gigi	crisp	llr	252.0	2	1
Gigi	crisp	llr	252.5	2	3
Gigi	crisp	llr	253.0	4	5
Gigi	crisp	llr	253.5	4	5
Gigi	crisp	llr	254.0	3	7
Gigi	crisp	llr	254.5	3	2
Gigi	crisp	llr	255.0	4	6
Gigi	crisp	llr	255.5	1	4
Gigi	crisp	llr	256.0	3	4
Gigi	crisp	llr	256.5	3	4
Gigi	crisp	llr	257.0	0	4
Gigi	crisp	llr	257.5	2	2
Gigi	crisp	llr	258.0	3	4
Gigi	crisp	llr	258.5	1	2
Gigi	crisp	llr	259.0	3	4
Gigi	crisp	llr	259.5	3	2
Gigi	crisp	llr	260.0	1	8
Gigi	crisp	llr	260.5	3	3
Gigi	crisp	llr	261.0	3	1
Gigi	crisp	llr	261.5	4	2
Gigi	crisp	llr	262.0	2	2
Gigi	crisp	llr	262.5	2	1
Gigi	crisp	llr	263.0	2	2
Gigi	crisp	llr	263.5	2	3
Gigi	crisp	llr	264.0	3	1
Gigi	crisp	llr	264.5	2	2
Gigi	crisp	llr	265.0	2	2
Gigi	crisp	llr	265.5	1	2
Gigi	crisp	llr	266.0	2	0
Gigi	crisp	llr	266.5	1	4
Gigi	crisp	llr	267.0	1	5
Gigi	crisp	llr	267.5	0	7
Gigi	crisp	llr	268.0	2	2
Gigi	crisp	llr	268.5	1	4
Gigi	crisp	llr	269.0	0	1
Gigi	crisp	llr	269.5	2	1
Gigi	crisp	llr	270.0	4	6
Gigi	crisp	llr	270.5	3	2
Gigi	crisp	llr	271.0	2	1
Gigi	crisp	llr	271.5	2	6
Gigi	crisp	llr	272.0	1	4
Gigi	crisp	llr	272.5	4	6
Gigi	crisp	llr	273.0	1	5
Gigi	crisp	llr	273.5	0	2
Gigi	crisp	llr	274.0	2	7
Gigi	crisp	llr	274.5	3	6
Gigi	crisp	llr	275.0	1	5
Gigi	crisp	llr	275.5	0	2
Gigi	crisp	llr	276.0	1	2
Gigi	crisp	llr	276.5	1	4
Gigi	crisp	llr	277.0	2	2
Gigi	crisp	llr	277.5	1	6
Gigi	crisp	llr	278.0	2	2
Gigi	crisp	llr	278.5	1	6
Gigi	crisp	llr	279.0	3	4
Gigi	crisp	llr	279.5	4	1
Gigi	crisp	llr	280.0	0	2
Gigi	crisp	llr	280.5	2	3
Gigi	crisp	llr	281.0	2	3
Gigi	crisp	llr	281.5	0	6
Gigi	crisp	llr	282.0	3	3
Gigi	crisp	llr	282.5	1	3
Gigi	crisp	llr	283.0	1	1
Gigi	crisp	llr	283.5	2	1
Gigi	crisp	llr	284.0	6	3
Gigi	crisp	llr	284.5	3	2
Gigi	crisp	llr	285.0	2	5
Gigi	crisp	llr	285.5	2	1
Gigi	crisp	llr	286.0	3	2
Gigi	crisp	llr	286.5	1	1
Gigi	crisp	llr	287.0	1	3
Gigi	crisp	llr	287.5	3	2
Gigi	crisp	llr	288.0	1	4
Gigi	crisp	llr	288.5	2	2
Gigi	crisp	llr	289.0	3	7
Gigi	crisp	llr	289.5	0	1
Gigi	crisp	llr	290.0	2	3
Gigi	crisp	llr	290.5	0	2
Gigi	crisp	llr	291.0	3	3
Gigi	crisp	llr	291.5	1	1
Gigi	crisp	llr	292.0	2	2
Gigi	crisp	llr	292.5	0	3
Gigi	crisp	llr	293.0	2	1
Gigi	crisp	llr	293.5	2	1
Gigi	crisp	llr	294.0	0	2
Gigi	crisp	llr	294.5	3	6
Gigi	crisp	llr	295.0	2	1
Gigi	crisp	llr	295.5	0	5
Gigi	crisp	llr	296.0	1	3
Gigi	crisp	llr	296.5	0	3
Gigi	crisp	llr	297.0	1	5
Gigi	crisp	llr	297.5	0	3
Gigi	crisp	llr	298.0	4	5
Gigi	crisp	llr	298.5	2	3
Gigi	crisp	llr	299.0	0	1
Gigi	crisp	llr	299.5	2	4
Gigi	crisp	llr	300.0	0	2
Gigi	crisp	llr	300.5	0	4
Gigi	crisp	llr	301.0	0	2
Gigi	crisp	llr	301.5	2	5
Gigi	crisp	llr	302.0	0	4
Gigi	crisp	llr	302.5	1	2
Gigi	crisp	llr	303.0	0	2
Gigi	crisp	llr	303.5	0	7
Gigi	crisp	llr	304.0	0	3
Gigi	crisp	llr	304.5	1	2
Gigi	crisp	llr	305.0	0	4
Gigi	crisp	llr	305.5	0	3
Gigi	crisp	llr	306.0	2	3
Gigi	crisp	llr	306.5	0	1
Gigi	crisp	llr	307.0	2	2
Gigi	crisp	llr	307.5	2	1
Gigi	crisp	llr	308.0	0	3
Gigi	crisp	llr	308.5	1	0
Gigi	crisp	llr	309.0	2	3
Gigi	crisp	llr	309.5	1	4
Gigi	crisp	llr	310.0	0	4
Gigi	crisp	llr	310.5	0	1
Gigi	crisp	llr	311.0	2	2
Gigi	crisp	llr	311.5	0	5
Gigi	crisp	llr	312.0	0	2
Gigi	crisp	llr	312.5	2	4
Gigi	crisp	llr	313.0	0	5
Gigi	crisp	llr	313.5	1	1
Gigi	crisp	llr	314.0	1	2
Gigi	crisp	llr	314.5	0	2
Gigi	crisp	llr	315.0	0	3
Gigi	crisp	llr	315.5	3	1
Gigi	crisp	llr	316.0	2	3
Gigi	crisp	llr	316.5	1	1
Gigi	crisp	llr	317.0	1	1
Gigi	crisp	llr	317.5	0	3
Gigi	crisp	llr	318.0	1	2
Gigi	crisp	llr	318.5	0	1
Gigi	crisp	llr	319.0	2	1
Gigi	crisp	llr	319.5	3	4
Gigi	crisp	llr	320.0	0	5
Gigi	crisp	llr	320.5	0	2
Gigi	crisp	llr	321.0	1	1
Gigi	crisp	llr	321.5	1	2
Gigi	crisp	llr	322.0	1	3
Gigi	crisp	llr	322.5	0	1
Gigi	crisp	llr	323.0	0	5
Gigi	crisp	llr	323.5	1	1
Gigi	crisp	llr	324.0	0	2
Gigi	crisp	llr	324.5	0	2
Gigi	crisp	llr	325.0	1	2
Gigi	crisp	llr	325.5	1	3
Gigi	crisp	llr	326.0	3	2
Gigi	crisp	llr	326.5	1	3
Gigi	crisp	llr	327.0	1	1
Gigi	crisp	llr	327.5	1	4
Gigi	crisp	llr	328.0	1	2
Gigi	crisp	llr	328.5	0	4
Gigi	crisp	llr	329.0	1	1
Gigi	crisp	llr	329.5	0	1
Gigi	crisp	llr	330.0	1	5
Gigi	crisp	llr	330.5	1	3
Gigi	crisp	llr	331.0	2	2
Gigi	crisp	llr	331.5	0	4
Gigi	crisp	llr	332.0	1	2
Gigi	crisp	llr	332.5	0	1
Gigi	crisp	llr	333.0	1	5
Gigi	crisp	llr	333.5	1	2
Gigi	crisp	llr	334.0	3	2
Gigi	crisp	llr	334.5	2	2
Gigi	crisp	llr	335.0	4	0
Gigi	crisp	llr	335.5	1	3
Gigi	crisp	llr	336.0	3	1
Gigi	crisp	llr	336.5	1	3
Gigi	crisp	llr	337.0	2	0
Gigi	crisp	llr	337.5	1	1
Gigi	crisp	llr	338.0	3	2
Gigi	crisp	llr	338.5	0	1
Gigi	crisp	llr	339.0	1	0
Gigi	crisp	llr	339.5	1	1
Gigi	crisp	llr	340.0	1	3
Gigi	crisp	llr	340.5	2	4
Gigi	crisp	llr	341.5	1	3
Gigi	crisp	llr	342.0	2	1
Gigi	crisp	llr	342.5	1	4
Gigi	crisp	llr	343.0	1	1
Gigi	crisp	llr	343.5	1	1
Gigi	crisp	llr	344.0	1	4
Gigi	crisp	llr	344.5	0	2
Gigi	crisp	llr	345.0	0	4
Gigi	crisp	llr	345.5	0	2
Gigi	crisp	llr	346.0	1	1
Gigi	crisp	llr	346.5	1	0
Gigi	crisp	llr	347.0	1	1
Gigi	crisp	llr	347.5	0	1
Gigi	crisp	llr	348.0	0	1
Gigi	crisp	llr	348.5	0	2
Gigi	crisp	llr	349.5	0	1
Gigi	crisp	llr	350.0	0	2
Gigi	crisp	llr	350.5	0	5
Gigi	crisp	llr	351.5	0	2
Gigi	crisp	llr	352.0	0	2
Gigi	crisp	llr	352.5	0	2
Gigi	crisp	llr	353.0	0	1
Gigi	crisp	llr	353.5	0	1
Gigi	crisp	llr	354.5	0	2
Gigi	crisp	llr	355.0	0	4
Gigi	crisp	llr	355.5	0	2
Gigi	crisp	llr	356.0	1	1
Gigi	crisp	llr	356.5	0	1
Gigi	crisp	llr	357.0	0	2
Gigi	crisp	llr	357.5	0	3
Gigi	crisp	llr	358.0	1	0
Gigi	crisp	llr	358.5	1	0
Gigi	crisp	llr	359.0	1	0
Gigi	crisp	llr	359.5	0	3
Gigi	crisp	llr	360.0	0	1
Gigi	crisp	llr	360.5	1	2
Gigi	crisp	llr	361.0	0	1
Gigi	crisp	llr	362.0	0	3
Gigi	crisp	llr	363.0	0	2
Gigi	crisp	llr	363.5	0	2
Gigi	crisp	llr	364.0	0	2
Gigi	crisp	llr	364.5	1	2
Gigi	crisp	llr	365.0	0	1
Gigi	crisp	llr	365.5	0	2
Gigi	crisp	llr	366.0	1	3
Gigi	crisp	llr	367.0	1	0
Gigi	crisp	llr	367.5	1	2
Gigi	crisp	llr	369.0	1	3
Gigi	crisp	llr	369.5	1	4
Gigi	crisp	llr	370.0	0	1
Gigi	crisp	llr	370.5	2	2
Gigi	crisp	llr	371.0	1	0
Gigi	crisp	llr	371.5	1	2
Gigi	crisp	llr	372.0	1	3
Gigi	crisp	llr	372.5	0	1
Gigi	crisp	llr	373.0	0	7
Gigi	crisp	llr	373.5	0	1
Gigi	crisp	llr	374.0	1	4
Gigi	crisp	llr	374.5	2	2
Gigi	crisp	llr	375.5	0	2
Gigi	crisp	llr	376.0	0	4
Gigi	crisp	llr	376.5	1	3
Gigi	crisp	llr	378.0	1	3
Gigi	crisp	llr	378.5	1	2
Gigi	crisp	llr	379.0	2	1
Gigi	crisp	llr	379.5	1	0
Gigi	crisp	llr	380.0	1	2
Gigi	crisp	llr	380.5	1	1
Gigi	crisp	llr	381.0	1	1
Gigi	crisp	llr	381.5	1	0
Gigi	crisp	llr	382.0	1	2
Gigi	crisp	llr	382.5	1	0
Gigi	crisp	llr	383.0	0	1
Gigi	crisp	llr	383.5	1	1
Gigi	crisp	llr	384.0	0	2
Gigi	crisp	llr	384.5	1	0
Gigi	crisp	llr	385.0	2	2
Gigi	crisp	llr	385.5	1	2
Gigi	crisp	llr	386.5	0	2
Gigi	crisp	llr	387.0	0	2
Gigi	crisp	llr	387.5	0	1
Gigi	crisp	llr	388.0	0	3
Gigi	crisp	llr	388.5	0	2
Gigi	crisp	llr	389.0	1	2
Gigi	crisp	llr	389.5	0	2
Gigi	crisp	llr	390.0	2	1
Gigi	crisp	llr	390.5	1	0
Gigi	crisp	llr	391.0	0	2
Gigi	crisp	llr	392.0	0	2
Gigi	crisp	llr	392.5	1	0
Gigi	crisp	llr	393.0	1	0
Gigi	crisp	llr	393.5	0	2
Gigi	crisp	llr	394.5	1	2
Gigi	crisp	llr	395.0	0	1
Gigi	crisp	llr	395.5	1	1
Gigi	crisp	llr	396.5	1	2
Gigi	crisp	llr	397.0	0	1
Gigi	crisp	llr	397.5	1	3
Gigi	crisp	llr	398.0	0	2
Gigi	crisp	llr	398.5	1	2
Gigi	crisp	llr	399.0	1	2
Gigi	crisp	llr	400.0	1	2
Gigi	crisp	llr	400.5	0	1
Gigi	crisp	llr	401.0	2	1
Gigi	crisp	llr	401.5	0	1
Gigi	crisp	llr	402.0	1	3
Gigi	crisp	llr	402.5	0	2
Gigi	crisp	llr	403.0	0	1
Gigi	crisp	llr	403.5	0	4
Gigi	crisp	llr	404.5	1	0
Gigi	crisp	llr	405.0	0	2
Gigi	crisp	llr	405.5	0	1
Gigi	crisp	llr	406.0	0	2
Gigi	crisp	llr	406.5	1	0
Gigi	crisp	llr	407.5	0	1
Gigi	crisp	llr	408.0	0	3
Gigi	crisp	llr	409.0	1	1
Gigi	crisp	llr	409.5	1	1
Gigi	crisp	llr	410.0	1	2
Gigi	crisp	llr	410.5	1	1
Gigi	crisp	llr	411.0	1	0
Gigi	crisp	llr	411.5	1	2
Gigi	crisp	llr	412.0	0	1
Gigi	crisp	llr	413.0	0	2
Gigi	crisp	llr	413.5	1	1
Gigi	crisp	llr	414.0	1	0
Gigi	crisp	llr	414.5	0	2
Gigi	crisp	llr	415.0	1	1
Gigi	crisp	llr	415.5	0	2
Gigi	crisp	llr	417.0	3	0
Gigi	crisp	llr	417.5	2	2
Gigi	crisp	llr	418.5	0	1
Gigi	crisp	llr	419.0	1	2
Gigi	crisp	llr	419.5	0	1
Gigi	crisp	llr	420.5	0	2
Gigi	crisp	llr	421.0	0	1
Gigi	crisp	llr	422.0	0	2
Gigi	crisp	llr	422.5	1	2
Gigi	crisp	llr	423.5	1	0
Gigi	crisp	llr	424.5	0	1
Gigi	crisp	llr	425.5	0	2
Gigi	crisp	llr	426.0	0	3
Gigi	crisp	llr	427.0	0	1
Gigi	crisp	llr	427.5	0	2
Gigi	crisp	llr	428.0	1	0
Gigi	crisp	llr	428.5	1	1
Gigi	crisp	llr	429.0	0	1
Gigi	crisp	llr	429.5	0	1
Gigi	crisp	llr	430.5	0	1
Gigi	crisp	llr	431.0	0	2
Gigi	crisp	llr	431.5	0	1
Gigi	crisp	llr	432.0	0	1
Gigi	crisp	llr	434.0	0	1
Gigi	crisp	llr	434.5	0	3
Gigi	crisp	llr	435.0	1	0
Gigi	crisp	llr	435.5	0	1
Gigi	crisp	llr	436.0	0	2
Gigi	crisp	llr	436.5	0	2
Gigi	crisp	llr	437.5	0	1
Gigi	crisp	llr	438.5	0	1
Gigi	crisp	llr	439.0	0	2
Gigi	crisp	llr	440.0	0	1
Gigi	crisp	llr	440.5	0	3
Gigi	crisp	llr	442.0	0	2
Gigi	crisp	llr	442.5	1	1
Gigi	crisp	llr	443.0	0	1
Gigi	crisp	llr	443.5	0	1
Gigi	crisp	llr	444.0	0	1
Gigi	crisp	llr	444.5	0	1
Gigi	crisp	llr	445.0	0	1
Gigi	crisp	llr	445.5	0	2
Gigi	crisp	llr	446.0	0	2
Gigi	crisp	llr	446.5	2	3
Gigi	crisp	llr	448.0	0	3
Gigi	crisp	llr	448.5	0	2
Gigi	crisp	llr	449.0	0	2
Gigi	crisp	llr	450.0	1	3
Gigi	crisp	llr	450.5	0	2
Gigi	crisp	llr	451.0	1	3
Gigi	crisp	llr	452.0	1	1
Gigi	crisp	llr	452.5	1	0
Gigi	crisp	llr	453.0	1	1
Gigi	crisp	llr	453.5	1	1
Gigi	crisp	llr	454.5	0	1
Gigi	crisp	llr	455.0	0	1
Gigi	crisp	llr	455.5	0	1
Gigi	crisp	llr	456.0	0	1
Gigi	crisp	llr	456.5	0	2
Gigi	crisp	llr	457.0	0	2
Gigi	crisp	llr	457.5	0	2
Gigi	crisp	llr	458.0	0	2
Gigi	crisp	llr	458.5	0	1
Gigi	crisp	llr	459.0	1	0
Gigi	crisp	llr	459.5	0	3
Gigi	crisp	llr	460.0	1	1
Gigi	crisp	llr	461.0	0	1
Gigi	crisp	llr	462.0	0	1
Gigi	crisp	llr	462.5	0	2
Gigi	crisp	llr	463.0	0	2
Gigi	crisp	llr	464.0	0	1
Gigi	crisp	llr	464.5	1	1
Gigi	crisp	llr	465.0	0	2
Gigi	crisp	llr	465.5	1	0
Gigi	crisp	llr	466.5	0	2
Gigi	crisp	llr	467.5	0	3
Gigi	crisp	llr	468.5	0	2
Gigi	crisp	llr	469.0	1	1
Gigi	crisp	llr	470.5	0	1
Gigi	crisp	llr	471.5	0	2
Gigi	crisp	llr	473.0	0	1
Gigi	crisp	llr	474.0	0	1
Gigi	crisp	llr	474.5	0	3
Gigi	crisp	llr	475.0	0	1
Gigi	crisp	llr	476.0	0	1
Gigi	crisp	llr	476.5	2	1
Gigi	crisp	llr	477.0	0	3
Gigi	crisp	llr	477.5	0	1
Gigi	crisp	llr	478.0	0	1
Gigi	crisp	llr	478.5	1	1
Gigi	crisp	llr	479.0	0	1
Gigi	crisp	llr	479.5	0	1
Gigi	crisp	llr	480.0	0	2
Gigi	crisp	llr	480.5	1	1
Gigi	crisp	llr	482.0	0	2
Gigi	crisp	llr	484.0	0	1
Gigi	crisp	llr	484.5	0	2
Gigi	crisp	llr	485.0	1	1
Gigi	crisp	llr	485.5	0	1
Gigi	crisp	llr	486.5	1	1
Gigi	crisp	llr	487.0	0	2
Gigi	crisp	llr	488.0	1	3
Gigi	crisp	llr	489.0	0	1
Gigi	crisp	llr	489.5	3	0
Gigi	crisp	llr	490.0	0	1
Gigi	crisp	llr	491.0	0	1
Gigi	crisp	llr	491.5	1	0
Gigi	crisp	llr	492.0	0	1
Gigi	crisp	llr	492.5	0	2
Gigi	crisp	llr	493.0	0	1
Gigi	crisp	llr	493.5	0	2
Gigi	crisp	llr	494.0	0	2
Gigi	crisp	llr	495.0	1	1
Gigi	crisp	llr	496.0	0	2
Gigi	crisp	llr	497.0	0	3
Gigi	crisp	llr	499.5	0	1
Gigi	crisp	llr	500.0	0	1
Gigi	crisp	llr	500.5	1	3
Gigi	crisp	llr	501.0	1	0
Gigi	crisp	llr	501.5	0	1
Gigi	crisp	llr	502.0	0	1
Gigi	crisp	llr	503.0	0	2
Gigi	crisp	llr	503.5	1	1
Gigi	crisp	llr	504.5	0	1
Gigi	crisp	llr	506.5	0	1
Gigi	crisp	llr	507.5	0	1
Gigi	crisp	llr	508.0	0	2
Gigi	crisp	llr	509.0	0	4
Gigi	crisp	llr	509.5	1	1
Gigi	crisp	llr	510.5	0	1
Gigi	crisp	llr	511.5	0	1
Gigi	crisp	llr	512.0	0	1
Gigi	crisp	llr	512.5	0	2
Gigi	crisp	llr	513.5	0	4
Gigi	crisp	llr	514.5	1	1
Gigi	crisp	llr	515.0	2	2
Gigi	crisp	llr	515.5	0	1
Gigi	crisp	llr	516.0	0	3
Gigi	crisp	llr	517.5	0	3
Gigi	crisp	llr	518.0	1	0
Gigi	crisp	llr	518.5	0	1
Gigi	crisp	llr	519.0	0	1
Gigi	crisp	llr	519.5	1	0
Gigi	crisp	llr	520.5	0	1
Gigi	crisp	llr	521.0	0	2
Gigi	crisp	llr	522.0	0	2
Gigi	crisp	llr	523.0	0	1
Gigi	crisp	llr	524.0	1	0
Gigi	crisp	llr	524.5	0	1
Gigi	crisp	llr	525.0	0	1
Gigi	crisp	llr	525.5	0	1
Gigi	crisp	llr	526.0	0	1
Gigi	crisp	llr	526.5	0	1
Gigi	crisp	llr	527.0	0	3
Gigi	crisp	llr	527.5	0	1
Gigi	crisp	llr	530.0	0	1
Gigi	crisp	llr	531.0	1	0
Gigi	crisp	llr	531.5	0	5
Gigi	crisp	llr	532.0	0	1
Gigi	crisp	llr	533.0	0	1
Gigi	crisp	llr	533.5	0	1
Gigi	crisp	llr	534.0	0	1
Gigi	crisp	llr	536.5	3	0
Gigi	crisp	llr	537.0	0	2
Gigi	crisp	llr	537.5	0	1
Gigi	crisp	llr	538.5	0	2
Gigi	crisp	llr	539.5	0	1
Gigi	crisp	llr	540.0	0	1
Gigi	crisp	llr	540.5	0	4
Gigi	crisp	llr	541.5	0	1
Gigi	crisp	llr	542.0	0	2
Gigi	crisp	llr	542.5	0	2
Gigi	crisp	llr	543.0	0	1
Gigi	crisp	llr	544.0	0	1
Gigi	crisp	llr	544.5	0	1
Gigi	crisp	llr	545.0	0	2
Gigi	crisp	llr	545.5	1	0
Gigi	crisp	llr	546.0	0	3
Gigi	crisp	llr	546.5	0	1
Gigi	crisp	llr	547.5	0	1
Gigi	crisp	llr	549.0	0	1
Gigi	crisp	llr	550.5	0	2
Gigi	crisp	llr	551.5	2	1
Gigi	crisp	llr	552.0	0	2
Gigi	crisp	llr	553.5	0	1
Gigi	crisp	llr	555.5	0	2
Gigi	crisp	llr	556.0	0	1
Gigi	crisp	llr	556.5	0	2
Gigi	crisp	llr	557.5	1	0
Gigi	crisp	llr	558.0	0	1
Gigi	crisp	llr	558.5	1	1
Gigi	crisp	llr	559.5	0	1
Gigi	crisp	llr	562.0	1	0
Gigi	crisp	llr	563.5	0	2
Gigi	crisp	llr	564.5	0	2
Gigi	crisp	llr	566.0	1	1
Gigi	crisp	llr	566.5	0	2
Gigi	crisp	llr	567.0	0	2
Gigi	crisp	llr	568.0	0	1
Gigi	crisp	llr	568.5	0	1
Gigi	crisp	llr	570.0	0	3
Gigi	crisp	llr	571.5	0	1
Gigi	crisp	llr	572.0	0	1
Gigi	crisp	llr	572.5	1	1
Gigi	crisp	llr	574.0	1	0
Gigi	crisp	llr	574.5	0	2
Gigi	crisp	llr	575.0	1	1
Gigi	crisp	llr	576.0	0	2
Gigi	crisp	llr	576.5	0	2
Gigi	crisp	llr	577.5	0	1
Gigi	crisp	llr	578.0	0	1
Gigi	crisp	llr	579.5	0	1
Gigi	crisp	llr	580.0	0	1
Gigi	crisp	llr	581.0	0	2
Gigi	crisp	llr	582.0	0	1
Gigi	crisp	llr	583.0	0	1
Gigi	crisp	llr	583.5	1	1
Gigi	crisp	llr	584.0	0	1
Gigi	crisp	llr	584.5	0	1
Gigi	crisp	llr	585.5	2	1
Gigi	crisp	llr	586.0	1	0
Gigi	crisp	llr	586.5	0	3
Gigi	crisp	llr	587.0	0	1
Gigi	crisp	llr	587.5	0	1
Gigi	crisp	llr	589.0	0	1
Gigi	crisp	llr	589.5	0	1
Gigi	crisp	llr	590.0	0	1
Gigi	crisp	llr	590.5	1	1
Gigi	crisp	llr	592.0	1	1
Gigi	crisp	llr	592.5	0	2
Gigi	crisp	llr	593.0	0	1
Gigi	crisp	llr	593.5	0	1
Gigi	crisp	llr	594.0	0	1
Gigi	crisp	llr	594.5	0	1
Gigi	crisp	llr	595.0	0	2
Gigi	crisp	llr	595.5	0	2
Gigi	crisp	llr	596.0	0	1
Gigi	crisp	llr	596.5	0	1
Gigi	crisp	llr	597.5	0	2
Gigi	crisp	llr	598.5	0	2
Gigi	crisp	llr	599.5	1	3
Gigi	crisp	llr	600.0	1	0
Gigi	crisp	llr	600.5	0	1
Gigi	crisp	llr	601.0	0	1
Gigi	crisp	llr	601.5	1	0
Gigi	crisp	llr	602.0	0	2
Gigi	crisp	llr	603.0	0	2
Gigi	crisp	llr	605.0	0	1
Gigi	crisp	llr	605.5	0	2
Gigi	crisp	llr	606.5	1	0
Gigi	crisp	llr	607.0	0	1
Gigi	crisp	llr	607.5	0	1
Gigi	crisp	llr	608.0	0	3
Gigi	crisp	llr	608.5	1	1
Gigi	crisp	llr	609.5	0	1
Gigi	crisp	llr	610.0	1	0
Gigi	crisp	llr	610.5	0	2
Gigi	crisp	llr	611.5	0	1
Gigi	crisp	llr	613.0	0	1
Gigi	crisp	llr	614.0	1	2
Gigi	crisp	llr	614.5	0	1
Gigi	crisp	llr	616.0	1	0
Gigi	crisp	llr	620.0	1	1
Gigi	crisp	llr	621.0	1	2
Gigi	crisp	llr	622.5	0	1
Gigi	crisp	llr	624.5	1	1
Gigi	crisp	llr	625.0	1	0
Gigi	crisp	llr	626.5	0	2
Gigi	crisp	llr	627.0	1	1
Gigi	crisp	llr	628.0	0	2
Gigi	crisp	llr	628.5	0	1
Gigi	crisp	llr	629.5	0	1
Gigi	crisp	llr	630.0	0	1
Gigi	crisp	llr	630.5	0	2
Gigi	crisp	llr	632.0	0	1
Gigi	crisp	llr	632.5	0	1
Gigi	crisp	llr	633.0	0	2
Gigi	crisp	llr	633.5	0	2
Gigi	crisp	llr	634.0	0	2
Gigi	crisp	llr	634.5	0	1
Gigi	crisp	llr	635.0	0	1
Gigi	crisp	llr	635.5	0	2
Gigi	crisp	llr	636.0	0	1
Gigi	crisp	llr	636.5	1	0
Gigi	crisp	llr	637.0	0	1
Gigi	crisp	llr	638.0	0	1
Gigi	crisp	llr	638.5	0	1
Gigi	crisp	llr	639.5	0	1
Gigi	crisp	llr	640.0	0	1
Gigi	crisp	llr	640.5	0	2
Gigi	crisp	llr	641.5	0	3
Gigi	crisp	llr	643.5	0	1
Gigi	crisp	llr	644.0	1	0
Gigi	crisp	llr	644.5	2	0
Gigi	crisp	llr	646.0	1	0
Gigi	crisp	llr	646.5	0	1
Gigi	crisp	llr	648.0	0	1
Gigi	crisp	llr	650.0	1	1
Gigi	crisp	llr	650.5	0	2
Gigi	crisp	llr	651.5	0	2
Gigi	crisp	llr	652.0	0	2
Gigi	crisp	llr	653.5	0	1
Gigi	crisp	llr	654.0	0	1
Gigi	crisp	llr	655.0	0	1
Gigi	crisp	llr	657.5	0	2
Gigi	crisp	llr	658.0	0	1
Gigi	crisp	llr	658.5	0	1
Gigi	crisp	llr	659.0	0	1
Gigi	crisp	llr	659.5	0	1
Gigi	crisp	llr	660.0	0	1
Gigi	crisp	llr	661.5	0	1
Gigi	crisp	llr	662.5	0	1
Gigi	crisp	llr	663.0	0	1
Gigi	crisp	llr	664.0	0	1
Gigi	crisp	llr	664.5	0	1
Gigi	crisp	llr	666.5	0	1
Gigi	crisp	llr	667.5	0	1
Gigi	crisp	llr	668.0	0	1
Gigi	crisp	llr	670.0	0	1
Gigi	crisp	llr	671.0	0	2
Gigi	crisp	llr	672.0	0	1
Gigi	crisp	llr	673.0	0	1
Gigi	crisp	llr	673.5	0	1
Gigi	crisp	llr	674.0	0	1
Gigi	crisp	llr	674.5	1	1
Gigi	crisp	llr	675.5	0	1
Gigi	crisp	llr	677.5	0	1
Gigi	crisp	llr	679.0	0	1
Gigi	crisp	llr	679.5	0	2
Gigi	crisp	llr	680.0	0	1
Gigi	crisp	llr	681.0	0	1
Gigi	crisp	llr	683.0	0	1
Gigi	crisp	llr	684.5	0	1
Gigi	crisp	llr	685.5	1	1
Gigi	crisp	llr	686.0	0	1
Gigi	crisp	llr	686.5	0	1
Gigi	crisp	llr	688.5	0	1
Gigi	crisp	llr	689.0	0	1
Gigi	crisp	llr	690.5	0	1
Gigi	crisp	llr	691.0	0	1
Gigi	crisp	llr	692.5	0	2
Gigi	crisp	llr	693.5	0	1
Gigi	crisp	llr	694.0	0	1
Gigi	crisp	llr	694.5	1	0
Gigi	crisp	llr	696.5	1	0
Gigi	crisp	llr	698.0	0	1
Gigi	crisp	llr	698.5	0	1
Gigi	crisp	llr	699.5	0	3
Gigi	crisp	llr	701.0	1	0
Gigi	crisp	llr	701.5	0	1
Gigi	crisp	llr	702.5	0	1
Gigi	crisp	llr	703.5	0	1
Gigi	crisp	llr	704.0	1	1
Gigi	crisp	llr	706.5	0	1
Gigi	crisp	llr	708.0	0	2
Gigi	crisp	llr	708.5	0	2
Gigi	crisp	llr	710.0	0	1
Gigi	crisp	llr	710.5	0	1
Gigi	crisp	llr	712.0	0	1
Gigi	crisp	llr	712.5	0	1
Gigi	crisp	llr	713.5	0	1
Gigi	crisp	llr	714.0	0	1
Gigi	crisp	llr	716.0	1	1
Gigi	crisp	llr	717.5	0	2
Gigi	crisp	llr	718.0	1	1
Gigi	crisp	llr	718.5	0	1
Gigi	crisp	llr	719.5	0	1
Gigi	crisp	llr	721.0	1	0
Gigi	crisp	llr	722.0	1	0
Gigi	crisp	llr	723.0	0	1
Gigi	crisp	llr	724.0	0	1
Gigi	crisp	llr	724.5	0	1
Gigi	crisp	llr	726.0	1	0
Gigi	crisp	llr	727.0	0	3
Gigi	crisp	llr	728.5	0	1
Gigi	crisp	llr	730.0	0	2
Gigi	crisp	llr	731.0	0	2
Gigi	crisp	llr	732.0	0	1
Gigi	crisp	llr	732.5	1	0
Gigi	crisp	llr	733.5	0	1
Gigi	crisp	llr	736.0	0	1
Gigi	crisp	llr	739.0	1	0
Gigi	crisp	llr	741.0	0	1
Gigi	crisp	llr	744.0	1	0
Gigi	crisp	llr	745.5	0	1
Gigi	crisp	llr	747.0	0	1
Gigi	crisp	llr	749.0	0	1
Gigi	crisp	llr	751.5	0	1
Gigi	crisp	llr	754.5	0	2
Gigi	crisp	llr	757.5	0	1
Gigi	crisp	llr	760.5	0	1
Gigi	crisp	llr	763.5	0	1
Gigi	crisp	llr	764.0	0	1
Gigi	crisp	llr	765.5	0	1
Gigi	crisp	llr	766.5	0	1
Gigi	crisp	llr	767.5	0	1
Gigi	crisp	llr	769.5	0	1
Gigi	crisp	llr	772.0	0	1
Gigi	crisp	llr	774.5	0	1
Gigi	crisp	llr	778.0	0	1
Gigi	crisp	llr	786.5	0	1
Gigi	crisp	llr	791.5	1	0
Gigi	crisp	llr	792.5	1	0
Gigi	crisp	llr	794.5	1	0
Gigi	crisp	llr	796.0	0	1
Gigi	crisp	llr	796.5	0	2
Gigi	crisp	llr	798.0	0	1
Gigi	crisp	llr	802.0	0	1
Gigi	crisp	llr	802.5	0	1
Gigi	crisp	llr	803.0	0	1
Gigi	crisp	llr	805.0	1	1
Gigi	crisp	llr	817.5	0	1
Gigi	crisp	llr	819.0	0	1
Gigi	crisp	llr	819.5	0	1
Gigi	crisp	llr	820.0	0	1
Gigi	crisp	llr	821.0	0	1
Gigi	crisp	llr	826.0	0	1
Gigi	crisp	llr	830.0	0	1
Gigi	crisp	llr	831.0	1	0
Gigi	crisp	llr	833.0	0	1
Gigi	crisp	llr	834.0	0	1
Gigi	crisp	llr	844.0	0	1
Gigi	crisp	llr	844.5	0	1
Gigi	crisp	llr	845.5	0	1
Gigi	crisp	llr	846.5	0	1
Gigi	crisp	llr	851.0	0	1
Gigi	crisp	llr	851.5	0	1
Gigi	crisp	llr	852.0	0	1
Gigi	crisp	llr	861.5	0	1
Gigi	crisp	llr	863.5	1	0
Gigi	crisp	llr	865.0	0	1
Gigi	crisp	llr	865.5	1	0
Gigi	crisp	llr	868.0	0	1
Gigi	crisp	llr	870.5	0	1
Gigi	crisp	llr	871.0	0	1
Gigi	crisp	llr	885.5	0	1
Gigi	crisp	llr	887.5	0	1
Gigi	crisp	llr	890.5	0	1
Gigi	crisp	llr	892.0	0	1
Gigi	crisp	llr	896.0	1	0
Gigi	crisp	llr	899.0	0	1
Gigi	crisp	llr	901.0	0	1
Gigi	crisp	llr	906.0	0	1
Gigi	crisp	llr	910.0	0	1
Gigi	crisp	llr	916.0	1	0
Gigi	crisp	llr	921.5	1	0
Gigi	crisp	llr	926.5	1	0
Gigi	crisp	llr	927.5	0	1
Gigi	crisp	llr	949.5	0	1
Gigi	crisp	llr	963.5	0	1
Gigi	crisp	llr	967.0	1	0
Gigi	crisp	llr	974.5	0	1
Gigi	crisp	llr	1027.0	0	1
Gigi	crisp	llr	1032.5	0	1
Gigi	crisp	llr	1037.5	0	1
Gigi	crisp	llr	1059.0	0	1
Gigi	crisp	llr	1060.0	0	1
Gigi	crisp	llr	1065.0	0	1
Gigi	crisp	llr	1084.5	0	1
Gigi	crisp	llr	1085.5	0	1
Gigi	crisp	llr	1091.5	0	1
Gigi	crisp	llr	1104.0	0	1
Gigi	crisp	llr	1117.0	0	1
Gigi	crisp	llr	1121.0	1	0
Gigi	crisp	llr	1147.0	1	0
Gigi	crisp	llr	1170.5	0	1
Gigi	crisp	llr	1187.5	0	1
Gigi	crisp	llr	1225.0	1	0
Gigi	crisp	llr	1241.5	1	0
Gigi	crisp	llr	1260.0	1	0
Gigi	crisp	llr	1262.0	0	1
Gigi	crisp	llr	1402.0	0	1
Gigi	crisp	llr	1492.5	0	1
Gigi	crisp	llr	1521.0	0	1
Gigi	crisp	llr	1535.0	0	1
Gigi	crisp	llr	1579.5	0	1
Gigi	crisp	llr	1668.0	0	1
Gigi	crisp	llr	1694.0	0	1
Gigi	crisp	llr	1788.0	0	1
Gigi	crisp	llr	1801.5	0	1
Gigi	crisp	llr	1991.5	0	1
Gigi	crisp	llr	2042.0	0	1
Gigi	crisp	llr	2142.5	0	1
Gigi	crisp	llr	2149.0	0	1
Gigi	crisp	llr	2209.5	0	1
Gigi	crisp	llr	2229.0	0	1
Gigi	crisp	llr	2238.5	0	1
Gigi	crisp	llr	2250.5	0	1
Gigi	crisp	llr	2297.5	0	1
Gigi	crisp	llr	2331.0	0	1
Gigi	crisp	llr	2356.0	0	1
Gigi	crisp	llr	2359.5	0	1
Gigi	crisp	llr	2376.5	0	1
Gigi	crisp	llr	2450.5	0	1
Gigi	crisp	llr	2452.5	0	1
Gigi	crisp	llr	2472.0	0	1
Gigi	crisp	llr	2542.0	0	1
Gigi	crisp	llr	2556.0	0	1
Gigi	crisp	llr	2616.0	0	1
Gigi	crisp	llr	2734.5	0	1
Gigi	tierA	witness27x	0	72332	34202
Gigi	tierA	witness27x	1	13418	5758
Gigi	tierA	witness27x	2	19523	8251
Gigi	tierA	witness27x	3	22915	10481
Gigi	tierA	witness27x	4	22677	10594
Gigi	tierA	witness27x	5	20732	9624
Gigi	tierA	witness27x	6	17013	8068
Gigi	tierA	witness27x	7	12351	6003
Gigi	tierA	witness27x	8	8564	4244
Gigi	tierA	witness27x	9	5302	2403
Gigi	tierA	witness27x	10	2973	1586
Gigi	tierA	witness27x	11	1650	866
Gigi	tierA	witness27x	12	797	455
Gigi	tierA	witness27x	13	446	284
Gigi	tierA	witness27x	14	278	171
Gigi	tierA	witness27x	15	159	135
Gigi	tierA	witness27x	16	103	102
Gigi	tierA	witness27x	17	64	60
Gigi	tierA	witness27x	18	42	50
Gigi	tierA	witness27x	19	30	39
Gigi	tierA	witness27x	20	26	29
Gigi	tierA	witness27x	21	16	22
Gigi	tierA	witness27x	22	10	14
Gigi	tierA	witness27x	23	7	18
Gigi	tierA	witness27x	24	5	3
Gigi	tierA	witness27x	25	3	10
Gigi	tierA	witness27x	26	3	2
Gigi	tierA	witness27x	27	1	4
Gigi	tierA	witness27x	28	0	5
Gigi	tierA	witness27x	29	1	6
Gigi	tierA	witness27x	30	0	1
Gigi	tierA	witness27x	31	0	4
Gigi	tierA	witness27x	32	0	1
Gigi	tierA	witness27x	33	0	1
Gigi	tierA	own_lam0.05	0	210341	98768
Gigi	tierA	own_lam0.05	1	10704	4512
Gigi	tierA	own_lam0.05	2	370	212
Gigi	tierA	own_lam0.05	3	25	3
Gigi	tierA	own_lam0.05	4	1	1
Gigi	tierA	population_lam0.05	0	207495	97576
Gigi	tierA	population_lam0.05	1	13153	5577
Gigi	tierA	population_lam0.05	2	740	328
Gigi	tierA	population_lam0.05	3	50	14
Gigi	tierA	population_lam0.05	4	3	1
Gigi	tierA	own_lam0.4	0	157705	74898
Gigi	tierA	own_lam0.4	1	45386	20469
Gigi	tierA	own_lam0.4	2	14141	6248
Gigi	tierA	own_lam0.4	3	3431	1461
Gigi	tierA	own_lam0.4	4	637	326
Gigi	tierA	own_lam0.4	5	122	71
Gigi	tierA	own_lam0.4	6	12	20
Gigi	tierA	own_lam0.4	7	3	3
Gigi	tierA	own_lam0.4	8	3	0
Gigi	tierA	own_lam0.4	9	1	0
Gigi	tierA	population_lam0.4	0	147289	70854
Gigi	tierA	population_lam0.4	1	46891	21066
Gigi	tierA	population_lam0.4	2	18521	8055
Gigi	tierA	population_lam0.4	3	6205	2487
Gigi	tierA	population_lam0.4	4	1844	772
Gigi	tierA	population_lam0.4	5	497	187
Gigi	tierA	population_lam0.4	6	149	55
Gigi	tierA	population_lam0.4	7	32	10
Gigi	tierA	population_lam0.4	8	9	7
Gigi	tierA	population_lam0.4	9	2	2
Gigi	tierA	population_lam0.4	10	1	1
Gigi	tierA	population_lam0.4	11	1	0
Gigi	tierA	own_lam0.8	0	124303	59187
Gigi	tierA	own_lam0.8	1	49991	22578
Gigi	tierA	own_lam0.8	2	27938	12884
Gigi	tierA	own_lam0.8	3	12383	5608
Gigi	tierA	own_lam0.8	4	4728	2149
Gigi	tierA	own_lam0.8	5	1454	716
Gigi	tierA	own_lam0.8	6	493	237
Gigi	tierA	own_lam0.8	7	100	88
Gigi	tierA	own_lam0.8	8	42	32
Gigi	tierA	own_lam0.8	9	8	9
Gigi	tierA	own_lam0.8	10	1	4
Gigi	tierA	own_lam0.8	11	0	1
Gigi	tierA	own_lam0.8	12	0	3
Gigi	tierA	population_lam0.8	0	114626	55505
Gigi	tierA	population_lam0.8	1	45691	21177
Gigi	tierA	population_lam0.8	2	29833	13423
Gigi	tierA	population_lam0.8	3	16274	7004
Gigi	tierA	population_lam0.8	4	8378	3511
Gigi	tierA	population_lam0.8	5	3793	1622
Gigi	tierA	population_lam0.8	6	1708	720
Gigi	tierA	population_lam0.8	7	701	294
Gigi	tierA	population_lam0.8	8	281	134
Gigi	tierA	population_lam0.8	9	92	56
Gigi	tierA	population_lam0.8	10	42	34
Gigi	tierA	population_lam0.8	11	14	8
Gigi	tierA	population_lam0.8	12	4	2
Gigi	tierA	population_lam0.8	13	1	3
Gigi	tierA	population_lam0.8	14	1	1
Gigi	tierA	population_lam0.8	15	2	2
Gigi	tierA	llr	6.5	18	10
Gigi	tierA	llr	7.0	99	103
Gigi	tierA	llr	7.5	122	120
Gigi	tierA	llr	8.0	141	115
Gigi	tierA	llr	8.5	160	120
Gigi	tierA	llr	9.0	188	122
Gigi	tierA	llr	9.5	199	136
Gigi	tierA	llr	10.0	209	153
Gigi	tierA	llr	10.5	198	135
Gigi	tierA	llr	11.0	216	158
Gigi	tierA	llr	11.5	228	175
Gigi	tierA	llr	12.0	258	190
Gigi	tierA	llr	12.5	271	173
Gigi	tierA	llr	13.0	277	215
Gigi	tierA	llr	13.5	343	253
Gigi	tierA	llr	14.0	382	207
Gigi	tierA	llr	14.5	377	249
Gigi	tierA	llr	15.0	387	265
Gigi	tierA	llr	15.5	414	297
Gigi	tierA	llr	16.0	440	291
Gigi	tierA	llr	16.5	474	283
Gigi	tierA	llr	17.0	492	278
Gigi	tierA	llr	17.5	515	320
Gigi	tierA	llr	18.0	568	331
Gigi	tierA	llr	18.5	521	351
Gigi	tierA	llr	19.0	538	343
Gigi	tierA	llr	19.5	595	353
Gigi	tierA	llr	20.0	590	384
Gigi	tierA	llr	20.5	643	355
Gigi	tierA	llr	21.0	707	407
Gigi	tierA	llr	21.5	729	402
Gigi	tierA	llr	22.0	775	411
Gigi	tierA	llr	22.5	745	429
Gigi	tierA	llr	23.0	767	461
Gigi	tierA	llr	23.5	827	448
Gigi	tierA	llr	24.0	841	456
Gigi	tierA	llr	24.5	865	507
Gigi	tierA	llr	25.0	884	479
Gigi	tierA	llr	25.5	956	491
Gigi	tierA	llr	26.0	947	509
Gigi	tierA	llr	26.5	1025	505
Gigi	tierA	llr	27.0	1053	535
Gigi	tierA	llr	27.5	1090	580
Gigi	tierA	llr	28.0	1125	517
Gigi	tierA	llr	28.5	1112	597
Gigi	tierA	llr	29.0	1080	587
Gigi	tierA	llr	29.5	1176	538
Gigi	tierA	llr	30.0	1194	642
Gigi	tierA	llr	30.5	1248	637
Gigi	tierA	llr	31.0	1292	635
Gigi	tierA	llr	31.5	1285	625
Gigi	tierA	llr	32.0	1324	629
Gigi	tierA	llr	32.5	1336	661
Gigi	tierA	llr	33.0	1364	685
Gigi	tierA	llr	33.5	1376	707
Gigi	tierA	llr	34.0	1383	698
Gigi	tierA	llr	34.5	1430	727
Gigi	tierA	llr	35.0	1484	756
Gigi	tierA	llr	35.5	1484	687
Gigi	tierA	llr	36.0	1450	692
Gigi	tierA	llr	36.5	1522	796
Gigi	tierA	llr	37.0	1625	721
Gigi	tierA	llr	37.5	1602	696
Gigi	tierA	llr	38.0	1643	754
Gigi	tierA	llr	38.5	1639	742
Gigi	tierA	llr	39.0	1548	738
Gigi	tierA	llr	39.5	1599	776
Gigi	tierA	llr	40.0	1632	777
Gigi	tierA	llr	40.5	1599	805
Gigi	tierA	llr	41.0	1661	756
Gigi	tierA	llr	41.5	1730	840
Gigi	tierA	llr	42.0	1700	801
Gigi	tierA	llr	42.5	1654	780
Gigi	tierA	llr	43.0	1715	770
Gigi	tierA	llr	43.5	1733	782
Gigi	tierA	llr	44.0	1798	794
Gigi	tierA	llr	44.5	1726	810
Gigi	tierA	llr	45.0	1799	791
Gigi	tierA	llr	45.5	1737	822
Gigi	tierA	llr	46.0	1744	806
Gigi	tierA	llr	46.5	1748	815
Gigi	tierA	llr	47.0	1823	822
Gigi	tierA	llr	47.5	1808	815
Gigi	tierA	llr	48.0	1686	827
Gigi	tierA	llr	48.5	1789	810
Gigi	tierA	llr	49.0	1753	753
Gigi	tierA	llr	49.5	1777	809
Gigi	tierA	llr	50.0	1770	769
Gigi	tierA	llr	50.5	1849	821
Gigi	tierA	llr	51.0	1739	776
Gigi	tierA	llr	51.5	1838	773
Gigi	tierA	llr	52.0	1810	772
Gigi	tierA	llr	52.5	1796	777
Gigi	tierA	llr	53.0	1737	723
Gigi	tierA	llr	53.5	1721	709
Gigi	tierA	llr	54.0	1687	714
Gigi	tierA	llr	54.5	1762	771
Gigi	tierA	llr	55.0	1748	767
Gigi	tierA	llr	55.5	1821	754
Gigi	tierA	llr	56.0	1759	735
Gigi	tierA	llr	56.5	1639	710
Gigi	tierA	llr	57.0	1709	688
Gigi	tierA	llr	57.5	1698	738
Gigi	tierA	llr	58.0	1655	707
Gigi	tierA	llr	58.5	1628	679
Gigi	tierA	llr	59.0	1659	701
Gigi	tierA	llr	59.5	1632	679
Gigi	tierA	llr	60.0	1650	705
Gigi	tierA	llr	60.5	1578	707
Gigi	tierA	llr	61.0	1652	690
Gigi	tierA	llr	61.5	1601	702
Gigi	tierA	llr	62.0	1547	694
Gigi	tierA	llr	62.5	1602	659
Gigi	tierA	llr	63.0	1621	604
Gigi	tierA	llr	63.5	1542	647
Gigi	tierA	llr	64.0	1488	632
Gigi	tierA	llr	64.5	1482	626
Gigi	tierA	llr	65.0	1517	652
Gigi	tierA	llr	65.5	1509	612
Gigi	tierA	llr	66.0	1449	621
Gigi	tierA	llr	66.5	1384	564
Gigi	tierA	llr	67.0	1371	587
Gigi	tierA	llr	67.5	1403	591
Gigi	tierA	llr	68.0	1502	554
Gigi	tierA	llr	68.5	1414	601
Gigi	tierA	llr	69.0	1361	576
Gigi	tierA	llr	69.5	1359	585
Gigi	tierA	llr	70.0	1351	527
Gigi	tierA	llr	70.5	1280	547
Gigi	tierA	llr	71.0	1298	555
Gigi	tierA	llr	71.5	1288	546
Gigi	tierA	llr	72.0	1298	571
Gigi	tierA	llr	72.5	1215	556
Gigi	tierA	llr	73.0	1222	512
Gigi	tierA	llr	73.5	1295	521
Gigi	tierA	llr	74.0	1233	516
Gigi	tierA	llr	74.5	1219	470
Gigi	tierA	llr	75.0	1266	491
Gigi	tierA	llr	75.5	1181	487
Gigi	tierA	llr	76.0	1164	507
Gigi	tierA	llr	76.5	1155	481
Gigi	tierA	llr	77.0	1067	464
Gigi	tierA	llr	77.5	1114	441
Gigi	tierA	llr	78.0	1042	460
Gigi	tierA	llr	78.5	1021	490
Gigi	tierA	llr	79.0	1030	423
Gigi	tierA	llr	79.5	1021	430
Gigi	tierA	llr	80.0	985	428
Gigi	tierA	llr	80.5	969	424
Gigi	tierA	llr	81.0	972	448
Gigi	tierA	llr	81.5	956	412
Gigi	tierA	llr	82.0	947	397
Gigi	tierA	llr	82.5	896	381
Gigi	tierA	llr	83.0	911	418
Gigi	tierA	llr	83.5	923	359
Gigi	tierA	llr	84.0	873	354
Gigi	tierA	llr	84.5	851	371
Gigi	tierA	llr	85.0	843	338
Gigi	tierA	llr	85.5	836	349
Gigi	tierA	llr	86.0	826	352
Gigi	tierA	llr	86.5	792	345
Gigi	tierA	llr	87.0	788	325
Gigi	tierA	llr	87.5	750	350
Gigi	tierA	llr	88.0	750	333
Gigi	tierA	llr	88.5	765	351
Gigi	tierA	llr	89.0	750	309
Gigi	tierA	llr	89.5	727	301
Gigi	tierA	llr	90.0	669	310
Gigi	tierA	llr	90.5	675	284
Gigi	tierA	llr	91.0	622	308
Gigi	tierA	llr	91.5	649	309
Gigi	tierA	llr	92.0	671	283
Gigi	tierA	llr	92.5	642	261
Gigi	tierA	llr	93.0	607	251
Gigi	tierA	llr	93.5	579	317
Gigi	tierA	llr	94.0	609	304
Gigi	tierA	llr	94.5	565	255
Gigi	tierA	llr	95.0	558	226
Gigi	tierA	llr	95.5	493	233
Gigi	tierA	llr	96.0	525	246
Gigi	tierA	llr	96.5	482	235
Gigi	tierA	llr	97.0	466	241
Gigi	tierA	llr	97.5	510	199
Gigi	tierA	llr	98.0	440	211
Gigi	tierA	llr	98.5	501	246
Gigi	tierA	llr	99.0	441	227
Gigi	tierA	llr	99.5	438	206
Gigi	tierA	llr	100.0	436	186
Gigi	tierA	llr	100.5	422	168
Gigi	tierA	llr	101.0	418	154
Gigi	tierA	llr	101.5	387	173
Gigi	tierA	llr	102.0	411	166
Gigi	tierA	llr	102.5	376	173
Gigi	tierA	llr	103.0	363	141
Gigi	tierA	llr	103.5	333	163
Gigi	tierA	llr	104.0	331	180
Gigi	tierA	llr	104.5	362	158
Gigi	tierA	llr	105.0	319	137
Gigi	tierA	llr	105.5	305	138
Gigi	tierA	llr	106.0	309	122
Gigi	tierA	llr	106.5	271	150
Gigi	tierA	llr	107.0	291	131
Gigi	tierA	llr	107.5	254	132
Gigi	tierA	llr	108.0	256	130
Gigi	tierA	llr	108.5	261	130
Gigi	tierA	llr	109.0	233	157
Gigi	tierA	llr	109.5	237	132
Gigi	tierA	llr	110.0	257	135
Gigi	tierA	llr	110.5	217	110
Gigi	tierA	llr	111.0	219	120
Gigi	tierA	llr	111.5	224	121
Gigi	tierA	llr	112.0	214	126
Gigi	tierA	llr	112.5	181	103
Gigi	tierA	llr	113.0	208	101
Gigi	tierA	llr	113.5	170	88
Gigi	tierA	llr	114.0	186	126
Gigi	tierA	llr	114.5	184	89
Gigi	tierA	llr	115.0	186	76
Gigi	tierA	llr	115.5	162	85
Gigi	tierA	llr	116.0	152	68
Gigi	tierA	llr	116.5	153	70
Gigi	tierA	llr	117.0	149	72
Gigi	tierA	llr	117.5	106	81
Gigi	tierA	llr	118.0	126	68
Gigi	tierA	llr	118.5	125	62
Gigi	tierA	llr	119.0	137	58
Gigi	tierA	llr	119.5	105	65
Gigi	tierA	llr	120.0	125	70
Gigi	tierA	llr	120.5	109	86
Gigi	tierA	llr	121.0	122	67
Gigi	tierA	llr	121.5	103	47
Gigi	tierA	llr	122.0	103	51
Gigi	tierA	llr	122.5	98	57
Gigi	tierA	llr	123.0	71	50
Gigi	tierA	llr	123.5	105	50
Gigi	tierA	llr	124.0	92	47
Gigi	tierA	llr	124.5	83	47
Gigi	tierA	llr	125.0	73	39
Gigi	tierA	llr	125.5	75	38
Gigi	tierA	llr	126.0	67	24
Gigi	tierA	llr	126.5	80	45
Gigi	tierA	llr	127.0	74	42
Gigi	tierA	llr	127.5	64	41
Gigi	tierA	llr	128.0	72	38
Gigi	tierA	llr	128.5	57	39
Gigi	tierA	llr	129.0	57	42
Gigi	tierA	llr	129.5	62	30
Gigi	tierA	llr	130.0	43	37
Gigi	tierA	llr	130.5	66	35
Gigi	tierA	llr	131.0	60	37
Gigi	tierA	llr	131.5	47	23
Gigi	tierA	llr	132.0	42	23
Gigi	tierA	llr	132.5	54	51
Gigi	tierA	llr	133.0	42	37
Gigi	tierA	llr	133.5	52	24
Gigi	tierA	llr	134.0	36	23
Gigi	tierA	llr	134.5	39	27
Gigi	tierA	llr	135.0	48	37
Gigi	tierA	llr	135.5	38	20
Gigi	tierA	llr	136.0	39	16
Gigi	tierA	llr	136.5	33	30
Gigi	tierA	llr	137.0	32	23
Gigi	tierA	llr	137.5	33	19
Gigi	tierA	llr	138.0	28	20
Gigi	tierA	llr	138.5	40	11
Gigi	tierA	llr	139.0	33	20
Gigi	tierA	llr	139.5	32	23
Gigi	tierA	llr	140.0	37	19
Gigi	tierA	llr	140.5	27	19
Gigi	tierA	llr	141.0	38	25
Gigi	tierA	llr	141.5	40	20
Gigi	tierA	llr	142.0	26	14
Gigi	tierA	llr	142.5	28	20
Gigi	tierA	llr	143.0	17	25
Gigi	tierA	llr	143.5	13	19
Gigi	tierA	llr	144.0	29	14
Gigi	tierA	llr	144.5	30	18
Gigi	tierA	llr	145.0	23	10
Gigi	tierA	llr	145.5	18	14
Gigi	tierA	llr	146.0	22	14
Gigi	tierA	llr	146.5	27	12
Gigi	tierA	llr	147.0	24	23
Gigi	tierA	llr	147.5	24	20
Gigi	tierA	llr	148.0	17	16
Gigi	tierA	llr	148.5	22	13
Gigi	tierA	llr	149.0	18	12
Gigi	tierA	llr	149.5	29	13
Gigi	tierA	llr	150.0	18	15
Gigi	tierA	llr	150.5	26	15
Gigi	tierA	llr	151.0	18	14
Gigi	tierA	llr	151.5	15	13
Gigi	tierA	llr	152.0	14	14
Gigi	tierA	llr	152.5	13	14
Gigi	tierA	llr	153.0	21	11
Gigi	tierA	llr	153.5	18	12
Gigi	tierA	llr	154.0	16	16
Gigi	tierA	llr	154.5	25	13
Gigi	tierA	llr	155.0	15	11
Gigi	tierA	llr	155.5	9	14
Gigi	tierA	llr	156.0	18	13
Gigi	tierA	llr	156.5	16	6
Gigi	tierA	llr	157.0	14	13
Gigi	tierA	llr	157.5	15	11
Gigi	tierA	llr	158.0	15	9
Gigi	tierA	llr	158.5	19	8
Gigi	tierA	llr	159.0	14	15
Gigi	tierA	llr	159.5	23	6
Gigi	tierA	llr	160.0	18	14
Gigi	tierA	llr	160.5	10	16
Gigi	tierA	llr	161.0	18	11
Gigi	tierA	llr	161.5	8	13
Gigi	tierA	llr	162.0	9	18
Gigi	tierA	llr	162.5	11	12
Gigi	tierA	llr	163.0	14	10
Gigi	tierA	llr	163.5	13	6
Gigi	tierA	llr	164.0	6	11
Gigi	tierA	llr	164.5	20	17
Gigi	tierA	llr	165.0	15	13
Gigi	tierA	llr	165.5	8	4
Gigi	tierA	llr	166.0	7	11
Gigi	tierA	llr	166.5	14	11
Gigi	tierA	llr	167.0	13	10
Gigi	tierA	llr	167.5	11	6
Gigi	tierA	llr	168.0	11	8
Gigi	tierA	llr	168.5	12	17
Gigi	tierA	llr	169.0	16	11
Gigi	tierA	llr	169.5	4	5
Gigi	tierA	llr	170.0	13	11
Gigi	tierA	llr	170.5	7	9
Gigi	tierA	llr	171.0	13	11
Gigi	tierA	llr	171.5	12	12
Gigi	tierA	llr	172.0	7	14
Gigi	tierA	llr	172.5	14	10
Gigi	tierA	llr	173.0	12	9
Gigi	tierA	llr	173.5	9	7
Gigi	tierA	llr	174.0	11	10
Gigi	tierA	llr	174.5	5	8
Gigi	tierA	llr	175.0	9	11
Gigi	tierA	llr	175.5	4	12
Gigi	tierA	llr	176.0	8	12
Gigi	tierA	llr	176.5	14	13
Gigi	tierA	llr	177.0	9	16
Gigi	tierA	llr	177.5	9	15
Gigi	tierA	llr	178.0	16	7
Gigi	tierA	llr	178.5	9	9
Gigi	tierA	llr	179.0	8	8
Gigi	tierA	llr	179.5	10	4
Gigi	tierA	llr	180.0	5	3
Gigi	tierA	llr	180.5	6	8
Gigi	tierA	llr	181.0	13	7
Gigi	tierA	llr	181.5	7	12
Gigi	tierA	llr	182.0	9	8
Gigi	tierA	llr	182.5	9	7
Gigi	tierA	llr	183.0	9	5
Gigi	tierA	llr	183.5	8	13
Gigi	tierA	llr	184.0	4	6
Gigi	tierA	llr	184.5	5	8
Gigi	tierA	llr	185.0	9	9
Gigi	tierA	llr	185.5	5	13
Gigi	tierA	llr	186.0	6	5
Gigi	tierA	llr	186.5	9	5
Gigi	tierA	llr	187.0	7	6
Gigi	tierA	llr	187.5	6	8
Gigi	tierA	llr	188.0	7	10
Gigi	tierA	llr	188.5	8	11
Gigi	tierA	llr	189.0	4	9
Gigi	tierA	llr	189.5	9	8
Gigi	tierA	llr	190.0	9	7
Gigi	tierA	llr	190.5	6	8
Gigi	tierA	llr	191.0	5	6
Gigi	tierA	llr	191.5	7	12
Gigi	tierA	llr	192.0	13	12
Gigi	tierA	llr	192.5	7	8
Gigi	tierA	llr	193.0	8	6
Gigi	tierA	llr	193.5	7	4
Gigi	tierA	llr	194.0	3	7
Gigi	tierA	llr	194.5	9	4
Gigi	tierA	llr	195.0	6	7
Gigi	tierA	llr	195.5	7	4
Gigi	tierA	llr	196.0	3	3
Gigi	tierA	llr	196.5	11	7
Gigi	tierA	llr	197.0	8	6
Gigi	tierA	llr	197.5	9	11
Gigi	tierA	llr	198.0	5	3
Gigi	tierA	llr	198.5	4	16
Gigi	tierA	llr	199.0	4	6
Gigi	tierA	llr	199.5	6	4
Gigi	tierA	llr	200.0	6	4
Gigi	tierA	llr	200.5	13	6
Gigi	tierA	llr	201.0	3	3
Gigi	tierA	llr	201.5	5	6
Gigi	tierA	llr	202.0	8	8
Gigi	tierA	llr	202.5	12	4
Gigi	tierA	llr	203.0	10	5
Gigi	tierA	llr	203.5	9	3
Gigi	tierA	llr	204.0	6	4
Gigi	tierA	llr	204.5	6	9
Gigi	tierA	llr	205.0	7	6
Gigi	tierA	llr	205.5	4	3
Gigi	tierA	llr	206.0	3	7
Gigi	tierA	llr	206.5	6	7
Gigi	tierA	llr	207.0	4	1
Gigi	tierA	llr	207.5	8	8
Gigi	tierA	llr	208.0	3	12
Gigi	tierA	llr	208.5	5	3
Gigi	tierA	llr	209.0	6	7
Gigi	tierA	llr	209.5	1	12
Gigi	tierA	llr	210.0	4	6
Gigi	tierA	llr	210.5	7	4
Gigi	tierA	llr	211.0	4	7
Gigi	tierA	llr	211.5	2	4
Gigi	tierA	llr	212.0	1	2
Gigi	tierA	llr	212.5	5	9
Gigi	tierA	llr	213.0	6	5
Gigi	tierA	llr	213.5	7	5
Gigi	tierA	llr	214.0	2	2
Gigi	tierA	llr	214.5	3	6
Gigi	tierA	llr	215.0	4	3
Gigi	tierA	llr	215.5	6	3
Gigi	tierA	llr	216.0	4	5
Gigi	tierA	llr	216.5	2	4
Gigi	tierA	llr	217.0	6	3
Gigi	tierA	llr	217.5	3	6
Gigi	tierA	llr	218.0	7	3
Gigi	tierA	llr	218.5	3	6
Gigi	tierA	llr	219.0	2	8
Gigi	tierA	llr	219.5	7	5
Gigi	tierA	llr	220.0	3	3
Gigi	tierA	llr	220.5	1	3
Gigi	tierA	llr	221.0	4	4
Gigi	tierA	llr	221.5	6	5
Gigi	tierA	llr	222.0	2	1
Gigi	tierA	llr	222.5	4	4
Gigi	tierA	llr	223.0	5	6
Gigi	tierA	llr	223.5	0	1
Gigi	tierA	llr	224.0	3	2
Gigi	tierA	llr	224.5	4	5
Gigi	tierA	llr	225.0	3	4
Gigi	tierA	llr	225.5	3	2
Gigi	tierA	llr	226.0	4	4
Gigi	tierA	llr	226.5	5	2
Gigi	tierA	llr	227.0	5	3
Gigi	tierA	llr	227.5	4	4
Gigi	tierA	llr	228.0	3	1
Gigi	tierA	llr	228.5	3	1
Gigi	tierA	llr	229.0	5	2
Gigi	tierA	llr	229.5	2	4
Gigi	tierA	llr	230.0	3	3
Gigi	tierA	llr	230.5	5	2
Gigi	tierA	llr	231.0	4	2
Gigi	tierA	llr	231.5	0	3
Gigi	tierA	llr	232.0	2	7
Gigi	tierA	llr	232.5	4	0
Gigi	tierA	llr	233.0	7	3
Gigi	tierA	llr	233.5	3	2
Gigi	tierA	llr	234.0	3	4
Gigi	tierA	llr	234.5	2	1
Gigi	tierA	llr	235.0	3	6
Gigi	tierA	llr	235.5	3	3
Gigi	tierA	llr	236.0	1	3
Gigi	tierA	llr	236.5	4	1
Gigi	tierA	llr	237.0	5	1
Gigi	tierA	llr	237.5	1	3
Gigi	tierA	llr	238.0	5	3
Gigi	tierA	llr	238.5	3	1
Gigi	tierA	llr	239.0	5	4
Gigi	tierA	llr	239.5	7	3
Gigi	tierA	llr	240.0	1	1
Gigi	tierA	llr	240.5	5	4
Gigi	tierA	llr	241.0	2	2
Gigi	tierA	llr	241.5	1	4
Gigi	tierA	llr	242.0	4	3
Gigi	tierA	llr	242.5	0	1
Gigi	tierA	llr	243.0	4	0
Gigi	tierA	llr	243.5	3	3
Gigi	tierA	llr	244.0	2	4
Gigi	tierA	llr	244.5	2	1
Gigi	tierA	llr	245.0	4	1
Gigi	tierA	llr	245.5	3	2
Gigi	tierA	llr	246.0	6	1
Gigi	tierA	llr	246.5	3	1
Gigi	tierA	llr	247.0	4	1
Gigi	tierA	llr	247.5	7	2
Gigi	tierA	llr	248.0	3	4
Gigi	tierA	llr	248.5	1	3
Gigi	tierA	llr	249.0	2	5
Gigi	tierA	llr	249.5	3	2
Gigi	tierA	llr	250.0	2	2
Gigi	tierA	llr	250.5	5	3
Gigi	tierA	llr	251.0	3	2
Gigi	tierA	llr	251.5	4	2
Gigi	tierA	llr	252.0	2	0
Gigi	tierA	llr	252.5	2	2
Gigi	tierA	llr	253.0	4	3
Gigi	tierA	llr	253.5	4	4
Gigi	tierA	llr	254.0	3	5
Gigi	tierA	llr	254.5	3	1
Gigi	tierA	llr	255.0	4	5
Gigi	tierA	llr	255.5	1	3
Gigi	tierA	llr	256.0	1	3
Gigi	tierA	llr	256.5	2	2
Gigi	tierA	llr	257.0	0	2
Gigi	tierA	llr	257.5	2	1
Gigi	tierA	llr	258.0	2	1
Gigi	tierA	llr	258.5	1	1
Gigi	tierA	llr	259.0	3	2
Gigi	tierA	llr	259.5	3	1
Gigi	tierA	llr	260.0	1	5
Gigi	tierA	llr	260.5	1	2
Gigi	tierA	llr	261.0	2	1
Gigi	tierA	llr	261.5	3	2
Gigi	tierA	llr	262.0	1	1
Gigi	tierA	llr	262.5	1	1
Gigi	tierA	llr	263.0	2	2
Gigi	tierA	llr	263.5	1	2
Gigi	tierA	llr	264.0	3	1
Gigi	tierA	llr	264.5	2	0
Gigi	tierA	llr	265.0	2	0
Gigi	tierA	llr	265.5	0	2
Gigi	tierA	llr	266.0	2	0
Gigi	tierA	llr	266.5	1	1
Gigi	tierA	llr	267.0	0	4
Gigi	tierA	llr	267.5	0	2
Gigi	tierA	llr	268.0	2	0
Gigi	tierA	llr	268.5	1	3
Gigi	tierA	llr	269.0	0	1
Gigi	tierA	llr	269.5	1	1
Gigi	tierA	llr	270.0	4	4
Gigi	tierA	llr	270.5	3	1
Gigi	tierA	llr	271.0	2	0
Gigi	tierA	llr	271.5	2	4
Gigi	tierA	llr	272.0	1	1
Gigi	tierA	llr	272.5	1	5
Gigi	tierA	llr	273.0	1	2
Gigi	tierA	llr	273.5	0	1
Gigi	tierA	llr	274.0	2	4
Gigi	tierA	llr	274.5	2	3
Gigi	tierA	llr	275.0	0	1
Gigi	tierA	llr	275.5	0	2
Gigi	tierA	llr	276.0	1	0
Gigi	tierA	llr	276.5	1	2
Gigi	tierA	llr	277.0	1	1
Gigi	tierA	llr	277.5	1	4
Gigi	tierA	llr	278.0	1	1
Gigi	tierA	llr	278.5	1	4
Gigi	tierA	llr	279.0	2	3
Gigi	tierA	llr	279.5	4	0
Gigi	tierA	llr	280.0	0	2
Gigi	tierA	llr	280.5	2	1
Gigi	tierA	llr	281.0	1	1
Gigi	tierA	llr	281.5	0	5
Gigi	tierA	llr	282.0	3	0
Gigi	tierA	llr	282.5	1	0
Gigi	tierA	llr	283.0	1	0
Gigi	tierA	llr	283.5	2	1
Gigi	tierA	llr	284.0	4	1
Gigi	tierA	llr	284.5	2	1
Gigi	tierA	llr	285.0	0	2
Gigi	tierA	llr	285.5	2	0
Gigi	tierA	llr	286.0	2	2
Gigi	tierA	llr	286.5	1	0
Gigi	tierA	llr	287.0	1	3
Gigi	tierA	llr	287.5	3	2
Gigi	tierA	llr	288.0	1	1
Gigi	tierA	llr	289.0	3	4
Gigi	tierA	llr	289.5	0	1
Gigi	tierA	llr	290.0	2	1
Gigi	tierA	llr	291.0	2	1
Gigi	tierA	llr	291.5	1	1
Gigi	tierA	llr	292.0	1	1
Gigi	tierA	llr	293.0	1	0
Gigi	tierA	llr	293.5	0	1
Gigi	tierA	llr	294.0	0	1
Gigi	tierA	llr	294.5	2	3
Gigi	tierA	llr	295.0	1	1
Gigi	tierA	llr	295.5	0	2
Gigi	tierA	llr	296.0	0	2
Gigi	tierA	llr	296.5	0	1
Gigi	tierA	llr	297.0	0	1
Gigi	tierA	llr	297.5	0	2
Gigi	tierA	llr	298.0	1	0
Gigi	tierA	llr	298.5	2	1
Gigi	tierA	llr	299.5	0	2
Gigi	tierA	llr	300.0	0	1
Gigi	tierA	llr	300.5	0	3
Gigi	tierA	llr	301.5	0	3
Gigi	tierA	llr	302.0	0	1
Gigi	tierA	llr	303.0	0	1
Gigi	tierA	llr	303.5	0	5
Gigi	tierA	llr	304.0	0	2
Gigi	tierA	llr	304.5	0	1
Gigi	tierA	llr	305.0	0	1
Gigi	tierA	llr	305.5	0	2
Gigi	tierA	llr	306.0	2	2
Gigi	tierA	llr	306.5	0	1
Gigi	tierA	llr	307.0	1	0
Gigi	tierA	llr	307.5	1	0
Gigi	tierA	llr	308.0	0	2
Gigi	tierA	llr	308.5	1	0
Gigi	tierA	llr	309.0	1	2
Gigi	tierA	llr	309.5	1	1
Gigi	tierA	llr	310.0	0	3
Gigi	tierA	llr	311.0	1	1
Gigi	tierA	llr	311.5	0	2
Gigi	tierA	llr	312.0	0	2
Gigi	tierA	llr	312.5	1	2
Gigi	tierA	llr	313.0	0	2
Gigi	tierA	llr	314.0	1	2
Gigi	tierA	llr	314.5	0	1
Gigi	tierA	llr	315.0	0	2
Gigi	tierA	llr	315.5	1	0
Gigi	tierA	llr	316.0	0	2
Gigi	tierA	llr	317.0	0	1
Gigi	tierA	llr	317.5	0	1
Gigi	tierA	llr	318.0	0	1
Gigi	tierA	llr	319.0	2	0
Gigi	tierA	llr	319.5	3	1
Gigi	tierA	llr	320.0	0	2
Gigi	tierA	llr	320.5	0	1
Gigi	tierA	llr	321.0	1	1
Gigi	tierA	llr	321.5	0	1
Gigi	tierA	llr	322.0	1	2
Gigi	tierA	llr	323.0	0	2
Gigi	tierA	llr	323.5	1	0
Gigi	tierA	llr	325.0	1	1
Gigi	tierA	llr	325.5	0	2
Gigi	tierA	llr	326.0	1	1
Gigi	tierA	llr	327.0	1	0
Gigi	tierA	llr	327.5	0	1
Gigi	tierA	llr	328.0	0	1
Gigi	tierA	llr	328.5	0	2
Gigi	tierA	llr	329.0	0	1
Gigi	tierA	llr	330.0	0	2
Gigi	tierA	llr	330.5	0	2
Gigi	tierA	llr	331.0	0	2
Gigi	tierA	llr	331.5	0	3
Gigi	tierA	llr	332.0	1	1
Gigi	tierA	llr	332.5	0	1
Gigi	tierA	llr	334.0	2	1
Gigi	tierA	llr	334.5	1	1
Gigi	tierA	llr	335.0	1	0
Gigi	tierA	llr	335.5	0	1
Gigi	tierA	llr	336.0	2	0
Gigi	tierA	llr	336.5	0	1
Gigi	tierA	llr	337.0	1	0
Gigi	tierA	llr	338.0	2	0
Gigi	tierA	llr	339.0	1	0
Gigi	tierA	llr	339.5	0	1
Gigi	tierA	llr	342.5	1	1
Gigi	tierA	llr	345.0	0	1
Gigi	tierA	llr	346.0	0	1
Gigi	tierA	llr	347.5	0	1
Gigi	tierA	llr	348.5	0	1
Gigi	tierA	llr	350.5	0	1
Gigi	tierA	llr	352.5	0	2
Gigi	tierA	llr	355.0	0	1
Gigi	tierA	llr	357.0	0	1
Gigi	tierA	llr	359.5	0	2
Gigi	tierA	llr	360.5	0	1
Gigi	tierA	llr	363.0	0	1
Gigi	tierA	llr	363.5	0	1
Gigi	tierA	llr	364.0	0	1
Gigi	tierA	llr	365.5	0	1
Gigi	tierA	llr	367.5	0	1
Gigi	tierA	llr	369.5	0	1
Gigi	tierA	llr	374.0	1	0
Gigi	tierA	llr	374.5	0	2
Gigi	tierA	llr	376.0	0	2
Gigi	tierA	llr	383.5	1	0
Gigi	tierA	llr	385.5	1	0
Gigi	tierA	llr	390.0	1	0
Gigi	tierA	llr	392.0	0	1
Gigi	tierA	llr	410.0	1	0
Gigi	tierA	llr	411.5	1	0
