markers	donor	line	start	end	state
bc1_plus_line_pool	Zx.0090_P2	P4239	123610	1256524	0
bc1_plus_line_pool	Zx.0090_P2	P4239	1256677	2706921	1
bc1_plus_line_pool	Zx.0090_P2	P4239	2707014	2707811	2
bc1_plus_line_pool	Zx.0090_P2	P4239	2707849	2912680	1
bc1_plus_line_pool	Zx.0090_P2	P4239	2925034	8425478	0
bc1_plus_line_pool	Zx.0090_P2	P4239	8425494	8671572	1
bc1_plus_line_pool	Zx.0090_P2	P4239	8671641	12951732	0
bc1_plus_line_pool	Zx.0090_P2	P4239	13093475	15471545	1
bc1_plus_line_pool	Zx.0090_P2	P4239	15949167	18452109	0
bc1_plus_line_pool	Zx.0090_P2	P4239	18566669	19127506	1
bc1_plus_line_pool	Zx.0090_P2	P4239	19556532	32002994	0
bc1_plus_line_pool	Zx.0090_P2	P4239	32126319	32128417	1
bc1_plus_line_pool	Zx.0090_P2	P4239	32128518	34706582	0
bc1_plus_line_pool	Zx.0090_P2	P4239	34707160	40366610	1
bc1_plus_line_pool	Zx.0090_P2	P4239	40404152	58535953	0
bc1_plus_line_pool	Zx.0090_P2	P4239	58623930	60852437	1
bc1_plus_line_pool	Zx.0090_P2	P4239	60855108	61818205	0
bc1_plus_line_pool	Zx.0090_P2	P4239	62494505	62847810	1
bc1_plus_line_pool	Zx.0090_P2	P4239	63301823	70613294	0
bc1_plus_line_pool	Zx.0090_P2	P4239	70614423	74485303	1
bc1_plus_line_pool	Zx.0090_P2	P4239	74485306	78505938	0
bc1_plus_line_pool	Zx.0090_P2	P4239	78544282	81070648	1
bc1_plus_line_pool	Zx.0090_P2	P4239	81380109	93500822	0
bc1_plus_line_pool	Zx.0090_P2	P4239	93527221	93528312	2
bc1_plus_line_pool	Zx.0090_P2	P4239	93528327	95908054	0
bc1_plus_line_pool	Zx.0090_P2	P4239	96514506	99212621	1
bc1_plus_line_pool	Zx.0090_P2	P4239	99216962	103948804	0
bc1_plus_line_pool	Zx.0090_P2	P4239	103981704	104093926	1
bc1_plus_line_pool	Zx.0090_P2	P4239	104168120	108345588	0
bc1_plus_line_pool	Zx.0090_P2	P4239	108345656	112291107	1
bc1_plus_line_pool	Zx.0090_P2	P4239	112291209	121785067	0
bc1_plus_line_pool	Zx.0090_P2	P4239	121814460	122503285	1
bc1_plus_line_pool	Zx.0090_P2	P4239	122503578	127630325	0
bc1_plus_line_pool	Zx.0090_P2	P4239	127683625	128379616	1
bc1_plus_line_pool	Zx.0090_P2	P4239	128391040	132824974	0
bc1_plus_line_pool	Zx.0090_P2	P4239	132838914	135439665	1
bc1_plus_line_pool	Zx.0090_P2	P4239	135461097	143799400	0
bc1_plus_line_pool	Zx.0090_P2	P4239	143815046	144001213	1
bc1_plus_line_pool	Zx.0090_P2	P4239	144076877	144694967	0
bc1_plus_line_pool	Zx.0090_P2	P4239	144697019	144828412	1
bc1_plus_line_pool	Zx.0090_P2	P4239	144828417	149570733	0
bc1_plus_line_pool	Zx.0090_P2	P4239	149578641	149700396	1
bc1_plus_line_pool	Zx.0090_P2	P4239	149700486	152348479	0
bc1_plus_line_pool	Zx.0090_P2	P4240	564452	3248034	0
bc1_plus_line_pool	Zx.0090_P2	P4240	3249436	3335514	1
bc1_plus_line_pool	Zx.0090_P2	P4240	3545203	10054143	0
bc1_plus_line_pool	Zx.0090_P2	P4240	10094695	10097593	1
bc1_plus_line_pool	Zx.0090_P2	P4240	10395755	12951732	0
bc1_plus_line_pool	Zx.0090_P2	P4240	13093475	17491378	1
bc1_plus_line_pool	Zx.0090_P2	P4240	17510146	29676950	0
bc1_plus_line_pool	Zx.0090_P2	P4240	30073604	31516583	1
bc1_plus_line_pool	Zx.0090_P2	P4240	31663060	40340400	0
bc1_plus_line_pool	Zx.0090_P2	P4240	40363010	53694859	1
bc1_plus_line_pool	Zx.0090_P2	P4240	53694883	58226449	0
bc1_plus_line_pool	Zx.0090_P2	P4240	58226904	61769975	1
bc1_plus_line_pool	Zx.0090_P2	P4240	61770231	63803439	0
bc1_plus_line_pool	Zx.0090_P2	P4240	64029788	72895586	1
bc1_plus_line_pool	Zx.0090_P2	P4240	72905372	74454738	0
bc1_plus_line_pool	Zx.0090_P2	P4240	74485104	75426883	1
bc1_plus_line_pool	Zx.0090_P2	P4240	75978104	76336321	0
bc1_plus_line_pool	Zx.0090_P2	P4240	76632495	76952645	1
bc1_plus_line_pool	Zx.0090_P2	P4240	77053131	82189573	0
bc1_plus_line_pool	Zx.0090_P2	P4240	82189589	82623774	1
bc1_plus_line_pool	Zx.0090_P2	P4240	82623794	86314972	0
bc1_plus_line_pool	Zx.0090_P2	P4240	86516826	89897678	1
bc1_plus_line_pool	Zx.0090_P2	P4240	89897748	92535948	0
bc1_plus_line_pool	Zx.0090_P2	P4240	92537343	93527594	2
bc1_plus_line_pool	Zx.0090_P2	P4240	93527626	96667709	1
bc1_plus_line_pool	Zx.0090_P2	P4240	96667710	99216963	0
bc1_plus_line_pool	Zx.0090_P2	P4240	99217388	99217714	1
bc1_plus_line_pool	Zx.0090_P2	P4240	99217758	100243124	0
bc1_plus_line_pool	Zx.0090_P2	P4240	100544961	100545041	1
bc1_plus_line_pool	Zx.0090_P2	P4240	101336040	106499247	0
bc1_plus_line_pool	Zx.0090_P2	P4240	106595557	109829178	1
bc1_plus_line_pool	Zx.0090_P2	P4240	110387784	112291222	0
bc1_plus_line_pool	Zx.0090_P2	P4240	112985240	117253950	1
bc1_plus_line_pool	Zx.0090_P2	P4240	117254190	122503661	0
bc1_plus_line_pool	Zx.0090_P2	P4240	122505868	123847890	1
bc1_plus_line_pool	Zx.0090_P2	P4240	123852511	129873551	0
bc1_plus_line_pool	Zx.0090_P2	P4240	129873581	129874143	1
bc1_plus_line_pool	Zx.0090_P2	P4240	129883094	136656337	0
bc1_plus_line_pool	Zx.0090_P2	P4240	136685332	137638499	1
bc1_plus_line_pool	Zx.0090_P2	P4240	137677779	140154359	0
bc1_plus_line_pool	Zx.0090_P2	P4240	140154386	140719818	1
bc1_plus_line_pool	Zx.0090_P2	P4240	140722587	141400046	0
bc1_plus_line_pool	Zx.0090_P2	P4240	141418798	142138805	1
bc1_plus_line_pool	Zx.0090_P2	P4240	142139050	144173972	0
bc1_plus_line_pool	Zx.0090_P2	P4240	144174007	144697157	2
bc1_plus_line_pool	Zx.0090_P2	P4240	144697159	144937652	1
bc1_plus_line_pool	Zx.0090_P2	P4240	144937901	144947111	2
bc1_plus_line_pool	Zx.0090_P2	P4240	145016051	145339873	1
bc1_plus_line_pool	Zx.0090_P2	P4240	145339905	146425268	2
bc1_plus_line_pool	Zx.0090_P2	P4240	146586309	148919491	1
bc1_plus_line_pool	Zx.0090_P2	P4240	148927138	148964300	0
bc1_plus_line_pool	Zx.0090_P2	P4240	148964319	149299761	2
bc1_plus_line_pool	Zx.0090_P2	P4240	149309690	150087026	1
bc1_plus_line_pool	Zx.0090_P2	P4240	150087295	150311331	2
bc1_plus_line_pool	Zx.0090_P2	P4240	150311936	152348479	1
bc1_plus_line_pool	Zx.0090_P2	P4241	123610	581986	1
bc1_plus_line_pool	Zx.0090_P2	P4241	653960	2827013	0
bc1_plus_line_pool	Zx.0090_P2	P4241	2911755	3874687	1
bc1_plus_line_pool	Zx.0090_P2	P4241	3874727	13093476	0
bc1_plus_line_pool	Zx.0090_P2	P4241	13093521	13094779	1
bc1_plus_line_pool	Zx.0090_P2	P4241	13094784	35748460	0
bc1_plus_line_pool	Zx.0090_P2	P4241	36170221	37572670	1
bc1_plus_line_pool	Zx.0090_P2	P4241	38427073	43646265	0
bc1_plus_line_pool	Zx.0090_P2	P4241	44047089	53375993	1
bc1_plus_line_pool	Zx.0090_P2	P4241	53592572	66029300	0
bc1_plus_line_pool	Zx.0090_P2	P4241	67005164	68836234	1
bc1_plus_line_pool	Zx.0090_P2	P4241	68836872	77464465	0
bc1_plus_line_pool	Zx.0090_P2	P4241	77649754	80582274	1
bc1_plus_line_pool	Zx.0090_P2	P4241	80708698	94787013	0
bc1_plus_line_pool	Zx.0090_P2	P4241	94789057	101984688	1
bc1_plus_line_pool	Zx.0090_P2	P4241	102224230	106835692	0
bc1_plus_line_pool	Zx.0090_P2	P4241	106861811	109828095	1
bc1_plus_line_pool	Zx.0090_P2	P4241	109828245	127625104	0
bc1_plus_line_pool	Zx.0090_P2	P4241	127628832	128116958	1
bc1_plus_line_pool	Zx.0090_P2	P4241	128117615	134568904	0
bc1_plus_line_pool	Zx.0090_P2	P4241	134570545	134570652	1
bc1_plus_line_pool	Zx.0090_P2	P4241	134773689	152348479	0
bc1_plus_line_pool	Zx.0090_P2	P4242	123610	1610424	1
bc1_plus_line_pool	Zx.0090_P2	P4242	1610498	2929403	0
bc1_plus_line_pool	Zx.0090_P2	P4242	2937674	3333951	1
bc1_plus_line_pool	Zx.0090_P2	P4242	3495693	12355186	0
bc1_plus_line_pool	Zx.0090_P2	P4242	12500735	19131690	1
bc1_plus_line_pool	Zx.0090_P2	P4242	19556532	36509816	0
bc1_plus_line_pool	Zx.0090_P2	P4242	36511487	36999888	1
bc1_plus_line_pool	Zx.0090_P2	P4242	37000259	58306580	0
bc1_plus_line_pool	Zx.0090_P2	P4242	59517075	64766907	1
bc1_plus_line_pool	Zx.0090_P2	P4242	64911083	70815944	0
bc1_plus_line_pool	Zx.0090_P2	P4242	70851708	74103973	1
bc1_plus_line_pool	Zx.0090_P2	P4242	74104399	75980035	0
bc1_plus_line_pool	Zx.0090_P2	P4242	76021301	76022052	1
bc1_plus_line_pool	Zx.0090_P2	P4242	76022104	88774248	0
bc1_plus_line_pool	Zx.0090_P2	P4242	89774316	89776070	1
bc1_plus_line_pool	Zx.0090_P2	P4242	89895396	98374699	0
bc1_plus_line_pool	Zx.0090_P2	P4242	98582938	99212599	1
bc1_plus_line_pool	Zx.0090_P2	P4242	99217797	104089028	0
bc1_plus_line_pool	Zx.0090_P2	P4242	104089091	104964718	1
bc1_plus_line_pool	Zx.0090_P2	P4242	104964740	121800703	0
bc1_plus_line_pool	Zx.0090_P2	P4242	121814460	122503837	1
bc1_plus_line_pool	Zx.0090_P2	P4242	122505868	130908962	0
bc1_plus_line_pool	Zx.0090_P2	P4242	130914786	130921438	1
bc1_plus_line_pool	Zx.0090_P2	P4242	130930013	135135513	0
bc1_plus_line_pool	Zx.0090_P2	P4242	135437289	136000496	1
bc1_plus_line_pool	Zx.0090_P2	P4242	136056722	139806982	0
bc1_plus_line_pool	Zx.0090_P2	P4242	139939985	148919491	2
bc1_plus_line_pool	Zx.0090_P2	P4242	148927168	148967020	0
bc1_plus_line_pool	Zx.0090_P2	P4242	149008104	149334871	2
bc1_plus_line_pool	Zx.0090_P2	P4242	149388093	152348479	0
bc1_plus_line_pool	Zx.0090_P2	P4247	123610	1614509	0
bc1_plus_line_pool	Zx.0090_P2	P4247	1614568	2598402	1
bc1_plus_line_pool	Zx.0090_P2	P4247	2615370	6818307	0
bc1_plus_line_pool	Zx.0090_P2	P4247	6830335	10094707	1
bc1_plus_line_pool	Zx.0090_P2	P4247	10094738	18452109	0
bc1_plus_line_pool	Zx.0090_P2	P4247	18566669	20650224	1
bc1_plus_line_pool	Zx.0090_P2	P4247	21734736	32002484	0
bc1_plus_line_pool	Zx.0090_P2	P4247	32002508	35467178	1
bc1_plus_line_pool	Zx.0090_P2	P4247	35748459	47604088	0
bc1_plus_line_pool	Zx.0090_P2	P4247	48548109	49877716	1
bc1_plus_line_pool	Zx.0090_P2	P4247	50596211	60005315	0
bc1_plus_line_pool	Zx.0090_P2	P4247	60843215	61792948	1
bc1_plus_line_pool	Zx.0090_P2	P4247	61793232	79591807	0
bc1_plus_line_pool	Zx.0090_P2	P4247	79802486	80985107	1
bc1_plus_line_pool	Zx.0090_P2	P4247	81070595	95656733	0
bc1_plus_line_pool	Zx.0090_P2	P4247	96514506	99212562	1
bc1_plus_line_pool	Zx.0090_P2	P4247	99212598	103982422	0
bc1_plus_line_pool	Zx.0090_P2	P4247	103982566	110388180	1
bc1_plus_line_pool	Zx.0090_P2	P4247	110388197	110389558	2
bc1_plus_line_pool	Zx.0090_P2	P4247	110694841	129385879	0
bc1_plus_line_pool	Zx.0090_P2	P4247	129394222	129394417	1
bc1_plus_line_pool	Zx.0090_P2	P4247	129412044	134493482	0
bc1_plus_line_pool	Zx.0090_P2	P4247	134493601	134570652	1
bc1_plus_line_pool	Zx.0090_P2	P4247	134672171	152348479	0
bc1_plus_line_pool	Zx.0090_P2	P4255	577576	64030568	0
bc1_plus_line_pool	Zx.0090_P2	P4255	64766870	68835686	1
bc1_plus_line_pool	Zx.0090_P2	P4255	68835752	140742583	0
bc1_plus_line_pool	Zx.0090_P2	P4255	140769523	146715323	2
bc1_plus_line_pool	Zx.0090_P2	P4255	146908518	152285256	0
bc1_plus_line_pool	Zx.0090_P2	P4256	475477	2985826	0
bc1_plus_line_pool	Zx.0090_P2	P4256	2986252	3322337	1
bc1_plus_line_pool	Zx.0090_P2	P4256	3335513	4115094	0
bc1_plus_line_pool	Zx.0090_P2	P4256	4122527	5011588	1
bc1_plus_line_pool	Zx.0090_P2	P4256	5955174	56958757	0
bc1_plus_line_pool	Zx.0090_P2	P4256	56959055	61769844	1
bc1_plus_line_pool	Zx.0090_P2	P4256	61770152	73790077	0
bc1_plus_line_pool	Zx.0090_P2	P4256	74011553	74011870	1
bc1_plus_line_pool	Zx.0090_P2	P4256	74045740	79591047	0
bc1_plus_line_pool	Zx.0090_P2	P4256	79591789	83941547	1
bc1_plus_line_pool	Zx.0090_P2	P4256	84046308	87517302	0
bc1_plus_line_pool	Zx.0090_P2	P4256	87517587	92157461	1
bc1_plus_line_pool	Zx.0090_P2	P4256	92162150	97531083	0
bc1_plus_line_pool	Zx.0090_P2	P4256	97531221	100243124	1
bc1_plus_line_pool	Zx.0090_P2	P4256	100544961	108597874	0
bc1_plus_line_pool	Zx.0090_P2	P4256	108598054	110388745	1
bc1_plus_line_pool	Zx.0090_P2	P4256	110388822	118135765	0
bc1_plus_line_pool	Zx.0090_P2	P4256	118256270	119789120	1
bc1_plus_line_pool	Zx.0090_P2	P4256	119789863	140004991	0
bc1_plus_line_pool	Zx.0090_P2	P4256	140007511	140154387	1
bc1_plus_line_pool	Zx.0090_P2	P4256	140154424	145425812	0
bc1_plus_line_pool	Zx.0090_P2	P4256	145561186	145655233	1
bc1_plus_line_pool	Zx.0090_P2	P4256	145671263	149671308	0
bc1_plus_line_pool	Zx.0090_P2	P4256	149703229	150087296	1
bc1_plus_line_pool	Zx.0090_P2	P4256	150087381	152301497	0
bc1_plus_line_pool	Zx.0090_P2	P4257	475477	2317792	1
bc1_plus_line_pool	Zx.0090_P2	P4257	2525733	3002433	0
bc1_plus_line_pool	Zx.0090_P2	P4257	3002453	3852382	1
bc1_plus_line_pool	Zx.0090_P2	P4257	3852404	11263670	0
bc1_plus_line_pool	Zx.0090_P2	P4257	11732216	12355186	1
bc1_plus_line_pool	Zx.0090_P2	P4257	12951611	13532493	0
bc1_plus_line_pool	Zx.0090_P2	P4257	13578318	20650339	1
bc1_plus_line_pool	Zx.0090_P2	P4257	20650371	48548331	0
bc1_plus_line_pool	Zx.0090_P2	P4257	48890120	51272493	1
bc1_plus_line_pool	Zx.0090_P2	P4257	51432980	59542793	0
bc1_plus_line_pool	Zx.0090_P2	P4257	60005221	61794042	1
bc1_plus_line_pool	Zx.0090_P2	P4257	61796315	73174733	0
bc1_plus_line_pool	Zx.0090_P2	P4257	73174809	74011695	1
bc1_plus_line_pool	Zx.0090_P2	P4257	74045740	84046384	0
bc1_plus_line_pool	Zx.0090_P2	P4257	84047747	87841928	1
bc1_plus_line_pool	Zx.0090_P2	P4257	88215979	99800152	0
bc1_plus_line_pool	Zx.0090_P2	P4257	99875791	101931578	1
bc1_plus_line_pool	Zx.0090_P2	P4257	101984215	104963589	0
bc1_plus_line_pool	Zx.0090_P2	P4257	104964464	109828417	1
bc1_plus_line_pool	Zx.0090_P2	P4257	109829069	110893991	0
bc1_plus_line_pool	Zx.0090_P2	P4257	111767759	119248432	1
bc1_plus_line_pool	Zx.0090_P2	P4257	119408565	122506882	0
bc1_plus_line_pool	Zx.0090_P2	P4257	122506981	123358872	1
bc1_plus_line_pool	Zx.0090_P2	P4257	123358879	126113545	0
bc1_plus_line_pool	Zx.0090_P2	P4257	126113605	126113880	1
bc1_plus_line_pool	Zx.0090_P2	P4257	126113919	127605071	0
bc1_plus_line_pool	Zx.0090_P2	P4257	127619922	128781610	1
bc1_plus_line_pool	Zx.0090_P2	P4257	128961970	136336897	0
bc1_plus_line_pool	Zx.0090_P2	P4257	136363814	137270377	1
bc1_plus_line_pool	Zx.0090_P2	P4257	137405667	139852737	0
bc1_plus_line_pool	Zx.0090_P2	P4257	139854815	140719494	1
bc1_plus_line_pool	Zx.0090_P2	P4257	140719529	146087925	0
bc1_plus_line_pool	Zx.0090_P2	P4257	146089694	146349014	1
bc1_plus_line_pool	Zx.0090_P2	P4257	146349718	149379157	0
bc1_plus_line_pool	Zx.0090_P2	P4257	149381972	150084412	2
bc1_plus_line_pool	Zx.0090_P2	P4257	150086997	150087813	1
bc1_plus_line_pool	Zx.0090_P2	P4257	150110465	152301487	2
bc1_plus_line_pool	Zx.0090_P2	P4258	123610	1610499	0
bc1_plus_line_pool	Zx.0090_P2	P4258	1614221	1999241	1
bc1_plus_line_pool	Zx.0090_P2	P4258	2010821	2823543	0
bc1_plus_line_pool	Zx.0090_P2	P4258	2911755	3885400	1
bc1_plus_line_pool	Zx.0090_P2	P4258	3885501	4048886	0
bc1_plus_line_pool	Zx.0090_P2	P4258	4053487	8405421	1
bc1_plus_line_pool	Zx.0090_P2	P4258	8405426	8425316	2
bc1_plus_line_pool	Zx.0090_P2	P4258	8425363	13095982	1
bc1_plus_line_pool	Zx.0090_P2	P4258	13096026	16136321	0
bc1_plus_line_pool	Zx.0090_P2	P4258	16136443	20650339	1
bc1_plus_line_pool	Zx.0090_P2	P4258	20650371	24170107	0
bc1_plus_line_pool	Zx.0090_P2	P4258	24484348	32129821	1
bc1_plus_line_pool	Zx.0090_P2	P4258	32129832	35097064	0
bc1_plus_line_pool	Zx.0090_P2	P4258	35466746	39421347	1
bc1_plus_line_pool	Zx.0090_P2	P4258	39421372	53693456	0
bc1_plus_line_pool	Zx.0090_P2	P4258	53694641	56313405	2
bc1_plus_line_pool	Zx.0090_P2	P4258	56313425	62494545	1
bc1_plus_line_pool	Zx.0090_P2	P4258	62847650	68333330	0
bc1_plus_line_pool	Zx.0090_P2	P4258	68834606	70814461	1
bc1_plus_line_pool	Zx.0090_P2	P4258	70814952	74485354	0
bc1_plus_line_pool	Zx.0090_P2	P4258	75978104	76021620	2
bc1_plus_line_pool	Zx.0090_P2	P4258	76021667	78415125	1
bc1_plus_line_pool	Zx.0090_P2	P4258	78505937	82623755	0
bc1_plus_line_pool	Zx.0090_P2	P4258	83383255	85079604	1
bc1_plus_line_pool	Zx.0090_P2	P4258	85109563	88774138	0
bc1_plus_line_pool	Zx.0090_P2	P4258	88774152	89897749	1
bc1_plus_line_pool	Zx.0090_P2	P4258	89950699	95908054	0
bc1_plus_line_pool	Zx.0090_P2	P4258	96514506	97531158	1
bc1_plus_line_pool	Zx.0090_P2	P4258	97531334	97532198	2
bc1_plus_line_pool	Zx.0090_P2	P4258	97532222	99698193	0
bc1_plus_line_pool	Zx.0090_P2	P4258	99800137	106835672	1
bc1_plus_line_pool	Zx.0090_P2	P4258	106835691	109828971	0
bc1_plus_line_pool	Zx.0090_P2	P4258	109828982	119790600	1
bc1_plus_line_pool	Zx.0090_P2	P4258	119790603	125662341	0
bc1_plus_line_pool	Zx.0090_P2	P4258	125664604	125664791	1
bc1_plus_line_pool	Zx.0090_P2	P4258	125665364	127007266	0
bc1_plus_line_pool	Zx.0090_P2	P4258	127071741	129394311	1
bc1_plus_line_pool	Zx.0090_P2	P4258	129412044	130930943	0
bc1_plus_line_pool	Zx.0090_P2	P4258	131069401	135077993	1
bc1_plus_line_pool	Zx.0090_P2	P4258	135098115	144076878	0
bc1_plus_line_pool	Zx.0090_P2	P4258	144077210	144077737	1
bc1_plus_line_pool	Zx.0090_P2	P4258	144078778	146416988	0
bc1_plus_line_pool	Zx.0090_P2	P4258	146586726	147850878	1
bc1_plus_line_pool	Zx.0090_P2	P4258	147895144	148962670	0
bc1_plus_line_pool	Zx.0090_P2	P4258	148962901	148967020	1
bc1_plus_line_pool	Zx.0090_P2	P4258	149008104	149411967	0
bc1_plus_line_pool	Zx.0090_P2	P4258	149419875	149703524	1
bc1_plus_line_pool	Zx.0090_P2	P4258	149704386	150087317	0
bc1_plus_line_pool	Zx.0090_P2	P4258	150087339	150087751	1
bc1_plus_line_pool	Zx.0090_P2	P4258	150087780	152301456	0
bc1_plus_line_pool	Zx.0090_P2	P4263	123610	1558622	0
bc1_plus_line_pool	Zx.0090_P2	P4263	1579563	2598402	1
bc1_plus_line_pool	Zx.0090_P2	P4263	2615484	4048886	0
bc1_plus_line_pool	Zx.0090_P2	P4263	4054642	10094696	1
bc1_plus_line_pool	Zx.0090_P2	P4263	10094706	14890252	2
bc1_plus_line_pool	Zx.0090_P2	P4263	15239289	21734737	0
bc1_plus_line_pool	Zx.0090_P2	P4263	22469099	53592573	1
bc1_plus_line_pool	Zx.0090_P2	P4263	53693455	58271532	0
bc1_plus_line_pool	Zx.0090_P2	P4263	59419079	76218131	1
bc1_plus_line_pool	Zx.0090_P2	P4263	76336150	82183540	0
bc1_plus_line_pool	Zx.0090_P2	P4263	82187195	85192693	1
bc1_plus_line_pool	Zx.0090_P2	P4263	85739420	89897038	0
bc1_plus_line_pool	Zx.0090_P2	P4263	89897038	97531614	1
bc1_plus_line_pool	Zx.0090_P2	P4263	97531638	97531878	2
bc1_plus_line_pool	Zx.0090_P2	P4263	97531899	106831827	0
bc1_plus_line_pool	Zx.0090_P2	P4263	106835615	119447679	1
bc1_plus_line_pool	Zx.0090_P2	P4263	119448559	124468347	0
bc1_plus_line_pool	Zx.0090_P2	P4263	124913842	129443883	1
bc1_plus_line_pool	Zx.0090_P2	P4263	129572254	131254335	0
bc1_plus_line_pool	Zx.0090_P2	P4263	131401809	131927533	1
bc1_plus_line_pool	Zx.0090_P2	P4263	132473684	140719494	0
bc1_plus_line_pool	Zx.0090_P2	P4263	140719529	140719582	1
bc1_plus_line_pool	Zx.0090_P2	P4263	140719764	143173999	0
bc1_plus_line_pool	Zx.0090_P2	P4263	143374617	144697157	1
bc1_plus_line_pool	Zx.0090_P2	P4263	144738847	146416988	0
bc1_plus_line_pool	Zx.0090_P2	P4263	146586309	148927134	1
bc1_plus_line_pool	Zx.0090_P2	P4263	148927138	148928436	2
bc1_plus_line_pool	Zx.0090_P2	P4263	148935613	150078556	0
bc1_plus_line_pool	Zx.0090_P2	P4263	150086997	150552433	1
bc1_plus_line_pool	Zx.0090_P2	P4263	150629155	151215355	0
bc1_plus_line_pool	Zx.0090_P2	P4263	151215946	152348479	1
bc1_plus_line_pool	Zx.0090_P2	P4264	123610	5010489	0
bc1_plus_line_pool	Zx.0090_P2	P4264	5955174	5955622	1
bc1_plus_line_pool	Zx.0090_P2	P4264	6818306	22471792	0
bc1_plus_line_pool	Zx.0090_P2	P4264	22471854	22472006	1
bc1_plus_line_pool	Zx.0090_P2	P4264	22990502	55550498	0
bc1_plus_line_pool	Zx.0090_P2	P4264	56312697	63301938	1
bc1_plus_line_pool	Zx.0090_P2	P4264	63803438	70180674	0
bc1_plus_line_pool	Zx.0090_P2	P4264	70180731	70814461	1
bc1_plus_line_pool	Zx.0090_P2	P4264	70814952	74045741	0
bc1_plus_line_pool	Zx.0090_P2	P4264	74103803	76023310	1
bc1_plus_line_pool	Zx.0090_P2	P4264	76218054	79337314	0
bc1_plus_line_pool	Zx.0090_P2	P4264	79591046	90024037	1
bc1_plus_line_pool	Zx.0090_P2	P4264	91046016	101739462	0
bc1_plus_line_pool	Zx.0090_P2	P4264	101984215	108598136	1
bc1_plus_line_pool	Zx.0090_P2	P4264	108598239	116758359	0
bc1_plus_line_pool	Zx.0090_P2	P4264	116837838	119448137	1
bc1_plus_line_pool	Zx.0090_P2	P4264	119448684	125279167	0
bc1_plus_line_pool	Zx.0090_P2	P4264	125664604	125783894	1
bc1_plus_line_pool	Zx.0090_P2	P4264	125919496	130389973	0
bc1_plus_line_pool	Zx.0090_P2	P4264	130908919	130915680	1
bc1_plus_line_pool	Zx.0090_P2	P4264	130921313	139786302	0
bc1_plus_line_pool	Zx.0090_P2	P4264	139851559	139900161	1
bc1_plus_line_pool	Zx.0090_P2	P4264	139942430	148963667	0
bc1_plus_line_pool	Zx.0090_P2	P4264	148964389	148964516	1
bc1_plus_line_pool	Zx.0090_P2	P4264	148965286	152348479	0
bc1_plus_line_pool	Zx.0090_P2	PN3_SID278	123610	1256324	0
bc1_plus_line_pool	Zx.0090_P2	PN3_SID278	1256333	1615398	1
bc1_plus_line_pool	Zx.0090_P2	PN3_SID278	1620569	2705095	0
bc1_plus_line_pool	Zx.0090_P2	PN3_SID278	2707748	2911756	1
bc1_plus_line_pool	Zx.0090_P2	PN3_SID278	2925034	2925543	2
bc1_plus_line_pool	Zx.0090_P2	PN3_SID278	2925707	3875097	1
bc1_plus_line_pool	Zx.0090_P2	PN3_SID278	3884492	8620417	0
bc1_plus_line_pool	Zx.0090_P2	PN3_SID278	8671571	12018166	1
bc1_plus_line_pool	Zx.0090_P2	PN3_SID278	12018177	13095808	0
bc1_plus_line_pool	Zx.0090_P2	PN3_SID278	13103520	15239290	1
bc1_plus_line_pool	Zx.0090_P2	PN3_SID278	15321357	17510268	0
bc1_plus_line_pool	Zx.0090_P2	PN3_SID278	17515830	23161918	1
bc1_plus_line_pool	Zx.0090_P2	PN3_SID278	23387039	30597394	0
bc1_plus_line_pool	Zx.0090_P2	PN3_SID278	30657666	32128417	1
bc1_plus_line_pool	Zx.0090_P2	PN3_SID278	32128518	33996841	0
bc1_plus_line_pool	Zx.0090_P2	PN3_SID278	34030652	35467234	1
bc1_plus_line_pool	Zx.0090_P2	PN3_SID278	35614361	44047795	0
bc1_plus_line_pool	Zx.0090_P2	PN3_SID278	44395390	45945399	1
bc1_plus_line_pool	Zx.0090_P2	PN3_SID278	45945618	48435829	0
bc1_plus_line_pool	Zx.0090_P2	PN3_SID278	48548109	55550405	1
bc1_plus_line_pool	Zx.0090_P2	PN3_SID278	55550413	58535953	0
bc1_plus_line_pool	Zx.0090_P2	PN3_SID278	59176662	60843317	1
bc1_plus_line_pool	Zx.0090_P2	PN3_SID278	60855108	67005211	0
bc1_plus_line_pool	Zx.0090_P2	PN3_SID278	67671303	75426883	1
bc1_plus_line_pool	Zx.0090_P2	PN3_SID278	75978241	77146069	0
bc1_plus_line_pool	Zx.0090_P2	PN3_SID278	77464448	80723342	1
bc1_plus_line_pool	Zx.0090_P2	PN3_SID278	80985017	82178104	0
bc1_plus_line_pool	Zx.0090_P2	PN3_SID278	82187195	89951078	1
bc1_plus_line_pool	Zx.0090_P2	PN3_SID278	89951949	94437624	0
bc1_plus_line_pool	Zx.0090_P2	PN3_SID278	94462593	98981873	1
bc1_plus_line_pool	Zx.0090_P2	PN3_SID278	99217525	103610868	0
bc1_plus_line_pool	Zx.0090_P2	PN3_SID278	103610921	108345671	1
bc1_plus_line_pool	Zx.0090_P2	PN3_SID278	108985331	110388511	0
bc1_plus_line_pool	Zx.0090_P2	PN3_SID278	110388676	114072553	1
bc1_plus_line_pool	Zx.0090_P2	PN3_SID278	114281108	120119863	0
bc1_plus_line_pool	Zx.0090_P2	PN3_SID278	120329826	122635866	1
bc1_plus_line_pool	Zx.0090_P2	PN3_SID278	122637131	123852512	0
bc1_plus_line_pool	Zx.0090_P2	PN3_SID278	123875188	126113668	1
bc1_plus_line_pool	Zx.0090_P2	PN3_SID278	126183817	132820491	0
bc1_plus_line_pool	Zx.0090_P2	PN3_SID278	132838914	133338345	1
bc1_plus_line_pool	Zx.0090_P2	PN3_SID278	133558046	143524537	0
bc1_plus_line_pool	Zx.0090_P2	PN3_SID278	143589604	143590442	1
bc1_plus_line_pool	Zx.0090_P2	PN3_SID278	143616154	150087709	0
bc1_plus_line_pool	Zx.0090_P2	PN3_SID278	150087730	150087868	1
bc1_plus_line_pool	Zx.0090_P2	PN3_SID278	150110465	151589328	0
bc1_plus_line_pool	Zx.0090_P2	PN3_SID278	151592299	151633091	1
bc1_plus_line_pool	Zx.0090_P2	PN3_SID278	151647835	152348479	0
bc1_plus_line_pool	Zx.0090_P2	PN3_SID279	123610	12951612	0
bc1_plus_line_pool	Zx.0090_P2	PN3_SID279	12951681	13094779	1
bc1_plus_line_pool	Zx.0090_P2	PN3_SID279	13094784	28984666	0
bc1_plus_line_pool	Zx.0090_P2	PN3_SID279	30597182	31818336	1
bc1_plus_line_pool	Zx.0090_P2	PN3_SID279	31958056	34030653	0
bc1_plus_line_pool	Zx.0090_P2	PN3_SID279	34252195	34942144	1
bc1_plus_line_pool	Zx.0090_P2	PN3_SID279	35097063	39865688	0
bc1_plus_line_pool	Zx.0090_P2	PN3_SID279	39882499	44047838	1
bc1_plus_line_pool	Zx.0090_P2	PN3_SID279	44395390	61599927	0
bc1_plus_line_pool	Zx.0090_P2	PN3_SID279	61769745	64911277	1
bc1_plus_line_pool	Zx.0090_P2	PN3_SID279	64948403	70892167	0
bc1_plus_line_pool	Zx.0090_P2	PN3_SID279	71036479	75979911	1
bc1_plus_line_pool	Zx.0090_P2	PN3_SID279	76021198	82178104	0
bc1_plus_line_pool	Zx.0090_P2	PN3_SID279	82180987	82623774	1
bc1_plus_line_pool	Zx.0090_P2	PN3_SID279	82623794	89775602	0
bc1_plus_line_pool	Zx.0090_P2	PN3_SID279	89895443	96529044	1
bc1_plus_line_pool	Zx.0090_P2	PN3_SID279	96667708	96940681	0
bc1_plus_line_pool	Zx.0090_P2	PN3_SID279	97530861	97532391	1
bc1_plus_line_pool	Zx.0090_P2	PN3_SID279	98321700	101356909	0
bc1_plus_line_pool	Zx.0090_P2	PN3_SID279	101520147	104433826	1
bc1_plus_line_pool	Zx.0090_P2	PN3_SID279	104964405	106596455	0
bc1_plus_line_pool	Zx.0090_P2	PN3_SID279	106602594	115573614	1
bc1_plus_line_pool	Zx.0090_P2	PN3_SID279	115660544	119408566	0
bc1_plus_line_pool	Zx.0090_P2	PN3_SID279	119447654	119789120	1
bc1_plus_line_pool	Zx.0090_P2	PN3_SID279	119789863	126893862	0
bc1_plus_line_pool	Zx.0090_P2	PN3_SID279	126894318	127918721	1
bc1_plus_line_pool	Zx.0090_P2	PN3_SID279	127943031	129412045	0
bc1_plus_line_pool	Zx.0090_P2	PN3_SID279	129443619	132469164	1
bc1_plus_line_pool	Zx.0090_P2	PN3_SID279	132517318	148894707	0
bc1_plus_line_pool	Zx.0090_P2	PN3_SID279	148927116	148928206	1
bc1_plus_line_pool	Zx.0090_P2	PN3_SID279	148935613	152348479	0
bc1_plus_line_pool	Zx.0090_P2	PN3_SID280	475477	1256777	1
bc1_plus_line_pool	Zx.0090_P2	PN3_SID280	1422103	3034368	0
bc1_plus_line_pool	Zx.0090_P2	PN3_SID280	3067266	3874728	1
bc1_plus_line_pool	Zx.0090_P2	PN3_SID280	3874940	5517391	0
bc1_plus_line_pool	Zx.0090_P2	PN3_SID280	5955226	10955734	1
bc1_plus_line_pool	Zx.0090_P2	PN3_SID280	11263603	16001576	0
bc1_plus_line_pool	Zx.0090_P2	PN3_SID280	16136320	17621045	1
bc1_plus_line_pool	Zx.0090_P2	PN3_SID280	18274058	32129921	0
bc1_plus_line_pool	Zx.0090_P2	PN3_SID280	32129983	34707598	1
bc1_plus_line_pool	Zx.0090_P2	PN3_SID280	34941691	53375993	0
bc1_plus_line_pool	Zx.0090_P2	PN3_SID280	53533877	56313405	2
bc1_plus_line_pool	Zx.0090_P2	PN3_SID280	56381730	61599927	0
bc1_plus_line_pool	Zx.0090_P2	PN3_SID280	61769745	62636652	1
bc1_plus_line_pool	Zx.0090_P2	PN3_SID280	62847650	70617217	0
bc1_plus_line_pool	Zx.0090_P2	PN3_SID280	70698101	70698145	1
bc1_plus_line_pool	Zx.0090_P2	PN3_SID280	70814374	74103650	0
bc1_plus_line_pool	Zx.0090_P2	PN3_SID280	74104298	76021468	2
bc1_plus_line_pool	Zx.0090_P2	PN3_SID280	76021503	77143421	1
bc1_plus_line_pool	Zx.0090_P2	PN3_SID280	77143430	88325871	0
bc1_plus_line_pool	Zx.0090_P2	PN3_SID280	88487055	90023985	2
bc1_plus_line_pool	Zx.0090_P2	PN3_SID280	90023988	95656733	1
bc1_plus_line_pool	Zx.0090_P2	PN3_SID280	95684900	101520208	0
bc1_plus_line_pool	Zx.0090_P2	PN3_SID280	101619742	105992645	1
bc1_plus_line_pool	Zx.0090_P2	PN3_SID280	105992692	107856848	0
bc1_plus_line_pool	Zx.0090_P2	PN3_SID280	108345487	110893878	1
bc1_plus_line_pool	Zx.0090_P2	PN3_SID280	112290703	118627830	0
bc1_plus_line_pool	Zx.0090_P2	PN3_SID280	118813590	119447695	1
bc1_plus_line_pool	Zx.0090_P2	PN3_SID280	119448040	125662341	0
bc1_plus_line_pool	Zx.0090_P2	PN3_SID280	125664604	125664984	1
bc1_plus_line_pool	Zx.0090_P2	PN3_SID280	125665067	127918355	0
bc1_plus_line_pool	Zx.0090_P2	PN3_SID280	127918387	128132494	1
bc1_plus_line_pool	Zx.0090_P2	PN3_SID280	128365882	133006201	0
bc1_plus_line_pool	Zx.0090_P2	PN3_SID280	133053275	133056787	1
bc1_plus_line_pool	Zx.0090_P2	PN3_SID280	133240690	136685488	0
bc1_plus_line_pool	Zx.0090_P2	PN3_SID280	136685543	137440917	1
bc1_plus_line_pool	Zx.0090_P2	PN3_SID280	137495877	144076878	0
bc1_plus_line_pool	Zx.0090_P2	PN3_SID280	144076889	144077737	1
bc1_plus_line_pool	Zx.0090_P2	PN3_SID280	144140466	144915548	0
bc1_plus_line_pool	Zx.0090_P2	PN3_SID280	144936762	144937566	1
bc1_plus_line_pool	Zx.0090_P2	PN3_SID280	144937635	146661792	0
bc1_plus_line_pool	Zx.0090_P2	PN3_SID280	146662340	146663331	1
bc1_plus_line_pool	Zx.0090_P2	PN3_SID280	146663393	148940466	0
bc1_plus_line_pool	Zx.0090_P2	PN3_SID280	148962462	148964474	1
bc1_plus_line_pool	Zx.0090_P2	PN3_SID280	148964476	149723659	0
bc1_plus_line_pool	Zx.0090_P2	PN3_SID280	149731398	149772758	1
bc1_plus_line_pool	Zx.0090_P2	PN3_SID280	149772856	151632654	0
bc1_plus_line_pool	Zx.0090_P2	PN3_SID280	151632670	151633091	1
bc1_plus_line_pool	Zx.0090_P2	PN3_SID280	151642755	152348479	0
bc1_plus_line_pool	Zx.0090_P2	PN3_SID281	475477	2815508	0
bc1_plus_line_pool	Zx.0090_P2	PN3_SID281	2823331	3194779	1
bc1_plus_line_pool	Zx.0090_P2	PN3_SID281	3194861	4975064	0
bc1_plus_line_pool	Zx.0090_P2	PN3_SID281	5011016	8671733	1
bc1_plus_line_pool	Zx.0090_P2	PN3_SID281	8671896	13095808	0
bc1_plus_line_pool	Zx.0090_P2	PN3_SID281	13103520	16896494	1
bc1_plus_line_pool	Zx.0090_P2	PN3_SID281	17490997	23448606	0
bc1_plus_line_pool	Zx.0090_P2	PN3_SID281	23651553	28984666	1
bc1_plus_line_pool	Zx.0090_P2	PN3_SID281	29676949	33809257	0
bc1_plus_line_pool	Zx.0090_P2	PN3_SID281	33996830	35467234	1
bc1_plus_line_pool	Zx.0090_P2	PN3_SID281	35614361	45944947	0
bc1_plus_line_pool	Zx.0090_P2	PN3_SID281	45945034	45945555	1
bc1_plus_line_pool	Zx.0090_P2	PN3_SID281	45945720	59542539	0
bc1_plus_line_pool	Zx.0090_P2	PN3_SID281	59543175	61770327	1
bc1_plus_line_pool	Zx.0090_P2	PN3_SID281	61770434	78010439	0
bc1_plus_line_pool	Zx.0090_P2	PN3_SID281	78010489	78505945	1
bc1_plus_line_pool	Zx.0090_P2	PN3_SID281	78508828	82189573	0
bc1_plus_line_pool	Zx.0090_P2	PN3_SID281	82189589	93527928	1
bc1_plus_line_pool	Zx.0090_P2	PN3_SID281	93528280	99216984	0
bc1_plus_line_pool	Zx.0090_P2	PN3_SID281	99217388	99384488	1
bc1_plus_line_pool	Zx.0090_P2	PN3_SID281	99528499	109828246	0
bc1_plus_line_pool	Zx.0090_P2	PN3_SID281	109828414	115877229	1
bc1_plus_line_pool	Zx.0090_P2	PN3_SID281	115990913	119789864	0
bc1_plus_line_pool	Zx.0090_P2	PN3_SID281	119790538	122503065	1
bc1_plus_line_pool	Zx.0090_P2	PN3_SID281	122503101	125279470	0
bc1_plus_line_pool	Zx.0090_P2	PN3_SID281	125664604	125783894	1
bc1_plus_line_pool	Zx.0090_P2	PN3_SID281	126112873	129058959	0
bc1_plus_line_pool	Zx.0090_P2	PN3_SID281	129069230	131248195	1
bc1_plus_line_pool	Zx.0090_P2	PN3_SID281	131252136	135078356	0
bc1_plus_line_pool	Zx.0090_P2	PN3_SID281	135082569	138033448	1
bc1_plus_line_pool	Zx.0090_P2	PN3_SID281	138205160	143535540	0
bc1_plus_line_pool	Zx.0090_P2	PN3_SID281	143589770	143590442	1
bc1_plus_line_pool	Zx.0090_P2	PN3_SID281	143596171	144822447	0
bc1_plus_line_pool	Zx.0090_P2	PN3_SID281	144827387	144947111	1
bc1_plus_line_pool	Zx.0090_P2	PN3_SID281	145016051	146614083	0
bc1_plus_line_pool	Zx.0090_P2	PN3_SID281	146661603	146663394	1
bc1_plus_line_pool	Zx.0090_P2	PN3_SID281	146672399	152301497	0
bc1_plus_line_pool	Zx.0090_P2	PN3_SID282	475538	1614333	0
bc1_plus_line_pool	Zx.0090_P2	PN3_SID282	1614503	1620570	1
bc1_plus_line_pool	Zx.0090_P2	PN3_SID282	1631921	4020205	0
bc1_plus_line_pool	Zx.0090_P2	PN3_SID282	4044151	4044408	1
bc1_plus_line_pool	Zx.0090_P2	PN3_SID282	4046584	8169011	0
bc1_plus_line_pool	Zx.0090_P2	PN3_SID282	8404510	10097551	1
bc1_plus_line_pool	Zx.0090_P2	PN3_SID282	10401128	16000755	0
bc1_plus_line_pool	Zx.0090_P2	PN3_SID282	16001012	16136664	1
bc1_plus_line_pool	Zx.0090_P2	PN3_SID282	16136705	32039748	0
bc1_plus_line_pool	Zx.0090_P2	PN3_SID282	32068363	36509816	1
bc1_plus_line_pool	Zx.0090_P2	PN3_SID282	36624643	44047838	0
bc1_plus_line_pool	Zx.0090_P2	PN3_SID282	44395390	45945344	1
bc1_plus_line_pool	Zx.0090_P2	PN3_SID282	45945439	58092941	0
bc1_plus_line_pool	Zx.0090_P2	PN3_SID282	58209538	60843236	1
bc1_plus_line_pool	Zx.0090_P2	PN3_SID282	60855108	70617217	0
bc1_plus_line_pool	Zx.0090_P2	PN3_SID282	70813794	76336224	1
bc1_plus_line_pool	Zx.0090_P2	PN3_SID282	76336320	87481532	0
bc1_plus_line_pool	Zx.0090_P2	PN3_SID282	87667788	89896912	1
bc1_plus_line_pool	Zx.0090_P2	PN3_SID282	89896969	97526987	0
bc1_plus_line_pool	Zx.0090_P2	PN3_SID282	97531250	97532301	2
bc1_plus_line_pool	Zx.0090_P2	PN3_SID282	97532390	109547937	0
bc1_plus_line_pool	Zx.0090_P2	PN3_SID282	109828414	109829007	1
bc1_plus_line_pool	Zx.0090_P2	PN3_SID282	109829069	118627830	0
bc1_plus_line_pool	Zx.0090_P2	PN3_SID282	118813590	119674507	1
bc1_plus_line_pool	Zx.0090_P2	PN3_SID282	119677648	146586322	0
bc1_plus_line_pool	Zx.0090_P2	PN3_SID282	146587006	146662984	1
bc1_plus_line_pool	Zx.0090_P2	PN3_SID282	146663231	149671238	0
bc1_plus_line_pool	Zx.0090_P2	PN3_SID282	149671262	150175015	1
bc1_plus_line_pool	Zx.0090_P2	PN3_SID282	150178181	151083292	2
bc1_plus_line_pool	Zx.0090_P2	PN3_SID282	151085825	151094194	1
bc1_plus_line_pool	Zx.0090_P2	PN3_SID282	151095371	152301497	2
bc1_plus_line_pool	Zx.0090_P2	PN3_SID283	581658	13105810	0
bc1_plus_line_pool	Zx.0090_P2	PN3_SID283	13133961	16136664	1
bc1_plus_line_pool	Zx.0090_P2	PN3_SID283	16271498	34030653	0
bc1_plus_line_pool	Zx.0090_P2	PN3_SID283	34706150	36830274	1
bc1_plus_line_pool	Zx.0090_P2	PN3_SID283	37000227	45178487	0
bc1_plus_line_pool	Zx.0090_P2	PN3_SID283	45588040	45983333	1
bc1_plus_line_pool	Zx.0090_P2	PN3_SID283	45983367	58210070	0
bc1_plus_line_pool	Zx.0090_P2	PN3_SID283	58226372	64911277	1
bc1_plus_line_pool	Zx.0090_P2	PN3_SID283	65545974	95609949	0
bc1_plus_line_pool	Zx.0090_P2	PN3_SID283	95656730	96879191	1
bc1_plus_line_pool	Zx.0090_P2	PN3_SID283	96879879	101520208	0
bc1_plus_line_pool	Zx.0090_P2	PN3_SID283	101619742	101989696	1
bc1_plus_line_pool	Zx.0090_P2	PN3_SID283	102531716	109479697	0
bc1_plus_line_pool	Zx.0090_P2	PN3_SID283	109479971	109829178	1
bc1_plus_line_pool	Zx.0090_P2	PN3_SID283	110387682	117014034	0
bc1_plus_line_pool	Zx.0090_P2	PN3_SID283	117220013	117253631	1
bc1_plus_line_pool	Zx.0090_P2	PN3_SID283	117253641	127804559	0
bc1_plus_line_pool	Zx.0090_P2	PN3_SID283	127918199	128130659	2
bc1_plus_line_pool	Zx.0090_P2	PN3_SID283	128365882	136417207	0
bc1_plus_line_pool	Zx.0090_P2	PN3_SID283	136496723	137136125	1
bc1_plus_line_pool	Zx.0090_P2	PN3_SID283	137231705	144767471	0
bc1_plus_line_pool	Zx.0090_P2	PN3_SID283	144818038	144818848	1
bc1_plus_line_pool	Zx.0090_P2	PN3_SID283	144818859	145245858	0
bc1_plus_line_pool	Zx.0090_P2	PN3_SID283	145250440	145340358	1
bc1_plus_line_pool	Zx.0090_P2	PN3_SID283	145349317	146661792	0
bc1_plus_line_pool	Zx.0090_P2	PN3_SID283	146662340	146662984	1
bc1_plus_line_pool	Zx.0090_P2	PN3_SID283	146663231	148958926	0
bc1_plus_line_pool	Zx.0090_P2	PN3_SID283	148962511	148966929	2
bc1_plus_line_pool	Zx.0090_P2	PN3_SID283	148966998	150087033	0
bc1_plus_line_pool	Zx.0090_P2	PN3_SID283	150087339	150087868	1
bc1_plus_line_pool	Zx.0090_P2	PN3_SID283	150110465	151592300	0
bc1_plus_line_pool	Zx.0090_P2	PN3_SID283	151632619	151645379	1
bc1_plus_line_pool	Zx.0090_P2	PN3_SID283	151645439	152348479	0
bc1_plus_line_pool	Zx.0090_P2	PN3_SID284	475477	1571384	0
bc1_plus_line_pool	Zx.0090_P2	PN3_SID284	1579563	1615398	1
bc1_plus_line_pool	Zx.0090_P2	PN3_SID284	1620569	4487922	0
bc1_plus_line_pool	Zx.0090_P2	PN3_SID284	4972588	8425495	1
bc1_plus_line_pool	Zx.0090_P2	PN3_SID284	8546109	16001576	0
bc1_plus_line_pool	Zx.0090_P2	PN3_SID284	16136320	16136664	1
bc1_plus_line_pool	Zx.0090_P2	PN3_SID284	16136705	19131521	0
bc1_plus_line_pool	Zx.0090_P2	PN3_SID284	20162689	35467234	1
bc1_plus_line_pool	Zx.0090_P2	PN3_SID284	35614361	39865688	0
bc1_plus_line_pool	Zx.0090_P2	PN3_SID284	39868914	48548331	1
bc1_plus_line_pool	Zx.0090_P2	PN3_SID284	49202624	58210070	0
bc1_plus_line_pool	Zx.0090_P2	PN3_SID284	58226372	62847810	1
bc1_plus_line_pool	Zx.0090_P2	PN3_SID284	63252579	70468986	0
bc1_plus_line_pool	Zx.0090_P2	PN3_SID284	70530169	70815944	1
bc1_plus_line_pool	Zx.0090_P2	PN3_SID284	70998290	87592194	0
bc1_plus_line_pool	Zx.0090_P2	PN3_SID284	87667788	92534238	1
bc1_plus_line_pool	Zx.0090_P2	PN3_SID284	92537547	95656733	0
bc1_plus_line_pool	Zx.0090_P2	PN3_SID284	96514631	98981873	1
bc1_plus_line_pool	Zx.0090_P2	PN3_SID284	99217484	106717017	0
bc1_plus_line_pool	Zx.0090_P2	PN3_SID284	106720641	110389558	1
bc1_plus_line_pool	Zx.0090_P2	PN3_SID284	110694841	113835668	0
bc1_plus_line_pool	Zx.0090_P2	PN3_SID284	113835694	118814223	1
bc1_plus_line_pool	Zx.0090_P2	PN3_SID284	118814267	123475273	0
bc1_plus_line_pool	Zx.0090_P2	PN3_SID284	123568028	125665390	1
bc1_plus_line_pool	Zx.0090_P2	PN3_SID284	125783893	127628836	0
bc1_plus_line_pool	Zx.0090_P2	PN3_SID284	127628943	127629900	1
bc1_plus_line_pool	Zx.0090_P2	PN3_SID284	127629906	132469117	0
bc1_plus_line_pool	Zx.0090_P2	PN3_SID284	132473684	132602043	1
bc1_plus_line_pool	Zx.0090_P2	PN3_SID284	132624503	143535540	0
bc1_plus_line_pool	Zx.0090_P2	PN3_SID284	143590131	143590442	1
bc1_plus_line_pool	Zx.0090_P2	PN3_SID284	143596171	146661178	0
bc1_plus_line_pool	Zx.0090_P2	PN3_SID284	146661603	146663394	2
bc1_plus_line_pool	Zx.0090_P2	PN3_SID284	146672399	148964405	0
bc1_plus_line_pool	Zx.0090_P2	PN3_SID284	148965640	148966929	1
bc1_plus_line_pool	Zx.0090_P2	PN3_SID284	148966958	149671308	0
bc1_plus_line_pool	Zx.0090_P2	PN3_SID284	149700362	150087868	1
bc1_plus_line_pool	Zx.0090_P2	PN3_SID284	150110465	152348479	0
bc1_plus_line_pool	Zx.0090_P2	PN3_SID285	123610	8425495	0
bc1_plus_line_pool	Zx.0090_P2	PN3_SID285	8524247	12107245	1
bc1_plus_line_pool	Zx.0090_P2	PN3_SID285	12354314	43548275	0
bc1_plus_line_pool	Zx.0090_P2	PN3_SID285	43646090	45945986	1
bc1_plus_line_pool	Zx.0090_P2	PN3_SID285	45983248	88774265	0
bc1_plus_line_pool	Zx.0090_P2	PN3_SID285	89774283	89897097	1
bc1_plus_line_pool	Zx.0090_P2	PN3_SID285	89950545	96673332	0
bc1_plus_line_pool	Zx.0090_P2	PN3_SID285	96878974	99217798	1
bc1_plus_line_pool	Zx.0090_P2	PN3_SID285	99239464	106596455	0
bc1_plus_line_pool	Zx.0090_P2	PN3_SID285	106716917	108345671	1
bc1_plus_line_pool	Zx.0090_P2	PN3_SID285	108598215	127918464	0
bc1_plus_line_pool	Zx.0090_P2	PN3_SID285	127918502	129069351	1
bc1_plus_line_pool	Zx.0090_P2	PN3_SID285	129069354	143589903	0
bc1_plus_line_pool	Zx.0090_P2	PN3_SID285	143589933	143590231	1
bc1_plus_line_pool	Zx.0090_P2	PN3_SID285	143590236	145088911	0
bc1_plus_line_pool	Zx.0090_P2	PN3_SID285	145098990	145100211	1
bc1_plus_line_pool	Zx.0090_P2	PN3_SID285	145101774	152348479	0
bc1_plus_line_pool	Zx.0090_P2	PN3_SID286	475477	2827013	2
bc1_plus_line_pool	Zx.0090_P2	PN3_SID286	2925034	2926811	1
bc1_plus_line_pool	Zx.0090_P2	PN3_SID286	2928893	4019140	2
bc1_plus_line_pool	Zx.0090_P2	PN3_SID286	4019167	4019647	1
bc1_plus_line_pool	Zx.0090_P2	PN3_SID286	4019661	4115094	2
bc1_plus_line_pool	Zx.0090_P2	PN3_SID286	4261176	39882500	0
bc1_plus_line_pool	Zx.0090_P2	PN3_SID286	39882585	44047838	1
bc1_plus_line_pool	Zx.0090_P2	PN3_SID286	44395390	80717998	0
bc1_plus_line_pool	Zx.0090_P2	PN3_SID286	80718028	81380207	1
bc1_plus_line_pool	Zx.0090_P2	PN3_SID286	81630326	92041570	0
bc1_plus_line_pool	Zx.0090_P2	PN3_SID286	92157284	94789502	1
bc1_plus_line_pool	Zx.0090_P2	PN3_SID286	94889843	97532262	0
bc1_plus_line_pool	Zx.0090_P2	PN3_SID286	97532274	99216984	1
bc1_plus_line_pool	Zx.0090_P2	PN3_SID286	99217388	144346851	0
bc1_plus_line_pool	Zx.0090_P2	PN3_SID286	144414273	146089948	1
bc1_plus_line_pool	Zx.0090_P2	PN3_SID286	146174023	146661132	2
bc1_plus_line_pool	Zx.0090_P2	PN3_SID286	146661177	150079657	1
bc1_plus_line_pool	Zx.0090_P2	PN3_SID286	150084411	150164624	0
bc1_plus_line_pool	Zx.0090_P2	PN3_SID286	150164825	151044325	1
bc1_plus_line_pool	Zx.0090_P2	PN3_SID286	151044336	151086154	2
bc1_plus_line_pool	Zx.0090_P2	PN3_SID286	151086157	151632728	1
bc1_plus_line_pool	Zx.0090_P2	PN3_SID286	151642755	152301312	0
bc1_plus_line_pool	Zx.0090_P2	PN3_SID287	564467	13718851	0
bc1_plus_line_pool	Zx.0090_P2	PN3_SID287	14139829	16136706	1
bc1_plus_line_pool	Zx.0090_P2	PN3_SID287	16271498	25625824	0
bc1_plus_line_pool	Zx.0090_P2	PN3_SID287	25705527	26658526	1
bc1_plus_line_pool	Zx.0090_P2	PN3_SID287	26886365	39866106	0
bc1_plus_line_pool	Zx.0090_P2	PN3_SID287	39882499	45945914	1
bc1_plus_line_pool	Zx.0090_P2	PN3_SID287	45945959	67671304	0
bc1_plus_line_pool	Zx.0090_P2	PN3_SID287	67867292	70530399	1
bc1_plus_line_pool	Zx.0090_P2	PN3_SID287	70530462	89202265	0
bc1_plus_line_pool	Zx.0090_P2	PN3_SID287	89202346	94759223	1
bc1_plus_line_pool	Zx.0090_P2	PN3_SID287	94760952	105217712	0
bc1_plus_line_pool	Zx.0090_P2	PN3_SID287	105390962	109829178	1
bc1_plus_line_pool	Zx.0090_P2	PN3_SID287	110387682	113715836	0
bc1_plus_line_pool	Zx.0090_P2	PN3_SID287	113717336	117252728	1
bc1_plus_line_pool	Zx.0090_P2	PN3_SID287	117253557	122503837	0
bc1_plus_line_pool	Zx.0090_P2	PN3_SID287	122505868	122635587	1
bc1_plus_line_pool	Zx.0090_P2	PN3_SID287	122635630	146662761	0
bc1_plus_line_pool	Zx.0090_P2	PN3_SID287	146662776	146930856	1
bc1_plus_line_pool	Zx.0090_P2	PN3_SID287	147132552	149731432	0
bc1_plus_line_pool	Zx.0090_P2	PN3_SID287	149731435	150087868	1
bc1_plus_line_pool	Zx.0090_P2	PN3_SID287	150110465	152348479	0
bc1_plus_line_pool	Zx.0090_P2	PN3_SID288	123610	2926723	0
bc1_plus_line_pool	Zx.0090_P2	PN3_SID288	2926810	3874441	1
bc1_plus_line_pool	Zx.0090_P2	PN3_SID288	3875056	4972589	0
bc1_plus_line_pool	Zx.0090_P2	PN3_SID288	4972716	8169016	1
bc1_plus_line_pool	Zx.0090_P2	PN3_SID288	8404510	10955708	0
bc1_plus_line_pool	Zx.0090_P2	PN3_SID288	10955711	12107128	1
bc1_plus_line_pool	Zx.0090_P2	PN3_SID288	12107149	22469195	0
bc1_plus_line_pool	Zx.0090_P2	PN3_SID288	22471788	23651734	1
bc1_plus_line_pool	Zx.0090_P2	PN3_SID288	23668533	26658526	0
bc1_plus_line_pool	Zx.0090_P2	PN3_SID288	26886365	35311016	1
bc1_plus_line_pool	Zx.0090_P2	PN3_SID288	35466805	39024643	0
bc1_plus_line_pool	Zx.0090_P2	PN3_SID288	39032679	40693148	1
bc1_plus_line_pool	Zx.0090_P2	PN3_SID288	40872117	56313044	0
bc1_plus_line_pool	Zx.0090_P2	PN3_SID288	56313050	57480868	1
bc1_plus_line_pool	Zx.0090_P2	PN3_SID288	57636616	62847652	0
bc1_plus_line_pool	Zx.0090_P2	PN3_SID288	62847676	63803439	1
bc1_plus_line_pool	Zx.0090_P2	PN3_SID288	64547044	70530463	0
bc1_plus_line_pool	Zx.0090_P2	PN3_SID288	70614423	76021844	1
bc1_plus_line_pool	Zx.0090_P2	PN3_SID288	76021892	80717998	0
bc1_plus_line_pool	Zx.0090_P2	PN3_SID288	80718028	87592194	1
bc1_plus_line_pool	Zx.0090_P2	PN3_SID288	87667788	93527565	0
bc1_plus_line_pool	Zx.0090_P2	PN3_SID288	93527626	93528902	1
bc1_plus_line_pool	Zx.0090_P2	PN3_SID288	93558356	99217798	0
bc1_plus_line_pool	Zx.0090_P2	PN3_SID288	99238763	103909589	1
bc1_plus_line_pool	Zx.0090_P2	PN3_SID288	103911914	105992699	0
bc1_plus_line_pool	Zx.0090_P2	PN3_SID288	106596227	109829178	1
bc1_plus_line_pool	Zx.0090_P2	PN3_SID288	110387682	110388823	2
bc1_plus_line_pool	Zx.0090_P2	PN3_SID288	110694841	113715185	1
bc1_plus_line_pool	Zx.0090_P2	PN3_SID288	113715835	120119863	0
bc1_plus_line_pool	Zx.0090_P2	PN3_SID288	120413434	122502739	2
bc1_plus_line_pool	Zx.0090_P2	PN3_SID288	122502743	123213465	1
bc1_plus_line_pool	Zx.0090_P2	PN3_SID288	123213656	127840813	2
bc1_plus_line_pool	Zx.0090_P2	PN3_SID288	127918234	130921406	1
bc1_plus_line_pool	Zx.0090_P2	PN3_SID288	130921433	132820491	2
bc1_plus_line_pool	Zx.0090_P2	PN3_SID288	132822039	133240691	1
bc1_plus_line_pool	Zx.0090_P2	PN3_SID288	133284574	134961066	2
bc1_plus_line_pool	Zx.0090_P2	PN3_SID288	134961134	141971829	1
bc1_plus_line_pool	Zx.0090_P2	PN3_SID288	142074126	143116537	0
bc1_plus_line_pool	Zx.0090_P2	PN3_SID288	143116646	144626707	1
bc1_plus_line_pool	Zx.0090_P2	PN3_SID288	144645809	144817924	0
bc1_plus_line_pool	Zx.0090_P2	PN3_SID288	144818038	145106731	1
bc1_plus_line_pool	Zx.0090_P2	PN3_SID288	145108331	145560565	0
bc1_plus_line_pool	Zx.0090_P2	PN3_SID288	145652792	147849242	1
bc1_plus_line_pool	Zx.0090_P2	PN3_SID288	147850596	149723633	0
bc1_plus_line_pool	Zx.0090_P2	PN3_SID288	149731398	149731545	1
bc1_plus_line_pool	Zx.0090_P2	PN3_SID288	149731569	152348479	0
bc1_plus_line_pool	Zx.0090_P2	PN4_SID289	475477	2704728	0
bc1_plus_line_pool	Zx.0090_P2	PN4_SID289	2704729	2911756	1
bc1_plus_line_pool	Zx.0090_P2	PN4_SID289	2925707	31958057	0
bc1_plus_line_pool	Zx.0090_P2	PN4_SID289	31958085	34707598	1
bc1_plus_line_pool	Zx.0090_P2	PN4_SID289	34941860	57840277	0
bc1_plus_line_pool	Zx.0090_P2	PN4_SID289	58059973	61770327	1
bc1_plus_line_pool	Zx.0090_P2	PN4_SID289	62636554	67933544	0
bc1_plus_line_pool	Zx.0090_P2	PN4_SID289	68061225	70180674	1
bc1_plus_line_pool	Zx.0090_P2	PN4_SID289	70180731	87829715	0
bc1_plus_line_pool	Zx.0090_P2	PN4_SID289	88216001	89897063	1
bc1_plus_line_pool	Zx.0090_P2	PN4_SID289	89897425	93500822	0
bc1_plus_line_pool	Zx.0090_P2	PN4_SID289	93527275	96879191	1
bc1_plus_line_pool	Zx.0090_P2	PN4_SID289	96879879	99384488	0
bc1_plus_line_pool	Zx.0090_P2	PN4_SID289	99528499	101619869	1
bc1_plus_line_pool	Zx.0090_P2	PN4_SID289	101750162	107856848	0
bc1_plus_line_pool	Zx.0090_P2	PN4_SID289	108345487	113835772	1
bc1_plus_line_pool	Zx.0090_P2	PN4_SID289	113835944	119448137	0
bc1_plus_line_pool	Zx.0090_P2	PN4_SID289	119448538	119448685	1
bc1_plus_line_pool	Zx.0090_P2	PN4_SID289	119598934	121782835	0
bc1_plus_line_pool	Zx.0090_P2	PN4_SID289	121816655	122503065	1
bc1_plus_line_pool	Zx.0090_P2	PN4_SID289	122503101	137735158	0
bc1_plus_line_pool	Zx.0090_P2	PN4_SID289	137738782	148888599	2
bc1_plus_line_pool	Zx.0090_P2	PN4_SID289	148927116	148995520	1
bc1_plus_line_pool	Zx.0090_P2	PN4_SID289	149008104	149454421	2
bc1_plus_line_pool	Zx.0090_P2	PN4_SID289	149459688	152348479	0
bc1_plus_line_pool	Zx.0500_P2	P4309	575540	2704755	2
bc1_plus_line_pool	Zx.0500_P2	P4309	2704761	2705902	1
bc1_plus_line_pool	Zx.0500_P2	P4309	2705922	2707013	2
bc1_plus_line_pool	Zx.0500_P2	P4309	2707103	2709657	1
bc1_plus_line_pool	Zx.0500_P2	P4309	2709863	2711608	2
bc1_plus_line_pool	Zx.0500_P2	P4309	2711848	2713434	1
bc1_plus_line_pool	Zx.0500_P2	P4309	2713481	3971389	2
bc1_plus_line_pool	Zx.0500_P2	P4309	3971391	3975195	1
bc1_plus_line_pool	Zx.0500_P2	P4309	3975223	30657780	2
bc1_plus_line_pool	Zx.0500_P2	P4309	31818014	32130297	1
bc1_plus_line_pool	Zx.0500_P2	P4309	33265293	64386558	2
bc1_plus_line_pool	Zx.0500_P2	P4309	64548403	64925174	1
bc1_plus_line_pool	Zx.0500_P2	P4309	65638631	79491595	2
bc1_plus_line_pool	Zx.0500_P2	P4309	79959331	80708953	1
bc1_plus_line_pool	Zx.0500_P2	P4309	81150296	88315653	2
bc1_plus_line_pool	Zx.0500_P2	P4309	88774091	106866648	0
bc1_plus_line_pool	Zx.0500_P2	P4309	106931550	109480191	1
bc1_plus_line_pool	Zx.0500_P2	P4309	109547888	131067914	0
bc1_plus_line_pool	Zx.0500_P2	P4309	131069328	131072128	1
bc1_plus_line_pool	Zx.0500_P2	P4309	131079944	137196219	0
bc1_plus_line_pool	Zx.0500_P2	P4309	137234691	141323690	1
bc1_plus_line_pool	Zx.0500_P2	P4309	141336161	142068474	2
bc1_plus_line_pool	Zx.0500_P2	P4309	142071110	143906543	1
bc1_plus_line_pool	Zx.0500_P2	P4309	143906915	144689569	2
bc1_plus_line_pool	Zx.0500_P2	P4309	144692332	146277912	1
bc1_plus_line_pool	Zx.0500_P2	P4309	146279004	146661366	2
bc1_plus_line_pool	Zx.0500_P2	P4309	146662504	152283613	0
bc1_plus_line_pool	Zx.0500_P2	P4310	581753	2714255	0
bc1_plus_line_pool	Zx.0500_P2	P4310	2714261	3873922	1
bc1_plus_line_pool	Zx.0500_P2	P4310	3873936	3971986	0
bc1_plus_line_pool	Zx.0500_P2	P4310	3973416	3977992	1
bc1_plus_line_pool	Zx.0500_P2	P4310	3978560	4044596	0
bc1_plus_line_pool	Zx.0500_P2	P4310	4044686	4055712	1
bc1_plus_line_pool	Zx.0500_P2	P4310	4062190	4663396	0
bc1_plus_line_pool	Zx.0500_P2	P4310	4663532	8666936	1
bc1_plus_line_pool	Zx.0500_P2	P4310	9112577	64766671	2
bc1_plus_line_pool	Zx.0500_P2	P4310	64767645	64925174	1
bc1_plus_line_pool	Zx.0500_P2	P4310	64947298	127402586	2
bc1_plus_line_pool	Zx.0500_P2	P4310	127497073	128046885	1
bc1_plus_line_pool	Zx.0500_P2	P4310	128677918	135193520	2
bc1_plus_line_pool	Zx.0500_P2	P4310	135807094	141192957	1
bc1_plus_line_pool	Zx.0500_P2	P4310	141225365	143518826	0
bc1_plus_line_pool	Zx.0500_P2	P4310	143589615	144819111	1
bc1_plus_line_pool	Zx.0500_P2	P4310	144819303	146353614	0
bc1_plus_line_pool	Zx.0500_P2	P4310	146354088	148967019	1
bc1_plus_line_pool	Zx.0500_P2	P4310	148997729	152283613	0
bc1_plus_line_pool	Zx.0500_P2	P4311	575540	8479547	0
bc1_plus_line_pool	Zx.0500_P2	P4311	8524187	11262906	1
bc1_plus_line_pool	Zx.0500_P2	P4311	11359914	33996824	0
bc1_plus_line_pool	Zx.0500_P2	P4311	33996830	37572556	1
bc1_plus_line_pool	Zx.0500_P2	P4311	37572601	64767949	0
bc1_plus_line_pool	Zx.0500_P2	P4311	64768298	64770209	1
bc1_plus_line_pool	Zx.0500_P2	P4311	64903260	80582310	0
bc1_plus_line_pool	Zx.0500_P2	P4311	80582379	85111274	1
bc1_plus_line_pool	Zx.0500_P2	P4311	85112203	104433734	0
bc1_plus_line_pool	Zx.0500_P2	P4311	104433911	105992843	1
bc1_plus_line_pool	Zx.0500_P2	P4311	106204212	107789803	0
bc1_plus_line_pool	Zx.0500_P2	P4311	107944660	111354709	1
bc1_plus_line_pool	Zx.0500_P2	P4311	111493081	114082986	0
bc1_plus_line_pool	Zx.0500_P2	P4311	114465515	116759135	1
bc1_plus_line_pool	Zx.0500_P2	P4311	116759245	123214146	0
bc1_plus_line_pool	Zx.0500_P2	P4311	123215800	124106473	1
bc1_plus_line_pool	Zx.0500_P2	P4311	124186875	138274330	0
bc1_plus_line_pool	Zx.0500_P2	P4311	138274907	141076747	1
bc1_plus_line_pool	Zx.0500_P2	P4311	141192956	143910227	0
bc1_plus_line_pool	Zx.0500_P2	P4311	144077057	144077648	1
bc1_plus_line_pool	Zx.0500_P2	P4311	144226476	152283613	0
bc1_plus_line_pool	Zx.0500_P2	P4313	316188	1257013	1
bc1_plus_line_pool	Zx.0500_P2	P4313	1257328	2911756	0
bc1_plus_line_pool	Zx.0500_P2	P4313	2925137	3322337	1
bc1_plus_line_pool	Zx.0500_P2	P4313	3333950	10142605	0
bc1_plus_line_pool	Zx.0500_P2	P4313	10379158	12501013	1
bc1_plus_line_pool	Zx.0500_P2	P4313	12511211	14388809	0
bc1_plus_line_pool	Zx.0500_P2	P4313	14418485	15250037	1
bc1_plus_line_pool	Zx.0500_P2	P4313	15276928	17041745	0
bc1_plus_line_pool	Zx.0500_P2	P4313	17491179	18566882	1
bc1_plus_line_pool	Zx.0500_P2	P4313	18897237	21427385	0
bc1_plus_line_pool	Zx.0500_P2	P4313	21493422	24052351	2
bc1_plus_line_pool	Zx.0500_P2	P4313	24236354	24437134	0
bc1_plus_line_pool	Zx.0500_P2	P4313	24484394	25095009	1
bc1_plus_line_pool	Zx.0500_P2	P4313	25346939	29993221	2
bc1_plus_line_pool	Zx.0500_P2	P4313	30256662	31826243	1
bc1_plus_line_pool	Zx.0500_P2	P4313	31835968	54427582	2
bc1_plus_line_pool	Zx.0500_P2	P4313	54437386	56555731	1
bc1_plus_line_pool	Zx.0500_P2	P4313	56555860	85111253	2
bc1_plus_line_pool	Zx.0500_P2	P4313	85111273	87745149	1
bc1_plus_line_pool	Zx.0500_P2	P4313	87769986	88881077	2
bc1_plus_line_pool	Zx.0500_P2	P4313	88966118	98971352	1
bc1_plus_line_pool	Zx.0500_P2	P4313	99102040	100804451	0
bc1_plus_line_pool	Zx.0500_P2	P4313	100811791	106596343	1
bc1_plus_line_pool	Zx.0500_P2	P4313	106602695	107254822	0
bc1_plus_line_pool	Zx.0500_P2	P4313	107254918	141389760	1
bc1_plus_line_pool	Zx.0500_P2	P4313	141396384	142292728	2
bc1_plus_line_pool	Zx.0500_P2	P4313	142292923	143798045	1
bc1_plus_line_pool	Zx.0500_P2	P4313	143798110	144771313	0
bc1_plus_line_pool	Zx.0500_P2	P4313	144818342	145100152	1
bc1_plus_line_pool	Zx.0500_P2	P4313	145105617	148785882	0
bc1_plus_line_pool	Zx.0500_P2	P4313	148785883	148964489	1
bc1_plus_line_pool	Zx.0500_P2	P4313	148964878	152283613	0
bc1_plus_line_pool	Zx.0500_P2	P4314	316188	3039183	0
bc1_plus_line_pool	Zx.0500_P2	P4314	3319364	3533557	1
bc1_plus_line_pool	Zx.0500_P2	P4314	3534014	46680441	0
bc1_plus_line_pool	Zx.0500_P2	P4314	46832704	48548345	1
bc1_plus_line_pool	Zx.0500_P2	P4314	49815077	59460070	0
bc1_plus_line_pool	Zx.0500_P2	P4314	59543175	60855148	1
bc1_plus_line_pool	Zx.0500_P2	P4314	60987341	80334254	0
bc1_plus_line_pool	Zx.0500_P2	P4314	80582336	81756771	1
bc1_plus_line_pool	Zx.0500_P2	P4314	81766904	98043730	0
bc1_plus_line_pool	Zx.0500_P2	P4314	98044074	98044143	1
bc1_plus_line_pool	Zx.0500_P2	P4314	98169659	104091233	0
bc1_plus_line_pool	Zx.0500_P2	P4314	104433911	106596343	1
bc1_plus_line_pool	Zx.0500_P2	P4314	106602695	107789715	0
bc1_plus_line_pool	Zx.0500_P2	P4314	107856390	109829099	1
bc1_plus_line_pool	Zx.0500_P2	P4314	110387988	123161439	0
bc1_plus_line_pool	Zx.0500_P2	P4314	123215800	124106473	1
bc1_plus_line_pool	Zx.0500_P2	P4314	124163856	138251343	0
bc1_plus_line_pool	Zx.0500_P2	P4314	138274791	141076990	1
bc1_plus_line_pool	Zx.0500_P2	P4314	141323689	146388966	0
bc1_plus_line_pool	Zx.0500_P2	P4314	146661654	148820117	1
bc1_plus_line_pool	Zx.0500_P2	P4314	148959627	152283534	0
bc1_plus_line_pool	Zx.0500_P2	P4315	316188	1256849	1
bc1_plus_line_pool	Zx.0500_P2	P4315	1256896	3018943	0
bc1_plus_line_pool	Zx.0500_P2	P4315	3029128	4019748	1
bc1_plus_line_pool	Zx.0500_P2	P4315	4020041	12584153	0
bc1_plus_line_pool	Zx.0500_P2	P4315	12643785	16469431	1
bc1_plus_line_pool	Zx.0500_P2	P4315	16489566	139833103	0
bc1_plus_line_pool	Zx.0500_P2	P4315	139852562	143112850	1
bc1_plus_line_pool	Zx.0500_P2	P4315	143167471	152201696	0
bc1_plus_line_pool	Zx.0500_P2	P4316	316188	1257013	1
bc1_plus_line_pool	Zx.0500_P2	P4316	1257328	3028597	0
bc1_plus_line_pool	Zx.0500_P2	P4316	3029128	3873937	1
bc1_plus_line_pool	Zx.0500_P2	P4316	3874058	16334755	0
bc1_plus_line_pool	Zx.0500_P2	P4316	16468472	16470216	1
bc1_plus_line_pool	Zx.0500_P2	P4316	16479869	31950559	0
bc1_plus_line_pool	Zx.0500_P2	P4316	31957735	32130407	1
bc1_plus_line_pool	Zx.0500_P2	P4316	32490050	54437394	0
bc1_plus_line_pool	Zx.0500_P2	P4316	54438253	54832164	1
bc1_plus_line_pool	Zx.0500_P2	P4316	54832173	64766671	0
bc1_plus_line_pool	Zx.0500_P2	P4316	64767645	64770046	2
bc1_plus_line_pool	Zx.0500_P2	P4316	64770082	118814298	0
bc1_plus_line_pool	Zx.0500_P2	P4316	118866985	119811818	1
bc1_plus_line_pool	Zx.0500_P2	P4316	120092205	142902443	0
bc1_plus_line_pool	Zx.0500_P2	P4316	143112485	143112884	1
bc1_plus_line_pool	Zx.0500_P2	P4316	143116527	152283613	0
bc1_plus_line_pool	Zx.0500_P2	P4317	316188	3018943	0
bc1_plus_line_pool	Zx.0500_P2	P4317	3028387	3922863	1
bc1_plus_line_pool	Zx.0500_P2	P4317	3929170	5372031	0
bc1_plus_line_pool	Zx.0500_P2	P4317	5517177	5955518	1
bc1_plus_line_pool	Zx.0500_P2	P4317	5976229	16461982	0
bc1_plus_line_pool	Zx.0500_P2	P4317	16468472	16470216	1
bc1_plus_line_pool	Zx.0500_P2	P4317	16479869	30873105	0
bc1_plus_line_pool	Zx.0500_P2	P4317	31817836	32129859	1
bc1_plus_line_pool	Zx.0500_P2	P4317	32129867	36167807	0
bc1_plus_line_pool	Zx.0500_P2	P4317	36371976	36630220	1
bc1_plus_line_pool	Zx.0500_P2	P4317	36631309	39259447	0
bc1_plus_line_pool	Zx.0500_P2	P4317	39260440	41026045	1
bc1_plus_line_pool	Zx.0500_P2	P4317	41523278	64767775	0
bc1_plus_line_pool	Zx.0500_P2	P4317	64767790	64770209	2
bc1_plus_line_pool	Zx.0500_P2	P4317	64911033	79599820	0
bc1_plus_line_pool	Zx.0500_P2	P4317	79840495	80131338	2
bc1_plus_line_pool	Zx.0500_P2	P4317	80131338	90421147	1
bc1_plus_line_pool	Zx.0500_P2	P4317	90421147	91765593	2
bc1_plus_line_pool	Zx.0500_P2	P4317	92040583	98470281	1
bc1_plus_line_pool	Zx.0500_P2	P4317	98470309	99240345	0
bc1_plus_line_pool	Zx.0500_P2	P4317	99465470	101340525	1
bc1_plus_line_pool	Zx.0500_P2	P4317	101340837	102531762	2
bc1_plus_line_pool	Zx.0500_P2	P4317	102647027	106596245	1
bc1_plus_line_pool	Zx.0500_P2	P4317	106596342	107253966	0
bc1_plus_line_pool	Zx.0500_P2	P4317	107253979	108427960	1
bc1_plus_line_pool	Zx.0500_P2	P4317	108463269	119189159	2
bc1_plus_line_pool	Zx.0500_P2	P4317	119190151	122364391	1
bc1_plus_line_pool	Zx.0500_P2	P4317	122375298	122502850	2
bc1_plus_line_pool	Zx.0500_P2	P4317	122502852	128677919	1
bc1_plus_line_pool	Zx.0500_P2	P4317	128678016	129777292	2
bc1_plus_line_pool	Zx.0500_P2	P4317	129884162	131814296	0
bc1_plus_line_pool	Zx.0500_P2	P4317	131926809	137196219	1
bc1_plus_line_pool	Zx.0500_P2	P4317	137234691	139350706	0
bc1_plus_line_pool	Zx.0500_P2	P4317	139403207	141076990	1
bc1_plus_line_pool	Zx.0500_P2	P4317	141079964	142902443	0
bc1_plus_line_pool	Zx.0500_P2	P4317	143112485	143112884	1
bc1_plus_line_pool	Zx.0500_P2	P4317	143116007	145088465	0
bc1_plus_line_pool	Zx.0500_P2	P4317	145099678	145100211	1
bc1_plus_line_pool	Zx.0500_P2	P4317	145105617	146388966	0
bc1_plus_line_pool	Zx.0500_P2	P4317	146586726	148788963	1
bc1_plus_line_pool	Zx.0500_P2	P4317	148820064	152283613	0
bc1_plus_line_pool	Zx.0500_P2	P4318	316221	33996831	0
bc1_plus_line_pool	Zx.0500_P2	P4318	34030183	35613978	1
bc1_plus_line_pool	Zx.0500_P2	P4318	35614325	44601090	0
bc1_plus_line_pool	Zx.0500_P2	P4318	45178486	45945047	1
bc1_plus_line_pool	Zx.0500_P2	P4318	45945050	61693374	0
bc1_plus_line_pool	Zx.0500_P2	P4318	61792947	64769836	1
bc1_plus_line_pool	Zx.0500_P2	P4318	64769923	80334174	0
bc1_plus_line_pool	Zx.0500_P2	P4318	80582336	80708953	1
bc1_plus_line_pool	Zx.0500_P2	P4318	80715268	97531358	0
bc1_plus_line_pool	Zx.0500_P2	P4318	97531368	97531878	1
bc1_plus_line_pool	Zx.0500_P2	P4318	97532317	101984485	0
bc1_plus_line_pool	Zx.0500_P2	P4318	101984636	105919971	1
bc1_plus_line_pool	Zx.0500_P2	P4318	105950125	110388401	0
bc1_plus_line_pool	Zx.0500_P2	P4318	110388450	110389369	1
bc1_plus_line_pool	Zx.0500_P2	P4318	110389394	122364349	0
bc1_plus_line_pool	Zx.0500_P2	P4318	122364390	122516786	1
bc1_plus_line_pool	Zx.0500_P2	P4318	122516804	130908073	0
bc1_plus_line_pool	Zx.0500_P2	P4318	130909536	131262443	1
bc1_plus_line_pool	Zx.0500_P2	P4318	131263141	143518826	0
bc1_plus_line_pool	Zx.0500_P2	P4318	143589615	144077117	1
bc1_plus_line_pool	Zx.0500_P2	P4318	144077395	148702137	0
bc1_plus_line_pool	Zx.0500_P2	P4318	148776372	148967140	1
bc1_plus_line_pool	Zx.0500_P2	P4318	148997729	152268093	0
bc1_plus_line_pool	Zx.0500_P2	P4319	316188	2911756	0
bc1_plus_line_pool	Zx.0500_P2	P4319	2925137	2926723	2
bc1_plus_line_pool	Zx.0500_P2	P4319	2997312	15647679	0
bc1_plus_line_pool	Zx.0500_P2	P4319	15663221	16334755	1
bc1_plus_line_pool	Zx.0500_P2	P4319	16467836	30657563	0
bc1_plus_line_pool	Zx.0500_P2	P4319	31817836	31818055	1
bc1_plus_line_pool	Zx.0500_P2	P4319	31818246	59460070	0
bc1_plus_line_pool	Zx.0500_P2	P4319	59543175	61797690	1
bc1_plus_line_pool	Zx.0500_P2	P4319	61797857	97531083	0
bc1_plus_line_pool	Zx.0500_P2	P4319	97531222	98042690	1
bc1_plus_line_pool	Zx.0500_P2	P4319	98044074	104962311	0
bc1_plus_line_pool	Zx.0500_P2	P4319	104962321	107383838	1
bc1_plus_line_pool	Zx.0500_P2	P4319	107426139	110387775	0
bc1_plus_line_pool	Zx.0500_P2	P4319	110387988	110389558	1
bc1_plus_line_pool	Zx.0500_P2	P4319	110390657	115961021	0
bc1_plus_line_pool	Zx.0500_P2	P4319	116200434	116201664	1
bc1_plus_line_pool	Zx.0500_P2	P4319	116213059	122502647	0
bc1_plus_line_pool	Zx.0500_P2	P4319	122502681	122516482	1
bc1_plus_line_pool	Zx.0500_P2	P4319	122569789	125491149	0
bc1_plus_line_pool	Zx.0500_P2	P4319	125664750	127630325	1
bc1_plus_line_pool	Zx.0500_P2	P4319	127683720	144818157	0
bc1_plus_line_pool	Zx.0500_P2	P4319	144818252	146068709	1
bc1_plus_line_pool	Zx.0500_P2	P4319	146274626	152203980	0
bc1_plus_line_pool	Zx.0500_P2	PN4_SID341	316188	2704565	2
bc1_plus_line_pool	Zx.0500_P2	PN4_SID341	2704573	2705356	1
bc1_plus_line_pool	Zx.0500_P2	PN4_SID341	2705368	2708084	2
bc1_plus_line_pool	Zx.0500_P2	PN4_SID341	2708089	2708423	1
bc1_plus_line_pool	Zx.0500_P2	PN4_SID341	2708423	2711608	2
bc1_plus_line_pool	Zx.0500_P2	PN4_SID341	2711848	2714819	1
bc1_plus_line_pool	Zx.0500_P2	PN4_SID341	2714929	3971625	2
bc1_plus_line_pool	Zx.0500_P2	PN4_SID341	3971625	3976318	1
bc1_plus_line_pool	Zx.0500_P2	PN4_SID341	3976322	6008843	2
bc1_plus_line_pool	Zx.0500_P2	PN4_SID341	6010325	32002509	1
bc1_plus_line_pool	Zx.0500_P2	PN4_SID341	32111172	33265294	0
bc1_plus_line_pool	Zx.0500_P2	PN4_SID341	33265386	74299624	1
bc1_plus_line_pool	Zx.0500_P2	PN4_SID341	74346269	74709471	2
bc1_plus_line_pool	Zx.0500_P2	PN4_SID341	74709515	80708699	1
bc1_plus_line_pool	Zx.0500_P2	PN4_SID341	80708831	81353967	0
bc1_plus_line_pool	Zx.0500_P2	PN4_SID341	81737506	83942990	1
bc1_plus_line_pool	Zx.0500_P2	PN4_SID341	84498046	109828417	0
bc1_plus_line_pool	Zx.0500_P2	PN4_SID341	109828958	110388451	1
bc1_plus_line_pool	Zx.0500_P2	PN4_SID341	110388482	125491247	0
bc1_plus_line_pool	Zx.0500_P2	PN4_SID341	125664604	125783894	1
bc1_plus_line_pool	Zx.0500_P2	PN4_SID341	126037280	127918566	0
bc1_plus_line_pool	Zx.0500_P2	PN4_SID341	127918576	128852533	1
bc1_plus_line_pool	Zx.0500_P2	PN4_SID341	128962043	134439605	0
bc1_plus_line_pool	Zx.0500_P2	PN4_SID341	134569708	135078463	1
bc1_plus_line_pool	Zx.0500_P2	PN4_SID341	135117649	143590099	0
bc1_plus_line_pool	Zx.0500_P2	PN4_SID341	143590131	143802951	1
bc1_plus_line_pool	Zx.0500_P2	PN4_SID341	143803220	144937527	0
bc1_plus_line_pool	Zx.0500_P2	PN4_SID341	145029320	145100152	1
bc1_plus_line_pool	Zx.0500_P2	PN4_SID341	145105617	146661738	0
bc1_plus_line_pool	Zx.0500_P2	PN4_SID341	146662239	148967140	1
bc1_plus_line_pool	Zx.0500_P2	PN4_SID341	148997729	152283534	2
bc1_plus_line_pool	Zx.0500_P2	PN4_SID342	316188	1256777	1
bc1_plus_line_pool	Zx.0500_P2	PN4_SID342	1256804	2710388	0
bc1_plus_line_pool	Zx.0500_P2	PN4_SID342	2711054	3002704	1
bc1_plus_line_pool	Zx.0500_P2	PN4_SID342	3012674	3930274	0
bc1_plus_line_pool	Zx.0500_P2	PN4_SID342	3930280	3971500	1
bc1_plus_line_pool	Zx.0500_P2	PN4_SID342	3971506	3975171	0
bc1_plus_line_pool	Zx.0500_P2	PN4_SID342	3975181	4008418	1
bc1_plus_line_pool	Zx.0500_P2	PN4_SID342	4008438	5955250	0
bc1_plus_line_pool	Zx.0500_P2	PN4_SID342	5976229	30657780	2
bc1_plus_line_pool	Zx.0500_P2	PN4_SID342	31817836	33056024	0
bc1_plus_line_pool	Zx.0500_P2	PN4_SID342	33265293	35584191	2
bc1_plus_line_pool	Zx.0500_P2	PN4_SID342	35611982	37903072	1
bc1_plus_line_pool	Zx.0500_P2	PN4_SID342	37903108	45178673	2
bc1_plus_line_pool	Zx.0500_P2	PN4_SID342	45178781	45945555	1
bc1_plus_line_pool	Zx.0500_P2	PN4_SID342	45945618	79841219	2
bc1_plus_line_pool	Zx.0500_P2	PN4_SID342	79959364	80715343	0
bc1_plus_line_pool	Zx.0500_P2	PN4_SID342	80799386	89202302	1
bc1_plus_line_pool	Zx.0500_P2	PN4_SID342	89202314	94789070	0
bc1_plus_line_pool	Zx.0500_P2	PN4_SID342	94789102	94789502	1
bc1_plus_line_pool	Zx.0500_P2	PN4_SID342	94789504	107856554	0
bc1_plus_line_pool	Zx.0500_P2	PN4_SID342	107856782	108355651	1
bc1_plus_line_pool	Zx.0500_P2	PN4_SID342	108419243	118813362	0
bc1_plus_line_pool	Zx.0500_P2	PN4_SID342	118813412	118814297	1
bc1_plus_line_pool	Zx.0500_P2	PN4_SID342	118814297	123265094	0
bc1_plus_line_pool	Zx.0500_P2	PN4_SID342	123266577	123568017	1
bc1_plus_line_pool	Zx.0500_P2	PN4_SID342	123901357	127918653	0
bc1_plus_line_pool	Zx.0500_P2	PN4_SID342	127918704	128046885	1
bc1_plus_line_pool	Zx.0500_P2	PN4_SID342	128217658	139935836	0
bc1_plus_line_pool	Zx.0500_P2	PN4_SID342	139936245	140319294	1
bc1_plus_line_pool	Zx.0500_P2	PN4_SID342	140615271	148963676	2
bc1_plus_line_pool	Zx.0500_P2	PN4_SID342	148964224	148967140	1
bc1_plus_line_pool	Zx.0500_P2	PN4_SID342	148992105	152283613	2
bc1_plus_line_pool	Zx.0500_P2	PN4_SID343	316188	32002509	0
bc1_plus_line_pool	Zx.0500_P2	PN4_SID343	32128043	32130297	1
bc1_plus_line_pool	Zx.0500_P2	PN4_SID343	32130326	45719114	0
bc1_plus_line_pool	Zx.0500_P2	PN4_SID343	45944916	45945282	1
bc1_plus_line_pool	Zx.0500_P2	PN4_SID343	45945282	64766671	0
bc1_plus_line_pool	Zx.0500_P2	PN4_SID343	64767645	64769230	1
bc1_plus_line_pool	Zx.0500_P2	PN4_SID343	64769233	97531240	0
bc1_plus_line_pool	Zx.0500_P2	PN4_SID343	97531250	97531608	1
bc1_plus_line_pool	Zx.0500_P2	PN4_SID343	97531853	104964598	0
bc1_plus_line_pool	Zx.0500_P2	PN4_SID343	104964703	104965218	1
bc1_plus_line_pool	Zx.0500_P2	PN4_SID343	104965239	147838981	0
bc1_plus_line_pool	Zx.0500_P2	PN4_SID343	147838983	150087813	1
bc1_plus_line_pool	Zx.0500_P2	PN4_SID343	150093190	152283613	0
bc1_plus_line_pool	Zx.0500_P2	PN4_SID344	575540	60854612	0
bc1_plus_line_pool	Zx.0500_P2	PN4_SID344	60854637	60855018	1
bc1_plus_line_pool	Zx.0500_P2	PN4_SID344	60855108	122516437	0
bc1_plus_line_pool	Zx.0500_P2	PN4_SID344	122516596	122516855	1
bc1_plus_line_pool	Zx.0500_P2	PN4_SID344	122563884	138918403	0
bc1_plus_line_pool	Zx.0500_P2	PN4_SID344	138918406	139936615	1
bc1_plus_line_pool	Zx.0500_P2	PN4_SID344	139970027	152283613	0
bc1_plus_line_pool	Zx.0500_P2	PN4_SID345	316188	12953208	0
bc1_plus_line_pool	Zx.0500_P2	PN4_SID345	13103282	13103615	1
bc1_plus_line_pool	Zx.0500_P2	PN4_SID345	13121362	16271307	0
bc1_plus_line_pool	Zx.0500_P2	PN4_SID345	16291357	16325090	1
bc1_plus_line_pool	Zx.0500_P2	PN4_SID345	16461981	32111173	0
bc1_plus_line_pool	Zx.0500_P2	PN4_SID345	32126387	34030864	1
bc1_plus_line_pool	Zx.0500_P2	PN4_SID345	34330366	48202372	0
bc1_plus_line_pool	Zx.0500_P2	PN4_SID345	48548077	48548345	1
bc1_plus_line_pool	Zx.0500_P2	PN4_SID345	49165406	58209479	0
bc1_plus_line_pool	Zx.0500_P2	PN4_SID345	58209479	58209902	1
bc1_plus_line_pool	Zx.0500_P2	PN4_SID345	58226372	62653725	0
bc1_plus_line_pool	Zx.0500_P2	PN4_SID345	62847650	62847810	1
bc1_plus_line_pool	Zx.0500_P2	PN4_SID345	62897506	97531971	0
bc1_plus_line_pool	Zx.0500_P2	PN4_SID345	97532069	97532305	1
bc1_plus_line_pool	Zx.0500_P2	PN4_SID345	97532317	99239631	0
bc1_plus_line_pool	Zx.0500_P2	PN4_SID345	99239654	99240345	1
bc1_plus_line_pool	Zx.0500_P2	PN4_SID345	99465470	106487165	0
bc1_plus_line_pool	Zx.0500_P2	PN4_SID345	106595557	107119978	1
bc1_plus_line_pool	Zx.0500_P2	PN4_SID345	107120839	110388066	0
bc1_plus_line_pool	Zx.0500_P2	PN4_SID345	110388194	110388451	1
bc1_plus_line_pool	Zx.0500_P2	PN4_SID345	110388822	122516482	0
bc1_plus_line_pool	Zx.0500_P2	PN4_SID345	122516596	122516855	1
bc1_plus_line_pool	Zx.0500_P2	PN4_SID345	122563884	146661684	0
bc1_plus_line_pool	Zx.0500_P2	PN4_SID345	146661687	148788963	1
bc1_plus_line_pool	Zx.0500_P2	PN4_SID345	148791361	149656061	0
bc1_plus_line_pool	Zx.0500_P2	PN4_SID345	149671175	149703524	1
bc1_plus_line_pool	Zx.0500_P2	PN4_SID345	149704251	152283613	0
bc1_plus_line_pool	Zx.0500_P2	PN4_SID346	316188	3194779	0
bc1_plus_line_pool	Zx.0500_P2	PN4_SID346	3319638	3874141	1
bc1_plus_line_pool	Zx.0500_P2	PN4_SID346	3922841	11190403	0
bc1_plus_line_pool	Zx.0500_P2	PN4_SID346	11250513	11263829	1
bc1_plus_line_pool	Zx.0500_P2	PN4_SID346	11263879	31950559	0
bc1_plus_line_pool	Zx.0500_P2	PN4_SID346	31957735	32130327	1
bc1_plus_line_pool	Zx.0500_P2	PN4_SID346	32130371	72948718	0
bc1_plus_line_pool	Zx.0500_P2	PN4_SID346	72950791	72951193	1
bc1_plus_line_pool	Zx.0500_P2	PN4_SID346	72955055	80127936	0
bc1_plus_line_pool	Zx.0500_P2	PN4_SID346	80131105	80708953	1
bc1_plus_line_pool	Zx.0500_P2	PN4_SID346	80715268	88792562	0
bc1_plus_line_pool	Zx.0500_P2	PN4_SID346	88880507	97525792	2
bc1_plus_line_pool	Zx.0500_P2	PN4_SID346	97531459	97675783	1
bc1_plus_line_pool	Zx.0500_P2	PN4_SID346	97762984	102647093	2
bc1_plus_line_pool	Zx.0500_P2	PN4_SID346	103004778	104093846	0
bc1_plus_line_pool	Zx.0500_P2	PN4_SID346	104093963	106596245	1
bc1_plus_line_pool	Zx.0500_P2	PN4_SID346	106596342	107355444	0
bc1_plus_line_pool	Zx.0500_P2	PN4_SID346	107355444	116492695	2
bc1_plus_line_pool	Zx.0500_P2	PN4_SID346	116759215	116873790	1
bc1_plus_line_pool	Zx.0500_P2	PN4_SID346	116873793	131513834	2
bc1_plus_line_pool	Zx.0500_P2	PN4_SID346	131739343	138251343	1
bc1_plus_line_pool	Zx.0500_P2	PN4_SID346	138262706	152283613	0
bc1_plus_line_pool	Zx.0500_P2	PN4_SID347	316188	1463391	1
bc1_plus_line_pool	Zx.0500_P2	PN4_SID347	1536274	2704666	0
bc1_plus_line_pool	Zx.0500_P2	PN4_SID347	2704668	2708245	1
bc1_plus_line_pool	Zx.0500_P2	PN4_SID347	2708260	5023717	0
bc1_plus_line_pool	Zx.0500_P2	PN4_SID347	5023733	6627839	1
bc1_plus_line_pool	Zx.0500_P2	PN4_SID347	6772059	16461982	0
bc1_plus_line_pool	Zx.0500_P2	PN4_SID347	16467836	16470216	1
bc1_plus_line_pool	Zx.0500_P2	PN4_SID347	16479869	99102041	0
bc1_plus_line_pool	Zx.0500_P2	PN4_SID347	99239233	99239872	1
bc1_plus_line_pool	Zx.0500_P2	PN4_SID347	99239884	109828417	0
bc1_plus_line_pool	Zx.0500_P2	PN4_SID347	109828647	110389558	1
bc1_plus_line_pool	Zx.0500_P2	PN4_SID347	110390657	137638524	0
bc1_plus_line_pool	Zx.0500_P2	PN4_SID347	138033147	140319294	2
bc1_plus_line_pool	Zx.0500_P2	PN4_SID347	140323516	141833529	1
bc1_plus_line_pool	Zx.0500_P2	PN4_SID347	142068464	142644223	2
bc1_plus_line_pool	Zx.0500_P2	PN4_SID347	142645088	144818157	1
bc1_plus_line_pool	Zx.0500_P2	PN4_SID347	144818252	145100003	2
bc1_plus_line_pool	Zx.0500_P2	PN4_SID347	145100009	146354330	1
bc1_plus_line_pool	Zx.0500_P2	PN4_SID347	146354385	146387541	2
bc1_plus_line_pool	Zx.0500_P2	PN4_SID347	146387542	147851039	1
bc1_plus_line_pool	Zx.0500_P2	PN4_SID347	147926824	152283613	0
bc1_plus_line_pool	Zx.0500_P2	PN4_SID348	316188	1408054	1
bc1_plus_line_pool	Zx.0500_P2	PN4_SID348	1422103	2709808	0
bc1_plus_line_pool	Zx.0500_P2	PN4_SID348	2710288	2926723	1
bc1_plus_line_pool	Zx.0500_P2	PN4_SID348	2985825	14607207	0
bc1_plus_line_pool	Zx.0500_P2	PN4_SID348	14607383	15250037	1
bc1_plus_line_pool	Zx.0500_P2	PN4_SID348	15276928	32129907	0
bc1_plus_line_pool	Zx.0500_P2	PN4_SID348	32130021	32130380	1
bc1_plus_line_pool	Zx.0500_P2	PN4_SID348	32130398	45719114	0
bc1_plus_line_pool	Zx.0500_P2	PN4_SID348	45944916	45945836	1
bc1_plus_line_pool	Zx.0500_P2	PN4_SID348	45945883	61792545	0
bc1_plus_line_pool	Zx.0500_P2	PN4_SID348	61795077	64770046	1
bc1_plus_line_pool	Zx.0500_P2	PN4_SID348	64770207	96880463	0
bc1_plus_line_pool	Zx.0500_P2	PN4_SID348	96940631	97531487	1
bc1_plus_line_pool	Zx.0500_P2	PN4_SID348	97532069	127803041	0
bc1_plus_line_pool	Zx.0500_P2	PN4_SID348	127918234	128046832	1
bc1_plus_line_pool	Zx.0500_P2	PN4_SID348	128217658	144818157	0
bc1_plus_line_pool	Zx.0500_P2	PN4_SID348	144818252	145251097	1
bc1_plus_line_pool	Zx.0500_P2	PN4_SID348	145263549	149616494	0
bc1_plus_line_pool	Zx.0500_P2	PN4_SID348	149649159	150087813	1
bc1_plus_line_pool	Zx.0500_P2	PN4_SID348	150093190	152283534	0
bc1_plus_line_pool	Zx.0500_P2	PN4_SID349	575540	1256849	1
bc1_plus_line_pool	Zx.0500_P2	PN4_SID349	1256907	2640908	0
bc1_plus_line_pool	Zx.0500_P2	PN4_SID349	2704558	2707104	1
bc1_plus_line_pool	Zx.0500_P2	PN4_SID349	2707297	2822164	0
bc1_plus_line_pool	Zx.0500_P2	PN4_SID349	2925137	3533690	1
bc1_plus_line_pool	Zx.0500_P2	PN4_SID349	3533841	3971392	0
bc1_plus_line_pool	Zx.0500_P2	PN4_SID349	3971423	3973971	1
bc1_plus_line_pool	Zx.0500_P2	PN4_SID349	3974015	4592296	0
bc1_plus_line_pool	Zx.0500_P2	PN4_SID349	4592328	5022548	1
bc1_plus_line_pool	Zx.0500_P2	PN4_SID349	5022611	6887080	0
bc1_plus_line_pool	Zx.0500_P2	PN4_SID349	6887118	7368807	1
bc1_plus_line_pool	Zx.0500_P2	PN4_SID349	7368882	15133980	0
bc1_plus_line_pool	Zx.0500_P2	PN4_SID349	15239109	18566711	1
bc1_plus_line_pool	Zx.0500_P2	PN4_SID349	18766817	22699895	0
bc1_plus_line_pool	Zx.0500_P2	PN4_SID349	22875071	22875258	1
bc1_plus_line_pool	Zx.0500_P2	PN4_SID349	22923629	30873105	0
bc1_plus_line_pool	Zx.0500_P2	PN4_SID349	31817836	33989391	1
bc1_plus_line_pool	Zx.0500_P2	PN4_SID349	34414446	38056092	0
bc1_plus_line_pool	Zx.0500_P2	PN4_SID349	38058771	38727848	1
bc1_plus_line_pool	Zx.0500_P2	PN4_SID349	39174965	54057351	0
bc1_plus_line_pool	Zx.0500_P2	PN4_SID349	54133664	55146749	1
bc1_plus_line_pool	Zx.0500_P2	PN4_SID349	55195082	64503520	0
bc1_plus_line_pool	Zx.0500_P2	PN4_SID349	64543988	64770032	1
bc1_plus_line_pool	Zx.0500_P2	PN4_SID349	64903260	110387739	0
bc1_plus_line_pool	Zx.0500_P2	PN4_SID349	110387988	110389558	1
bc1_plus_line_pool	Zx.0500_P2	PN4_SID349	110390657	122516482	0
bc1_plus_line_pool	Zx.0500_P2	PN4_SID349	122516596	122637391	1
bc1_plus_line_pool	Zx.0500_P2	PN4_SID349	122647760	127918503	0
bc1_plus_line_pool	Zx.0500_P2	PN4_SID349	127918504	127918859	1
bc1_plus_line_pool	Zx.0500_P2	PN4_SID349	127918910	139836175	0
bc1_plus_line_pool	Zx.0500_P2	PN4_SID349	139852562	139936615	1
bc1_plus_line_pool	Zx.0500_P2	PN4_SID349	139970027	144077062	0
bc1_plus_line_pool	Zx.0500_P2	PN4_SID349	144077069	144319671	1
bc1_plus_line_pool	Zx.0500_P2	PN4_SID349	144350937	146343181	0
bc1_plus_line_pool	Zx.0500_P2	PN4_SID349	146343881	146365453	1
bc1_plus_line_pool	Zx.0500_P2	PN4_SID349	146378672	149649160	0
bc1_plus_line_pool	Zx.0500_P2	PN4_SID349	149655983	151633091	1
bc1_plus_line_pool	Zx.0500_P2	PN4_SID349	151646028	152268093	0
bc1_plus_line_pool	Zx.0500_P2	PN4_SID350	316188	2705848	0
bc1_plus_line_pool	Zx.0500_P2	PN4_SID350	2705871	2707441	1
bc1_plus_line_pool	Zx.0500_P2	PN4_SID350	2707445	2711924	0
bc1_plus_line_pool	Zx.0500_P2	PN4_SID350	2711980	2712509	2
bc1_plus_line_pool	Zx.0500_P2	PN4_SID350	2713132	3335514	1
bc1_plus_line_pool	Zx.0500_P2	PN4_SID350	3533556	12938049	0
bc1_plus_line_pool	Zx.0500_P2	PN4_SID350	12941690	12943423	1
bc1_plus_line_pool	Zx.0500_P2	PN4_SID350	12943423	15133980	0
bc1_plus_line_pool	Zx.0500_P2	PN4_SID350	15239109	17491295	1
bc1_plus_line_pool	Zx.0500_P2	PN4_SID350	17491306	32002509	0
bc1_plus_line_pool	Zx.0500_P2	PN4_SID350	32128131	32130380	1
bc1_plus_line_pool	Zx.0500_P2	PN4_SID350	32130398	39182248	0
bc1_plus_line_pool	Zx.0500_P2	PN4_SID350	39208833	39208947	1
bc1_plus_line_pool	Zx.0500_P2	PN4_SID350	39208968	45717999	0
bc1_plus_line_pool	Zx.0500_P2	PN4_SID350	45944916	45945283	1
bc1_plus_line_pool	Zx.0500_P2	PN4_SID350	45945420	64768628	0
bc1_plus_line_pool	Zx.0500_P2	PN4_SID350	64769050	64770134	1
bc1_plus_line_pool	Zx.0500_P2	PN4_SID350	64770207	74709253	0
bc1_plus_line_pool	Zx.0500_P2	PN4_SID350	74709315	74709816	1
bc1_plus_line_pool	Zx.0500_P2	PN4_SID350	74709823	94789058	0
bc1_plus_line_pool	Zx.0500_P2	PN4_SID350	94789058	94789502	1
bc1_plus_line_pool	Zx.0500_P2	PN4_SID350	94789504	97479015	0
bc1_plus_line_pool	Zx.0500_P2	PN4_SID350	97531082	97531878	2
bc1_plus_line_pool	Zx.0500_P2	PN4_SID350	97531899	99102041	0
bc1_plus_line_pool	Zx.0500_P2	PN4_SID350	99239233	99240345	2
bc1_plus_line_pool	Zx.0500_P2	PN4_SID350	99465470	109669500	0
bc1_plus_line_pool	Zx.0500_P2	PN4_SID350	109828245	109829099	1
bc1_plus_line_pool	Zx.0500_P2	PN4_SID350	109841872	127918503	0
bc1_plus_line_pool	Zx.0500_P2	PN4_SID350	127918504	128046885	1
bc1_plus_line_pool	Zx.0500_P2	PN4_SID350	128217658	139901392	0
bc1_plus_line_pool	Zx.0500_P2	PN4_SID350	139935835	141339152	1
bc1_plus_line_pool	Zx.0500_P2	PN4_SID350	141390449	143310053	0
bc1_plus_line_pool	Zx.0500_P2	PN4_SID350	143589615	144459030	1
bc1_plus_line_pool	Zx.0500_P2	PN4_SID350	144533649	146662913	0
bc1_plus_line_pool	Zx.0500_P2	PN4_SID350	146662921	150087813	1
bc1_plus_line_pool	Zx.0500_P2	PN4_SID350	150093190	151513881	0
bc1_plus_line_pool	Zx.0500_P2	PN4_SID350	151515143	152283613	1
bc1_plus_line_pool	Zx.0500_P2	PN4_SID351	316188	2704574	0
bc1_plus_line_pool	Zx.0500_P2	PN4_SID351	2704740	2709042	1
bc1_plus_line_pool	Zx.0500_P2	PN4_SID351	2709054	2822219	0
bc1_plus_line_pool	Zx.0500_P2	PN4_SID351	2911755	3971348	1
bc1_plus_line_pool	Zx.0500_P2	PN4_SID351	3971351	4044725	0
bc1_plus_line_pool	Zx.0500_P2	PN4_SID351	4044744	4045006	1
bc1_plus_line_pool	Zx.0500_P2	PN4_SID351	4045012	10094781	0
bc1_plus_line_pool	Zx.0500_P2	PN4_SID351	10141125	11794024	1
bc1_plus_line_pool	Zx.0500_P2	PN4_SID351	11798187	12947328	2
bc1_plus_line_pool	Zx.0500_P2	PN4_SID351	12948731	13676424	1
bc1_plus_line_pool	Zx.0500_P2	PN4_SID351	13905717	31817837	0
bc1_plus_line_pool	Zx.0500_P2	PN4_SID351	31817843	31818303	1
bc1_plus_line_pool	Zx.0500_P2	PN4_SID351	31818335	120374596	0
bc1_plus_line_pool	Zx.0500_P2	PN4_SID351	120413263	125783639	1
bc1_plus_line_pool	Zx.0500_P2	PN4_SID351	126037280	126945827	2
bc1_plus_line_pool	Zx.0500_P2	PN4_SID351	126956928	128457406	1
bc1_plus_line_pool	Zx.0500_P2	PN4_SID351	128677918	140159482	2
bc1_plus_line_pool	Zx.0500_P2	PN4_SID351	140299076	142292469	1
bc1_plus_line_pool	Zx.0500_P2	PN4_SID351	142292558	142644223	2
bc1_plus_line_pool	Zx.0500_P2	PN4_SID351	142645088	145559317	1
bc1_plus_line_pool	Zx.0500_P2	PN4_SID351	145606028	152283613	0
bc1_plus_line_pool	Zx.0540_P3	PN5_SID464	128225	144771439	0
bc1_plus_line_pool	Zx.0540_P3	PN5_SID464	144801834	151060772	2
bc1_plus_line_pool	Zx.0540_P3	PN5_SID464	151078862	152378535	1
bc1_plus_line_pool	Zx.0540_P3	PN5_SID465	128225	2822318	0
bc1_plus_line_pool	Zx.0540_P3	PN5_SID465	2823363	2986482	1
bc1_plus_line_pool	Zx.0540_P3	PN5_SID465	2990176	99239101	0
bc1_plus_line_pool	Zx.0540_P3	PN5_SID465	99239314	99240345	1
bc1_plus_line_pool	Zx.0540_P3	PN5_SID465	99306975	134677634	0
bc1_plus_line_pool	Zx.0540_P3	PN5_SID465	134764863	136651316	1
bc1_plus_line_pool	Zx.0540_P3	PN5_SID465	136651936	137739249	0
bc1_plus_line_pool	Zx.0540_P3	PN5_SID465	137740746	138855235	1
bc1_plus_line_pool	Zx.0540_P3	PN5_SID465	138855365	139485570	0
bc1_plus_line_pool	Zx.0540_P3	PN5_SID465	139488672	144950253	1
bc1_plus_line_pool	Zx.0540_P3	PN5_SID465	144950267	145242238	0
bc1_plus_line_pool	Zx.0540_P3	PN5_SID465	145245590	147021379	1
bc1_plus_line_pool	Zx.0540_P3	PN5_SID465	147104332	150816994	2
bc1_plus_line_pool	Zx.0540_P3	PN5_SID465	150819791	152378535	1
bc1_plus_line_pool	Zx.0540_P3	PN5_SID466	104857	152378535	0
bc1_plus_line_pool	Zx.0540_P3	PN5_SID467	104857	3973767	0
bc1_plus_line_pool	Zx.0540_P3	PN5_SID467	3975170	9822202	1
bc1_plus_line_pool	Zx.0540_P3	PN5_SID467	9822376	18841643	0
bc1_plus_line_pool	Zx.0540_P3	PN5_SID467	18897025	29619745	1
bc1_plus_line_pool	Zx.0540_P3	PN5_SID467	29619814	29973715	0
bc1_plus_line_pool	Zx.0540_P3	PN5_SID467	29991177	107184614	1
bc1_plus_line_pool	Zx.0540_P3	PN5_SID467	107184718	108463600	2
bc1_plus_line_pool	Zx.0540_P3	PN5_SID467	108465375	112689679	1
bc1_plus_line_pool	Zx.0540_P3	PN5_SID467	112926307	114734497	2
bc1_plus_line_pool	Zx.0540_P3	PN5_SID467	114734542	147897245	1
bc1_plus_line_pool	Zx.0540_P3	PN5_SID467	147897377	150081534	2
bc1_plus_line_pool	Zx.0540_P3	PN5_SID467	150085947	150659058	1
bc1_plus_line_pool	Zx.0540_P3	PN5_SID467	150711778	152348321	0
bc1_plus_line_pool	Zx.0540_P3	PN5_SID469	128508	136286122	0
bc1_plus_line_pool	Zx.0540_P3	PN5_SID469	136304283	136624651	1
bc1_plus_line_pool	Zx.0540_P3	PN5_SID469	136626100	152378535	0
bc1_plus_line_pool	Zx.0540_P3	PN5_SID470	104857	130132890	1
bc1_plus_line_pool	Zx.0540_P3	PN5_SID470	130133118	131064118	2
bc1_plus_line_pool	Zx.0540_P3	PN5_SID470	131065528	134939227	1
bc1_plus_line_pool	Zx.0540_P3	PN5_SID470	134939269	145518117	2
bc1_plus_line_pool	Zx.0540_P3	PN5_SID470	145556731	152378535	1
bc1_plus_line_pool	Zx.0540_P3	PN5_SID471	128508	4054779	0
bc1_plus_line_pool	Zx.0540_P3	PN5_SID471	4055333	4057226	1
bc1_plus_line_pool	Zx.0540_P3	PN5_SID471	4059339	7075082	0
bc1_plus_line_pool	Zx.0540_P3	PN5_SID471	7084241	9822202	1
bc1_plus_line_pool	Zx.0540_P3	PN5_SID471	9822214	152378535	0
bc1_plus_line_pool	Zx.0540_P3	PN5_SID472	218538	152357436	0
bc1_plus_line_pool	Zx.0540_P3	PN5_SID473	104857	152378535	0
bc1_plus_line_pool	Zx.0540_P3	PN5_SID474	128225	152378535	0
bc1_plus_line_pool	Zx.0540_P3	PN5_SID475	128225	152378535	0
bc1_plus_line_pool	Zx.0540_P3	PN5_SID476	104857	2936388	0
bc1_plus_line_pool	Zx.0540_P3	PN5_SID476	2936678	3528359	1
bc1_plus_line_pool	Zx.0540_P3	PN5_SID476	3528684	152378535	0
bc1_plus_line_pool	Zx.0540_P3	PN5_SID477	104857	3885502	2
bc1_plus_line_pool	Zx.0540_P3	PN5_SID477	3923057	148890037	0
bc1_plus_line_pool	Zx.0540_P3	PN5_SID477	148890632	149311052	1
bc1_plus_line_pool	Zx.0540_P3	PN5_SID477	149333088	150172553	2
bc1_plus_line_pool	Zx.0540_P3	PN5_SID477	150174826	152378535	1
bc1_plus_line_pool	Zx.0540_P3	PN5_SID479	219378	152378535	0
bc1_plus_line_pool	Zx.0540_P3	PN5_SID480	104901	3792574	1
bc1_plus_line_pool	Zx.0540_P3	PN5_SID480	3849037	148403382	0
bc1_plus_line_pool	Zx.0540_P3	PN5_SID480	148407115	152357436	2
bc1_plus_line_pool	Zx.0540_P3	PN6_SID481	128225	4054846	0
bc1_plus_line_pool	Zx.0540_P3	PN6_SID481	4055516	4057615	1
bc1_plus_line_pool	Zx.0540_P3	PN6_SID481	4059339	152378535	0
bc1_plus_line_pool	Zx.0540_P3	PN6_SID482	104857	4283878	1
bc1_plus_line_pool	Zx.0540_P3	PN6_SID482	4283994	147357636	0
bc1_plus_line_pool	Zx.0540_P3	PN6_SID482	147429067	152378535	2
bc1_plus_line_pool	Zx.0540_P3	PN6_SID483	104857	152378535	0
bc1_plus_line_pool	Zx.0540_P3	PN6_SID485	104857	117067606	0
bc1_plus_line_pool	Zx.0540_P3	PN6_SID485	117067690	119087422	1
bc1_plus_line_pool	Zx.0540_P3	PN6_SID485	119087427	119407204	2
bc1_plus_line_pool	Zx.0540_P3	PN6_SID485	119407295	142904763	1
bc1_plus_line_pool	Zx.0540_P3	PN6_SID485	142908072	152378535	0
bc1_plus_line_pool	Zx.0540_P3	PN6_SID486	128352	137136014	0
bc1_plus_line_pool	Zx.0540_P3	PN6_SID486	137214602	152378535	2
bc1_plus_line_pool	Zx.0540_P3	PN6_SID487	104857	152378535	0
bc1_plus_line_pool	Zx.0540_P3	PN6_SID488	128225	150703757	0
bc1_plus_line_pool	Zx.0540_P3	PN6_SID488	150711778	152378535	2
bc1_plus_line_pool	Zx.0540_P3	PN6_SID489	128711	152378535	0
bc1_plus_line_pool	Zx.0540_P3	PN6_SID490	128225	117668091	0
bc1_plus_line_pool	Zx.0540_P3	PN6_SID490	117669599	135193782	1
bc1_plus_line_pool	Zx.0540_P3	PN6_SID490	135193845	152378535	0
bc1_plus_line_pool	Zx.0540_P3	PN6_SID491	104857	99239189	0
bc1_plus_line_pool	Zx.0540_P3	PN6_SID491	99239214	99699080	1
bc1_plus_line_pool	Zx.0540_P3	PN6_SID491	99799817	152378535	0
bc1_plus_line_pool	Zx.0540_P3	PN6_SID492	104857	74103650	0
bc1_plus_line_pool	Zx.0540_P3	PN6_SID492	74103803	74104609	1
bc1_plus_line_pool	Zx.0540_P3	PN6_SID492	74178289	79441095	0
bc1_plus_line_pool	Zx.0540_P3	PN6_SID492	79441194	80334254	1
bc1_plus_line_pool	Zx.0540_P3	PN6_SID492	80335908	94430031	0
bc1_plus_line_pool	Zx.0540_P3	PN6_SID492	94430115	94789477	1
bc1_plus_line_pool	Zx.0540_P3	PN6_SID492	94791453	100827664	0
bc1_plus_line_pool	Zx.0540_P3	PN6_SID492	100827682	101010711	1
bc1_plus_line_pool	Zx.0540_P3	PN6_SID492	101029499	110490534	0
bc1_plus_line_pool	Zx.0540_P3	PN6_SID492	110490559	111281462	1
bc1_plus_line_pool	Zx.0540_P3	PN6_SID492	111281631	112927342	0
bc1_plus_line_pool	Zx.0540_P3	PN6_SID492	112928616	113926083	1
bc1_plus_line_pool	Zx.0540_P3	PN6_SID492	114082643	116214355	0
bc1_plus_line_pool	Zx.0540_P3	PN6_SID492	116214413	117376170	1
bc1_plus_line_pool	Zx.0540_P3	PN6_SID492	117376200	118814320	0
bc1_plus_line_pool	Zx.0540_P3	PN6_SID492	118814360	119407510	1
bc1_plus_line_pool	Zx.0540_P3	PN6_SID492	119407585	127918389	0
bc1_plus_line_pool	Zx.0540_P3	PN6_SID492	127918398	129385753	1
bc1_plus_line_pool	Zx.0540_P3	PN6_SID492	129408619	152378535	0
bc1_plus_line_pool	Zx.0540_P3	PN6_SID493	128225	152378535	0
bc1_plus_line_pool	Zx.0540_P3	PN6_SID494	128225	142904517	0
bc1_plus_line_pool	Zx.0540_P3	PN6_SID494	142904557	147339443	1
bc1_plus_line_pool	Zx.0540_P3	PN6_SID494	147339546	152378535	0
bc1_plus_line_pool	Zx.0540_P3	PN6_SID495	104857	152378535	0
bc1_plus_line_pool	Zx.0540_P3	PN6_SID496	128508	152357436	0
bc1_plus_line_pool	Zx.0540_P3	PN6_SID497	128508	5196908	0
bc1_plus_line_pool	Zx.0540_P3	PN6_SID497	5218252	72758199	2
bc1_plus_line_pool	Zx.0540_P3	PN6_SID497	72819466	88964758	0
bc1_plus_line_pool	Zx.0540_P3	PN6_SID497	88965964	149200230	1
bc1_plus_line_pool	Zx.0540_P3	PN6_SID497	149221604	149663264	2
bc1_plus_line_pool	Zx.0540_P3	PN6_SID497	149663341	152378535	1
bc1_plus_line_pool	Zx.0540_P3	PN6_SID498	128225	152378535	0
bc1_plus_line_pool	Zx.0540_P3	PN6_SID499	128508	9429524	0
bc1_plus_line_pool	Zx.0540_P3	PN6_SID499	9522815	118764523	2
bc1_plus_line_pool	Zx.0540_P3	PN6_SID499	118806822	118977723	1
bc1_plus_line_pool	Zx.0540_P3	PN6_SID499	119006392	137737995	2
bc1_plus_line_pool	Zx.0540_P3	PN6_SID499	137738770	145663766	1
bc1_plus_line_pool	Zx.0540_P3	PN6_SID499	145665798	152378535	0
bc1_plus_line_pool	Zx.0540_P3	PN6_SID500	104857	152378535	0
bc1_plus_line_pool	Zx.0540_P3	PN6_SID501	104901	2222223	2
bc1_plus_line_pool	Zx.0540_P3	PN6_SID501	2306589	4060760	1
bc1_plus_line_pool	Zx.0540_P3	PN6_SID501	4063362	152348321	0
bc1_plus_line_pool	Zx.0540_P3	PN6_SID502	104857	81343137	0
bc1_plus_line_pool	Zx.0540_P3	PN6_SID502	81344174	82427117	2
bc1_plus_line_pool	Zx.0540_P3	PN6_SID502	82427134	85635968	1
bc1_plus_line_pool	Zx.0540_P3	PN6_SID502	85635994	85747246	2
bc1_plus_line_pool	Zx.0540_P3	PN6_SID502	85747261	95523260	1
bc1_plus_line_pool	Zx.0540_P3	PN6_SID502	95523592	97593163	2
bc1_plus_line_pool	Zx.0540_P3	PN6_SID502	97593204	100054901	1
bc1_plus_line_pool	Zx.0540_P3	PN6_SID502	100055363	100581168	2
bc1_plus_line_pool	Zx.0540_P3	PN6_SID502	100607691	101620613	1
bc1_plus_line_pool	Zx.0540_P3	PN6_SID502	101676236	101943122	2
bc1_plus_line_pool	Zx.0540_P3	PN6_SID502	101943341	105348543	1
bc1_plus_line_pool	Zx.0540_P3	PN6_SID502	105348587	105646670	2
bc1_plus_line_pool	Zx.0540_P3	PN6_SID502	105646778	138961343	1
bc1_plus_line_pool	Zx.0540_P3	PN6_SID502	139121355	150913609	0
bc1_plus_line_pool	Zx.0540_P3	PN6_SID502	150913733	152378535	2
bc1_plus_line_pool	Zx.0540_P3	PN6_SID503	128225	5196908	0
bc1_plus_line_pool	Zx.0540_P3	PN6_SID503	5218252	99212480	2
bc1_plus_line_pool	Zx.0540_P3	PN6_SID503	99212620	99239987	1
bc1_plus_line_pool	Zx.0540_P3	PN6_SID503	99240082	118810491	2
bc1_plus_line_pool	Zx.0540_P3	PN6_SID503	118810604	118856360	1
bc1_plus_line_pool	Zx.0540_P3	PN6_SID503	118856384	151046491	2
bc1_plus_line_pool	Zx.0540_P3	PN6_SID503	151058094	152378535	0
bc1_plus_line_pool	Zx.0540_P3	PN6_SID504	104857	107184619	0
bc1_plus_line_pool	Zx.0540_P3	PN6_SID504	107253965	107254919	1
bc1_plus_line_pool	Zx.0540_P3	PN6_SID504	107255001	152378535	0
bc1_plus_line_pool	Zx.0540_P3	PN6_SID505	104857	1464507	1
bc1_plus_line_pool	Zx.0540_P3	PN6_SID505	1470711	150816779	0
bc1_plus_line_pool	Zx.0540_P3	PN6_SID505	150819791	152357436	2
bc1_plus_line_pool	Zx.0550_P4	PN5_SID418	109695	152357436	0
bc1_plus_line_pool	Zx.0550_P4	PN5_SID419	109695	92111708	0
bc1_plus_line_pool	Zx.0550_P4	PN5_SID419	92111778	136638871	1
bc1_plus_line_pool	Zx.0550_P4	PN5_SID419	136638961	152378762	0
bc1_plus_line_pool	Zx.0550_P4	PN5_SID420	109695	2024663	0
bc1_plus_line_pool	Zx.0550_P4	PN5_SID420	2195143	81339096	2
bc1_plus_line_pool	Zx.0550_P4	PN5_SID420	81344873	145560197	0
bc1_plus_line_pool	Zx.0550_P4	PN5_SID420	145560447	146388781	1
bc1_plus_line_pool	Zx.0550_P4	PN5_SID420	146388896	147254174	0
bc1_plus_line_pool	Zx.0550_P4	PN5_SID420	147254933	152378535	1
bc1_plus_line_pool	Zx.0550_P4	PN5_SID421	104826	152378703	0
bc1_plus_line_pool	Zx.0550_P4	PN5_SID422	104826	152378762	0
bc1_plus_line_pool	Zx.0550_P4	PN5_SID423	109695	152378703	0
bc1_plus_line_pool	Zx.0550_P4	PN5_SID424	128225	138260144	0
bc1_plus_line_pool	Zx.0550_P4	PN5_SID424	138260926	138727354	1
bc1_plus_line_pool	Zx.0550_P4	PN5_SID424	138737368	152378703	0
bc1_plus_line_pool	Zx.0550_P4	PN5_SID425	104901	152357436	0
bc1_plus_line_pool	Zx.0550_P4	PN5_SID426	109695	152378535	0
bc1_plus_line_pool	Zx.0550_P4	PN5_SID427	109695	152378762	0
bc1_plus_line_pool	Zx.0550_P4	PN5_SID428	128225	1774221	2
bc1_plus_line_pool	Zx.0550_P4	PN5_SID428	1882565	6012535	0
bc1_plus_line_pool	Zx.0550_P4	PN5_SID428	6012760	134758129	1
bc1_plus_line_pool	Zx.0550_P4	PN5_SID428	134758882	152378762	0
bc1_plus_line_pool	Zx.0550_P4	PN5_SID430	104826	3929171	2
bc1_plus_line_pool	Zx.0550_P4	PN5_SID430	3929195	4061812	1
bc1_plus_line_pool	Zx.0550_P4	PN5_SID430	4061823	4671277	2
bc1_plus_line_pool	Zx.0550_P4	PN5_SID430	4671298	5223112	1
bc1_plus_line_pool	Zx.0550_P4	PN5_SID430	5317078	49405932	2
bc1_plus_line_pool	Zx.0550_P4	PN5_SID430	49405982	49995638	1
bc1_plus_line_pool	Zx.0550_P4	PN5_SID430	50045711	81606524	2
bc1_plus_line_pool	Zx.0550_P4	PN5_SID430	81737358	140936423	1
bc1_plus_line_pool	Zx.0550_P4	PN5_SID430	140936619	146337396	2
bc1_plus_line_pool	Zx.0550_P4	PN5_SID430	146337424	146416652	1
bc1_plus_line_pool	Zx.0550_P4	PN5_SID430	146416822	149456239	2
bc1_plus_line_pool	Zx.0550_P4	PN5_SID430	149458326	152378535	0
bc1_plus_line_pool	Zx.0550_P4	PN5_SID431	104826	3193765	0
bc1_plus_line_pool	Zx.0550_P4	PN5_SID431	3194605	14630656	1
bc1_plus_line_pool	Zx.0550_P4	PN5_SID431	14675126	81339096	2
bc1_plus_line_pool	Zx.0550_P4	PN5_SID431	81343136	140899953	0
bc1_plus_line_pool	Zx.0550_P4	PN5_SID431	140899977	146855196	2
bc1_plus_line_pool	Zx.0550_P4	PN5_SID431	146855912	152378762	0
bc1_plus_line_pool	Zx.0550_P4	PN5_SID432	109695	6806965	0
bc1_plus_line_pool	Zx.0550_P4	PN5_SID432	6808928	14607611	2
bc1_plus_line_pool	Zx.0550_P4	PN5_SID432	14628901	86141956	0
bc1_plus_line_pool	Zx.0550_P4	PN5_SID432	86198515	135130398	2
bc1_plus_line_pool	Zx.0550_P4	PN5_SID432	135134681	148412405	1
bc1_plus_line_pool	Zx.0550_P4	PN5_SID432	148415025	152357436	2
bc1_plus_line_pool	Zx.0550_P4	PN5_SID433	123592	7068793	0
bc1_plus_line_pool	Zx.0550_P4	PN5_SID433	7069271	14625914	1
bc1_plus_line_pool	Zx.0550_P4	PN5_SID433	14630446	85974156	0
bc1_plus_line_pool	Zx.0550_P4	PN5_SID433	86198515	139478354	1
bc1_plus_line_pool	Zx.0550_P4	PN5_SID433	139480686	152378535	0
bc1_plus_line_pool	Zx.0550_P4	PN5_SID434	104826	152378762	0
bc1_plus_line_pool	Zx.0550_P4	PN5_SID435	104826	152357436	0
bc1_plus_line_pool	Zx.0550_P4	PN5_SID436	128257	88073936	0
bc1_plus_line_pool	Zx.0550_P4	PN5_SID436	88117803	95960363	1
bc1_plus_line_pool	Zx.0550_P4	PN5_SID436	95960371	97214121	2
bc1_plus_line_pool	Zx.0550_P4	PN5_SID436	97214130	98761340	1
bc1_plus_line_pool	Zx.0550_P4	PN5_SID436	98772116	100830852	2
bc1_plus_line_pool	Zx.0550_P4	PN5_SID436	100830928	105076272	1
bc1_plus_line_pool	Zx.0550_P4	PN5_SID436	105079615	105843431	2
bc1_plus_line_pool	Zx.0550_P4	PN5_SID436	105896621	108195621	0
bc1_plus_line_pool	Zx.0550_P4	PN5_SID436	108196961	124916556	1
bc1_plus_line_pool	Zx.0550_P4	PN5_SID436	124916580	125438629	0
bc1_plus_line_pool	Zx.0550_P4	PN5_SID436	125438737	128457953	1
bc1_plus_line_pool	Zx.0550_P4	PN5_SID436	128460074	152378535	0
bc1_plus_line_pool	Zx.0550_P4	PN5_SID437	104901	152378535	0
bc1_plus_line_pool	Zx.0550_P4	PN5_SID438	104826	152378762	0
bc1_plus_line_pool	Zx.0550_P4	PN5_SID439	104901	152378762	0
bc1_plus_line_pool	Zx.0550_P4	PN5_SID440	104901	1770820	1
bc1_plus_line_pool	Zx.0550_P4	PN5_SID440	1770977	150080059	0
bc1_plus_line_pool	Zx.0550_P4	PN5_SID440	150080141	150652145	2
bc1_plus_line_pool	Zx.0550_P4	PN5_SID440	150652318	152378535	1
bc1_plus_line_pool	Zx.0550_P4	PN5_SID441	104901	1647204	1
bc1_plus_line_pool	Zx.0550_P4	PN5_SID441	1650954	150080059	0
bc1_plus_line_pool	Zx.0550_P4	PN5_SID441	150080141	152378762	1
bc1_plus_line_pool	Zx.0550_P4	PN5_SID443	104901	140299017	0
bc1_plus_line_pool	Zx.0550_P4	PN5_SID443	140300450	152378762	1
bc1_plus_line_pool	Zx.0550_P4	PN5_SID444	123592	122135565	0
bc1_plus_line_pool	Zx.0550_P4	PN5_SID444	122172433	142404555	2
bc1_plus_line_pool	Zx.0550_P4	PN5_SID444	142451346	143185628	1
bc1_plus_line_pool	Zx.0550_P4	PN5_SID444	143185729	152378535	2
bc1_plus_line_pool	Zx.0550_P4	PN5_SID446	104826	4238216	0
bc1_plus_line_pool	Zx.0550_P4	PN5_SID446	4251956	11068984	2
bc1_plus_line_pool	Zx.0550_P4	PN5_SID446	11069771	152357436	0
bc1_plus_line_pool	Zx.0550_P4	PN5_SID447	129185	152378535	0
bc1_plus_line_pool	Zx.0550_P4	PN5_SID448	104826	139760350	0
bc1_plus_line_pool	Zx.0550_P4	PN5_SID448	139784377	140789524	1
bc1_plus_line_pool	Zx.0550_P4	PN5_SID448	140789889	141985060	0
bc1_plus_line_pool	Zx.0550_P4	PN5_SID448	141985120	142138522	1
bc1_plus_line_pool	Zx.0550_P4	PN5_SID448	142141882	145900407	0
bc1_plus_line_pool	Zx.0550_P4	PN5_SID448	145900409	146388991	1
bc1_plus_line_pool	Zx.0550_P4	PN5_SID448	146415903	148962938	0
bc1_plus_line_pool	Zx.0550_P4	PN5_SID448	148962943	149580920	1
bc1_plus_line_pool	Zx.0550_P4	PN5_SID448	149585398	152378762	0
bc1_plus_line_pool	Zx.0550_P4	PN5_SID449	104826	152378762	0
bc1_plus_line_pool	Zx.0550_P4	PN5_SID450	104826	150449615	0
bc1_plus_line_pool	Zx.0550_P4	PN5_SID450	150452020	151109197	1
bc1_plus_line_pool	Zx.0550_P4	PN5_SID450	151110244	152378762	2
bc1_plus_line_pool	Zx.0550_P4	PN5_SID451	104826	150127767	0
bc1_plus_line_pool	Zx.0550_P4	PN5_SID451	150132166	152378535	1
bc1_plus_line_pool	Zx.0550_P4	PN5_SID452	104826	4215537	2
bc1_plus_line_pool	Zx.0550_P4	PN5_SID452	4215939	152378762	0
bc1_plus_line_pool	Zx.0550_P4	PN5_SID453	104901	92206100	0
bc1_plus_line_pool	Zx.0550_P4	PN5_SID453	92222239	92749911	1
bc1_plus_line_pool	Zx.0550_P4	PN5_SID453	92772994	104894284	0
bc1_plus_line_pool	Zx.0550_P4	PN5_SID453	104894667	105788731	1
bc1_plus_line_pool	Zx.0550_P4	PN5_SID453	105788747	108982242	0
bc1_plus_line_pool	Zx.0550_P4	PN5_SID453	108982641	110063057	1
bc1_plus_line_pool	Zx.0550_P4	PN5_SID453	110063251	113695530	0
bc1_plus_line_pool	Zx.0550_P4	PN5_SID453	113695536	113835911	1
bc1_plus_line_pool	Zx.0550_P4	PN5_SID453	113835953	118812105	0
bc1_plus_line_pool	Zx.0550_P4	PN5_SID453	118812939	119337147	1
bc1_plus_line_pool	Zx.0550_P4	PN5_SID453	119337282	123927179	0
bc1_plus_line_pool	Zx.0550_P4	PN5_SID453	123943005	124103125	1
bc1_plus_line_pool	Zx.0550_P4	PN5_SID453	124103186	128516622	0
bc1_plus_line_pool	Zx.0550_P4	PN5_SID453	128669776	130133595	1
bc1_plus_line_pool	Zx.0550_P4	PN5_SID453	130134445	134935364	0
bc1_plus_line_pool	Zx.0550_P4	PN5_SID453	134936451	135450065	1
bc1_plus_line_pool	Zx.0550_P4	PN5_SID453	135457712	152378703	0
bc1_plus_line_pool	Zx.0550_P4	PN5_SID454	104826	4047542	0
bc1_plus_line_pool	Zx.0550_P4	PN5_SID454	4049612	4233659	1
bc1_plus_line_pool	Zx.0550_P4	PN5_SID454	4238215	152357436	0
bc1_plus_line_pool	Zx.0550_P4	PN5_SID455	104826	4233659	2
bc1_plus_line_pool	Zx.0550_P4	PN5_SID455	4237248	149850637	0
bc1_plus_line_pool	Zx.0550_P4	PN5_SID455	149854073	150633180	2
bc1_plus_line_pool	Zx.0550_P4	PN5_SID455	150641050	152378762	1
bc1_plus_line_pool	Zx.0550_P4	PN5_SID456	104901	145839971	0
bc1_plus_line_pool	Zx.0550_P4	PN5_SID456	145881869	152378703	2
bc1_plus_line_pool	Zx.0550_P4	PN5_SID457	104901	143187899	0
bc1_plus_line_pool	Zx.0550_P4	PN5_SID457	143188995	145870750	2
bc1_plus_line_pool	Zx.0550_P4	PN5_SID457	145881761	152378762	0
bc1_plus_line_pool	Zx.0550_P4	PN5_SID458	104826	152378703	0
bc1_plus_line_pool	Zx.0550_P4	PN5_SID459	104901	9822335	1
bc1_plus_line_pool	Zx.0550_P4	PN5_SID459	9844994	152378762	0
bc1_plus_line_pool	Zx.0550_P4	PN5_SID460	128225	139838109	0
bc1_plus_line_pool	Zx.0550_P4	PN5_SID460	139851297	143812277	1
bc1_plus_line_pool	Zx.0550_P4	PN5_SID460	143833152	152357436	0
bc1_plus_line_pool	Zx.0550_P4	PN5_SID461	104826	152378762	0
bc1_plus_line_pool	Zx.0550_P4	PN5_SID462	104826	4609515	0
bc1_plus_line_pool	Zx.0550_P4	PN5_SID462	4609572	10051459	1
bc1_plus_line_pool	Zx.0550_P4	PN5_SID462	10054429	152378703	0
bc1_plus_line_pool	Zx.0550_P4	PN5_SID463	104901	2397642	2
bc1_plus_line_pool	Zx.0550_P4	PN5_SID463	2520213	152378762	0
bc1_plus_line_pool	Zx.0570_P2	PN8_SID733	105710	152348443	0
bc1_plus_line_pool	Zx.0570_P2	PN8_SID734	105761	152357436	0
bc1_plus_line_pool	Zx.0570_P2	PN8_SID735	105710	2195241	1
bc1_plus_line_pool	Zx.0570_P2	PN8_SID735	2201196	16000333	0
bc1_plus_line_pool	Zx.0570_P2	PN8_SID735	16000571	16324799	1
bc1_plus_line_pool	Zx.0570_P2	PN8_SID735	16324805	150793375	0
bc1_plus_line_pool	Zx.0570_P2	PN8_SID735	150816729	152348443	2
bc1_plus_line_pool	Zx.0570_P2	PN8_SID737	128257	152357436	0
bc1_plus_line_pool	Zx.0570_P2	PN8_SID738	218915	152357436	0
bc1_plus_line_pool	Zx.0570_P2	PN8_SID740	134844	4047048	0
bc1_plus_line_pool	Zx.0570_P2	PN8_SID740	4047051	4055639	1
bc1_plus_line_pool	Zx.0570_P2	PN8_SID740	4055661	7905185	0
bc1_plus_line_pool	Zx.0570_P2	PN8_SID740	7905351	11100158	1
bc1_plus_line_pool	Zx.0570_P2	PN8_SID740	11100276	12451076	0
bc1_plus_line_pool	Zx.0570_P2	PN8_SID740	12451114	18802792	1
bc1_plus_line_pool	Zx.0570_P2	PN8_SID740	18817876	19694592	0
bc1_plus_line_pool	Zx.0570_P2	PN8_SID740	19720064	31777945	1
bc1_plus_line_pool	Zx.0570_P2	PN8_SID740	31780121	32319465	0
bc1_plus_line_pool	Zx.0570_P2	PN8_SID740	32710534	59212322	1
bc1_plus_line_pool	Zx.0570_P2	PN8_SID740	59212339	59532847	0
bc1_plus_line_pool	Zx.0570_P2	PN8_SID740	59542469	74486397	1
bc1_plus_line_pool	Zx.0570_P2	PN8_SID740	74486430	75557656	0
bc1_plus_line_pool	Zx.0570_P2	PN8_SID740	75625972	132923381	1
bc1_plus_line_pool	Zx.0570_P2	PN8_SID740	132947581	152348201	0
bc1_plus_line_pool	Zx.0570_P2	PN8_SID741	105761	19428490	0
bc1_plus_line_pool	Zx.0570_P2	PN8_SID741	19449183	37542965	2
bc1_plus_line_pool	Zx.0570_P2	PN8_SID741	37572529	40362432	1
bc1_plus_line_pool	Zx.0570_P2	PN8_SID741	40367872	80013821	2
bc1_plus_line_pool	Zx.0570_P2	PN8_SID741	80013854	80131305	1
bc1_plus_line_pool	Zx.0570_P2	PN8_SID741	80131477	135447699	2
bc1_plus_line_pool	Zx.0570_P2	PN8_SID741	135460168	140400472	0
bc1_plus_line_pool	Zx.0570_P2	PN8_SID741	140401474	147680916	1
bc1_plus_line_pool	Zx.0570_P2	PN8_SID741	147692247	152357436	0
bc1_plus_line_pool	Zx.0570_P2	PN8_SID742	128311	145340236	0
bc1_plus_line_pool	Zx.0570_P2	PN8_SID742	145342615	152348201	1
bc1_plus_line_pool	Zx.0570_P2	PN8_SID743	128257	127702202	0
bc1_plus_line_pool	Zx.0570_P2	PN8_SID743	127705950	128457743	1
bc1_plus_line_pool	Zx.0570_P2	PN8_SID743	128457799	134441123	2
bc1_plus_line_pool	Zx.0570_P2	PN8_SID743	134441233	144759611	1
bc1_plus_line_pool	Zx.0570_P2	PN8_SID743	144759631	152357436	0
bc1_plus_line_pool	Zx.0570_P2	PN8_SID744	218915	152357436	0
bc1_plus_line_pool	Zx.0570_P2	PN8_SID745	218915	152357436	0
bc1_plus_line_pool	Zx.0570_P2	PN8_SID746	128257	152357436	0
bc1_plus_line_pool	Zx.0570_P2	PN8_SID747	105710	146608753	0
bc1_plus_line_pool	Zx.0570_P2	PN8_SID747	146661603	146663062	1
bc1_plus_line_pool	Zx.0570_P2	PN8_SID747	146663240	152357436	0
bc1_plus_line_pool	Zx.0570_P2	PN8_SID748	105710	152357436	0
bc1_plus_line_pool	Zx.0570_P2	PN8_SID749	128311	152357436	0
bc1_plus_line_pool	Zx.0570_P2	PN8_SID750	128257	13301723	0
bc1_plus_line_pool	Zx.0570_P2	PN8_SID750	13302053	80637174	1
bc1_plus_line_pool	Zx.0570_P2	PN8_SID750	80708698	152348201	0
bc1_plus_line_pool	Zx.0570_P2	PN8_SID752	105710	4059458	1
bc1_plus_line_pool	Zx.0570_P2	PN8_SID752	4059469	5023439	2
bc1_plus_line_pool	Zx.0570_P2	PN8_SID752	5023560	152357436	0
bc1_plus_line_pool	Zx.0570_P2	PN8_SID753	128257	22838233	0
bc1_plus_line_pool	Zx.0570_P2	PN8_SID753	22922061	133558699	1
bc1_plus_line_pool	Zx.0570_P2	PN8_SID753	133603352	149617757	2
bc1_plus_line_pool	Zx.0570_P2	PN8_SID753	149617805	150710863	1
bc1_plus_line_pool	Zx.0570_P2	PN8_SID753	150711568	152357436	0
bc1_plus_line_pool	Zx.0570_P2	PN8_SID754	137181	152357436	0
bc1_plus_line_pool	Zx.0570_P2	PN8_SID755	105710	5366618	0
bc1_plus_line_pool	Zx.0570_P2	PN8_SID755	5366661	94786555	1
bc1_plus_line_pool	Zx.0570_P2	PN8_SID755	94787010	94957010	0
bc1_plus_line_pool	Zx.0570_P2	PN8_SID755	94957334	100833004	1
bc1_plus_line_pool	Zx.0570_P2	PN8_SID755	100916940	101404250	0
bc1_plus_line_pool	Zx.0570_P2	PN8_SID755	101404721	103370219	1
bc1_plus_line_pool	Zx.0570_P2	PN8_SID755	103371259	103943792	0
bc1_plus_line_pool	Zx.0570_P2	PN8_SID755	103948526	115561350	1
bc1_plus_line_pool	Zx.0570_P2	PN8_SID755	115561606	115719028	0
bc1_plus_line_pool	Zx.0570_P2	PN8_SID755	115719073	128131465	1
bc1_plus_line_pool	Zx.0570_P2	PN8_SID755	128136967	141970828	2
bc1_plus_line_pool	Zx.0570_P2	PN8_SID755	141971053	152357436	0
bc1_plus_line_pool	Zx.0570_P2	PN8_SID756	105710	137688722	0
bc1_plus_line_pool	Zx.0570_P2	PN8_SID756	137735211	142344794	1
bc1_plus_line_pool	Zx.0570_P2	PN8_SID756	142345588	145663777	2
bc1_plus_line_pool	Zx.0570_P2	PN8_SID756	145666748	152357436	0
bc1_plus_line_pool	Zx.0570_P2	PN8_SID757	128257	2728332	0
bc1_plus_line_pool	Zx.0570_P2	PN8_SID757	2729695	3788758	1
bc1_plus_line_pool	Zx.0570_P2	PN8_SID757	3845266	152357436	0
bc1_plus_line_pool	Zx.0570_P2	PN8_SID758	134844	2912680	1
bc1_plus_line_pool	Zx.0570_P2	PN8_SID758	2925075	152301713	0
bc1_plus_line_pool	Zx.0570_P2	PN8_SID759	105710	152348201	0
bc1_plus_line_pool	Zx.0570_P2	PN8_SID760	137181	152357436	0
bc1_plus_line_pool	Zx.0570_P2	PN8_SID761	105710	152357436	0
bc1_plus_line_pool	Zx.0570_P2	PN8_SID762	105761	152348443	0
bc1_plus_line_pool	Zx.0570_P2	PN8_SID763	105761	152357436	0
bc1_plus_line_pool	Zx.0570_P2	PN8_SID764	105710	148961646	0
bc1_plus_line_pool	Zx.0570_P2	PN8_SID764	148962462	152348443	1
bc1_plus_line_pool	Zx.0570_P2	PN8_SID765	105710	152357436	0
bc1_plus_line_pool	Zx.0570_P2	PN8_SID766	128373	152301292	0
bc1_plus_line_pool	Zx.0570_P2	PN8_SID767	105710	2821852	0
bc1_plus_line_pool	Zx.0570_P2	PN8_SID767	2911755	3320241	1
bc1_plus_line_pool	Zx.0570_P2	PN8_SID767	3484702	144623216	0
bc1_plus_line_pool	Zx.0570_P2	PN8_SID767	144625997	151044589	1
bc1_plus_line_pool	Zx.0570_P2	PN8_SID767	151045657	152348443	0
bc1_plus_line_pool	Zx.0570_P2	PN8_SID768	128257	10470837	0
bc1_plus_line_pool	Zx.0570_P2	PN8_SID768	10511266	80013821	2
bc1_plus_line_pool	Zx.0570_P2	PN8_SID768	80013854	80131360	1
bc1_plus_line_pool	Zx.0570_P2	PN8_SID768	80131477	126378368	2
bc1_plus_line_pool	Zx.0570_P2	PN8_SID768	126379984	152357436	0
bc1_plus_line_pool	Zx.0570_P2	PN9_SID769	128257	10470837	0
bc1_plus_line_pool	Zx.0570_P2	PN9_SID769	10483159	137686134	1
bc1_plus_line_pool	Zx.0570_P2	PN9_SID769	137687052	147722394	0
bc1_plus_line_pool	Zx.0570_P2	PN9_SID769	147779436	151503929	1
bc1_plus_line_pool	Zx.0570_P2	PN9_SID769	151504080	152357436	0
bc1_plus_line_pool	Zx.0570_P2	PN9_SID770	128311	16000080	0
bc1_plus_line_pool	Zx.0570_P2	PN9_SID770	16000332	16136706	1
bc1_plus_line_pool	Zx.0570_P2	PN9_SID770	16136779	147775001	0
bc1_plus_line_pool	Zx.0570_P2	PN9_SID770	147779436	148407160	1
bc1_plus_line_pool	Zx.0570_P2	PN9_SID770	148407256	151081523	2
bc1_plus_line_pool	Zx.0570_P2	PN9_SID770	151081561	152357436	1
bc1_plus_line_pool	Zx.0570_P2	PN9_SID771	134844	152357436	0
bc1_plus_line_pool	Zx.0570_P2	PN9_SID772	105761	152357436	0
bc1_plus_line_pool	Zx.0570_P2	PN9_SID773	105710	152357436	0
bc1_plus_line_pool	Zx.0570_P2	PN9_SID774	105761	152357436	0
bc1_plus_line_pool	Zx.0570_P2	PN9_SID775	105710	152357436	0
bc1_plus_line_pool	Zx.0570_P2	PN9_SID776	105710	152348443	0
bc1_plus_line_pool	Zx.0570_P2	PN9_SID777	105710	152357436	0
bc1_plus_line_pool	Zx.0570_P2	PN9_SID778	128257	152357436	0
bc1_plus_line_pool	Zx.0580_P2	PN7_SID630	108769	152357926	0
bc1_plus_line_pool	Zx.0580_P2	PN7_SID631	94521	152357926	0
bc1_plus_line_pool	Zx.0580_P2	PN7_SID632	94521	152301042	0
bc1_plus_line_pool	Zx.0580_P2	PN7_SID633	108769	152357926	0
bc1_plus_line_pool	Zx.0580_P2	PN7_SID634	109463	1775363	0
bc1_plus_line_pool	Zx.0580_P2	PN7_SID634	1882580	2640779	2
bc1_plus_line_pool	Zx.0580_P2	PN7_SID634	2704411	4020237	1
bc1_plus_line_pool	Zx.0580_P2	PN7_SID634	4020294	9191583	2
bc1_plus_line_pool	Zx.0580_P2	PN7_SID634	9197101	152357926	0
bc1_plus_line_pool	Zx.0580_P2	PN7_SID635	128134	78389334	0
bc1_plus_line_pool	Zx.0580_P2	PN7_SID635	78391504	141990309	1
bc1_plus_line_pool	Zx.0580_P2	PN7_SID635	141994880	152357926	0
bc1_plus_line_pool	Zx.0580_P2	PN7_SID636	108769	1775363	0
bc1_plus_line_pool	Zx.0580_P2	PN7_SID636	1882811	2703312	2
bc1_plus_line_pool	Zx.0580_P2	PN7_SID636	2704411	4067402	1
bc1_plus_line_pool	Zx.0580_P2	PN7_SID636	4067460	4955881	2
bc1_plus_line_pool	Zx.0580_P2	PN7_SID636	4956214	152357926	0
bc1_plus_line_pool	Zx.0580_P2	PN7_SID637	108779	1554894	0
bc1_plus_line_pool	Zx.0580_P2	PN7_SID637	1554897	135099497	1
bc1_plus_line_pool	Zx.0580_P2	PN7_SID637	135100795	152357926	0
bc1_plus_line_pool	Zx.0580_P2	PN7_SID639	108769	9362633	0
bc1_plus_line_pool	Zx.0580_P2	PN7_SID639	9366383	137197015	1
bc1_plus_line_pool	Zx.0580_P2	PN7_SID639	137197777	152357926	0
bc1_plus_line_pool	Zx.0580_P2	PN7_SID640	94521	143714705	0
bc1_plus_line_pool	Zx.0580_P2	PN7_SID640	143714826	147354494	1
bc1_plus_line_pool	Zx.0580_P2	PN7_SID640	147355515	152357926	2
bc1_plus_line_pool	Zx.0580_P2	PN7_SID641	108769	9360442	0
bc1_plus_line_pool	Zx.0580_P2	PN7_SID641	9364463	41453443	2
bc1_plus_line_pool	Zx.0580_P2	PN7_SID641	41453477	45983249	1
bc1_plus_line_pool	Zx.0580_P2	PN7_SID641	46239249	79957660	2
bc1_plus_line_pool	Zx.0580_P2	PN7_SID641	79959210	80214036	1
bc1_plus_line_pool	Zx.0580_P2	PN7_SID641	80214228	89942131	2
bc1_plus_line_pool	Zx.0580_P2	PN7_SID641	89942138	91324275	1
bc1_plus_line_pool	Zx.0580_P2	PN7_SID641	91324472	151045658	2
bc1_plus_line_pool	Zx.0580_P2	PN7_SID641	151046252	152357926	0
bc1_plus_line_pool	Zx.0580_P2	PN7_SID642	94521	152357926	0
bc1_plus_line_pool	Zx.0580_P2	PN7_SID643	94521	152357926	0
bc1_plus_line_pool	Zx.0580_P2	PN7_SID644	94521	152357926	0
bc1_plus_line_pool	Zx.0580_P2	PN7_SID645	109463	3254581	0
bc1_plus_line_pool	Zx.0580_P2	PN7_SID645	3254636	3495507	1
bc1_plus_line_pool	Zx.0580_P2	PN7_SID645	3528214	152357926	0
bc1_plus_line_pool	Zx.0580_P2	PN7_SID646	94534	152357926	0
bc1_plus_line_pool	Zx.0580_P2	PN7_SID647	109463	152357926	0
bc1_plus_line_pool	Zx.0580_P2	PN7_SID648	109463	152357926	0
bc1_plus_line_pool	Zx.0580_P2	PN7_SID649	128206	152357926	0
bc1_plus_line_pool	Zx.0580_P2	PN7_SID650	108769	152357926	0
bc1_plus_line_pool	Zx.0580_P2	PN7_SID651	94521	152357926	0
bc1_plus_line_pool	Zx.0580_P2	PN7_SID652	108769	152357926	0
bc1_plus_line_pool	Zx.0580_P2	PN7_SID653	94534	152357926	0
bc1_plus_line_pool	Zx.0580_P2	PN7_SID654	128134	146096577	0
bc1_plus_line_pool	Zx.0580_P2	PN7_SID654	146173663	150847870	1
bc1_plus_line_pool	Zx.0580_P2	PN7_SID654	150850430	152357926	2
bc1_plus_line_pool	Zx.0580_P2	PN7_SID655	108769	152357926	0
bc1_plus_line_pool	Zx.0580_P2	PN7_SID656	94521	143510800	0
bc1_plus_line_pool	Zx.0580_P2	PN7_SID656	143512099	152357926	2
bc1_plus_line_pool	Zx.0580_P2	PN7_SID657	108769	143588559	0
bc1_plus_line_pool	Zx.0580_P2	PN7_SID657	143590403	147714178	2
bc1_plus_line_pool	Zx.0580_P2	PN7_SID657	147779489	152347980	1
bc1_plus_line_pool	Zx.0580_P2	PN7_SID658	108769	152347980	0
bc1_plus_line_pool	Zx.0580_P2	PN7_SID659	94521	152357926	0
bc1_plus_line_pool	Zx.0580_P2	PN7_SID660	109463	2007264	1
bc1_plus_line_pool	Zx.0580_P2	PN7_SID660	2008246	152357073	0
bc1_plus_line_pool	Zx.0580_P2	PN7_SID661	108769	152357926	0
bc1_plus_line_pool	Zx.0580_P2	PN7_SID662	94521	2640967	2
bc1_plus_line_pool	Zx.0580_P2	PN7_SID662	2704411	4020507	1
bc1_plus_line_pool	Zx.0580_P2	PN7_SID662	4044141	5075922	2
bc1_plus_line_pool	Zx.0580_P2	PN7_SID662	5075949	25519624	1
bc1_plus_line_pool	Zx.0580_P2	PN7_SID662	25519742	28131615	2
bc1_plus_line_pool	Zx.0580_P2	PN7_SID662	28136223	63976917	1
bc1_plus_line_pool	Zx.0580_P2	PN7_SID662	64007554	64760022	2
bc1_plus_line_pool	Zx.0580_P2	PN7_SID662	64760047	76223283	1
bc1_plus_line_pool	Zx.0580_P2	PN7_SID662	76272379	76838753	2
bc1_plus_line_pool	Zx.0580_P2	PN7_SID662	76947910	91374364	1
bc1_plus_line_pool	Zx.0580_P2	PN7_SID662	91374410	92041262	2
bc1_plus_line_pool	Zx.0580_P2	PN7_SID662	92042218	100013324	1
bc1_plus_line_pool	Zx.0580_P2	PN7_SID662	100054628	100418712	2
bc1_plus_line_pool	Zx.0580_P2	PN7_SID662	100418738	103113902	1
bc1_plus_line_pool	Zx.0580_P2	PN7_SID662	103114376	103558142	2
bc1_plus_line_pool	Zx.0580_P2	PN7_SID662	103558164	107390055	1
bc1_plus_line_pool	Zx.0580_P2	PN7_SID662	107390079	108741636	2
bc1_plus_line_pool	Zx.0580_P2	PN7_SID662	108741992	130347167	1
bc1_plus_line_pool	Zx.0580_P2	PN7_SID662	130348578	130813830	2
bc1_plus_line_pool	Zx.0580_P2	PN7_SID662	130814004	136788584	1
bc1_plus_line_pool	Zx.0580_P2	PN7_SID662	136803113	138316860	2
bc1_plus_line_pool	Zx.0580_P2	PN7_SID662	138318783	139121212	1
bc1_plus_line_pool	Zx.0580_P2	PN7_SID662	139121312	144414639	2
bc1_plus_line_pool	Zx.0580_P2	PN7_SID662	144424899	152347980	0
bc1_plus_line_pool	Zx.0580_P2	PN7_SID663	94521	4046618	1
bc1_plus_line_pool	Zx.0580_P2	PN7_SID663	4046736	6210103	2
bc1_plus_line_pool	Zx.0580_P2	PN7_SID663	6210109	8756352	1
bc1_plus_line_pool	Zx.0580_P2	PN7_SID663	8758133	13680301	2
bc1_plus_line_pool	Zx.0580_P2	PN7_SID663	13786813	82017587	1
bc1_plus_line_pool	Zx.0580_P2	PN7_SID663	82019595	84748345	2
bc1_plus_line_pool	Zx.0580_P2	PN7_SID663	84748373	143775494	0
bc1_plus_line_pool	Zx.0580_P2	PN7_SID663	143776935	144418398	1
bc1_plus_line_pool	Zx.0580_P2	PN7_SID663	144426041	152357926	0
bc1_plus_line_pool	Zx.0580_P2	PN7_SID664	94521	115538126	0
bc1_plus_line_pool	Zx.0580_P2	PN7_SID664	115538235	140116030	1
bc1_plus_line_pool	Zx.0580_P2	PN7_SID664	140116321	152357926	0
bc1_plus_line_pool	Zx.0580_P2	PN7_SID665	108769	135865007	0
bc1_plus_line_pool	Zx.0580_P2	PN7_SID665	135865883	137778045	1
bc1_plus_line_pool	Zx.0580_P2	PN7_SID665	137778808	138411285	2
bc1_plus_line_pool	Zx.0580_P2	PN7_SID665	138431899	141490386	1
bc1_plus_line_pool	Zx.0580_P2	PN7_SID665	141513079	142161145	2
bc1_plus_line_pool	Zx.0580_P2	PN7_SID665	142161413	144417728	1
bc1_plus_line_pool	Zx.0580_P2	PN7_SID665	144424899	152347980	0
bc1_plus_line_pool	Zx.0580_P2	PN7_SID666	108769	152357926	0
bc1_plus_line_pool	Zx.0580_P2	PN7_SID667	109463	152357926	0
bc1_plus_line_pool	Zx.0580_P2	PN7_SID668	108769	152357073	0
bc1_plus_line_pool	Zx.0580_P2	PN7_SID669	128134	152347980	0
bc1_plus_line_pool	Zx.0580_P2	PN7_SID670	108779	152357926	0
bc1_plus_line_pool	Zx.0580_P2	PN7_SID671	94521	152357926	0
bc1_plus_line_pool	Zx.0580_P2	PN7_SID672	94521	152357926	0
bc1_plus_line_pool	Zx.0580_P2	PN8_SID673	108769	152357926	0
bc1_plus_line_pool	Zx.0580_P2	PN8_SID674	94521	152357926	0
bc1_plus_line_pool	Zx.0580_P2	PN8_SID675	108769	152357073	0
bc1_plus_line_pool	Zx.0580_P2	PN8_SID676	94521	152357926	0
bc1_plus_line_pool	Zx.0580_P2	PN8_SID677	128257	142210773	0
bc1_plus_line_pool	Zx.0580_P2	PN8_SID677	142210897	147413432	1
bc1_plus_line_pool	Zx.0580_P2	PN8_SID677	147418366	148563690	2
bc1_plus_line_pool	Zx.0580_P2	PN8_SID677	148563795	150820140	1
bc1_plus_line_pool	Zx.0580_P2	PN8_SID677	150831208	152357926	0
bc1_plus_line_pool	Zx.0580_P2	PN8_SID679	94534	145052042	0
bc1_plus_line_pool	Zx.0580_P2	PN8_SID679	145056959	152357926	1
bc1_plus_line_pool	Zx.0580_P2	PN8_SID680	108779	1467882	1
bc1_plus_line_pool	Zx.0580_P2	PN8_SID680	1470711	144695230	0
bc1_plus_line_pool	Zx.0580_P2	PN8_SID680	144695270	146860829	1
bc1_plus_line_pool	Zx.0580_P2	PN8_SID680	146889007	147104158	0
bc1_plus_line_pool	Zx.0580_P2	PN8_SID680	147104902	152357926	1
bc1_only	Zx.0090_P2	P4239	132312	2198431	1
bc1_only	Zx.0090_P2	P4239	2317740	2705300	2
bc1_only	Zx.0090_P2	P4239	2705513	2707174	1
bc1_only	Zx.0090_P2	P4239	2707186	2708198	2
bc1_only	Zx.0090_P2	P4239	2708222	2715281	1
bc1_only	Zx.0090_P2	P4239	2715327	2986184	0
bc1_only	Zx.0090_P2	P4239	2986186	3067378	1
bc1_only	Zx.0090_P2	P4239	3067383	12949337	0
bc1_only	Zx.0090_P2	P4239	13093475	13135836	1
bc1_only	Zx.0090_P2	P4239	13135857	18535479	0
bc1_only	Zx.0090_P2	P4239	18566637	20866717	1
bc1_only	Zx.0090_P2	P4239	21263919	32067693	0
bc1_only	Zx.0090_P2	P4239	32126387	35467047	1
bc1_only	Zx.0090_P2	P4239	35467054	37209075	0
bc1_only	Zx.0090_P2	P4239	37381981	40366654	1
bc1_only	Zx.0090_P2	P4239	40402801	68834571	0
bc1_only	Zx.0090_P2	P4239	68834576	70815001	1
bc1_only	Zx.0090_P2	P4239	70815316	84046121	0
bc1_only	Zx.0090_P2	P4239	84046365	85110068	1
bc1_only	Zx.0090_P2	P4239	85110089	93527215	0
bc1_only	Zx.0090_P2	P4239	93527221	93528312	2
bc1_only	Zx.0090_P2	P4239	93528313	97531490	0
bc1_only	Zx.0090_P2	P4239	97531517	97532391	2
bc1_only	Zx.0090_P2	P4239	97536930	109547502	0
bc1_only	Zx.0090_P2	P4239	109828030	110389369	1
bc1_only	Zx.0090_P2	P4239	110389419	122499047	0
bc1_only	Zx.0090_P2	P4239	122502646	122503285	1
bc1_only	Zx.0090_P2	P4239	122503830	127630337	0
bc1_only	Zx.0090_P2	P4239	127683625	128379616	1
bc1_only	Zx.0090_P2	P4239	128379617	134436949	0
bc1_only	Zx.0090_P2	P4239	134492122	134775934	1
bc1_only	Zx.0090_P2	P4239	134778311	144218252	0
bc1_only	Zx.0090_P2	P4239	144319657	145098991	1
bc1_only	Zx.0090_P2	P4239	145099400	145706921	0
bc1_only	Zx.0090_P2	P4239	145712194	146063123	1
bc1_only	Zx.0090_P2	P4239	146063131	152289677	0
bc1_only	Zx.0090_P2	P4240	132312	581875	1
bc1_only	Zx.0090_P2	P4240	581931	3067100	0
bc1_only	Zx.0090_P2	P4240	3067120	3335514	1
bc1_only	Zx.0090_P2	P4240	3344852	10094606	0
bc1_only	Zx.0090_P2	P4240	10094648	10097593	1
bc1_only	Zx.0090_P2	P4240	10097601	12949337	0
bc1_only	Zx.0090_P2	P4240	13093475	13096096	1
bc1_only	Zx.0090_P2	P4240	13096167	31516108	0
bc1_only	Zx.0090_P2	P4240	31516114	31516583	1
bc1_only	Zx.0090_P2	P4240	31516599	32067693	0
bc1_only	Zx.0090_P2	P4240	32126064	34941709	1
bc1_only	Zx.0090_P2	P4240	34941719	40362529	0
bc1_only	Zx.0090_P2	P4240	40362572	40366654	1
bc1_only	Zx.0090_P2	P4240	40402834	45945668	0
bc1_only	Zx.0090_P2	P4240	45945682	53694859	1
bc1_only	Zx.0090_P2	P4240	53694876	64911158	0
bc1_only	Zx.0090_P2	P4240	64911177	66743125	1
bc1_only	Zx.0090_P2	P4240	66743125	70890630	0
bc1_only	Zx.0090_P2	P4240	70890653	72745639	1
bc1_only	Zx.0090_P2	P4240	72745766	73772780	0
bc1_only	Zx.0090_P2	P4240	73772807	75426962	1
bc1_only	Zx.0090_P2	P4240	75552045	82182904	0
bc1_only	Zx.0090_P2	P4240	82186469	82189766	1
bc1_only	Zx.0090_P2	P4240	82189773	88317682	0
bc1_only	Zx.0090_P2	P4240	88325848	89897678	1
bc1_only	Zx.0090_P2	P4240	89950699	93380889	0
bc1_only	Zx.0090_P2	P4240	93380985	93528186	2
bc1_only	Zx.0090_P2	P4240	93528206	95613560	0
bc1_only	Zx.0090_P2	P4240	95614042	96667709	1
bc1_only	Zx.0090_P2	P4240	96667710	106499972	0
bc1_only	Zx.0090_P2	P4240	106595557	109829178	1
bc1_only	Zx.0090_P2	P4240	109854563	115236213	0
bc1_only	Zx.0090_P2	P4240	115236310	117252609	1
bc1_only	Zx.0090_P2	P4240	117252667	129873565	0
bc1_only	Zx.0090_P2	P4240	129873581	129874143	1
bc1_only	Zx.0090_P2	P4240	129930770	140719205	0
bc1_only	Zx.0090_P2	P4240	140719451	142138805	1
bc1_only	Zx.0090_P2	P4240	142138850	144323425	0
bc1_only	Zx.0090_P2	P4240	144419748	146425268	2
bc1_only	Zx.0090_P2	P4240	146443264	148919491	1
bc1_only	Zx.0090_P2	P4240	148927138	148964300	0
bc1_only	Zx.0090_P2	P4240	148964319	152301487	2
bc1_only	Zx.0090_P2	P4241	132312	2924724	0
bc1_only	Zx.0090_P2	P4241	2925274	3335514	1
bc1_only	Zx.0090_P2	P4241	3344852	44047086	0
bc1_only	Zx.0090_P2	P4241	44047089	45944947	1
bc1_only	Zx.0090_P2	P4241	45944959	66752481	0
bc1_only	Zx.0090_P2	P4241	67005164	68836234	1
bc1_only	Zx.0090_P2	P4241	68890231	94787127	0
bc1_only	Zx.0090_P2	P4241	94789057	94789504	1
bc1_only	Zx.0090_P2	P4241	94789504	96941400	0
bc1_only	Zx.0090_P2	P4241	96942144	97532236	1
bc1_only	Zx.0090_P2	P4241	97532260	108597860	0
bc1_only	Zx.0090_P2	P4241	108597873	108598136	1
bc1_only	Zx.0090_P2	P4241	108703771	125664929	0
bc1_only	Zx.0090_P2	P4241	125664955	126113607	1
bc1_only	Zx.0090_P2	P4241	126113612	127628732	0
bc1_only	Zx.0090_P2	P4241	127628832	128116958	1
bc1_only	Zx.0090_P2	P4241	128117624	134570534	0
bc1_only	Zx.0090_P2	P4241	134570545	134570652	1
bc1_only	Zx.0090_P2	P4241	134570655	152301487	0
bc1_only	Zx.0090_P2	P4242	464290	1256480	1
bc1_only	Zx.0090_P2	P4242	1256480	2930963	0
bc1_only	Zx.0090_P2	P4242	2937697	3333951	1
bc1_only	Zx.0090_P2	P4242	3334200	13095146	0
bc1_only	Zx.0090_P2	P4242	13095901	13096233	1
bc1_only	Zx.0090_P2	P4242	13106737	23824027	0
bc1_only	Zx.0090_P2	P4242	23856999	24052380	1
bc1_only	Zx.0090_P2	P4242	24136717	36511409	0
bc1_only	Zx.0090_P2	P4242	36511487	36999888	1
bc1_only	Zx.0090_P2	P4242	36999890	59516037	0
bc1_only	Zx.0090_P2	P4242	59517075	60005315	1
bc1_only	Zx.0090_P2	P4242	60005752	70820428	0
bc1_only	Zx.0090_P2	P4242	70851677	70851734	1
bc1_only	Zx.0090_P2	P4242	70856706	83747571	0
bc1_only	Zx.0090_P2	P4242	83747972	83748115	1
bc1_only	Zx.0090_P2	P4242	83748436	98539347	0
bc1_only	Zx.0090_P2	P4242	98582938	98686084	1
bc1_only	Zx.0090_P2	P4242	98686084	102456898	0
bc1_only	Zx.0090_P2	P4242	102686428	104964718	1
bc1_only	Zx.0090_P2	P4242	104964740	122502674	0
bc1_only	Zx.0090_P2	P4242	122502681	122503837	1
bc1_only	Zx.0090_P2	P4242	122504028	139947977	0
bc1_only	Zx.0090_P2	P4242	139970777	143589805	2
bc1_only	Zx.0090_P2	P4242	143590303	144323425	1
bc1_only	Zx.0090_P2	P4242	144329480	148919491	2
bc1_only	Zx.0090_P2	P4242	148927168	148988988	0
bc1_only	Zx.0090_P2	P4242	149000137	149830345	2
bc1_only	Zx.0090_P2	P4242	149830419	152289677	0
bc1_only	Zx.0090_P2	P4247	132312	1999125	1
bc1_only	Zx.0090_P2	P4247	2333066	7913737	0
bc1_only	Zx.0090_P2	P4247	8404928	10094707	1
bc1_only	Zx.0090_P2	P4247	10094708	32001775	0
bc1_only	Zx.0090_P2	P4247	32126064	35467178	2
bc1_only	Zx.0090_P2	P4247	35467178	79802482	0
bc1_only	Zx.0090_P2	P4247	79802486	80985057	1
bc1_only	Zx.0090_P2	P4247	80985065	97530607	0
bc1_only	Zx.0090_P2	P4247	97530622	97531972	2
bc1_only	Zx.0090_P2	P4247	97544675	109828031	0
bc1_only	Zx.0090_P2	P4247	109828048	110389588	2
bc1_only	Zx.0090_P2	P4247	110389619	126958350	0
bc1_only	Zx.0090_P2	P4247	127071336	129399565	1
bc1_only	Zx.0090_P2	P4247	129410255	132798175	0
bc1_only	Zx.0090_P2	P4247	132798447	134570652	1
bc1_only	Zx.0090_P2	P4247	134570655	152289677	0
bc1_only	Zx.0090_P2	P4255	132312	140730853	0
bc1_only	Zx.0090_P2	P4255	140769523	146714782	2
bc1_only	Zx.0090_P2	P4255	146908518	152271707	0
bc1_only	Zx.0090_P2	P4256	475477	2929582	0
bc1_only	Zx.0090_P2	P4256	2930709	3322337	1
bc1_only	Zx.0090_P2	P4256	3334200	4062368	0
bc1_only	Zx.0090_P2	P4256	4122527	5011588	1
bc1_only	Zx.0090_P2	P4256	5024659	51483005	0
bc1_only	Zx.0090_P2	P4256	51535187	51535342	1
bc1_only	Zx.0090_P2	P4256	51698084	74011526	0
bc1_only	Zx.0090_P2	P4256	74011553	74011870	1
bc1_only	Zx.0090_P2	P4256	74045672	97531105	0
bc1_only	Zx.0090_P2	P4256	97531179	97531518	1
bc1_only	Zx.0090_P2	P4256	97531531	99238963	0
bc1_only	Zx.0090_P2	P4256	99239185	103608589	1
bc1_only	Zx.0090_P2	P4256	103789651	106165625	0
bc1_only	Zx.0090_P2	P4256	106595906	110388745	1
bc1_only	Zx.0090_P2	P4256	110388789	144818819	0
bc1_only	Zx.0090_P2	P4256	144818831	145655233	1
bc1_only	Zx.0090_P2	P4256	145655265	150087176	0
bc1_only	Zx.0090_P2	P4256	150087187	150087296	1
bc1_only	Zx.0090_P2	P4256	150087557	152301487	0
bc1_only	Zx.0090_P2	P4257	132312	2317792	2
bc1_only	Zx.0090_P2	P4257	2386621	3014229	0
bc1_only	Zx.0090_P2	P4257	3034419	3335514	1
bc1_only	Zx.0090_P2	P4257	3344852	11728581	0
bc1_only	Zx.0090_P2	P4257	11732216	11932729	1
bc1_only	Zx.0090_P2	P4257	12103450	31516108	0
bc1_only	Zx.0090_P2	P4257	31516114	31516583	1
bc1_only	Zx.0090_P2	P4257	31516599	60004453	0
bc1_only	Zx.0090_P2	P4257	60004463	61794630	1
bc1_only	Zx.0090_P2	P4257	61796226	70814203	0
bc1_only	Zx.0090_P2	P4257	70814204	70815944	1
bc1_only	Zx.0090_P2	P4257	70821677	73174769	0
bc1_only	Zx.0090_P2	P4257	73174809	74011755	1
bc1_only	Zx.0090_P2	P4257	74011762	104219795	0
bc1_only	Zx.0090_P2	P4257	104433540	104964796	1
bc1_only	Zx.0090_P2	P4257	104965619	108597860	0
bc1_only	Zx.0090_P2	P4257	108597873	109828417	1
bc1_only	Zx.0090_P2	P4257	109829069	117014019	0
bc1_only	Zx.0090_P2	P4257	117014033	118162464	1
bc1_only	Zx.0090_P2	P4257	118228401	122635396	0
bc1_only	Zx.0090_P2	P4257	122635402	122635631	1
bc1_only	Zx.0090_P2	P4257	122635632	126113559	0
bc1_only	Zx.0090_P2	P4257	126113605	126113880	1
bc1_only	Zx.0090_P2	P4257	126113912	127605000	0
bc1_only	Zx.0090_P2	P4257	127619955	129069181	1
bc1_only	Zx.0090_P2	P4257	129091609	132798448	0
bc1_only	Zx.0090_P2	P4257	132798462	134494842	1
bc1_only	Zx.0090_P2	P4257	134494850	136477032	0
bc1_only	Zx.0090_P2	P4257	136496601	141419110	1
bc1_only	Zx.0090_P2	P4257	141419165	146088090	0
bc1_only	Zx.0090_P2	P4257	146089694	147850913	1
bc1_only	Zx.0090_P2	P4257	147919160	149421137	0
bc1_only	Zx.0090_P2	P4257	149440986	152301487	2
bc1_only	Zx.0090_P2	P4258	464175	1999241	1
bc1_only	Zx.0090_P2	P4258	1999745	2925034	0
bc1_only	Zx.0090_P2	P4258	2925034	3885400	1
bc1_only	Zx.0090_P2	P4258	3885440	4062368	0
bc1_only	Zx.0090_P2	P4258	4122527	5010852	1
bc1_only	Zx.0090_P2	P4258	5011527	7910563	0
bc1_only	Zx.0090_P2	P4258	8404510	10097602	1
bc1_only	Zx.0090_P2	P4258	10335673	16022326	0
bc1_only	Zx.0090_P2	P4258	16136443	16899806	1
bc1_only	Zx.0090_P2	P4258	16899894	32067693	0
bc1_only	Zx.0090_P2	P4258	32126064	35467194	1
bc1_only	Zx.0090_P2	P4258	35467228	53692910	0
bc1_only	Zx.0090_P2	P4258	53694609	55514138	1
bc1_only	Zx.0090_P2	P4258	55514188	56313509	2
bc1_only	Zx.0090_P2	P4258	56374598	57159657	0
bc1_only	Zx.0090_P2	P4258	57159662	62494545	1
bc1_only	Zx.0090_P2	P4258	62494639	68474735	0
bc1_only	Zx.0090_P2	P4258	68834588	70814569	1
bc1_only	Zx.0090_P2	P4258	70814644	74103973	0
bc1_only	Zx.0090_P2	P4258	74104206	74104474	1
bc1_only	Zx.0090_P2	P4258	74104490	75979424	0
bc1_only	Zx.0090_P2	P4258	75979448	77143453	2
bc1_only	Zx.0090_P2	P4258	77149853	82169311	0
bc1_only	Zx.0090_P2	P4258	82182781	85019150	1
bc1_only	Zx.0090_P2	P4258	85108731	89895616	0
bc1_only	Zx.0090_P2	P4258	89896826	89897678	1
bc1_only	Zx.0090_P2	P4258	89950699	96673210	0
bc1_only	Zx.0090_P2	P4258	96673214	97531027	1
bc1_only	Zx.0090_P2	P4258	97531031	97532198	2
bc1_only	Zx.0090_P2	P4258	97536930	103980850	0
bc1_only	Zx.0090_P2	P4258	103980873	103982733	1
bc1_only	Zx.0090_P2	P4258	103983435	109828959	0
bc1_only	Zx.0090_P2	P4258	109828982	117252785	1
bc1_only	Zx.0090_P2	P4258	117254789	119659616	0
bc1_only	Zx.0090_P2	P4258	119679008	120279247	1
bc1_only	Zx.0090_P2	P4258	120281321	125664569	0
bc1_only	Zx.0090_P2	P4258	125664604	125664791	1
bc1_only	Zx.0090_P2	P4258	125664791	127604682	0
bc1_only	Zx.0090_P2	P4258	127604709	128046895	1
bc1_only	Zx.0090_P2	P4258	128114529	129399565	2
bc1_only	Zx.0090_P2	P4258	129402020	134436570	0
bc1_only	Zx.0090_P2	P4258	134492122	134570652	1
bc1_only	Zx.0090_P2	P4258	134570655	143751174	0
bc1_only	Zx.0090_P2	P4258	143751204	144937131	1
bc1_only	Zx.0090_P2	P4258	144946160	146586725	0
bc1_only	Zx.0090_P2	P4258	146586726	148962665	1
bc1_only	Zx.0090_P2	P4258	148962901	148967020	2
bc1_only	Zx.0090_P2	P4258	148967064	150359922	1
bc1_only	Zx.0090_P2	P4258	150364068	152282674	0
bc1_only	Zx.0090_P2	P4263	132312	1614600	1
bc1_only	Zx.0090_P2	P4263	1621493	4975053	0
bc1_only	Zx.0090_P2	P4263	4975063	13287112	1
bc1_only	Zx.0090_P2	P4263	13497678	22414216	0
bc1_only	Zx.0090_P2	P4263	22469099	53533878	1
bc1_only	Zx.0090_P2	P4263	54030842	59517192	0
bc1_only	Zx.0090_P2	P4263	59517214	61793296	1
bc1_only	Zx.0090_P2	P4263	61793296	68835452	0
bc1_only	Zx.0090_P2	P4263	68835685	70815001	1
bc1_only	Zx.0090_P2	P4263	70815316	72922724	0
bc1_only	Zx.0090_P2	P4263	72990852	76218131	1
bc1_only	Zx.0090_P2	P4263	76336185	82189678	0
bc1_only	Zx.0090_P2	P4263	82189710	85019150	1
bc1_only	Zx.0090_P2	P4263	85081318	89895616	0
bc1_only	Zx.0090_P2	P4263	89897010	93527435	1
bc1_only	Zx.0090_P2	P4263	93527448	97526509	0
bc1_only	Zx.0090_P2	P4263	97526524	97531878	2
bc1_only	Zx.0090_P2	P4263	97531880	110388261	0
bc1_only	Zx.0090_P2	P4263	110388261	110893991	1
bc1_only	Zx.0090_P2	P4263	111236420	125666713	0
bc1_only	Zx.0090_P2	P4263	125783893	134496444	1
bc1_only	Zx.0090_P2	P4263	134529926	140719462	0
bc1_only	Zx.0090_P2	P4263	140719529	144697148	1
bc1_only	Zx.0090_P2	P4263	144818004	147850561	0
bc1_only	Zx.0090_P2	P4263	147850596	148928436	2
bc1_only	Zx.0090_P2	P4263	148935658	149836846	0
bc1_only	Zx.0090_P2	P4263	150086997	150360539	2
bc1_only	Zx.0090_P2	P4263	150364068	151633073	1
bc1_only	Zx.0090_P2	P4264	464290	5955105	0
bc1_only	Zx.0090_P2	P4264	5955125	5955622	1
bc1_only	Zx.0090_P2	P4264	5955717	22471839	0
bc1_only	Zx.0090_P2	P4264	22471854	22472006	1
bc1_only	Zx.0090_P2	P4264	22625631	63301882	0
bc1_only	Zx.0090_P2	P4264	63301897	63301953	1
bc1_only	Zx.0090_P2	P4264	63803217	74045741	0
bc1_only	Zx.0090_P2	P4264	74103803	76022324	1
bc1_only	Zx.0090_P2	P4264	76022585	88317682	0
bc1_only	Zx.0090_P2	P4264	88487173	90024094	1
bc1_only	Zx.0090_P2	P4264	90350000	103162948	0
bc1_only	Zx.0090_P2	P4264	103315072	108598136	1
bc1_only	Zx.0090_P2	P4264	108703783	116721564	0
bc1_only	Zx.0090_P2	P4264	116837838	119448137	1
bc1_only	Zx.0090_P2	P4264	119448648	125664569	0
bc1_only	Zx.0090_P2	P4264	125664604	130915680	1
bc1_only	Zx.0090_P2	P4264	130921313	139851541	0
bc1_only	Zx.0090_P2	P4264	139851557	143616243	1
bc1_only	Zx.0090_P2	P4264	143711423	148963676	0
bc1_only	Zx.0090_P2	P4264	148964389	149772908	1
bc1_only	Zx.0090_P2	P4264	149830419	152289677	0
bc1_only	Zx.0090_P2	PN3_SID278	464290	2925034	1
bc1_only	Zx.0090_P2	PN3_SID278	2925034	2986261	2
bc1_only	Zx.0090_P2	PN3_SID278	2986273	3067296	1
bc1_only	Zx.0090_P2	PN3_SID278	3067326	18566882	0
bc1_only	Zx.0090_P2	PN3_SID278	18826174	23859865	1
bc1_only	Zx.0090_P2	PN3_SID278	24020333	31828275	0
bc1_only	Zx.0090_P2	PN3_SID278	31828516	35467234	1
bc1_only	Zx.0090_P2	PN3_SID278	35467255	44530699	0
bc1_only	Zx.0090_P2	PN3_SID278	44541417	45945236	1
bc1_only	Zx.0090_P2	PN3_SID278	45945236	55483823	0
bc1_only	Zx.0090_P2	PN3_SID278	55513886	55550405	1
bc1_only	Zx.0090_P2	PN3_SID278	55550413	67005211	0
bc1_only	Zx.0090_P2	PN3_SID278	67102441	68835187	1
bc1_only	Zx.0090_P2	PN3_SID278	68835188	72989053	0
bc1_only	Zx.0090_P2	PN3_SID278	72989069	73772852	1
bc1_only	Zx.0090_P2	PN3_SID278	73772861	75426836	0
bc1_only	Zx.0090_P2	PN3_SID278	75426841	83266639	1
bc1_only	Zx.0090_P2	PN3_SID278	83352077	89950532	0
bc1_only	Zx.0090_P2	PN3_SID278	89950535	89951099	2
bc1_only	Zx.0090_P2	PN3_SID278	89951218	94789438	0
bc1_only	Zx.0090_P2	PN3_SID278	94789448	96942262	2
bc1_only	Zx.0090_P2	PN3_SID278	96942294	97532391	1
bc1_only	Zx.0090_P2	PN3_SID278	97603544	103120919	0
bc1_only	Zx.0090_P2	PN3_SID278	103162889	104094094	1
bc1_only	Zx.0090_P2	PN3_SID278	104094099	109828246	0
bc1_only	Zx.0090_P2	PN3_SID278	109828414	110389588	1
bc1_only	Zx.0090_P2	PN3_SID278	110389619	122039819	0
bc1_only	Zx.0090_P2	PN3_SID278	122090780	122635787	2
bc1_only	Zx.0090_P2	PN3_SID278	122635819	125376625	1
bc1_only	Zx.0090_P2	PN3_SID278	125662340	126272996	2
bc1_only	Zx.0090_P2	PN3_SID278	126374023	143110248	0
bc1_only	Zx.0090_P2	PN3_SID278	143110417	144319851	1
bc1_only	Zx.0090_P2	PN3_SID278	144319860	149666076	0
bc1_only	Zx.0090_P2	PN3_SID278	149700362	150087885	1
bc1_only	Zx.0090_P2	PN3_SID278	150165740	151766513	0
bc1_only	Zx.0090_P2	PN3_SID279	464290	13093616	0
bc1_only	Zx.0090_P2	PN3_SID279	13093624	13094779	1
bc1_only	Zx.0090_P2	PN3_SID279	13094784	30080635	0
bc1_only	Zx.0090_P2	PN3_SID279	30101453	34942120	1
bc1_only	Zx.0090_P2	PN3_SID279	34942128	39869013	0
bc1_only	Zx.0090_P2	PN3_SID279	39869044	44047270	1
bc1_only	Zx.0090_P2	PN3_SID279	44383848	61697912	0
bc1_only	Zx.0090_P2	PN3_SID279	61769843	64911616	1
bc1_only	Zx.0090_P2	PN3_SID279	64911618	74011677	0
bc1_only	Zx.0090_P2	PN3_SID279	74011685	75979911	1
bc1_only	Zx.0090_P2	PN3_SID279	75979935	92041541	0
bc1_only	Zx.0090_P2	PN3_SID279	92041569	93528359	1
bc1_only	Zx.0090_P2	PN3_SID279	93528360	97525636	0
bc1_only	Zx.0090_P2	PN3_SID279	97530808	97532391	2
bc1_only	Zx.0090_P2	PN3_SID279	97536930	103568905	0
bc1_only	Zx.0090_P2	PN3_SID279	103609208	104433869	1
bc1_only	Zx.0090_P2	PN3_SID279	104434119	106861812	0
bc1_only	Zx.0090_P2	PN3_SID279	106861840	113720666	1
bc1_only	Zx.0090_P2	PN3_SID279	113835648	125664792	0
bc1_only	Zx.0090_P2	PN3_SID279	125664862	132469164	1
bc1_only	Zx.0090_P2	PN3_SID279	132469192	141155784	0
bc1_only	Zx.0090_P2	PN3_SID279	141155812	141594230	1
bc1_only	Zx.0090_P2	PN3_SID279	141594283	144818019	0
bc1_only	Zx.0090_P2	PN3_SID279	144818038	144818581	1
bc1_only	Zx.0090_P2	PN3_SID279	144818608	148828853	0
bc1_only	Zx.0090_P2	PN3_SID279	148927116	148928223	2
bc1_only	Zx.0090_P2	PN3_SID279	148938105	152271707	0
bc1_only	Zx.0090_P2	PN3_SID280	475477	1256777	1
bc1_only	Zx.0090_P2	PN3_SID280	1256784	3054631	0
bc1_only	Zx.0090_P2	PN3_SID280	3067266	3884115	1
bc1_only	Zx.0090_P2	PN3_SID280	3926335	5672956	0
bc1_only	Zx.0090_P2	PN3_SID280	5955226	8671733	1
bc1_only	Zx.0090_P2	PN3_SID280	9198705	15487377	0
bc1_only	Zx.0090_P2	PN3_SID280	16136443	16136641	1
bc1_only	Zx.0090_P2	PN3_SID280	16291192	32127690	0
bc1_only	Zx.0090_P2	PN3_SID280	32128160	32130297	1
bc1_only	Zx.0090_P2	PN3_SID280	32490913	53533829	0
bc1_only	Zx.0090_P2	PN3_SID280	53533877	56313405	2
bc1_only	Zx.0090_P2	PN3_SID280	56374598	61768743	0
bc1_only	Zx.0090_P2	PN3_SID280	61769843	62636652	1
bc1_only	Zx.0090_P2	PN3_SID280	62638206	68835187	0
bc1_only	Zx.0090_P2	PN3_SID280	68873358	70698123	1
bc1_only	Zx.0090_P2	PN3_SID280	70698136	74104049	0
bc1_only	Zx.0090_P2	PN3_SID280	74104206	76021535	1
bc1_only	Zx.0090_P2	PN3_SID280	76021586	88486869	0
bc1_only	Zx.0090_P2	PN3_SID280	88487173	90023989	2
bc1_only	Zx.0090_P2	PN3_SID280	90024006	93527382	1
bc1_only	Zx.0090_P2	PN3_SID280	93527397	103162898	0
bc1_only	Zx.0090_P2	PN3_SID280	103162918	104089092	1
bc1_only	Zx.0090_P2	PN3_SID280	104089166	107361472	0
bc1_only	Zx.0090_P2	PN3_SID280	107383559	114821481	1
bc1_only	Zx.0090_P2	PN3_SID280	114829483	118813664	0
bc1_only	Zx.0090_P2	PN3_SID280	118813686	122635855	1
bc1_only	Zx.0090_P2	PN3_SID280	122635857	125664569	0
bc1_only	Zx.0090_P2	PN3_SID280	125664604	128132553	1
bc1_only	Zx.0090_P2	PN3_SID280	128365924	142138482	0
bc1_only	Zx.0090_P2	PN3_SID280	142138521	144077737	1
bc1_only	Zx.0090_P2	PN3_SID280	144077748	144915823	0
bc1_only	Zx.0090_P2	PN3_SID280	144936762	144937547	1
bc1_only	Zx.0090_P2	PN3_SID280	144937562	146662346	0
bc1_only	Zx.0090_P2	PN3_SID280	146662370	149772758	1
bc1_only	Zx.0090_P2	PN3_SID280	149772809	152301487	0
bc1_only	Zx.0090_P2	PN3_SID281	464290	2937698	0
bc1_only	Zx.0090_P2	PN3_SID281	2938198	3194779	2
bc1_only	Zx.0090_P2	PN3_SID281	3194861	15898057	0
bc1_only	Zx.0090_P2	PN3_SID281	16136443	16136641	1
bc1_only	Zx.0090_P2	PN3_SID281	16290969	33989149	0
bc1_only	Zx.0090_P2	PN3_SID281	33996796	45945555	1
bc1_only	Zx.0090_P2	PN3_SID281	45945577	59532786	0
bc1_only	Zx.0090_P2	PN3_SID281	59543232	60122461	1
bc1_only	Zx.0090_P2	PN3_SID281	60122488	82189577	0
bc1_only	Zx.0090_P2	PN3_SID281	82189589	85336268	1
bc1_only	Zx.0090_P2	PN3_SID281	85336340	89897678	0
bc1_only	Zx.0090_P2	PN3_SID281	89950699	94756630	1
bc1_only	Zx.0090_P2	PN3_SID281	94756633	99217018	0
bc1_only	Zx.0090_P2	PN3_SID281	99238737	99384488	1
bc1_only	Zx.0090_P2	PN3_SID281	99384508	119790455	0
bc1_only	Zx.0090_P2	PN3_SID281	119790640	122635587	1
bc1_only	Zx.0090_P2	PN3_SID281	122635593	125664569	0
bc1_only	Zx.0090_P2	PN3_SID281	125664604	125783894	1
bc1_only	Zx.0090_P2	PN3_SID281	126112798	130921314	0
bc1_only	Zx.0090_P2	PN3_SID281	130921433	137127158	1
bc1_only	Zx.0090_P2	PN3_SID281	137127209	144818355	0
bc1_only	Zx.0090_P2	PN3_SID281	144827311	144947111	2
bc1_only	Zx.0090_P2	PN3_SID281	145055136	148965717	0
bc1_only	Zx.0090_P2	PN3_SID281	148966958	148967140	1
bc1_only	Zx.0090_P2	PN3_SID281	148987392	152301487	0
bc1_only	Zx.0090_P2	PN3_SID282	464290	2598509	1
bc1_only	Zx.0090_P2	PN3_SID282	2638403	4044150	0
bc1_only	Zx.0090_P2	PN3_SID282	4044151	4044408	1
bc1_only	Zx.0090_P2	PN3_SID282	4044409	8169011	0
bc1_only	Zx.0090_P2	PN3_SID282	8404510	10097551	1
bc1_only	Zx.0090_P2	PN3_SID282	10336083	16136469	0
bc1_only	Zx.0090_P2	PN3_SID282	16136474	17117835	1
bc1_only	Zx.0090_P2	PN3_SID282	17121029	32127641	0
bc1_only	Zx.0090_P2	PN3_SID282	32127649	35467234	2
bc1_only	Zx.0090_P2	PN3_SID282	35596143	44383849	0
bc1_only	Zx.0090_P2	PN3_SID282	44541470	45945285	1
bc1_only	Zx.0090_P2	PN3_SID282	45945299	97526994	0
bc1_only	Zx.0090_P2	PN3_SID282	97531244	97532301	2
bc1_only	Zx.0090_P2	PN3_SID282	97532370	109547555	0
bc1_only	Zx.0090_P2	PN3_SID282	109828414	109829007	1
bc1_only	Zx.0090_P2	PN3_SID282	109829069	146586856	0
bc1_only	Zx.0090_P2	PN3_SID282	146587006	149830942	1
bc1_only	Zx.0090_P2	PN3_SID282	150087050	152016578	2
bc1_only	Zx.0090_P2	PN3_SID283	464290	9992779	0
bc1_only	Zx.0090_P2	PN3_SID283	10093508	10094199	1
bc1_only	Zx.0090_P2	PN3_SID283	10094601	31516108	0
bc1_only	Zx.0090_P2	PN3_SID283	31516114	31516265	1
bc1_only	Zx.0090_P2	PN3_SID283	31516285	45588019	0
bc1_only	Zx.0090_P2	PN3_SID283	45588040	48202984	1
bc1_only	Zx.0090_P2	PN3_SID283	48380629	61705685	0
bc1_only	Zx.0090_P2	PN3_SID283	61705743	64911249	1
bc1_only	Zx.0090_P2	PN3_SID283	64911267	109828417	0
bc1_only	Zx.0090_P2	PN3_SID283	109828617	109829178	1
bc1_only	Zx.0090_P2	PN3_SID283	110388179	120275775	0
bc1_only	Zx.0090_P2	PN3_SID283	120279002	120954072	1
bc1_only	Zx.0090_P2	PN3_SID283	120954073	127628944	0
bc1_only	Zx.0090_P2	PN3_SID283	127628945	128117682	1
bc1_only	Zx.0090_P2	PN3_SID283	128130549	140007785	0
bc1_only	Zx.0090_P2	PN3_SID283	140008021	141418851	1
bc1_only	Zx.0090_P2	PN3_SID283	141418869	143811750	0
bc1_only	Zx.0090_P2	PN3_SID283	143832818	148958598	1
bc1_only	Zx.0090_P2	PN3_SID283	148962493	148964332	2
bc1_only	Zx.0090_P2	PN3_SID283	148964389	150087885	1
bc1_only	Zx.0090_P2	PN3_SID283	150263846	152271707	0
bc1_only	Zx.0090_P2	PN3_SID284	464290	2638545	1
bc1_only	Zx.0090_P2	PN3_SID284	2638562	8405446	0
bc1_only	Zx.0090_P2	PN3_SID284	8406232	12107247	1
bc1_only	Zx.0090_P2	PN3_SID284	12107247	32067679	0
bc1_only	Zx.0090_P2	PN3_SID284	32126387	35467234	1
bc1_only	Zx.0090_P2	PN3_SID284	35467255	43352804	0
bc1_only	Zx.0090_P2	PN3_SID284	43646090	51535284	1
bc1_only	Zx.0090_P2	PN3_SID284	51535306	70530355	0
bc1_only	Zx.0090_P2	PN3_SID284	70530367	70815944	1
bc1_only	Zx.0090_P2	PN3_SID284	70892643	89202388	0
bc1_only	Zx.0090_P2	PN3_SID284	89774283	89897097	1
bc1_only	Zx.0090_P2	PN3_SID284	89950531	97531899	0
bc1_only	Zx.0090_P2	PN3_SID284	97531899	97532391	2
bc1_only	Zx.0090_P2	PN3_SID284	97536930	109828049	0
bc1_only	Zx.0090_P2	PN3_SID284	109828617	118813934	1
bc1_only	Zx.0090_P2	PN3_SID284	118813934	125279233	0
bc1_only	Zx.0090_P2	PN3_SID284	125279233	127629900	1
bc1_only	Zx.0090_P2	PN3_SID284	127629906	145055137	0
bc1_only	Zx.0090_P2	PN3_SID284	145099308	147850878	1
bc1_only	Zx.0090_P2	PN3_SID284	147850894	149388932	0
bc1_only	Zx.0090_P2	PN3_SID284	149420338	152289677	1
bc1_only	Zx.0090_P2	PN3_SID285	464175	11263642	0
bc1_only	Zx.0090_P2	PN3_SID285	11263669	12107245	1
bc1_only	Zx.0090_P2	PN3_SID285	12107246	42615370	0
bc1_only	Zx.0090_P2	PN3_SID285	43646090	45945836	2
bc1_only	Zx.0090_P2	PN3_SID285	45945840	89767021	0
bc1_only	Zx.0090_P2	PN3_SID285	89774283	89897097	1
bc1_only	Zx.0090_P2	PN3_SID285	89950531	106716762	0
bc1_only	Zx.0090_P2	PN3_SID285	106716917	108345671	1
bc1_only	Zx.0090_P2	PN3_SID285	108525589	127628944	0
bc1_only	Zx.0090_P2	PN3_SID285	127628945	127918704	1
bc1_only	Zx.0090_P2	PN3_SID285	127918714	141225744	0
bc1_only	Zx.0090_P2	PN3_SID285	141418576	141419863	1
bc1_only	Zx.0090_P2	PN3_SID285	141490277	145098944	0
bc1_only	Zx.0090_P2	PN3_SID285	145098990	145100211	1
bc1_only	Zx.0090_P2	PN3_SID285	145101713	152301487	0
bc1_only	Zx.0090_P2	PN3_SID286	464175	2713441	2
bc1_only	Zx.0090_P2	PN3_SID286	2714302	2926815	1
bc1_only	Zx.0090_P2	PN3_SID286	2928786	3234024	2
bc1_only	Zx.0090_P2	PN3_SID286	3234048	3931527	1
bc1_only	Zx.0090_P2	PN3_SID286	3931565	4061518	2
bc1_only	Zx.0090_P2	PN3_SID286	4062146	39882575	0
bc1_only	Zx.0090_P2	PN3_SID286	39882585	44047270	1
bc1_only	Zx.0090_P2	PN3_SID286	44413220	80717998	0
bc1_only	Zx.0090_P2	PN3_SID286	80718021	81379984	1
bc1_only	Zx.0090_P2	PN3_SID286	81409706	92042290	0
bc1_only	Zx.0090_P2	PN3_SID286	92157333	97532391	1
bc1_only	Zx.0090_P2	PN3_SID286	97536930	105390909	0
bc1_only	Zx.0090_P2	PN3_SID286	105390911	109829178	1
bc1_only	Zx.0090_P2	PN3_SID286	110491925	144319862	0
bc1_only	Zx.0090_P2	PN3_SID286	144329480	146370004	1
bc1_only	Zx.0090_P2	PN3_SID286	146370061	148927917	2
bc1_only	Zx.0090_P2	PN3_SID286	148927993	151061129	1
bc1_only	Zx.0090_P2	PN3_SID286	151085825	152289677	2
bc1_only	Zx.0090_P2	PN3_SID287	132312	44528713	0
bc1_only	Zx.0090_P2	PN3_SID287	44530692	45945943	2
bc1_only	Zx.0090_P2	PN3_SID287	45945943	89202265	0
bc1_only	Zx.0090_P2	PN3_SID287	89202306	89895616	1
bc1_only	Zx.0090_P2	PN3_SID287	89896826	92534865	0
bc1_only	Zx.0090_P2	PN3_SID287	92534909	94757310	1
bc1_only	Zx.0090_P2	PN3_SID287	94761905	105290619	0
bc1_only	Zx.0090_P2	PN3_SID287	105390962	115549175	1
bc1_only	Zx.0090_P2	PN3_SID287	115550459	122591431	0
bc1_only	Zx.0090_P2	PN3_SID287	122633124	122635866	1
bc1_only	Zx.0090_P2	PN3_SID287	122637260	146061605	0
bc1_only	Zx.0090_P2	PN3_SID287	146061619	146930858	1
bc1_only	Zx.0090_P2	PN3_SID287	147193551	149772972	0
bc1_only	Zx.0090_P2	PN3_SID287	149772990	150552895	1
bc1_only	Zx.0090_P2	PN3_SID287	150569384	152289677	0
bc1_only	Zx.0090_P2	PN3_SID288	475477	2925315	0
bc1_only	Zx.0090_P2	PN3_SID288	2926533	3874441	1
bc1_only	Zx.0090_P2	PN3_SID288	3875056	4879194	0
bc1_only	Zx.0090_P2	PN3_SID288	4972653	8169016	1
bc1_only	Zx.0090_P2	PN3_SID288	8404510	10668430	0
bc1_only	Zx.0090_P2	PN3_SID288	10955711	12107128	1
bc1_only	Zx.0090_P2	PN3_SID288	12107149	17524307	0
bc1_only	Zx.0090_P2	PN3_SID288	17524328	22471863	1
bc1_only	Zx.0090_P2	PN3_SID288	22698483	32002994	0
bc1_only	Zx.0090_P2	PN3_SID288	32126171	34707504	1
bc1_only	Zx.0090_P2	PN3_SID288	34941580	39024359	0
bc1_only	Zx.0090_P2	PN3_SID288	39032679	39421373	1
bc1_only	Zx.0090_P2	PN3_SID288	39858892	55514317	0
bc1_only	Zx.0090_P2	PN3_SID288	55522543	56313509	1
bc1_only	Zx.0090_P2	PN3_SID288	56374598	74011526	0
bc1_only	Zx.0090_P2	PN3_SID288	74011553	76021812	1
bc1_only	Zx.0090_P2	PN3_SID288	76021877	79554823	0
bc1_only	Zx.0090_P2	PN3_SID288	79591789	87592194	1
bc1_only	Zx.0090_P2	PN3_SID288	87743396	93527565	0
bc1_only	Zx.0090_P2	PN3_SID288	93527626	93528281	1
bc1_only	Zx.0090_P2	PN3_SID288	93553387	99207246	0
bc1_only	Zx.0090_P2	PN3_SID288	99238737	103909589	1
bc1_only	Zx.0090_P2	PN3_SID288	103948651	105390909	0
bc1_only	Zx.0090_P2	PN3_SID288	105390911	110388823	1
bc1_only	Zx.0090_P2	PN3_SID288	110389587	120369163	0
bc1_only	Zx.0090_P2	PN3_SID288	120446961	122507261	2
bc1_only	Zx.0090_P2	PN3_SID288	122507285	125278557	1
bc1_only	Zx.0090_P2	PN3_SID288	125278636	127683939	2
bc1_only	Zx.0090_P2	PN3_SID288	127683998	130921314	1
bc1_only	Zx.0090_P2	PN3_SID288	130921433	131254335	2
bc1_only	Zx.0090_P2	PN3_SID288	131926809	135047119	1
bc1_only	Zx.0090_P2	PN3_SID288	135078292	136654101	2
bc1_only	Zx.0090_P2	PN3_SID288	136655212	140932377	1
bc1_only	Zx.0090_P2	PN3_SID288	140935351	143589805	0
bc1_only	Zx.0090_P2	PN3_SID288	143590303	144818019	1
bc1_only	Zx.0090_P2	PN3_SID288	144818038	145838845	2
bc1_only	Zx.0090_P2	PN3_SID288	145841112	148262224	1
bc1_only	Zx.0090_P2	PN3_SID288	148262272	152301487	0
bc1_only	Zx.0090_P2	PN4_SID289	464175	2704728	0
bc1_only	Zx.0090_P2	PN4_SID289	2704729	2712010	1
bc1_only	Zx.0090_P2	PN4_SID289	2712017	2712296	2
bc1_only	Zx.0090_P2	PN4_SID289	2712895	32001063	0
bc1_only	Zx.0090_P2	PN4_SID289	32001209	34707504	1
bc1_only	Zx.0090_P2	PN4_SID289	34941580	68061186	0
bc1_only	Zx.0090_P2	PN4_SID289	68061248	70814461	1
bc1_only	Zx.0090_P2	PN4_SID289	70814644	87386900	0
bc1_only	Zx.0090_P2	PN4_SID289	87517299	89897063	1
bc1_only	Zx.0090_P2	PN4_SID289	89897425	93527264	0
bc1_only	Zx.0090_P2	PN4_SID289	93527275	93527814	1
bc1_only	Zx.0090_P2	PN4_SID289	93527895	109547555	0
bc1_only	Zx.0090_P2	PN4_SID289	109828414	113835703	1
bc1_only	Zx.0090_P2	PN4_SID289	113835880	119448137	0
bc1_only	Zx.0090_P2	PN4_SID289	119448538	122635719	1
bc1_only	Zx.0090_P2	PN4_SID289	122635722	137920490	0
bc1_only	Zx.0090_P2	PN4_SID289	137945947	148963673	2
bc1_only	Zx.0090_P2	PN4_SID289	148964365	149388932	1
bc1_only	Zx.0090_P2	PN4_SID289	149572029	152289677	0
bc1_only	Zx.0500_P2	P4309	475537	2522673	1
bc1_only	Zx.0500_P2	P4309	2522682	2705356	2
bc1_only	Zx.0500_P2	P4309	2705363	2705787	1
bc1_only	Zx.0500_P2	P4309	2705791	2708776	2
bc1_only	Zx.0500_P2	P4309	2708789	2708990	1
bc1_only	Zx.0500_P2	P4309	2708993	2711608	2
bc1_only	Zx.0500_P2	P4309	2711619	2713401	1
bc1_only	Zx.0500_P2	P4309	2713417	2822148	2
bc1_only	Zx.0500_P2	P4309	2925265	3931628	1
bc1_only	Zx.0500_P2	P4309	3931644	3971772	2
bc1_only	Zx.0500_P2	P4309	3971785	3975392	1
bc1_only	Zx.0500_P2	P4309	3975394	10598134	2
bc1_only	Zx.0500_P2	P4309	10598148	12500775	1
bc1_only	Zx.0500_P2	P4309	12500784	15084459	2
bc1_only	Zx.0500_P2	P4309	16291118	21212968	1
bc1_only	Zx.0500_P2	P4309	21212968	24437120	2
bc1_only	Zx.0500_P2	P4309	25094706	25961237	0
bc1_only	Zx.0500_P2	P4309	25961254	28167979	1
bc1_only	Zx.0500_P2	P4309	28168099	30873468	2
bc1_only	Zx.0500_P2	P4309	31661025	45945248	1
bc1_only	Zx.0500_P2	P4309	45945450	52686723	0
bc1_only	Zx.0500_P2	P4309	52690315	69375280	1
bc1_only	Zx.0500_P2	P4309	70813892	74797983	2
bc1_only	Zx.0500_P2	P4309	74798028	82731468	0
bc1_only	Zx.0500_P2	P4309	83007970	85111022	1
bc1_only	Zx.0500_P2	P4309	85111022	89776424	2
bc1_only	Zx.0500_P2	P4309	89800615	107255571	0
bc1_only	Zx.0500_P2	P4309	107255572	107856783	1
bc1_only	Zx.0500_P2	P4309	107856795	120953975	0
bc1_only	Zx.0500_P2	P4309	120954071	120969622	1
bc1_only	Zx.0500_P2	P4309	120969682	128779839	0
bc1_only	Zx.0500_P2	P4309	129405376	131072128	1
bc1_only	Zx.0500_P2	P4309	131072128	139405402	0
bc1_only	Zx.0500_P2	P4309	139833058	142131445	2
bc1_only	Zx.0500_P2	P4309	142219459	146349836	1
bc1_only	Zx.0500_P2	P4309	146353106	146388919	2
bc1_only	Zx.0500_P2	P4309	146597710	151633097	0
bc1_only	Zx.0500_P2	P4310	134958	2330151	1
bc1_only	Zx.0500_P2	P4310	2560494	2713585	0
bc1_only	Zx.0500_P2	P4310	2714301	2714385	1
bc1_only	Zx.0500_P2	P4310	2714404	3012538	0
bc1_only	Zx.0500_P2	P4310	3012555	3873922	1
bc1_only	Zx.0500_P2	P4310	3873936	3971685	0
bc1_only	Zx.0500_P2	P4310	3971689	3975395	1
bc1_only	Zx.0500_P2	P4310	3975407	3976051	0
bc1_only	Zx.0500_P2	P4310	3976058	3977992	1
bc1_only	Zx.0500_P2	P4310	3978560	4044489	0
bc1_only	Zx.0500_P2	P4310	4044501	4044918	1
bc1_only	Zx.0500_P2	P4310	4044930	4055507	0
bc1_only	Zx.0500_P2	P4310	4055517	4879485	1
bc1_only	Zx.0500_P2	P4310	4879485	5955105	0
bc1_only	Zx.0500_P2	P4310	5955249	11252576	1
bc1_only	Zx.0500_P2	P4310	11252586	12510680	0
bc1_only	Zx.0500_P2	P4310	12633003	24484731	2
bc1_only	Zx.0500_P2	P4310	25041932	25095092	0
bc1_only	Zx.0500_P2	P4310	25785869	30073605	2
bc1_only	Zx.0500_P2	P4310	30073607	48548345	1
bc1_only	Zx.0500_P2	P4310	48597682	53110953	2
bc1_only	Zx.0500_P2	P4310	53110978	67982600	1
bc1_only	Zx.0500_P2	P4310	68009604	77649643	2
bc1_only	Zx.0500_P2	P4310	77649669	83352814	0
bc1_only	Zx.0500_P2	P4310	83352842	94789449	2
bc1_only	Zx.0500_P2	P4310	94789466	97531901	1
bc1_only	Zx.0500_P2	P4310	97544679	103948099	2
bc1_only	Zx.0500_P2	P4310	104433695	104964400	1
bc1_only	Zx.0500_P2	P4310	104964401	122627364	2
bc1_only	Zx.0500_P2	P4310	122635402	131926794	1
bc1_only	Zx.0500_P2	P4310	131926809	135078214	2
bc1_only	Zx.0500_P2	P4310	135078215	143590099	1
bc1_only	Zx.0500_P2	P4310	143750749	144818798	0
bc1_only	Zx.0500_P2	P4310	144818896	144819111	1
bc1_only	Zx.0500_P2	P4310	144819158	146388833	0
bc1_only	Zx.0500_P2	P4310	146707512	148967019	1
bc1_only	Zx.0500_P2	P4310	148967019	151646032	0
bc1_only	Zx.0500_P2	P4311	134958	2713491	0
bc1_only	Zx.0500_P2	P4311	2714301	2714354	1
bc1_only	Zx.0500_P2	P4311	2714616	4044302	0
bc1_only	Zx.0500_P2	P4311	4044440	4044713	2
bc1_only	Zx.0500_P2	P4311	4044723	7252066	0
bc1_only	Zx.0500_P2	P4311	7252085	11252700	1
bc1_only	Zx.0500_P2	P4311	11262803	16898341	0
bc1_only	Zx.0500_P2	P4311	16898341	18566762	1
bc1_only	Zx.0500_P2	P4311	18566779	37380156	0
bc1_only	Zx.0500_P2	P4311	37572540	46832754	1
bc1_only	Zx.0500_P2	P4311	47603377	64767970	0
bc1_only	Zx.0500_P2	P4311	64768316	64770209	2
bc1_only	Zx.0500_P2	P4311	65639242	73772828	1
bc1_only	Zx.0500_P2	P4311	73772829	80582310	0
bc1_only	Zx.0500_P2	P4311	80582379	85109648	1
bc1_only	Zx.0500_P2	P4311	85110960	103424385	0
bc1_only	Zx.0500_P2	P4311	104433695	105288338	1
bc1_only	Zx.0500_P2	P4311	105290341	107788852	0
bc1_only	Zx.0500_P2	P4311	107856695	114901116	2
bc1_only	Zx.0500_P2	P4311	115572268	122635481	0
bc1_only	Zx.0500_P2	P4311	123215893	144077211	1
bc1_only	Zx.0500_P2	P4311	144077245	152200189	0
bc1_only	Zx.0500_P2	P4313	134958	1943376	1
bc1_only	Zx.0500_P2	P4313	2021422	2925049	0
bc1_only	Zx.0500_P2	P4313	2925075	2985826	2
bc1_only	Zx.0500_P2	P4313	2986252	5226484	0
bc1_only	Zx.0500_P2	P4313	5371880	5372031	1
bc1_only	Zx.0500_P2	P4313	5372031	9965983	0
bc1_only	Zx.0500_P2	P4313	10379158	12501013	1
bc1_only	Zx.0500_P2	P4313	12510334	18272163	0
bc1_only	Zx.0500_P2	P4313	18566637	24052351	1
bc1_only	Zx.0500_P2	P4313	24236380	25095026	0
bc1_only	Zx.0500_P2	P4313	25785869	41975856	1
bc1_only	Zx.0500_P2	P4313	41975944	48548234	0
bc1_only	Zx.0500_P2	P4313	48597682	80171164	2
bc1_only	Zx.0500_P2	P4313	80211228	106595558	1
bc1_only	Zx.0500_P2	P4313	106595751	108357831	0
bc1_only	Zx.0500_P2	P4313	108597873	119189167	1
bc1_only	Zx.0500_P2	P4313	119447626	122502879	0
bc1_only	Zx.0500_P2	P4313	122502895	137135920	1
bc1_only	Zx.0500_P2	P4313	137135959	142131445	0
bc1_only	Zx.0500_P2	P4313	142219459	143798365	1
bc1_only	Zx.0500_P2	P4313	143802903	144818819	0
bc1_only	Zx.0500_P2	P4313	144818990	146062935	1
bc1_only	Zx.0500_P2	P4313	146063045	148963673	0
bc1_only	Zx.0500_P2	P4313	148964224	148965641	1
bc1_only	Zx.0500_P2	P4313	148997729	152200189	0
bc1_only	Zx.0500_P2	P4314	134958	3068075	0
bc1_only	Zx.0500_P2	P4314	3321589	3701262	1
bc1_only	Zx.0500_P2	P4314	3851103	16898354	0
bc1_only	Zx.0500_P2	P4314	16898358	18566638	1
bc1_only	Zx.0500_P2	P4314	18566646	34707501	0
bc1_only	Zx.0500_P2	P4314	34707503	51078918	1
bc1_only	Zx.0500_P2	P4314	51364882	59182081	0
bc1_only	Zx.0500_P2	P4314	59543175	66743126	1
bc1_only	Zx.0500_P2	P4314	66743137	80171164	0
bc1_only	Zx.0500_P2	P4314	80582318	80582700	1
bc1_only	Zx.0500_P2	P4314	80719143	101231959	0
bc1_only	Zx.0500_P2	P4314	101931544	106596284	1
bc1_only	Zx.0500_P2	P4314	106861781	123870643	0
bc1_only	Zx.0500_P2	P4314	123874213	124106473	1
bc1_only	Zx.0500_P2	P4314	124163856	132917393	0
bc1_only	Zx.0500_P2	P4314	132923164	140140302	1
bc1_only	Zx.0500_P2	P4314	140300487	141076990	2
bc1_only	Zx.0500_P2	P4314	141162567	152200189	0
bc1_only	Zx.0500_P2	P4315	581874	1256777	1
bc1_only	Zx.0500_P2	P4315	1256781	12512276	0
bc1_only	Zx.0500_P2	P4315	12643785	13096086	1
bc1_only	Zx.0500_P2	P4315	13096095	142219464	0
bc1_only	Zx.0500_P2	P4315	143112554	143112759	1
bc1_only	Zx.0500_P2	P4315	143244825	151646032	0
bc1_only	Zx.0500_P2	P4316	475496	1943376	1
bc1_only	Zx.0500_P2	P4316	1999300	3319639	0
bc1_only	Zx.0500_P2	P4316	3321589	3873937	1
bc1_only	Zx.0500_P2	P4316	3873951	12500775	0
bc1_only	Zx.0500_P2	P4316	12500784	12500958	1
bc1_only	Zx.0500_P2	P4316	12500966	16898341	0
bc1_only	Zx.0500_P2	P4316	16898341	16898427	1
bc1_only	Zx.0500_P2	P4316	16898615	25094716	0
bc1_only	Zx.0500_P2	P4316	25094731	25094889	1
bc1_only	Zx.0500_P2	P4316	25094967	30073626	0
bc1_only	Zx.0500_P2	P4316	30873330	34707504	1
bc1_only	Zx.0500_P2	P4316	34707565	47603378	0
bc1_only	Zx.0500_P2	P4316	47603389	47604110	1
bc1_only	Zx.0500_P2	P4316	47777940	64220343	0
bc1_only	Zx.0500_P2	P4316	64767948	64770046	2
bc1_only	Zx.0500_P2	P4316	64770082	70813766	0
bc1_only	Zx.0500_P2	P4316	70813892	71546398	1
bc1_only	Zx.0500_P2	P4316	72290157	89950850	0
bc1_only	Zx.0500_P2	P4316	89950850	89950996	1
bc1_only	Zx.0500_P2	P4316	89951009	118228868	0
bc1_only	Zx.0500_P2	P4316	118866985	118867099	1
bc1_only	Zx.0500_P2	P4316	118913152	132923287	0
bc1_only	Zx.0500_P2	P4316	132923308	135078463	1
bc1_only	Zx.0500_P2	P4316	135080818	141076829	0
bc1_only	Zx.0500_P2	P4316	141076910	143590099	1
bc1_only	Zx.0500_P2	P4316	143590313	152200189	0
bc1_only	Zx.0500_P2	P4317	134958	581939	1
bc1_only	Zx.0500_P2	P4317	582107	3034943	0
bc1_only	Zx.0500_P2	P4317	3039182	3922863	1
bc1_only	Zx.0500_P2	P4317	3929140	5955105	0
bc1_only	Zx.0500_P2	P4317	5955249	5955518	1
bc1_only	Zx.0500_P2	P4317	5955567	11732235	0
bc1_only	Zx.0500_P2	P4317	12500489	12500971	1
bc1_only	Zx.0500_P2	P4317	12501012	25094936	0
bc1_only	Zx.0500_P2	P4317	25094944	26881449	1
bc1_only	Zx.0500_P2	P4317	26887336	31689348	0
bc1_only	Zx.0500_P2	P4317	31817958	36372141	1
bc1_only	Zx.0500_P2	P4317	36372151	64768393	0
bc1_only	Zx.0500_P2	P4317	64768465	64770209	2
bc1_only	Zx.0500_P2	P4317	64911083	79841034	0
bc1_only	Zx.0500_P2	P4317	79959331	99235770	1
bc1_only	Zx.0500_P2	P4317	99238658	100812151	0
bc1_only	Zx.0500_P2	P4317	100961823	104964796	1
bc1_only	Zx.0500_P2	P4317	104964809	107254871	0
bc1_only	Zx.0500_P2	P4317	107254929	110388015	1
bc1_only	Zx.0500_P2	P4317	110388450	110389223	2
bc1_only	Zx.0500_P2	P4317	110389223	120969622	1
bc1_only	Zx.0500_P2	P4317	120969682	122503212	2
bc1_only	Zx.0500_P2	P4317	122503284	129408696	1
bc1_only	Zx.0500_P2	P4317	129408738	131262897	0
bc1_only	Zx.0500_P2	P4317	131496085	134569790	1
bc1_only	Zx.0500_P2	P4317	134569847	134569964	2
bc1_only	Zx.0500_P2	P4317	134570013	142643875	1
bc1_only	Zx.0500_P2	P4317	143112505	143112759	2
bc1_only	Zx.0500_P2	P4317	143244863	145098655	0
bc1_only	Zx.0500_P2	P4317	145098682	145100211	1
bc1_only	Zx.0500_P2	P4317	145204646	146348129	0
bc1_only	Zx.0500_P2	P4317	146349328	146349394	1
bc1_only	Zx.0500_P2	P4317	146349835	152200189	0
bc1_only	Zx.0500_P2	P4318	475496	581659	1
bc1_only	Zx.0500_P2	P4318	581781	30873331	0
bc1_only	Zx.0500_P2	P4318	30873353	35613961	1
bc1_only	Zx.0500_P2	P4318	36017160	64768393	0
bc1_only	Zx.0500_P2	P4318	64768465	64769836	2
bc1_only	Zx.0500_P2	P4318	64769923	80582319	0
bc1_only	Zx.0500_P2	P4318	80582336	85112211	1
bc1_only	Zx.0500_P2	P4318	85112243	97408380	0
bc1_only	Zx.0500_P2	P4318	97527214	98457643	1
bc1_only	Zx.0500_P2	P4318	98469761	104964370	0
bc1_only	Zx.0500_P2	P4318	104964385	104964476	1
bc1_only	Zx.0500_P2	P4318	104964486	110388022	0
bc1_only	Zx.0500_P2	P4318	110388450	110389420	1
bc1_only	Zx.0500_P2	P4318	110389458	115876415	0
bc1_only	Zx.0500_P2	P4318	116201482	119447627	1
bc1_only	Zx.0500_P2	P4318	119447654	119448704	2
bc1_only	Zx.0500_P2	P4318	119600159	122516786	1
bc1_only	Zx.0500_P2	P4318	122516800	130916253	0
bc1_only	Zx.0500_P2	P4318	131069401	131262443	1
bc1_only	Zx.0500_P2	P4318	131263074	135078216	0
bc1_only	Zx.0500_P2	P4318	135078255	136686188	1
bc1_only	Zx.0500_P2	P4318	137135894	143358604	0
bc1_only	Zx.0500_P2	P4318	143589615	144077117	1
bc1_only	Zx.0500_P2	P4318	144174029	146340235	0
bc1_only	Zx.0500_P2	P4318	146340471	146349836	1
bc1_only	Zx.0500_P2	P4318	146353106	147959827	0
bc1_only	Zx.0500_P2	P4318	148775678	149005114	1
bc1_only	Zx.0500_P2	P4318	149005907	152200189	0
bc1_only	Zx.0500_P2	P4319	475537	2925076	0
bc1_only	Zx.0500_P2	P4319	2925077	2925887	2
bc1_only	Zx.0500_P2	P4319	3008710	3884868	1
bc1_only	Zx.0500_P2	P4319	3885079	15084459	0
bc1_only	Zx.0500_P2	P4319	15663256	16334755	1
bc1_only	Zx.0500_P2	P4319	16898330	31689271	0
bc1_only	Zx.0500_P2	P4319	31817958	31818055	1
bc1_only	Zx.0500_P2	P4319	31836798	59182081	0
bc1_only	Zx.0500_P2	P4319	59543175	59543233	1
bc1_only	Zx.0500_P2	P4319	59584779	94275921	0
bc1_only	Zx.0500_P2	P4319	94756606	97544712	1
bc1_only	Zx.0500_P2	P4319	97750904	104434199	0
bc1_only	Zx.0500_P2	P4319	104962321	106596852	1
bc1_only	Zx.0500_P2	P4319	106596945	108073855	0
bc1_only	Zx.0500_P2	P4319	108357828	116201664	1
bc1_only	Zx.0500_P2	P4319	116251176	119811749	0
bc1_only	Zx.0500_P2	P4319	120953864	123870383	1
bc1_only	Zx.0500_P2	P4319	123870635	135076716	0
bc1_only	Zx.0500_P2	P4319	135076733	137136002	1
bc1_only	Zx.0500_P2	P4319	137136013	144818175	0
bc1_only	Zx.0500_P2	P4319	144818252	146063174	1
bc1_only	Zx.0500_P2	P4319	146063201	152200189	0
bc1_only	Zx.0500_P2	PN4_SID341	134958	2705364	1
bc1_only	Zx.0500_P2	PN4_SID341	2705368	2708139	2
bc1_only	Zx.0500_P2	PN4_SID341	2708141	2708423	1
bc1_only	Zx.0500_P2	PN4_SID341	2708423	2708895	2
bc1_only	Zx.0500_P2	PN4_SID341	2708897	2712329	1
bc1_only	Zx.0500_P2	PN4_SID341	2712337	2713387	0
bc1_only	Zx.0500_P2	PN4_SID341	2713390	3012896	2
bc1_only	Zx.0500_P2	PN4_SID341	3012960	3946902	1
bc1_only	Zx.0500_P2	PN4_SID341	3946915	3971971	2
bc1_only	Zx.0500_P2	PN4_SID341	3971984	3976718	1
bc1_only	Zx.0500_P2	PN4_SID341	3976729	4959967	2
bc1_only	Zx.0500_P2	PN4_SID341	4960000	24411604	1
bc1_only	Zx.0500_P2	PN4_SID341	24484727	27878705	0
bc1_only	Zx.0500_P2	PN4_SID341	27878740	31958163	1
bc1_only	Zx.0500_P2	PN4_SID341	32111172	34707501	0
bc1_only	Zx.0500_P2	PN4_SID341	34707503	45178678	1
bc1_only	Zx.0500_P2	PN4_SID341	45178704	61795249	0
bc1_only	Zx.0500_P2	PN4_SID341	61795491	74004513	1
bc1_only	Zx.0500_P2	PN4_SID341	74011561	76650220	2
bc1_only	Zx.0500_P2	PN4_SID341	77145265	107856780	0
bc1_only	Zx.0500_P2	PN4_SID341	107856782	110388451	1
bc1_only	Zx.0500_P2	PN4_SID341	110388481	125661997	0
bc1_only	Zx.0500_P2	PN4_SID341	125664862	128434098	1
bc1_only	Zx.0500_P2	PN4_SID341	128779838	143590099	0
bc1_only	Zx.0500_P2	PN4_SID341	143590131	143797821	1
bc1_only	Zx.0500_P2	PN4_SID341	143797888	145099662	0
bc1_only	Zx.0500_P2	PN4_SID341	145099678	148932018	1
bc1_only	Zx.0500_P2	PN4_SID341	148962493	148967140	0
bc1_only	Zx.0500_P2	PN4_SID341	148997729	151646032	1
bc1_only	Zx.0500_P2	PN4_SID342	581578	1256777	1
bc1_only	Zx.0500_P2	PN4_SID342	1256781	2710303	0
bc1_only	Zx.0500_P2	PN4_SID342	2711054	2712244	2
bc1_only	Zx.0500_P2	PN4_SID342	2712247	2925564	0
bc1_only	Zx.0500_P2	PN4_SID342	2986252	3971500	1
bc1_only	Zx.0500_P2	PN4_SID342	3971506	3975171	0
bc1_only	Zx.0500_P2	PN4_SID342	3975181	3975918	2
bc1_only	Zx.0500_P2	PN4_SID342	3975921	4008606	1
bc1_only	Zx.0500_P2	PN4_SID342	4016193	5955273	0
bc1_only	Zx.0500_P2	PN4_SID342	5981611	12643758	2
bc1_only	Zx.0500_P2	PN4_SID342	12643772	20650667	1
bc1_only	Zx.0500_P2	PN4_SID342	21883995	24437120	2
bc1_only	Zx.0500_P2	PN4_SID342	25041932	27473317	0
bc1_only	Zx.0500_P2	PN4_SID342	27878667	72290186	1
bc1_only	Zx.0500_P2	PN4_SID342	72512117	77649643	2
bc1_only	Zx.0500_P2	PN4_SID342	77649669	83171339	0
bc1_only	Zx.0500_P2	PN4_SID342	83342950	89202302	1
bc1_only	Zx.0500_P2	PN4_SID342	89202314	94789070	0
bc1_only	Zx.0500_P2	PN4_SID342	94789116	94789477	1
bc1_only	Zx.0500_P2	PN4_SID342	94789484	122503076	0
bc1_only	Zx.0500_P2	PN4_SID342	122503101	122503212	1
bc1_only	Zx.0500_P2	PN4_SID342	122516463	137682801	0
bc1_only	Zx.0500_P2	PN4_SID342	138274214	142219464	2
bc1_only	Zx.0500_P2	PN4_SID342	142292435	144818748	1
bc1_only	Zx.0500_P2	PN4_SID342	144818791	146283508	2
bc1_only	Zx.0500_P2	PN4_SID342	146339642	146349530	1
bc1_only	Zx.0500_P2	PN4_SID342	146353106	146597711	2
bc1_only	Zx.0500_P2	PN4_SID342	146707512	152200189	1
bc1_only	Zx.0500_P2	PN4_SID343	134958	3068075	0
bc1_only	Zx.0500_P2	PN4_SID343	3319638	3701262	1
bc1_only	Zx.0500_P2	PN4_SID343	3850804	45944945	0
bc1_only	Zx.0500_P2	PN4_SID343	45944946	47604088	1
bc1_only	Zx.0500_P2	PN4_SID343	47604109	61693374	0
bc1_only	Zx.0500_P2	PN4_SID343	61792500	64769230	1
bc1_only	Zx.0500_P2	PN4_SID343	64769232	97531208	0
bc1_only	Zx.0500_P2	PN4_SID343	97531221	97531608	2
bc1_only	Zx.0500_P2	PN4_SID343	97531608	104964600	0
bc1_only	Zx.0500_P2	PN4_SID343	104964703	105287698	1
bc1_only	Zx.0500_P2	PN4_SID343	105319231	131249733	0
bc1_only	Zx.0500_P2	PN4_SID343	131252278	132923668	1
bc1_only	Zx.0500_P2	PN4_SID343	134432454	146343095	0
bc1_only	Zx.0500_P2	PN4_SID343	146344181	148964441	1
bc1_only	Zx.0500_P2	PN4_SID343	148964878	152200189	0
bc1_only	Zx.0500_P2	PN4_SID344	581578	33055966	0
bc1_only	Zx.0500_P2	PN4_SID344	33055974	34707886	1
bc1_only	Zx.0500_P2	PN4_SID344	35467054	106595558	0
bc1_only	Zx.0500_P2	PN4_SID344	106596227	106606166	1
bc1_only	Zx.0500_P2	PN4_SID344	106861977	121560630	0
bc1_only	Zx.0500_P2	PN4_SID344	122516766	124009778	1
bc1_only	Zx.0500_P2	PN4_SID344	124106256	132916689	0
bc1_only	Zx.0500_P2	PN4_SID344	132923164	132923447	1
bc1_only	Zx.0500_P2	PN4_SID344	132923500	144000801	0
bc1_only	Zx.0500_P2	PN4_SID344	144077057	145100108	1
bc1_only	Zx.0500_P2	PN4_SID344	145100126	150843540	0
bc1_only	Zx.0500_P2	PN4_SID344	150972914	151646032	1
bc1_only	Zx.0500_P2	PN4_SID345	581578	6625110	0
bc1_only	Zx.0500_P2	PN4_SID345	6625125	7881595	1
bc1_only	Zx.0500_P2	PN4_SID345	7909151	16291333	0
bc1_only	Zx.0500_P2	PN4_SID345	16291357	17049145	1
bc1_only	Zx.0500_P2	PN4_SID345	17196588	31818366	0
bc1_only	Zx.0500_P2	PN4_SID345	31836798	34707598	1
bc1_only	Zx.0500_P2	PN4_SID345	34707613	45570660	0
bc1_only	Zx.0500_P2	PN4_SID345	45588263	54459696	1
bc1_only	Zx.0500_P2	PN4_SID345	54459702	97531972	0
bc1_only	Zx.0500_P2	PN4_SID345	97532251	99239930	1
bc1_only	Zx.0500_P2	PN4_SID345	99239933	105977636	0
bc1_only	Zx.0500_P2	PN4_SID345	106595557	106861998	1
bc1_only	Zx.0500_P2	PN4_SID345	106862176	118136146	0
bc1_only	Zx.0500_P2	PN4_SID345	118256530	123216041	1
bc1_only	Zx.0500_P2	PN4_SID345	123216095	135078138	0
bc1_only	Zx.0500_P2	PN4_SID345	135078144	141076785	1
bc1_only	Zx.0500_P2	PN4_SID345	141076804	143889086	0
bc1_only	Zx.0500_P2	PN4_SID345	143889165	144077270	1
bc1_only	Zx.0500_P2	PN4_SID345	144661296	146344182	0
bc1_only	Zx.0500_P2	PN4_SID345	146344232	147839019	1
bc1_only	Zx.0500_P2	PN4_SID345	147850555	152200189	0
bc1_only	Zx.0500_P2	PN4_SID346	134958	10953994	0
bc1_only	Zx.0500_P2	PN4_SID346	11252575	12500971	1
bc1_only	Zx.0500_P2	PN4_SID346	12501012	72913209	0
bc1_only	Zx.0500_P2	PN4_SID346	72950902	72950993	1
bc1_only	Zx.0500_P2	PN4_SID346	72993025	88488957	0
bc1_only	Zx.0500_P2	PN4_SID346	88880531	96667562	2
bc1_only	Zx.0500_P2	PN4_SID346	96667563	98685051	1
bc1_only	Zx.0500_P2	PN4_SID346	98917517	108042842	0
bc1_only	Zx.0500_P2	PN4_SID346	108597873	136477175	1
bc1_only	Zx.0500_P2	PN4_SID346	136477229	143797387	0
bc1_only	Zx.0500_P2	PN4_SID346	143797408	143803158	1
bc1_only	Zx.0500_P2	PN4_SID346	143803762	152200189	0
bc1_only	Zx.0500_P2	PN4_SID347	475496	1256724	0
bc1_only	Zx.0500_P2	PN4_SID347	1256734	2704666	1
bc1_only	Zx.0500_P2	PN4_SID347	2704668	2706871	2
bc1_only	Zx.0500_P2	PN4_SID347	2706946	2708267	1
bc1_only	Zx.0500_P2	PN4_SID347	2708268	4060174	0
bc1_only	Zx.0500_P2	PN4_SID347	4194312	6627618	1
bc1_only	Zx.0500_P2	PN4_SID347	6627645	23093497	0
bc1_only	Zx.0500_P2	PN4_SID347	23449413	23449540	1
bc1_only	Zx.0500_P2	PN4_SID347	23449544	110388015	0
bc1_only	Zx.0500_P2	PN4_SID347	110388450	118256723	1
bc1_only	Zx.0500_P2	PN4_SID347	118256737	135078463	0
bc1_only	Zx.0500_P2	PN4_SID347	135080829	141336371	1
bc1_only	Zx.0500_P2	PN4_SID347	141825112	143797605	2
bc1_only	Zx.0500_P2	PN4_SID347	143797683	144818748	1
bc1_only	Zx.0500_P2	PN4_SID347	144818791	146283508	2
bc1_only	Zx.0500_P2	PN4_SID347	146338310	147850604	1
bc1_only	Zx.0500_P2	PN4_SID347	147850613	152200189	0
bc1_only	Zx.0500_P2	PN4_SID348	134958	1943023	1
bc1_only	Zx.0500_P2	PN4_SID348	2010967	2705398	0
bc1_only	Zx.0500_P2	PN4_SID348	2706048	2706175	1
bc1_only	Zx.0500_P2	PN4_SID348	2706191	2925192	0
bc1_only	Zx.0500_P2	PN4_SID348	2925210	2925543	1
bc1_only	Zx.0500_P2	PN4_SID348	2925563	45944945	0
bc1_only	Zx.0500_P2	PN4_SID348	45944946	45945555	1
bc1_only	Zx.0500_P2	PN4_SID348	47604087	61792578	0
bc1_only	Zx.0500_P2	PN4_SID348	61795077	64770046	2
bc1_only	Zx.0500_P2	PN4_SID348	64770207	77145266	0
bc1_only	Zx.0500_P2	PN4_SID348	77649642	77649762	1
bc1_only	Zx.0500_P2	PN4_SID348	77739542	97211677	0
bc1_only	Zx.0500_P2	PN4_SID348	97531239	97531487	2
bc1_only	Zx.0500_P2	PN4_SID348	97531493	102685290	0
bc1_only	Zx.0500_P2	PN4_SID348	102685307	104964525	1
bc1_only	Zx.0500_P2	PN4_SID348	104964546	106595752	0
bc1_only	Zx.0500_P2	PN4_SID348	106596227	106861904	1
bc1_only	Zx.0500_P2	PN4_SID348	106861946	127918302	0
bc1_only	Zx.0500_P2	PN4_SID348	127918353	131250195	1
bc1_only	Zx.0500_P2	PN4_SID348	131250281	144000801	0
bc1_only	Zx.0500_P2	PN4_SID348	144077057	146344182	1
bc1_only	Zx.0500_P2	PN4_SID348	146344232	151517196	0
bc1_only	Zx.0500_P2	PN4_SID349	134958	1256724	0
bc1_only	Zx.0500_P2	PN4_SID349	1256734	2704655	1
bc1_only	Zx.0500_P2	PN4_SID349	2704665	2705083	0
bc1_only	Zx.0500_P2	PN4_SID349	2705513	2707104	1
bc1_only	Zx.0500_P2	PN4_SID349	2707114	2925049	0
bc1_only	Zx.0500_P2	PN4_SID349	2925075	2925430	1
bc1_only	Zx.0500_P2	PN4_SID349	2925444	3971393	0
bc1_only	Zx.0500_P2	PN4_SID349	3971423	3973971	1
bc1_only	Zx.0500_P2	PN4_SID349	3974010	4008606	0
bc1_only	Zx.0500_P2	PN4_SID349	4014101	4019630	1
bc1_only	Zx.0500_P2	PN4_SID349	4019723	4591797	0
bc1_only	Zx.0500_P2	PN4_SID349	4592561	7252144	1
bc1_only	Zx.0500_P2	PN4_SID349	7252147	31689348	0
bc1_only	Zx.0500_P2	PN4_SID349	31817958	34707504	1
bc1_only	Zx.0500_P2	PN4_SID349	34707565	64769051	0
bc1_only	Zx.0500_P2	PN4_SID349	64769112	64770032	1
bc1_only	Zx.0500_P2	PN4_SID349	64911083	104963845	0
bc1_only	Zx.0500_P2	PN4_SID349	104964703	110389588	1
bc1_only	Zx.0500_P2	PN4_SID349	110389646	122516464	0
bc1_only	Zx.0500_P2	PN4_SID349	122516766	127918705	1
bc1_only	Zx.0500_P2	PN4_SID349	128365843	146354272	0
bc1_only	Zx.0500_P2	PN4_SID349	146365417	146365453	1
bc1_only	Zx.0500_P2	PN4_SID349	146378672	152200189	0
bc1_only	Zx.0500_P2	PN4_SID350	534282	2705868	0
bc1_only	Zx.0500_P2	PN4_SID350	2705871	2707441	1
bc1_only	Zx.0500_P2	PN4_SID350	2707445	2711924	0
bc1_only	Zx.0500_P2	PN4_SID350	2711980	2712244	2
bc1_only	Zx.0500_P2	PN4_SID350	2712247	2713193	1
bc1_only	Zx.0500_P2	PN4_SID350	2713200	2713384	0
bc1_only	Zx.0500_P2	PN4_SID350	2713386	2714848	1
bc1_only	Zx.0500_P2	PN4_SID350	2714851	2925301	0
bc1_only	Zx.0500_P2	PN4_SID350	2925410	3333951	1
bc1_only	Zx.0500_P2	PN4_SID350	3701134	3973845	0
bc1_only	Zx.0500_P2	PN4_SID350	3973853	3973971	1
bc1_only	Zx.0500_P2	PN4_SID350	3974168	31958163	0
bc1_only	Zx.0500_P2	PN4_SID350	32127689	34707598	1
bc1_only	Zx.0500_P2	PN4_SID350	34707613	45944945	0
bc1_only	Zx.0500_P2	PN4_SID350	45944946	45945227	1
bc1_only	Zx.0500_P2	PN4_SID350	45945247	64768687	0
bc1_only	Zx.0500_P2	PN4_SID350	64769050	69375265	1
bc1_only	Zx.0500_P2	PN4_SID350	70814015	74709208	0
bc1_only	Zx.0500_P2	PN4_SID350	74709315	74709816	1
bc1_only	Zx.0500_P2	PN4_SID350	74709823	94789058	0
bc1_only	Zx.0500_P2	PN4_SID350	94789069	97531208	1
bc1_only	Zx.0500_P2	PN4_SID350	97531221	97531608	2
bc1_only	Zx.0500_P2	PN4_SID350	97531608	99239930	1
bc1_only	Zx.0500_P2	PN4_SID350	99239933	107856780	0
bc1_only	Zx.0500_P2	PN4_SID350	107856782	118256723	1
bc1_only	Zx.0500_P2	PN4_SID350	118256737	135078335	0
bc1_only	Zx.0500_P2	PN4_SID350	135080818	144077211	1
bc1_only	Zx.0500_P2	PN4_SID350	144077245	147838879	0
bc1_only	Zx.0500_P2	PN4_SID350	147838881	148962953	1
bc1_only	Zx.0500_P2	PN4_SID350	148963528	151646032	0
bc1_only	Zx.0500_P2	PN4_SID351	134958	2640689	0
bc1_only	Zx.0500_P2	PN4_SID351	2704740	2707223	1
bc1_only	Zx.0500_P2	PN4_SID351	2707237	2708130	2
bc1_only	Zx.0500_P2	PN4_SID351	2708138	2709056	1
bc1_only	Zx.0500_P2	PN4_SID351	2709058	2925192	0
bc1_only	Zx.0500_P2	PN4_SID351	2925223	3321590	1
bc1_only	Zx.0500_P2	PN4_SID351	3322336	3947008	0
bc1_only	Zx.0500_P2	PN4_SID351	3971172	3971964	1
bc1_only	Zx.0500_P2	PN4_SID351	3971969	3975834	0
bc1_only	Zx.0500_P2	PN4_SID351	3975877	3976120	1
bc1_only	Zx.0500_P2	PN4_SID351	3976162	4044725	0
bc1_only	Zx.0500_P2	PN4_SID351	4044744	4045008	2
bc1_only	Zx.0500_P2	PN4_SID351	4045012	12500610	0
bc1_only	Zx.0500_P2	PN4_SID351	12500626	13214307	1
bc1_only	Zx.0500_P2	PN4_SID351	13578747	31661039	0
bc1_only	Zx.0500_P2	PN4_SID351	31817958	31818045	1
bc1_only	Zx.0500_P2	PN4_SID351	31818358	120969683	0
bc1_only	Zx.0500_P2	PN4_SID351	122080933	139403787	1
bc1_only	Zx.0500_P2	PN4_SID351	139403811	142292728	2
bc1_only	Zx.0500_P2	PN4_SID351	142351152	144077270	0
bc1_only	Zx.0500_P2	PN4_SID351	144661209	145100003	1
bc1_only	Zx.0500_P2	PN4_SID351	145100042	151646032	0
bc1_only	Zx.0540_P3	PN5_SID464	560560	139838360	0
bc1_only	Zx.0540_P3	PN5_SID464	139851938	140900176	1
bc1_only	Zx.0540_P3	PN5_SID464	141594229	144551102	0
bc1_only	Zx.0540_P3	PN5_SID464	144818252	148932137	2
bc1_only	Zx.0540_P3	PN5_SID464	148932183	148964303	0
bc1_only	Zx.0540_P3	PN5_SID464	148997955	151310869	2
bc1_only	Zx.0540_P3	PN5_SID465	262842	2925070	0
bc1_only	Zx.0540_P3	PN5_SID465	2925075	3333573	1
bc1_only	Zx.0540_P3	PN5_SID465	3528338	4054450	0
bc1_only	Zx.0540_P3	PN5_SID465	4055333	4055644	1
bc1_only	Zx.0540_P3	PN5_SID465	4056022	31661110	0
bc1_only	Zx.0540_P3	PN5_SID465	31818272	45944977	1
bc1_only	Zx.0540_P3	PN5_SID465	45945029	95612639	0
bc1_only	Zx.0540_P3	PN5_SID465	95612656	96514644	1
bc1_only	Zx.0540_P3	PN5_SID465	96667616	99239117	0
bc1_only	Zx.0540_P3	PN5_SID465	99239290	99240305	2
bc1_only	Zx.0540_P3	PN5_SID465	99240309	106595874	0
bc1_only	Zx.0540_P3	PN5_SID465	106596059	115127788	1
bc1_only	Zx.0540_P3	PN5_SID465	115244045	121403780	0
bc1_only	Zx.0540_P3	PN5_SID465	121403782	123870313	1
bc1_only	Zx.0540_P3	PN5_SID465	123870324	131926869	0
bc1_only	Zx.0540_P3	PN5_SID465	131927497	139573218	1
bc1_only	Zx.0540_P3	PN5_SID465	139573227	140900109	2
bc1_only	Zx.0540_P3	PN5_SID465	140900130	143590254	1
bc1_only	Zx.0540_P3	PN5_SID465	143590256	144818810	0
bc1_only	Zx.0540_P3	PN5_SID465	144818812	146378902	1
bc1_only	Zx.0540_P3	PN5_SID465	147838865	151503515	2
bc1_only	Zx.0540_P3	PN5_SID466	581578	4054342	0
bc1_only	Zx.0540_P3	PN5_SID466	4054449	4057615	1
bc1_only	Zx.0540_P3	PN5_SID466	4060227	51273701	0
bc1_only	Zx.0540_P3	PN5_SID466	51535239	58306580	1
bc1_only	Zx.0540_P3	PN5_SID466	58424806	122635574	0
bc1_only	Zx.0540_P3	PN5_SID466	122635586	122637391	1
bc1_only	Zx.0540_P3	PN5_SID466	123264948	140492386	0
bc1_only	Zx.0540_P3	PN5_SID466	140899699	141594230	2
bc1_only	Zx.0540_P3	PN5_SID466	141594621	149703440	0
bc1_only	Zx.0540_P3	PN5_SID466	150087780	151642145	2
bc1_only	Zx.0540_P3	PN5_SID467	581642	2939116	2
bc1_only	Zx.0540_P3	PN5_SID467	2939392	3976830	1
bc1_only	Zx.0540_P3	PN5_SID467	3976878	4046557	2
bc1_only	Zx.0540_P3	PN5_SID467	4046847	4057484	0
bc1_only	Zx.0540_P3	PN5_SID467	4057485	13095960	1
bc1_only	Zx.0540_P3	PN5_SID467	13103511	20169590	0
bc1_only	Zx.0540_P3	PN5_SID467	20169664	23647035	2
bc1_only	Zx.0540_P3	PN5_SID467	23895062	39870604	1
bc1_only	Zx.0540_P3	PN5_SID467	41129812	43646265	2
bc1_only	Zx.0540_P3	PN5_SID467	44092823	65317361	1
bc1_only	Zx.0540_P3	PN5_SID467	65669369	73324472	0
bc1_only	Zx.0540_P3	PN5_SID467	73324472	82129802	1
bc1_only	Zx.0540_P3	PN5_SID467	82130477	84947523	2
bc1_only	Zx.0540_P3	PN5_SID467	84947530	85636176	1
bc1_only	Zx.0540_P3	PN5_SID467	85636204	89951370	2
bc1_only	Zx.0540_P3	PN5_SID467	90023920	98620054	1
bc1_only	Zx.0540_P3	PN5_SID467	98685984	99239383	2
bc1_only	Zx.0540_P3	PN5_SID467	99239387	100247079	1
bc1_only	Zx.0540_P3	PN5_SID467	100581146	118812405	2
bc1_only	Zx.0540_P3	PN5_SID467	118813482	118813877	1
bc1_only	Zx.0540_P3	PN5_SID467	118813884	121150635	2
bc1_only	Zx.0540_P3	PN5_SID467	121150657	123860611	1
bc1_only	Zx.0540_P3	PN5_SID467	123861929	127918740	2
bc1_only	Zx.0540_P3	PN5_SID467	127918741	133895250	1
bc1_only	Zx.0540_P3	PN5_SID467	133895258	134939639	2
bc1_only	Zx.0540_P3	PN5_SID467	135078025	137954148	1
bc1_only	Zx.0540_P3	PN5_SID467	138248089	140900176	2
bc1_only	Zx.0540_P3	PN5_SID467	141578894	146388586	1
bc1_only	Zx.0540_P3	PN5_SID467	147133250	147839041	0
bc1_only	Zx.0540_P3	PN5_SID467	147850596	148784113	2
bc1_only	Zx.0540_P3	PN5_SID467	148784123	151503515	1
bc1_only	Zx.0540_P3	PN5_SID469	581578	3013265	1
bc1_only	Zx.0540_P3	PN5_SID469	3034453	3974261	0
bc1_only	Zx.0540_P3	PN5_SID469	3975897	3976059	1
bc1_only	Zx.0540_P3	PN5_SID469	3976085	12500692	0
bc1_only	Zx.0540_P3	PN5_SID469	12500784	13103584	1
bc1_only	Zx.0540_P3	PN5_SID469	14826463	31661110	0
bc1_only	Zx.0540_P3	PN5_SID469	31818300	38420438	1
bc1_only	Zx.0540_P3	PN5_SID469	38420440	89767977	0
bc1_only	Zx.0540_P3	PN5_SID469	89950756	89950869	1
bc1_only	Zx.0540_P3	PN5_SID469	89950895	109219605	0
bc1_only	Zx.0540_P3	PN5_SID469	109828414	109828676	1
bc1_only	Zx.0540_P3	PN5_SID469	110388098	148963676	0
bc1_only	Zx.0540_P3	PN5_SID469	148964365	151503515	1
bc1_only	Zx.0540_P3	PN5_SID470	560560	2925200	2
bc1_only	Zx.0540_P3	PN5_SID470	2925210	3930200	0
bc1_only	Zx.0540_P3	PN5_SID470	3930273	3971230	2
bc1_only	Zx.0540_P3	PN5_SID470	3971233	4044755	1
bc1_only	Zx.0540_P3	PN5_SID470	4044758	4046950	2
bc1_only	Zx.0540_P3	PN5_SID470	4047007	12685692	1
bc1_only	Zx.0540_P3	PN5_SID470	12685727	18269895	2
bc1_only	Zx.0540_P3	PN5_SID470	18269896	39339271	1
bc1_only	Zx.0540_P3	PN5_SID470	39766977	48044284	0
bc1_only	Zx.0540_P3	PN5_SID470	48707094	59105582	2
bc1_only	Zx.0540_P3	PN5_SID470	59204973	82166124	1
bc1_only	Zx.0540_P3	PN5_SID470	82166222	82168520	2
bc1_only	Zx.0540_P3	PN5_SID470	82179811	85636217	1
bc1_only	Zx.0540_P3	PN5_SID470	86598315	89522771	2
bc1_only	Zx.0540_P3	PN5_SID470	89767973	101939405	1
bc1_only	Zx.0540_P3	PN5_SID470	101949251	107256427	2
bc1_only	Zx.0540_P3	PN5_SID470	108195667	110389369	1
bc1_only	Zx.0540_P3	PN5_SID470	110389373	119232262	2
bc1_only	Zx.0540_P3	PN5_SID470	119787420	125062059	1
bc1_only	Zx.0540_P3	PN5_SID470	125282090	127629121	2
bc1_only	Zx.0540_P3	PN5_SID470	127840717	129935764	1
bc1_only	Zx.0540_P3	PN5_SID470	130647808	145718181	2
bc1_only	Zx.0540_P3	PN5_SID470	145902249	146387871	0
bc1_only	Zx.0540_P3	PN5_SID470	146388563	149618169	1
bc1_only	Zx.0540_P3	PN5_SID470	149618180	152265722	2
bc1_only	Zx.0540_P3	PN5_SID471	581658	1256699	1
bc1_only	Zx.0540_P3	PN5_SID471	1590838	2939104	0
bc1_only	Zx.0540_P3	PN5_SID471	2939106	3333573	1
bc1_only	Zx.0540_P3	PN5_SID471	3540265	4054017	0
bc1_only	Zx.0540_P3	PN5_SID471	4055333	4057226	1
bc1_only	Zx.0540_P3	PN5_SID471	4062020	13093778	0
bc1_only	Zx.0540_P3	PN5_SID471	13095137	34706791	1
bc1_only	Zx.0540_P3	PN5_SID471	34706813	39870604	0
bc1_only	Zx.0540_P3	PN5_SID471	41641995	45945102	1
bc1_only	Zx.0540_P3	PN5_SID471	45945105	76021952	0
bc1_only	Zx.0540_P3	PN5_SID471	76021967	77554461	1
bc1_only	Zx.0540_P3	PN5_SID471	77554488	82179812	0
bc1_only	Zx.0540_P3	PN5_SID471	82187273	84046181	1
bc1_only	Zx.0540_P3	PN5_SID471	84046190	89775241	0
bc1_only	Zx.0540_P3	PN5_SID471	89950756	89951368	1
bc1_only	Zx.0540_P3	PN5_SID471	89951369	106861793	0
bc1_only	Zx.0540_P3	PN5_SID471	106861811	109828676	1
bc1_only	Zx.0540_P3	PN5_SID471	110389297	122502750	0
bc1_only	Zx.0540_P3	PN5_SID471	122502770	122503235	2
bc1_only	Zx.0540_P3	PN5_SID471	122503247	129757888	0
bc1_only	Zx.0540_P3	PN5_SID471	129757913	129757961	1
bc1_only	Zx.0540_P3	PN5_SID471	129935763	135078026	0
bc1_only	Zx.0540_P3	PN5_SID471	135078031	139851900	1
bc1_only	Zx.0540_P3	PN5_SID471	139851938	140900176	2
bc1_only	Zx.0540_P3	PN5_SID471	141576567	143590254	1
bc1_only	Zx.0540_P3	PN5_SID471	143590256	148963043	0
bc1_only	Zx.0540_P3	PN5_SID471	148963597	149724951	1
bc1_only	Zx.0540_P3	PN5_SID471	149830763	151096265	2
bc1_only	Zx.0540_P3	PN5_SID472	581578	3223515	0
bc1_only	Zx.0540_P3	PN5_SID472	3319638	3931645	1
bc1_only	Zx.0540_P3	PN5_SID472	3931865	4054017	0
bc1_only	Zx.0540_P3	PN5_SID472	4054340	4057168	2
bc1_only	Zx.0540_P3	PN5_SID472	4057186	9822341	0
bc1_only	Zx.0540_P3	PN5_SID472	9822362	13103555	1
bc1_only	Zx.0540_P3	PN5_SID472	13103583	94874782	0
bc1_only	Zx.0540_P3	PN5_SID472	94874846	96514606	1
bc1_only	Zx.0540_P3	PN5_SID472	96514613	105960008	0
bc1_only	Zx.0540_P3	PN5_SID472	106595557	107256427	1
bc1_only	Zx.0540_P3	PN5_SID472	107257609	122635357	0
bc1_only	Zx.0540_P3	PN5_SID472	122635402	122635639	1
bc1_only	Zx.0540_P3	PN5_SID472	122635664	140899662	0
bc1_only	Zx.0540_P3	PN5_SID472	140899670	143590314	1
bc1_only	Zx.0540_P3	PN5_SID472	143832833	148964372	0
bc1_only	Zx.0540_P3	PN5_SID472	148964393	151503515	1
bc1_only	Zx.0540_P3	PN5_SID473	134844	1256480	1
bc1_only	Zx.0540_P3	PN5_SID473	1257522	2986482	0
bc1_only	Zx.0540_P3	PN5_SID473	3012555	3333951	1
bc1_only	Zx.0540_P3	PN5_SID473	3528338	4055374	0
bc1_only	Zx.0540_P3	PN5_SID473	4055383	4057615	2
bc1_only	Zx.0540_P3	PN5_SID473	4057728	38427029	0
bc1_only	Zx.0540_P3	PN5_SID473	38427039	39870054	1
bc1_only	Zx.0540_P3	PN5_SID473	39870098	89950896	0
bc1_only	Zx.0540_P3	PN5_SID473	89952123	89952252	1
bc1_only	Zx.0540_P3	PN5_SID473	90023920	105440794	0
bc1_only	Zx.0540_P3	PN5_SID473	106595557	107255573	1
bc1_only	Zx.0540_P3	PN5_SID473	107256188	135075874	0
bc1_only	Zx.0540_P3	PN5_SID473	135078025	141594230	1
bc1_only	Zx.0540_P3	PN5_SID473	141594621	152265722	0
bc1_only	Zx.0540_P3	PN5_SID474	262842	1256425	1
bc1_only	Zx.0540_P3	PN5_SID474	1256456	3067109	0
bc1_only	Zx.0540_P3	PN5_SID474	3067125	3333573	1
bc1_only	Zx.0540_P3	PN5_SID474	3528338	4055374	0
bc1_only	Zx.0540_P3	PN5_SID474	4055383	15276929	1
bc1_only	Zx.0540_P3	PN5_SID474	15346486	19543097	0
bc1_only	Zx.0540_P3	PN5_SID474	19556474	25920062	1
bc1_only	Zx.0540_P3	PN5_SID474	25920078	32477781	0
bc1_only	Zx.0540_P3	PN5_SID474	33032928	36167871	1
bc1_only	Zx.0540_P3	PN5_SID474	36372191	39767064	0
bc1_only	Zx.0540_P3	PN5_SID474	39767076	40365353	1
bc1_only	Zx.0540_P3	PN5_SID474	40692915	109859847	0
bc1_only	Zx.0540_P3	PN5_SID474	109859853	117263653	1
bc1_only	Zx.0540_P3	PN5_SID474	117357811	122047836	0
bc1_only	Zx.0540_P3	PN5_SID474	122334702	122637391	1
bc1_only	Zx.0540_P3	PN5_SID474	123116619	125276376	0
bc1_only	Zx.0540_P3	PN5_SID474	125409514	134494716	1
bc1_only	Zx.0540_P3	PN5_SID474	134525742	135078311	0
bc1_only	Zx.0540_P3	PN5_SID474	135078312	140899933	1
bc1_only	Zx.0540_P3	PN5_SID474	140899952	141594230	2
bc1_only	Zx.0540_P3	PN5_SID474	141594621	144818869	1
bc1_only	Zx.0540_P3	PN5_SID474	144818877	147850579	0
bc1_only	Zx.0540_P3	PN5_SID474	147850586	148967091	1
bc1_only	Zx.0540_P3	PN5_SID474	149008405	150087573	0
bc1_only	Zx.0540_P3	PN5_SID474	150087780	151310869	1
bc1_only	Zx.0540_P3	PN5_SID475	581578	1581428	0
bc1_only	Zx.0540_P3	PN5_SID475	1581430	2925150	1
bc1_only	Zx.0540_P3	PN5_SID475	2925198	3922888	2
bc1_only	Zx.0540_P3	PN5_SID475	3929684	4054450	0
bc1_only	Zx.0540_P3	PN5_SID475	4055333	13095138	1
bc1_only	Zx.0540_P3	PN5_SID475	13095901	13096168	2
bc1_only	Zx.0540_P3	PN5_SID475	13103511	31826370	0
bc1_only	Zx.0540_P3	PN5_SID475	31826371	34832277	1
bc1_only	Zx.0540_P3	PN5_SID475	34832315	39767064	0
bc1_only	Zx.0540_P3	PN5_SID475	39767076	45945160	1
bc1_only	Zx.0540_P3	PN5_SID475	45945170	60004516	0
bc1_only	Zx.0540_P3	PN5_SID475	60004551	61000256	1
bc1_only	Zx.0540_P3	PN5_SID475	61000312	93527832	0
bc1_only	Zx.0540_P3	PN5_SID475	94756569	96514454	1
bc1_only	Zx.0540_P3	PN5_SID475	96514506	107170629	0
bc1_only	Zx.0540_P3	PN5_SID475	107253965	107255573	1
bc1_only	Zx.0540_P3	PN5_SID475	107255812	115127788	0
bc1_only	Zx.0540_P3	PN5_SID475	115129251	115129515	1
bc1_only	Zx.0540_P3	PN5_SID475	115244000	118813217	0
bc1_only	Zx.0540_P3	PN5_SID475	118813230	118813430	1
bc1_only	Zx.0540_P3	PN5_SID475	118813446	122502750	0
bc1_only	Zx.0540_P3	PN5_SID475	122502770	122635639	1
bc1_only	Zx.0540_P3	PN5_SID475	122635664	132607277	0
bc1_only	Zx.0540_P3	PN5_SID475	132607465	132607560	1
bc1_only	Zx.0540_P3	PN5_SID475	132607576	139448440	0
bc1_only	Zx.0540_P3	PN5_SID475	139573217	144818869	1
bc1_only	Zx.0540_P3	PN5_SID475	144818877	151310869	0
bc1_only	Zx.0540_P3	PN5_SID476	134844	2714460	0
bc1_only	Zx.0540_P3	PN5_SID476	2938412	2939157	1
bc1_only	Zx.0540_P3	PN5_SID476	2939190	7273832	0
bc1_only	Zx.0540_P3	PN5_SID476	7881594	13093543	1
bc1_only	Zx.0540_P3	PN5_SID476	13095137	13096096	2
bc1_only	Zx.0540_P3	PN5_SID476	13096141	88995269	0
bc1_only	Zx.0540_P3	PN5_SID476	89950783	94874847	1
bc1_only	Zx.0540_P3	PN5_SID476	95206662	99239680	0
bc1_only	Zx.0540_P3	PN5_SID476	99239680	99240305	2
bc1_only	Zx.0540_P3	PN5_SID476	99240309	109224786	0
bc1_only	Zx.0540_P3	PN5_SID476	109828245	115129236	1
bc1_only	Zx.0540_P3	PN5_SID476	115244000	142138720	0
bc1_only	Zx.0540_P3	PN5_SID476	142138721	147839019	1
bc1_only	Zx.0540_P3	PN5_SID476	147839028	148963676	0
bc1_only	Zx.0540_P3	PN5_SID476	148964290	151207100	1
bc1_only	Zx.0540_P3	PN5_SID477	581642	3885502	2
bc1_only	Zx.0540_P3	PN5_SID477	3922887	4055606	0
bc1_only	Zx.0540_P3	PN5_SID477	4055643	16324323	1
bc1_only	Zx.0540_P3	PN5_SID477	17121352	94508705	0
bc1_only	Zx.0540_P3	PN5_SID477	94756569	94756886	1
bc1_only	Zx.0540_P3	PN5_SID477	94757643	106595874	0
bc1_only	Zx.0540_P3	PN5_SID477	106596059	113836252	1
bc1_only	Zx.0540_P3	PN5_SID477	113836254	127918518	0
bc1_only	Zx.0540_P3	PN5_SID477	127918636	131477451	1
bc1_only	Zx.0540_P3	PN5_SID477	131477458	148784381	0
bc1_only	Zx.0540_P3	PN5_SID477	148931219	148998080	1
bc1_only	Zx.0540_P3	PN5_SID477	149000125	151310869	2
bc1_only	Zx.0540_P3	PN5_SID479	581578	2925315	1
bc1_only	Zx.0540_P3	PN5_SID479	2925328	4050110	0
bc1_only	Zx.0540_P3	PN5_SID479	4055333	12685823	1
bc1_only	Zx.0540_P3	PN5_SID479	12693164	18269897	0
bc1_only	Zx.0540_P3	PN5_SID479	18566637	18566732	1
bc1_only	Zx.0540_P3	PN5_SID479	19543096	99239328	0
bc1_only	Zx.0540_P3	PN5_SID479	99239328	99383976	1
bc1_only	Zx.0540_P3	PN5_SID479	99413557	108597822	0
bc1_only	Zx.0540_P3	PN5_SID479	108597873	109859857	1
bc1_only	Zx.0540_P3	PN5_SID479	110388098	135078113	0
bc1_only	Zx.0540_P3	PN5_SID479	135078212	140154425	1
bc1_only	Zx.0540_P3	PN5_SID479	140300450	152265722	0
bc1_only	Zx.0540_P3	PN5_SID480	821800	3569422	1
bc1_only	Zx.0540_P3	PN5_SID480	3849636	39868082	0
bc1_only	Zx.0540_P3	PN5_SID480	39869984	39870249	1
bc1_only	Zx.0540_P3	PN5_SID480	39870263	122334703	0
bc1_only	Zx.0540_P3	PN5_SID480	122503185	122503235	1
bc1_only	Zx.0540_P3	PN5_SID480	122503247	129757888	0
bc1_only	Zx.0540_P3	PN5_SID480	129757913	129757961	1
bc1_only	Zx.0540_P3	PN5_SID480	129935763	135078213	0
bc1_only	Zx.0540_P3	PN5_SID480	135078213	136477305	1
bc1_only	Zx.0540_P3	PN5_SID480	136685395	140899953	0
bc1_only	Zx.0540_P3	PN5_SID480	140899977	142902413	1
bc1_only	Zx.0540_P3	PN5_SID480	143112825	145718181	0
bc1_only	Zx.0540_P3	PN5_SID480	146089226	147854346	1
bc1_only	Zx.0540_P3	PN5_SID480	148694079	151399805	2
bc1_only	Zx.0540_P3	PN6_SID481	134844	2925200	1
bc1_only	Zx.0540_P3	PN6_SID481	2925210	4054017	0
bc1_only	Zx.0540_P3	PN6_SID481	4055516	5371954	2
bc1_only	Zx.0540_P3	PN6_SID481	5372015	12685823	1
bc1_only	Zx.0540_P3	PN6_SID481	12830385	31818361	0
bc1_only	Zx.0540_P3	PN6_SID481	34705975	44092824	1
bc1_only	Zx.0540_P3	PN6_SID481	44092862	59105386	0
bc1_only	Zx.0540_P3	PN6_SID481	59204059	59204148	1
bc1_only	Zx.0540_P3	PN6_SID481	59204928	94874722	0
bc1_only	Zx.0540_P3	PN6_SID481	94874733	95614660	1
bc1_only	Zx.0540_P3	PN6_SID481	95684008	107170629	0
bc1_only	Zx.0540_P3	PN6_SID481	107253965	115129539	1
bc1_only	Zx.0540_P3	PN6_SID481	115439979	152265722	0
bc1_only	Zx.0540_P3	PN6_SID482	134844	3930321	1
bc1_only	Zx.0540_P3	PN6_SID482	3930335	4062330	2
bc1_only	Zx.0540_P3	PN6_SID482	4062338	107254873	0
bc1_only	Zx.0540_P3	PN6_SID482	107254918	109828648	1
bc1_only	Zx.0540_P3	PN6_SID482	109859846	147839041	0
bc1_only	Zx.0540_P3	PN6_SID482	147850843	148931890	2
bc1_only	Zx.0540_P3	PN6_SID482	148932183	148997730	0
bc1_only	Zx.0540_P3	PN6_SID482	148997955	151642145	2
bc1_only	Zx.0540_P3	PN6_SID483	134844	1256480	2
bc1_only	Zx.0540_P3	PN6_SID483	1256558	15346496	0
bc1_only	Zx.0540_P3	PN6_SID483	15346511	27093540	1
bc1_only	Zx.0540_P3	PN6_SID483	27357870	32068363	0
bc1_only	Zx.0540_P3	PN6_SID483	34705975	36372102	1
bc1_only	Zx.0540_P3	PN6_SID483	36372143	39766978	0
bc1_only	Zx.0540_P3	PN6_SID483	39766986	39869965	1
bc1_only	Zx.0540_P3	PN6_SID483	40692915	60002215	0
bc1_only	Zx.0540_P3	PN6_SID483	60002220	67410279	1
bc1_only	Zx.0540_P3	PN6_SID483	67990764	93692543	0
bc1_only	Zx.0540_P3	PN6_SID483	93692577	94874847	1
bc1_only	Zx.0540_P3	PN6_SID483	95206662	99212480	0
bc1_only	Zx.0540_P3	PN6_SID483	99212495	99239635	1
bc1_only	Zx.0540_P3	PN6_SID483	99239645	114998482	0
bc1_only	Zx.0540_P3	PN6_SID483	115129191	118813430	1
bc1_only	Zx.0540_P3	PN6_SID483	118813590	121150763	0
bc1_only	Zx.0540_P3	PN6_SID483	121150966	122635618	1
bc1_only	Zx.0540_P3	PN6_SID483	122635638	125409515	0
bc1_only	Zx.0540_P3	PN6_SID483	126184176	127918742	1
bc1_only	Zx.0540_P3	PN6_SID483	128365896	140154318	0
bc1_only	Zx.0540_P3	PN6_SID483	140154358	144818343	1
bc1_only	Zx.0540_P3	PN6_SID483	144818354	148963256	0
bc1_only	Zx.0540_P3	PN6_SID483	148964290	151399805	1
bc1_only	Zx.0540_P3	PN6_SID485	581642	2925200	1
bc1_only	Zx.0540_P3	PN6_SID485	2925210	4055606	0
bc1_only	Zx.0540_P3	PN6_SID485	4057381	12685823	1
bc1_only	Zx.0540_P3	PN6_SID485	13103361	31818361	0
bc1_only	Zx.0540_P3	PN6_SID485	32068362	36372102	1
bc1_only	Zx.0540_P3	PN6_SID485	36372143	118498504	0
bc1_only	Zx.0540_P3	PN6_SID485	118498580	123861992	2
bc1_only	Zx.0540_P3	PN6_SID485	123870306	127918441	1
bc1_only	Zx.0540_P3	PN6_SID485	127918451	134939639	2
bc1_only	Zx.0540_P3	PN6_SID485	135078233	142280143	1
bc1_only	Zx.0540_P3	PN6_SID485	142280167	146445354	0
bc1_only	Zx.0540_P3	PN6_SID485	146445374	147850850	1
bc1_only	Zx.0540_P3	PN6_SID485	147850851	149618131	0
bc1_only	Zx.0540_P3	PN6_SID485	149618180	151503515	1
bc1_only	Zx.0540_P3	PN6_SID486	581578	42615272	0
bc1_only	Zx.0540_P3	PN6_SID486	43646209	51536028	1
bc1_only	Zx.0540_P3	PN6_SID486	51788738	122635753	0
bc1_only	Zx.0540_P3	PN6_SID486	122635787	128366010	1
bc1_only	Zx.0540_P3	PN6_SID486	129385341	137136017	0
bc1_only	Zx.0540_P3	PN6_SID486	137683992	148931390	2
bc1_only	Zx.0540_P3	PN6_SID486	148943313	148967091	1
bc1_only	Zx.0540_P3	PN6_SID486	148997729	151399805	2
bc1_only	Zx.0540_P3	PN6_SID487	560560	3971181	0
bc1_only	Zx.0540_P3	PN6_SID487	3971209	3971230	1
bc1_only	Zx.0540_P3	PN6_SID487	3971233	4044623	0
bc1_only	Zx.0540_P3	PN6_SID487	4044625	4044759	1
bc1_only	Zx.0540_P3	PN6_SID487	4044759	4050110	0
bc1_only	Zx.0540_P3	PN6_SID487	4055333	9822379	1
bc1_only	Zx.0540_P3	PN6_SID487	10050407	13093537	0
bc1_only	Zx.0540_P3	PN6_SID487	13095137	16324323	1
bc1_only	Zx.0540_P3	PN6_SID487	16493810	34706100	0
bc1_only	Zx.0540_P3	PN6_SID487	34706123	45945102	1
bc1_only	Zx.0540_P3	PN6_SID487	45945148	66743054	0
bc1_only	Zx.0540_P3	PN6_SID487	66743063	67765805	1
bc1_only	Zx.0540_P3	PN6_SID487	67933511	75387341	0
bc1_only	Zx.0540_P3	PN6_SID487	76022024	80582456	1
bc1_only	Zx.0540_P3	PN6_SID487	80583113	92156234	0
bc1_only	Zx.0540_P3	PN6_SID487	92156249	94874747	1
bc1_only	Zx.0540_P3	PN6_SID487	94874751	106595874	0
bc1_only	Zx.0540_P3	PN6_SID487	106596059	107255848	1
bc1_only	Zx.0540_P3	PN6_SID487	108111983	109224699	0
bc1_only	Zx.0540_P3	PN6_SID487	109224726	113350640	1
bc1_only	Zx.0540_P3	PN6_SID487	113694409	122502789	0
bc1_only	Zx.0540_P3	PN6_SID487	122502799	122635617	2
bc1_only	Zx.0540_P3	PN6_SID487	122635617	134939445	0
bc1_only	Zx.0540_P3	PN6_SID487	135075873	141594622	1
bc1_only	Zx.0540_P3	PN6_SID487	142071427	148964366	0
bc1_only	Zx.0540_P3	PN6_SID487	148964371	151642145	1
bc1_only	Zx.0540_P3	PN6_SID488	262842	34706135	0
bc1_only	Zx.0540_P3	PN6_SID488	34707503	45588192	1
bc1_only	Zx.0540_P3	PN6_SID488	45944960	139852553	0
bc1_only	Zx.0540_P3	PN6_SID488	139852562	140900176	2
bc1_only	Zx.0540_P3	PN6_SID488	141594229	150910292	0
bc1_only	Zx.0540_P3	PN6_SID488	151168257	152265722	2
bc1_only	Zx.0540_P3	PN6_SID489	581642	2925231	0
bc1_only	Zx.0540_P3	PN6_SID489	2938412	3067378	1
bc1_only	Zx.0540_P3	PN6_SID489	3528915	34941261	0
bc1_only	Zx.0540_P3	PN6_SID489	34941771	39865897	1
bc1_only	Zx.0540_P3	PN6_SID489	39865924	39870054	2
bc1_only	Zx.0540_P3	PN6_SID489	39870603	135078032	0
bc1_only	Zx.0540_P3	PN6_SID489	135078073	135078421	1
bc1_only	Zx.0540_P3	PN6_SID489	135117124	151642145	0
bc1_only	Zx.0540_P3	PN6_SID490	262842	19556536	0
bc1_only	Zx.0540_P3	PN6_SID490	19556592	44530193	1
bc1_only	Zx.0540_P3	PN6_SID490	45715712	118496662	0
bc1_only	Zx.0540_P3	PN6_SID490	118496671	118811054	2
bc1_only	Zx.0540_P3	PN6_SID490	118811271	118813179	1
bc1_only	Zx.0540_P3	PN6_SID490	118813186	118813809	2
bc1_only	Zx.0540_P3	PN6_SID490	118813876	122334730	1
bc1_only	Zx.0540_P3	PN6_SID490	122635446	123860802	0
bc1_only	Zx.0540_P3	PN6_SID490	123860804	128366078	2
bc1_only	Zx.0540_P3	PN6_SID490	129047713	134936386	1
bc1_only	Zx.0540_P3	PN6_SID490	134936393	134939166	2
bc1_only	Zx.0540_P3	PN6_SID490	135078025	135078421	1
bc1_only	Zx.0540_P3	PN6_SID490	135431213	140007942	0
bc1_only	Zx.0540_P3	PN6_SID490	140008021	144551080	1
bc1_only	Zx.0540_P3	PN6_SID490	144551101	148963668	0
bc1_only	Zx.0540_P3	PN6_SID490	148964371	148965013	1
bc1_only	Zx.0540_P3	PN6_SID490	148965640	152265722	0
bc1_only	Zx.0540_P3	PN6_SID491	651968	3333573	1
bc1_only	Zx.0540_P3	PN6_SID491	3528338	11329955	0
bc1_only	Zx.0540_P3	PN6_SID491	11330000	16324323	1
bc1_only	Zx.0540_P3	PN6_SID491	16898782	32068363	0
bc1_only	Zx.0540_P3	PN6_SID491	32477753	39865950	1
bc1_only	Zx.0540_P3	PN6_SID491	39868081	69213889	0
bc1_only	Zx.0540_P3	PN6_SID491	69375224	69375328	2
bc1_only	Zx.0540_P3	PN6_SID491	70469305	94874722	0
bc1_only	Zx.0540_P3	PN6_SID491	94874733	99239612	1
bc1_only	Zx.0540_P3	PN6_SID491	99239623	99240176	2
bc1_only	Zx.0540_P3	PN6_SID491	99383964	122023043	0
bc1_only	Zx.0540_P3	PN6_SID491	122334702	127799758	1
bc1_only	Zx.0540_P3	PN6_SID491	129755610	133896379	0
bc1_only	Zx.0540_P3	PN6_SID491	134569789	144077211	1
bc1_only	Zx.0540_P3	PN6_SID491	144319772	147575330	0
bc1_only	Zx.0540_P3	PN6_SID491	147838881	147839041	2
bc1_only	Zx.0540_P3	PN6_SID491	147854345	151399805	1
bc1_only	Zx.0540_P3	PN6_SID492	581578	3322337	1
bc1_only	Zx.0540_P3	PN6_SID492	3540265	45945035	0
bc1_only	Zx.0540_P3	PN6_SID492	45945039	50776730	1
bc1_only	Zx.0540_P3	PN6_SID492	51083928	74103679	0
bc1_only	Zx.0540_P3	PN6_SID492	74103803	74105156	2
bc1_only	Zx.0540_P3	PN6_SID492	74182623	83431305	1
bc1_only	Zx.0540_P3	PN6_SID492	83431305	93094006	0
bc1_only	Zx.0540_P3	PN6_SID492	94508704	94756730	1
bc1_only	Zx.0540_P3	PN6_SID492	94756839	99413559	0
bc1_only	Zx.0540_P3	PN6_SID492	99800137	101984247	1
bc1_only	Zx.0540_P3	PN6_SID492	101989561	105290803	0
bc1_only	Zx.0540_P3	PN6_SID492	105290941	106596343	1
bc1_only	Zx.0540_P3	PN6_SID492	106602414	112927287	0
bc1_only	Zx.0540_P3	PN6_SID492	113694409	118856795	1
bc1_only	Zx.0540_P3	PN6_SID492	118856815	122637231	0
bc1_only	Zx.0540_P3	PN6_SID492	122637249	127918518	1
bc1_only	Zx.0540_P3	PN6_SID492	127918636	136084536	0
bc1_only	Zx.0540_P3	PN6_SID492	136088580	145250519	1
bc1_only	Zx.0540_P3	PN6_SID492	145250605	148931390	0
bc1_only	Zx.0540_P3	PN6_SID492	148958893	148967019	1
bc1_only	Zx.0540_P3	PN6_SID492	148967057	151642145	0
bc1_only	Zx.0540_P3	PN6_SID493	262857	79840509	0
bc1_only	Zx.0540_P3	PN6_SID493	79841139	79841256	1
bc1_only	Zx.0540_P3	PN6_SID493	80128722	107254680	0
bc1_only	Zx.0540_P3	PN6_SID493	107254777	109828676	1
bc1_only	Zx.0540_P3	PN6_SID493	110388098	151642145	0
bc1_only	Zx.0540_P3	PN6_SID494	262842	4046760	0
bc1_only	Zx.0540_P3	PN6_SID494	4050109	9822379	1
bc1_only	Zx.0540_P3	PN6_SID494	10034953	15348055	0
bc1_only	Zx.0540_P3	PN6_SID494	15348055	16324323	1
bc1_only	Zx.0540_P3	PN6_SID494	16493810	24451120	0
bc1_only	Zx.0540_P3	PN6_SID494	24484202	34941893	1
bc1_only	Zx.0540_P3	PN6_SID494	35156901	78848336	0
bc1_only	Zx.0540_P3	PN6_SID494	79841023	79841321	1
bc1_only	Zx.0540_P3	PN6_SID494	79841340	94874782	0
bc1_only	Zx.0540_P3	PN6_SID494	94874846	96672605	1
bc1_only	Zx.0540_P3	PN6_SID494	96672613	106861975	0
bc1_only	Zx.0540_P3	PN6_SID494	106861977	117263653	1
bc1_only	Zx.0540_P3	PN6_SID494	118009686	122502907	0
bc1_only	Zx.0540_P3	PN6_SID494	122502928	122502996	1
bc1_only	Zx.0540_P3	PN6_SID494	122502998	134939445	0
bc1_only	Zx.0540_P3	PN6_SID494	135075873	143130600	1
bc1_only	Zx.0540_P3	PN6_SID494	143260697	143832834	2
bc1_only	Zx.0540_P3	PN6_SID494	144319772	145902350	0
bc1_only	Zx.0540_P3	PN6_SID494	146089226	146387871	2
bc1_only	Zx.0540_P3	PN6_SID494	146388563	150087573	1
bc1_only	Zx.0540_P3	PN6_SID494	150087621	151642145	2
bc1_only	Zx.0540_P3	PN6_SID495	651968	12830799	0
bc1_only	Zx.0540_P3	PN6_SID495	13095793	13095982	1
bc1_only	Zx.0540_P3	PN6_SID495	13103583	17138933	0
bc1_only	Zx.0540_P3	PN6_SID495	17491498	24484238	1
bc1_only	Zx.0540_P3	PN6_SID495	25482952	113835835	0
bc1_only	Zx.0540_P3	PN6_SID495	113835953	117014104	1
bc1_only	Zx.0540_P3	PN6_SID495	117263652	151503515	0
bc1_only	Zx.0540_P3	PN6_SID496	671597	3922888	1
bc1_only	Zx.0540_P3	PN6_SID496	3929684	4046797	0
bc1_only	Zx.0540_P3	PN6_SID496	4046799	4047057	2
bc1_only	Zx.0540_P3	PN6_SID496	4047061	34706100	0
bc1_only	Zx.0540_P3	PN6_SID496	34706123	42431263	1
bc1_only	Zx.0540_P3	PN6_SID496	42615271	135078213	0
bc1_only	Zx.0540_P3	PN6_SID496	135078213	144697168	1
bc1_only	Zx.0540_P3	PN6_SID496	144697174	148964303	0
bc1_only	Zx.0540_P3	PN6_SID496	148964365	148967019	1
bc1_only	Zx.0540_P3	PN6_SID496	148967064	151399805	0
bc1_only	Zx.0540_P3	PN6_SID497	581658	2714360	1
bc1_only	Zx.0540_P3	PN6_SID497	2715519	5168978	0
bc1_only	Zx.0540_P3	PN6_SID497	5441347	38056092	2
bc1_only	Zx.0540_P3	PN6_SID497	38060978	39767141	1
bc1_only	Zx.0540_P3	PN6_SID497	39767144	42431143	0
bc1_only	Zx.0540_P3	PN6_SID497	42431231	55194822	1
bc1_only	Zx.0540_P3	PN6_SID497	55397004	77554401	2
bc1_only	Zx.0540_P3	PN6_SID497	77554449	87837848	0
bc1_only	Zx.0540_P3	PN6_SID497	87837959	99239279	1
bc1_only	Zx.0540_P3	PN6_SID497	99239290	102683915	2
bc1_only	Zx.0540_P3	PN6_SID497	102683943	108699381	1
bc1_only	Zx.0540_P3	PN6_SID497	109828414	119232262	2
bc1_only	Zx.0540_P3	PN6_SID497	119255376	133896379	1
bc1_only	Zx.0540_P3	PN6_SID497	134525788	134525819	2
bc1_only	Zx.0540_P3	PN6_SID497	134758394	137682750	1
bc1_only	Zx.0540_P3	PN6_SID497	137682785	142280168	2
bc1_only	Zx.0540_P3	PN6_SID497	142280201	146926908	1
bc1_only	Zx.0540_P3	PN6_SID497	147702842	147838996	2
bc1_only	Zx.0540_P3	PN6_SID497	147838997	151503515	1
bc1_only	Zx.0540_P3	PN6_SID498	581578	83523359	0
bc1_only	Zx.0540_P3	PN6_SID498	84949215	84949309	1
bc1_only	Zx.0540_P3	PN6_SID498	84949317	151310869	0
bc1_only	Zx.0540_P3	PN6_SID499	134844	8524279	0
bc1_only	Zx.0540_P3	PN6_SID499	10542014	38406886	2
bc1_only	Zx.0540_P3	PN6_SID499	38420328	43646258	1
bc1_only	Zx.0540_P3	PN6_SID499	43646261	136951124	2
bc1_only	Zx.0540_P3	PN6_SID499	137072436	143590257	1
bc1_only	Zx.0540_P3	PN6_SID499	143719817	145667537	2
bc1_only	Zx.0540_P3	PN6_SID499	145691758	151399805	0
bc1_only	Zx.0540_P3	PN6_SID500	581578	2942333	1
bc1_only	Zx.0540_P3	PN6_SID500	2942334	20169526	0
bc1_only	Zx.0540_P3	PN6_SID500	20169547	34707197	1
bc1_only	Zx.0540_P3	PN6_SID500	34707503	38427029	0
bc1_only	Zx.0540_P3	PN6_SID500	38427039	39870054	2
bc1_only	Zx.0540_P3	PN6_SID500	39870098	77554450	0
bc1_only	Zx.0540_P3	PN6_SID500	77554460	79841341	1
bc1_only	Zx.0540_P3	PN6_SID500	80231819	105220805	0
bc1_only	Zx.0540_P3	PN6_SID500	105220819	107255848	1
bc1_only	Zx.0540_P3	PN6_SID500	107256187	109828246	0
bc1_only	Zx.0540_P3	PN6_SID500	109828416	118015200	1
bc1_only	Zx.0540_P3	PN6_SID500	118162255	140154318	0
bc1_only	Zx.0540_P3	PN6_SID500	140154358	144551080	1
bc1_only	Zx.0540_P3	PN6_SID500	144551101	147575330	0
bc1_only	Zx.0540_P3	PN6_SID500	147702842	151399805	1
bc1_only	Zx.0540_P3	PN6_SID501	581578	3975628	1
bc1_only	Zx.0540_P3	PN6_SID501	3975633	4062021	2
bc1_only	Zx.0540_P3	PN6_SID501	4441144	12500924	0
bc1_only	Zx.0540_P3	PN6_SID501	12643799	13095982	2
bc1_only	Zx.0540_P3	PN6_SID501	13095996	113835628	0
bc1_only	Zx.0540_P3	PN6_SID501	113835667	113835911	1
bc1_only	Zx.0540_P3	PN6_SID501	113835953	149718817	0
bc1_only	Zx.0540_P3	PN6_SID501	150087050	151642145	1
bc1_only	Zx.0540_P3	PN6_SID502	262842	12685692	0
bc1_only	Zx.0540_P3	PN6_SID502	12685727	13095928	1
bc1_only	Zx.0540_P3	PN6_SID502	13095959	27357871	0
bc1_only	Zx.0540_P3	PN6_SID502	27357887	39868082	1
bc1_only	Zx.0540_P3	PN6_SID502	39869687	74103822	0
bc1_only	Zx.0540_P3	PN6_SID502	74103877	81870276	1
bc1_only	Zx.0540_P3	PN6_SID502	81880398	87745149	2
bc1_only	Zx.0540_P3	PN6_SID502	87745995	95206697	1
bc1_only	Zx.0540_P3	PN6_SID502	95612638	98686014	2
bc1_only	Zx.0540_P3	PN6_SID502	98686153	99239836	1
bc1_only	Zx.0540_P3	PN6_SID502	99239850	127918740	2
bc1_only	Zx.0540_P3	PN6_SID502	127918741	130647809	1
bc1_only	Zx.0540_P3	PN6_SID502	132607276	134569790	2
bc1_only	Zx.0540_P3	PN6_SID502	134936592	136084536	1
bc1_only	Zx.0540_P3	PN6_SID502	136686516	150910278	0
bc1_only	Zx.0540_P3	PN6_SID502	151154600	151503515	1
bc1_only	Zx.0540_P3	PN6_SID503	134844	1256425	2
bc1_only	Zx.0540_P3	PN6_SID503	1256456	2925329	1
bc1_only	Zx.0540_P3	PN6_SID503	2939080	4054017	0
bc1_only	Zx.0540_P3	PN6_SID503	4054340	38060979	2
bc1_only	Zx.0540_P3	PN6_SID503	38420328	38427132	1
bc1_only	Zx.0540_P3	PN6_SID503	38427132	90023951	2
bc1_only	Zx.0540_P3	PN6_SID503	90023960	94874747	1
bc1_only	Zx.0540_P3	PN6_SID503	94874751	141594622	2
bc1_only	Zx.0540_P3	PN6_SID503	142094963	143260698	1
bc1_only	Zx.0540_P3	PN6_SID503	143260714	144774547	2
bc1_only	Zx.0540_P3	PN6_SID503	144774604	146387857	1
bc1_only	Zx.0540_P3	PN6_SID503	146387859	147839041	2
bc1_only	Zx.0540_P3	PN6_SID503	147848005	148932137	1
bc1_only	Zx.0540_P3	PN6_SID503	148958893	148967091	0
bc1_only	Zx.0540_P3	PN6_SID503	148997729	151503515	2
bc1_only	Zx.0540_P3	PN6_SID504	134844	2942442	0
bc1_only	Zx.0540_P3	PN6_SID504	3034342	3885502	1
bc1_only	Zx.0540_P3	PN6_SID504	3922887	4057201	0
bc1_only	Zx.0540_P3	PN6_SID504	4057381	5372110	2
bc1_only	Zx.0540_P3	PN6_SID504	5534882	13103584	1
bc1_only	Zx.0540_P3	PN6_SID504	14019811	20074011	0
bc1_only	Zx.0540_P3	PN6_SID504	20169473	34941893	1
bc1_only	Zx.0540_P3	PN6_SID504	35465196	72745413	0
bc1_only	Zx.0540_P3	PN6_SID504	72745424	80583131	1
bc1_only	Zx.0540_P3	PN6_SID504	80583140	90473760	0
bc1_only	Zx.0540_P3	PN6_SID504	90473765	90473823	1
bc1_only	Zx.0540_P3	PN6_SID504	91052682	106596155	0
bc1_only	Zx.0540_P3	PN6_SID504	106596227	110388451	1
bc1_only	Zx.0540_P3	PN6_SID504	110388635	135431214	0
bc1_only	Zx.0540_P3	PN6_SID504	136088580	139856207	1
bc1_only	Zx.0540_P3	PN6_SID504	140007613	142643947	0
bc1_only	Zx.0540_P3	PN6_SID504	142902406	147702864	1
bc1_only	Zx.0540_P3	PN6_SID504	147838865	152265722	0
bc1_only	Zx.0540_P3	PN6_SID505	581578	1256480	2
bc1_only	Zx.0540_P3	PN6_SID505	1579595	4054450	0
bc1_only	Zx.0540_P3	PN6_SID505	4055333	4057382	2
bc1_only	Zx.0540_P3	PN6_SID505	4057383	74103822	0
bc1_only	Zx.0540_P3	PN6_SID505	74103887	74104609	1
bc1_only	Zx.0540_P3	PN6_SID505	74181883	117014028	0
bc1_only	Zx.0540_P3	PN6_SID505	117014033	117263653	1
bc1_only	Zx.0540_P3	PN6_SID505	117357811	118813430	0
bc1_only	Zx.0540_P3	PN6_SID505	118813590	122635683	1
bc1_only	Zx.0540_P3	PN6_SID505	122635787	126893949	0
bc1_only	Zx.0540_P3	PN6_SID505	127628943	129757888	2
bc1_only	Zx.0540_P3	PN6_SID505	129757913	140899933	0
bc1_only	Zx.0540_P3	PN6_SID505	140899952	141594622	1
bc1_only	Zx.0540_P3	PN6_SID505	142018765	144774483	0
bc1_only	Zx.0540_P3	PN6_SID505	144774486	145902349	1
bc1_only	Zx.0540_P3	PN6_SID505	145902349	150811701	0
bc1_only	Zx.0540_P3	PN6_SID505	151207099	152265722	1
bc1_only	Zx.0550_P4	PN5_SID418	123580	152348542	0
bc1_only	Zx.0550_P4	PN5_SID419	105270	53601614	0
bc1_only	Zx.0550_P4	PN5_SID419	53694670	55147341	1
bc1_only	Zx.0550_P4	PN5_SID419	55194902	92111708	0
bc1_only	Zx.0550_P4	PN5_SID419	92111995	98583452	1
bc1_only	Zx.0550_P4	PN5_SID419	98585447	99385343	0
bc1_only	Zx.0550_P4	PN5_SID419	99414837	136633659	1
bc1_only	Zx.0550_P4	PN5_SID419	136647954	152301042	0
bc1_only	Zx.0550_P4	PN5_SID420	109160	2011053	0
bc1_only	Zx.0550_P4	PN5_SID420	2222912	4044493	2
bc1_only	Zx.0550_P4	PN5_SID420	4044494	4046603	1
bc1_only	Zx.0550_P4	PN5_SID420	4046605	31516631	2
bc1_only	Zx.0550_P4	PN5_SID420	31661781	34706334	1
bc1_only	Zx.0550_P4	PN5_SID420	34743365	43012835	2
bc1_only	Zx.0550_P4	PN5_SID420	43036627	44530354	1
bc1_only	Zx.0550_P4	PN5_SID420	44530362	81287426	2
bc1_only	Zx.0550_P4	PN5_SID420	81351488	147352595	0
bc1_only	Zx.0550_P4	PN5_SID420	147353700	152348542	1
bc1_only	Zx.0550_P4	PN5_SID421	105270	152301042	0
bc1_only	Zx.0550_P4	PN5_SID422	132312	39393921	0
bc1_only	Zx.0550_P4	PN5_SID422	39420934	47861605	1
bc1_only	Zx.0550_P4	PN5_SID422	47861616	81873671	0
bc1_only	Zx.0550_P4	PN5_SID422	81873730	81874065	1
bc1_only	Zx.0550_P4	PN5_SID422	81874065	152301042	0
bc1_only	Zx.0550_P4	PN5_SID423	108999	99227250	0
bc1_only	Zx.0550_P4	PN5_SID423	99238658	99240389	1
bc1_only	Zx.0550_P4	PN5_SID423	99306600	147838871	0
bc1_only	Zx.0550_P4	PN5_SID423	147838878	147839092	1
bc1_only	Zx.0550_P4	PN5_SID423	147842602	152301042	0
bc1_only	Zx.0550_P4	PN5_SID424	105270	152348542	0
bc1_only	Zx.0550_P4	PN5_SID425	108968	31263176	0
bc1_only	Zx.0550_P4	PN5_SID425	31661038	34706883	1
bc1_only	Zx.0550_P4	PN5_SID425	34706902	152301042	0
bc1_only	Zx.0550_P4	PN5_SID426	108999	2936454	0
bc1_only	Zx.0550_P4	PN5_SID426	2936614	2942093	1
bc1_only	Zx.0550_P4	PN5_SID426	2942103	152348542	0
bc1_only	Zx.0550_P4	PN5_SID427	109294	2925262	0
bc1_only	Zx.0550_P4	PN5_SID427	2925265	2938772	1
bc1_only	Zx.0550_P4	PN5_SID427	2939115	34665450	0
bc1_only	Zx.0550_P4	PN5_SID427	34666108	34706883	1
bc1_only	Zx.0550_P4	PN5_SID427	34743531	99227250	0
bc1_only	Zx.0550_P4	PN5_SID427	99238644	99384337	1
bc1_only	Zx.0550_P4	PN5_SID427	99384348	152289379	0
bc1_only	Zx.0550_P4	PN5_SID428	109160	1942462	2
bc1_only	Zx.0550_P4	PN5_SID428	1967704	6205737	0
bc1_only	Zx.0550_P4	PN5_SID428	6206987	134758168	1
bc1_only	Zx.0550_P4	PN5_SID428	134758859	144694855	0
bc1_only	Zx.0550_P4	PN5_SID428	144694862	144818869	1
bc1_only	Zx.0550_P4	PN5_SID428	144819278	152301042	0
bc1_only	Zx.0550_P4	PN5_SID430	109160	3793089	2
bc1_only	Zx.0550_P4	PN5_SID430	3845832	4061814	1
bc1_only	Zx.0550_P4	PN5_SID430	4061823	39324795	2
bc1_only	Zx.0550_P4	PN5_SID430	39325543	46700080	1
bc1_only	Zx.0550_P4	PN5_SID430	46700112	81353844	2
bc1_only	Zx.0550_P4	PN5_SID430	81357980	140590300	1
bc1_only	Zx.0550_P4	PN5_SID430	140594877	146337397	2
bc1_only	Zx.0550_P4	PN5_SID430	146344034	146388790	1
bc1_only	Zx.0550_P4	PN5_SID430	146388823	149456239	2
bc1_only	Zx.0550_P4	PN5_SID430	149462629	152348542	0
bc1_only	Zx.0550_P4	PN5_SID431	128134	3066946	0
bc1_only	Zx.0550_P4	PN5_SID431	3066961	4046689	1
bc1_only	Zx.0550_P4	PN5_SID431	4046878	4879371	2
bc1_only	Zx.0550_P4	PN5_SID431	4931898	8425338	1
bc1_only	Zx.0550_P4	PN5_SID431	8425339	12690274	2
bc1_only	Zx.0550_P4	PN5_SID431	12691099	14596202	1
bc1_only	Zx.0550_P4	PN5_SID431	14600140	81227807	2
bc1_only	Zx.0550_P4	PN5_SID431	81358042	96868322	0
bc1_only	Zx.0550_P4	PN5_SID431	96878863	97823555	1
bc1_only	Zx.0550_P4	PN5_SID431	97823605	140788798	0
bc1_only	Zx.0550_P4	PN5_SID431	140899594	146283074	2
bc1_only	Zx.0550_P4	PN5_SID431	146283107	146847735	1
bc1_only	Zx.0550_P4	PN5_SID431	146902709	152289379	0
bc1_only	Zx.0550_P4	PN5_SID432	109160	6772009	0
bc1_only	Zx.0550_P4	PN5_SID432	6812528	14596423	2
bc1_only	Zx.0550_P4	PN5_SID432	14596904	86125836	0
bc1_only	Zx.0550_P4	PN5_SID432	86201049	118802826	2
bc1_only	Zx.0550_P4	PN5_SID432	118807090	118819694	1
bc1_only	Zx.0550_P4	PN5_SID432	118819724	135117674	2
bc1_only	Zx.0550_P4	PN5_SID432	135117703	148408250	1
bc1_only	Zx.0550_P4	PN5_SID432	148420496	152289379	2
bc1_only	Zx.0550_P4	PN5_SID433	109160	2936997	0
bc1_only	Zx.0550_P4	PN5_SID433	2938131	2992974	1
bc1_only	Zx.0550_P4	PN5_SID433	2992987	6878656	0
bc1_only	Zx.0550_P4	PN5_SID433	7072702	14625914	1
bc1_only	Zx.0550_P4	PN5_SID433	14629427	86314972	0
bc1_only	Zx.0550_P4	PN5_SID433	86324469	110378277	1
bc1_only	Zx.0550_P4	PN5_SID433	110379062	113262342	2
bc1_only	Zx.0550_P4	PN5_SID433	113269558	139449406	1
bc1_only	Zx.0550_P4	PN5_SID433	139503535	152289379	0
bc1_only	Zx.0550_P4	PN5_SID434	109294	152301042	0
bc1_only	Zx.0550_P4	PN5_SID435	270659	152220083	0
bc1_only	Zx.0550_P4	PN5_SID436	108968	31775938	0
bc1_only	Zx.0550_P4	PN5_SID436	31817789	36713055	1
bc1_only	Zx.0550_P4	PN5_SID436	36713078	88774153	0
bc1_only	Zx.0550_P4	PN5_SID436	88775430	90014884	2
bc1_only	Zx.0550_P4	PN5_SID436	90018533	105842685	1
bc1_only	Zx.0550_P4	PN5_SID436	105848086	108167863	0
bc1_only	Zx.0550_P4	PN5_SID436	108317883	127918711	1
bc1_only	Zx.0550_P4	PN5_SID436	127918716	152301042	0
bc1_only	Zx.0550_P4	PN5_SID437	124130	152289379	0
bc1_only	Zx.0550_P4	PN5_SID438	105270	152348542	0
bc1_only	Zx.0550_P4	PN5_SID439	109160	152301042	0
bc1_only	Zx.0550_P4	PN5_SID440	108999	1768007	1
bc1_only	Zx.0550_P4	PN5_SID440	1882550	99212694	0
bc1_only	Zx.0550_P4	PN5_SID440	99212697	99240176	1
bc1_only	Zx.0550_P4	PN5_SID440	99252669	147838018	0
bc1_only	Zx.0550_P4	PN5_SID440	147838865	147839092	1
bc1_only	Zx.0550_P4	PN5_SID440	147849310	150091182	0
bc1_only	Zx.0550_P4	PN5_SID440	150108315	152289379	1
bc1_only	Zx.0550_P4	PN5_SID441	105270	1631655	1
bc1_only	Zx.0550_P4	PN5_SID441	1647503	150087520	0
bc1_only	Zx.0550_P4	PN5_SID441	150087550	152348542	1
bc1_only	Zx.0550_P4	PN5_SID443	123580	140300421	0
bc1_only	Zx.0550_P4	PN5_SID443	140300450	152301042	1
bc1_only	Zx.0550_P4	PN5_SID444	123419	122317331	0
bc1_only	Zx.0550_P4	PN5_SID444	122317345	142821423	2
bc1_only	Zx.0550_P4	PN5_SID444	142821439	144414274	1
bc1_only	Zx.0550_P4	PN5_SID444	144421008	146235094	2
bc1_only	Zx.0550_P4	PN5_SID444	146235124	146416561	1
bc1_only	Zx.0550_P4	PN5_SID444	146416651	152348542	2
bc1_only	Zx.0550_P4	PN5_SID446	109294	4229618	0
bc1_only	Zx.0550_P4	PN5_SID446	4229625	11042664	2
bc1_only	Zx.0550_P4	PN5_SID446	11070282	152289379	0
bc1_only	Zx.0550_P4	PN5_SID447	105270	35466615	0
bc1_only	Zx.0550_P4	PN5_SID447	35466682	35467234	1
bc1_only	Zx.0550_P4	PN5_SID447	35480934	99212459	0
bc1_only	Zx.0550_P4	PN5_SID447	99239214	99240345	1
bc1_only	Zx.0550_P4	PN5_SID447	99252669	152301042	0
bc1_only	Zx.0550_P4	PN5_SID448	109294	1256443	1
bc1_only	Zx.0550_P4	PN5_SID448	1256477	34665404	0
bc1_only	Zx.0550_P4	PN5_SID448	34665405	35467234	1
bc1_only	Zx.0550_P4	PN5_SID448	35468556	68836709	0
bc1_only	Zx.0550_P4	PN5_SID448	68836711	69021673	1
bc1_only	Zx.0550_P4	PN5_SID448	69021971	76021371	0
bc1_only	Zx.0550_P4	PN5_SID448	76021390	76023457	1
bc1_only	Zx.0550_P4	PN5_SID448	76023648	99235771	0
bc1_only	Zx.0550_P4	PN5_SID448	99238755	99239509	1
bc1_only	Zx.0550_P4	PN5_SID448	99239590	135075988	0
bc1_only	Zx.0550_P4	PN5_SID448	135076032	135118050	1
bc1_only	Zx.0550_P4	PN5_SID448	135118074	143609243	0
bc1_only	Zx.0550_P4	PN5_SID448	143609256	143746181	1
bc1_only	Zx.0550_P4	PN5_SID448	143749720	146388527	0
bc1_only	Zx.0550_P4	PN5_SID448	146388536	147839092	1
bc1_only	Zx.0550_P4	PN5_SID448	147842658	148962910	0
bc1_only	Zx.0550_P4	PN5_SID448	148962913	150087831	1
bc1_only	Zx.0550_P4	PN5_SID448	150110465	152348542	0
bc1_only	Zx.0550_P4	PN5_SID449	109160	152348542	0
bc1_only	Zx.0550_P4	PN5_SID450	108968	150450430	0
bc1_only	Zx.0550_P4	PN5_SID450	150452020	152348542	1
bc1_only	Zx.0550_P4	PN5_SID451	108999	150127840	0
bc1_only	Zx.0550_P4	PN5_SID451	150135453	152301042	1
bc1_only	Zx.0550_P4	PN5_SID452	133115	3971699	2
bc1_only	Zx.0550_P4	PN5_SID452	3971702	3975239	1
bc1_only	Zx.0550_P4	PN5_SID452	3975257	4195942	2
bc1_only	Zx.0550_P4	PN5_SID452	4216042	152289379	0
bc1_only	Zx.0550_P4	PN5_SID453	105270	1446184	1
bc1_only	Zx.0550_P4	PN5_SID453	1467981	108701434	0
bc1_only	Zx.0550_P4	PN5_SID453	108728167	110062884	1
bc1_only	Zx.0550_P4	PN5_SID453	110065265	113585091	0
bc1_only	Zx.0550_P4	PN5_SID453	113691249	113835911	1
bc1_only	Zx.0550_P4	PN5_SID453	113835953	118813628	0
bc1_only	Zx.0550_P4	PN5_SID453	118813632	119435909	1
bc1_only	Zx.0550_P4	PN5_SID453	119436185	122375099	0
bc1_only	Zx.0550_P4	PN5_SID453	122447592	124110768	1
bc1_only	Zx.0550_P4	PN5_SID453	124110860	127839397	0
bc1_only	Zx.0550_P4	PN5_SID453	127918234	131095186	1
bc1_only	Zx.0550_P4	PN5_SID453	131095276	152289379	0
bc1_only	Zx.0550_P4	PN5_SID454	123831	1256571	1
bc1_only	Zx.0550_P4	PN5_SID454	1256579	4047582	0
bc1_only	Zx.0550_P4	PN5_SID454	4049881	4231635	1
bc1_only	Zx.0550_P4	PN5_SID454	4254899	148776167	0
bc1_only	Zx.0550_P4	PN5_SID454	148776295	148965229	1
bc1_only	Zx.0550_P4	PN5_SID454	148965355	152348542	0
bc1_only	Zx.0550_P4	PN5_SID455	109160	4231635	2
bc1_only	Zx.0550_P4	PN5_SID455	4252854	99235771	0
bc1_only	Zx.0550_P4	PN5_SID455	99238588	99240176	1
bc1_only	Zx.0550_P4	PN5_SID455	99240243	147838018	0
bc1_only	Zx.0550_P4	PN5_SID455	147838865	147839092	1
bc1_only	Zx.0550_P4	PN5_SID455	147842602	149845547	0
bc1_only	Zx.0550_P4	PN5_SID455	149859650	152301042	1
bc1_only	Zx.0550_P4	PN5_SID456	108999	145834727	0
bc1_only	Zx.0550_P4	PN5_SID456	145910596	146388790	1
bc1_only	Zx.0550_P4	PN5_SID456	146415903	152348542	2
bc1_only	Zx.0550_P4	PN5_SID457	109160	8308012	0
bc1_only	Zx.0550_P4	PN5_SID457	8404857	8597195	1
bc1_only	Zx.0550_P4	PN5_SID457	8598824	39740699	0
bc1_only	Zx.0550_P4	PN5_SID457	39741475	40365412	1
bc1_only	Zx.0550_P4	PN5_SID457	40367357	143201010	0
bc1_only	Zx.0550_P4	PN5_SID457	143246046	146089299	2
bc1_only	Zx.0550_P4	PN5_SID457	146089338	152301042	0
bc1_only	Zx.0550_P4	PN5_SID458	123419	152289379	0
bc1_only	Zx.0550_P4	PN5_SID459	108968	9822335	1
bc1_only	Zx.0550_P4	PN5_SID459	9965718	99217251	0
bc1_only	Zx.0550_P4	PN5_SID459	99238755	99240389	1
bc1_only	Zx.0550_P4	PN5_SID459	99375988	152301042	0
bc1_only	Zx.0550_P4	PN5_SID460	109160	39739711	0
bc1_only	Zx.0550_P4	PN5_SID460	39739855	39870249	1
bc1_only	Zx.0550_P4	PN5_SID460	40330520	99187680	0
bc1_only	Zx.0550_P4	PN5_SID460	99212448	99239434	1
bc1_only	Zx.0550_P4	PN5_SID460	99239434	116200832	0
bc1_only	Zx.0550_P4	PN5_SID460	116200903	118814320	1
bc1_only	Zx.0550_P4	PN5_SID460	118814338	139851579	0
bc1_only	Zx.0550_P4	PN5_SID460	139851605	143604174	1
bc1_only	Zx.0550_P4	PN5_SID460	143608996	148703043	0
bc1_only	Zx.0550_P4	PN5_SID460	148707812	148781063	1
bc1_only	Zx.0550_P4	PN5_SID460	148782416	152301042	0
bc1_only	Zx.0550_P4	PN5_SID461	105270	152348542	0
bc1_only	Zx.0550_P4	PN5_SID462	108968	4603698	0
bc1_only	Zx.0550_P4	PN5_SID462	4611663	9992046	1
bc1_only	Zx.0550_P4	PN5_SID462	10054429	15335562	0
bc1_only	Zx.0550_P4	PN5_SID462	15340628	16434792	1
bc1_only	Zx.0550_P4	PN5_SID462	16434807	74060966	0
bc1_only	Zx.0550_P4	PN5_SID462	74103803	74104609	1
bc1_only	Zx.0550_P4	PN5_SID462	74107576	99217251	0
bc1_only	Zx.0550_P4	PN5_SID462	99238658	99240389	1
bc1_only	Zx.0550_P4	PN5_SID462	99306447	152124585	0
bc1_only	Zx.0550_P4	PN5_SID463	108968	2520506	2
bc1_only	Zx.0550_P4	PN5_SID463	2520637	152348542	0
bc1_only	Zx.0570_P2	PN8_SID733	105710	1256490	2
bc1_only	Zx.0570_P2	PN8_SID733	1256510	16291107	0
bc1_only	Zx.0570_P2	PN8_SID733	16291118	16324785	1
bc1_only	Zx.0570_P2	PN8_SID733	16324903	19580167	0
bc1_only	Zx.0570_P2	PN8_SID733	19580199	24484641	1
bc1_only	Zx.0570_P2	PN8_SID733	24484662	45945034	0
bc1_only	Zx.0570_P2	PN8_SID733	45945034	53692803	1
bc1_only	Zx.0570_P2	PN8_SID733	53738516	68637188	0
bc1_only	Zx.0570_P2	PN8_SID733	68834705	74105048	1
bc1_only	Zx.0570_P2	PN8_SID733	74226850	82178179	0
bc1_only	Zx.0570_P2	PN8_SID733	82178194	87274783	1
bc1_only	Zx.0570_P2	PN8_SID733	87275067	98585576	0
bc1_only	Zx.0570_P2	PN8_SID733	98685088	104433912	1
bc1_only	Zx.0570_P2	PN8_SID733	104434039	129154224	0
bc1_only	Zx.0570_P2	PN8_SID733	129408695	131814322	1
bc1_only	Zx.0570_P2	PN8_SID733	132065502	146662590	0
bc1_only	Zx.0570_P2	PN8_SID733	146662620	147781095	1
bc1_only	Zx.0570_P2	PN8_SID733	147847020	152290228	0
bc1_only	Zx.0570_P2	PN8_SID734	123580	1579675	1
bc1_only	Zx.0570_P2	PN8_SID734	1590838	4145361	0
bc1_only	Zx.0570_P2	PN8_SID734	4194250	4257582	1
bc1_only	Zx.0570_P2	PN8_SID734	4258509	16022236	0
bc1_only	Zx.0570_P2	PN8_SID734	16289699	16324693	1
bc1_only	Zx.0570_P2	PN8_SID734	16324798	22924482	0
bc1_only	Zx.0570_P2	PN8_SID734	23346242	24748292	1
bc1_only	Zx.0570_P2	PN8_SID734	24799100	62494447	0
bc1_only	Zx.0570_P2	PN8_SID734	62494480	70619275	1
bc1_only	Zx.0570_P2	PN8_SID734	70856735	80121321	0
bc1_only	Zx.0570_P2	PN8_SID734	80126609	80131360	1
bc1_only	Zx.0570_P2	PN8_SID734	80142952	83352310	0
bc1_only	Zx.0570_P2	PN8_SID734	83383249	85956030	1
bc1_only	Zx.0570_P2	PN8_SID734	85956066	94502705	0
bc1_only	Zx.0570_P2	PN8_SID734	94756606	95958077	1
bc1_only	Zx.0570_P2	PN8_SID734	95958077	100814543	0
bc1_only	Zx.0570_P2	PN8_SID734	100936266	100936487	1
bc1_only	Zx.0570_P2	PN8_SID734	101505851	121332823	0
bc1_only	Zx.0570_P2	PN8_SID734	121389050	123874841	1
bc1_only	Zx.0570_P2	PN8_SID734	123874852	131069491	0
bc1_only	Zx.0570_P2	PN8_SID734	131069663	141594230	1
bc1_only	Zx.0570_P2	PN8_SID734	141630236	143522539	0
bc1_only	Zx.0570_P2	PN8_SID734	143589770	146062074	1
bc1_only	Zx.0570_P2	PN8_SID734	146088864	148959434	0
bc1_only	Zx.0570_P2	PN8_SID734	148962462	149273301	2
bc1_only	Zx.0570_P2	PN8_SID734	149422446	152205452	0
bc1_only	Zx.0570_P2	PN8_SID735	105710	1649312	1
bc1_only	Zx.0570_P2	PN8_SID735	1649656	4062422	0
bc1_only	Zx.0570_P2	PN8_SID735	4145360	11138823	1
bc1_only	Zx.0570_P2	PN8_SID735	11138862	16289948	0
bc1_only	Zx.0570_P2	PN8_SID735	16290912	16324799	2
bc1_only	Zx.0570_P2	PN8_SID735	16324799	24484641	1
bc1_only	Zx.0570_P2	PN8_SID735	24484662	33230826	0
bc1_only	Zx.0570_P2	PN8_SID735	33803789	34707504	1
bc1_only	Zx.0570_P2	PN8_SID735	34941776	68061203	0
bc1_only	Zx.0570_P2	PN8_SID735	68067355	68169285	1
bc1_only	Zx.0570_P2	PN8_SID735	68287231	80127442	0
bc1_only	Zx.0570_P2	PN8_SID735	80129914	80131229	1
bc1_only	Zx.0570_P2	PN8_SID735	80170386	95957211	0
bc1_only	Zx.0570_P2	PN8_SID735	95957212	95960491	1
bc1_only	Zx.0570_P2	PN8_SID735	95960834	108477095	0
bc1_only	Zx.0570_P2	PN8_SID735	108597873	113544032	1
bc1_only	Zx.0570_P2	PN8_SID735	113583309	120647295	0
bc1_only	Zx.0570_P2	PN8_SID735	120647321	120954072	1
bc1_only	Zx.0570_P2	PN8_SID735	120954073	128365904	0
bc1_only	Zx.0570_P2	PN8_SID735	128365934	131071729	2
bc1_only	Zx.0570_P2	PN8_SID735	131235400	141224498	1
bc1_only	Zx.0570_P2	PN8_SID735	141566846	142351186	0
bc1_only	Zx.0570_P2	PN8_SID735	142949280	143590404	2
bc1_only	Zx.0570_P2	PN8_SID735	143750262	146087895	0
bc1_only	Zx.0570_P2	PN8_SID735	146089132	146662410	1
bc1_only	Zx.0570_P2	PN8_SID735	146662620	147850859	0
bc1_only	Zx.0570_P2	PN8_SID735	147964595	150451433	1
bc1_only	Zx.0570_P2	PN8_SID735	150451440	152203191	2
bc1_only	Zx.0570_P2	PN8_SID736	1570878	4060741	2
bc1_only	Zx.0570_P2	PN8_SID736	10094780	74485855	1
bc1_only	Zx.0570_P2	PN8_SID736	74485856	151096429	0
bc1_only	Zx.0570_P2	PN8_SID737	134844	1256922	2
bc1_only	Zx.0570_P2	PN8_SID737	1260086	4195163	0
bc1_only	Zx.0570_P2	PN8_SID737	4195165	10135705	1
bc1_only	Zx.0570_P2	PN8_SID737	10601016	16324578	0
bc1_only	Zx.0570_P2	PN8_SID737	16324582	20614447	1
bc1_only	Zx.0570_P2	PN8_SID737	20614795	39339137	0
bc1_only	Zx.0570_P2	PN8_SID737	39865448	51788817	1
bc1_only	Zx.0570_P2	PN8_SID737	51788876	80129915	0
bc1_only	Zx.0570_P2	PN8_SID737	80131154	80131360	2
bc1_only	Zx.0570_P2	PN8_SID737	80170386	88324743	0
bc1_only	Zx.0570_P2	PN8_SID737	88486868	91769621	1
bc1_only	Zx.0570_P2	PN8_SID737	91769636	127500745	0
bc1_only	Zx.0570_P2	PN8_SID737	127629042	131263142	1
bc1_only	Zx.0570_P2	PN8_SID737	131263142	142326136	0
bc1_only	Zx.0570_P2	PN8_SID737	142351185	144621589	1
bc1_only	Zx.0570_P2	PN8_SID737	144621591	152347734	0
bc1_only	Zx.0570_P2	PN8_SID738	475599	1256412	1
bc1_only	Zx.0570_P2	PN8_SID738	1256418	8532058	0
bc1_only	Zx.0570_P2	PN8_SID738	8671482	8671668	1
bc1_only	Zx.0570_P2	PN8_SID738	9308383	58271190	0
bc1_only	Zx.0570_P2	PN8_SID738	58271194	58271286	1
bc1_only	Zx.0570_P2	PN8_SID738	58271980	143110290	0
bc1_only	Zx.0570_P2	PN8_SID738	143110499	143590254	1
bc1_only	Zx.0570_P2	PN8_SID738	143590283	152290621	0
bc1_only	Zx.0570_P2	PN8_SID740	134844	1256580	2
bc1_only	Zx.0570_P2	PN8_SID740	1256590	2911122	0
bc1_only	Zx.0570_P2	PN8_SID740	2911755	3928844	1
bc1_only	Zx.0570_P2	PN8_SID740	3929197	4047031	0
bc1_only	Zx.0570_P2	PN8_SID740	4047032	4047428	2
bc1_only	Zx.0570_P2	PN8_SID740	4047431	7251966	0
bc1_only	Zx.0570_P2	PN8_SID740	7251968	10539442	2
bc1_only	Zx.0570_P2	PN8_SID740	10539457	12643903	1
bc1_only	Zx.0570_P2	PN8_SID740	12661234	17138014	2
bc1_only	Zx.0570_P2	PN8_SID740	17138143	22469195	1
bc1_only	Zx.0570_P2	PN8_SID740	22471932	24235955	2
bc1_only	Zx.0570_P2	PN8_SID740	24236319	80070794	1
bc1_only	Zx.0570_P2	PN8_SID740	80070824	80077586	2
bc1_only	Zx.0570_P2	PN8_SID740	80078165	80099736	1
bc1_only	Zx.0570_P2	PN8_SID740	80099753	80210834	2
bc1_only	Zx.0570_P2	PN8_SID740	80210844	86470016	1
bc1_only	Zx.0570_P2	PN8_SID740	87274487	90421152	2
bc1_only	Zx.0570_P2	PN8_SID740	90961696	93106164	1
bc1_only	Zx.0570_P2	PN8_SID740	93106178	97531532	2
bc1_only	Zx.0570_P2	PN8_SID740	97531532	123407090	1
bc1_only	Zx.0570_P2	PN8_SID740	123407097	123921726	2
bc1_only	Zx.0570_P2	PN8_SID740	124029127	130645541	1
bc1_only	Zx.0570_P2	PN8_SID740	130911726	140008383	2
bc1_only	Zx.0570_P2	PN8_SID740	140008400	142118568	1
bc1_only	Zx.0570_P2	PN8_SID740	142138421	142949379	0
bc1_only	Zx.0570_P2	PN8_SID740	143110289	143590254	2
bc1_only	Zx.0570_P2	PN8_SID740	143590283	146089133	1
bc1_only	Zx.0570_P2	PN8_SID740	146089134	146662371	0
bc1_only	Zx.0570_P2	PN8_SID740	146662402	151106146	1
bc1_only	Zx.0570_P2	PN8_SID740	151399804	152290621	0
bc1_only	Zx.0570_P2	PN8_SID741	134844	1274296	2
bc1_only	Zx.0570_P2	PN8_SID741	1274335	2911122	0
bc1_only	Zx.0570_P2	PN8_SID741	2911755	3874247	1
bc1_only	Zx.0570_P2	PN8_SID741	3927472	3974119	0
bc1_only	Zx.0570_P2	PN8_SID741	3975356	3975519	1
bc1_only	Zx.0570_P2	PN8_SID741	3975539	10094183	0
bc1_only	Zx.0570_P2	PN8_SID741	10094260	10135436	2
bc1_only	Zx.0570_P2	PN8_SID741	10515800	13093791	0
bc1_only	Zx.0570_P2	PN8_SID741	13093803	13096096	2
bc1_only	Zx.0570_P2	PN8_SID741	13096141	18825807	0
bc1_only	Zx.0570_P2	PN8_SID741	18825861	45773709	2
bc1_only	Zx.0570_P2	PN8_SID741	45944946	54056614	1
bc1_only	Zx.0570_P2	PN8_SID741	54056630	95523274	2
bc1_only	Zx.0570_P2	PN8_SID741	95523274	95960444	0
bc1_only	Zx.0570_P2	PN8_SID741	95960447	136685544	2
bc1_only	Zx.0570_P2	PN8_SID741	136685775	140491197	1
bc1_only	Zx.0570_P2	PN8_SID741	140491201	142292587	2
bc1_only	Zx.0570_P2	PN8_SID741	142292588	142949295	1
bc1_only	Zx.0570_P2	PN8_SID741	143110289	146388697	2
bc1_only	Zx.0570_P2	PN8_SID741	146388962	146707508	0
bc1_only	Zx.0570_P2	PN8_SID741	146707512	149273301	1
bc1_only	Zx.0570_P2	PN8_SID741	149420324	150087573	2
bc1_only	Zx.0570_P2	PN8_SID741	150451432	152205452	1
bc1_only	Zx.0570_P2	PN8_SID742	475599	2010916	1
bc1_only	Zx.0570_P2	PN8_SID742	2010949	2925218	0
bc1_only	Zx.0570_P2	PN8_SID742	2925223	3013891	1
bc1_only	Zx.0570_P2	PN8_SID742	3013920	10095104	0
bc1_only	Zx.0570_P2	PN8_SID742	10134351	10135124	2
bc1_only	Zx.0570_P2	PN8_SID742	10135435	16324693	1
bc1_only	Zx.0570_P2	PN8_SID742	16324805	22427481	0
bc1_only	Zx.0570_P2	PN8_SID742	23345589	25124161	1
bc1_only	Zx.0570_P2	PN8_SID742	26617691	34706079	0
bc1_only	Zx.0570_P2	PN8_SID742	34706082	45588264	1
bc1_only	Zx.0570_P2	PN8_SID742	45606657	59542793	0
bc1_only	Zx.0570_P2	PN8_SID742	60001580	61163715	2
bc1_only	Zx.0570_P2	PN8_SID742	61163764	70814022	1
bc1_only	Zx.0570_P2	PN8_SID742	71446339	80129915	0
bc1_only	Zx.0570_P2	PN8_SID742	80131154	82179518	1
bc1_only	Zx.0570_P2	PN8_SID742	82179549	90221150	0
bc1_only	Zx.0570_P2	PN8_SID742	90316705	97531083	1
bc1_only	Zx.0570_P2	PN8_SID742	97531116	97531938	2
bc1_only	Zx.0570_P2	PN8_SID742	97531950	120953597	0
bc1_only	Zx.0570_P2	PN8_SID742	120953633	122507289	2
bc1_only	Zx.0570_P2	PN8_SID742	122507290	123407098	1
bc1_only	Zx.0570_P2	PN8_SID742	123786354	130527290	0
bc1_only	Zx.0570_P2	PN8_SID742	130911684	136000562	1
bc1_only	Zx.0570_P2	PN8_SID742	136006543	144140407	0
bc1_only	Zx.0570_P2	PN8_SID742	144140415	144646007	1
bc1_only	Zx.0570_P2	PN8_SID742	144646011	144818253	0
bc1_only	Zx.0570_P2	PN8_SID742	144818257	152290621	2
bc1_only	Zx.0570_P2	PN8_SID743	134844	1256699	2
bc1_only	Zx.0570_P2	PN8_SID743	1256715	2705576	0
bc1_only	Zx.0570_P2	PN8_SID743	2705604	3927000	1
bc1_only	Zx.0570_P2	PN8_SID743	3927472	8671335	0
bc1_only	Zx.0570_P2	PN8_SID743	8671352	10134865	2
bc1_only	Zx.0570_P2	PN8_SID743	10135435	14219149	0
bc1_only	Zx.0570_P2	PN8_SID743	14391685	16324356	1
bc1_only	Zx.0570_P2	PN8_SID743	16324577	22053281	0
bc1_only	Zx.0570_P2	PN8_SID743	22141761	23345724	1
bc1_only	Zx.0570_P2	PN8_SID743	23345730	51788749	0
bc1_only	Zx.0570_P2	PN8_SID743	51788753	64457206	1
bc1_only	Zx.0570_P2	PN8_SID743	64457230	73174565	0
bc1_only	Zx.0570_P2	PN8_SID743	73174583	74485855	1
bc1_only	Zx.0570_P2	PN8_SID743	74485856	82178263	0
bc1_only	Zx.0570_P2	PN8_SID743	82178274	87274772	1
bc1_only	Zx.0570_P2	PN8_SID743	87274782	96494194	0
bc1_only	Zx.0570_P2	PN8_SID743	96498517	97532305	1
bc1_only	Zx.0570_P2	PN8_SID743	97532312	106595805	0
bc1_only	Zx.0570_P2	PN8_SID743	106596145	111354602	1
bc1_only	Zx.0570_P2	PN8_SID743	111354620	120235225	0
bc1_only	Zx.0570_P2	PN8_SID743	120235239	123872408	1
bc1_only	Zx.0570_P2	PN8_SID743	123872644	128114493	0
bc1_only	Zx.0570_P2	PN8_SID743	128365843	144694191	2
bc1_only	Zx.0570_P2	PN8_SID743	144694328	144759482	1
bc1_only	Zx.0570_P2	PN8_SID743	144767931	146662403	0
bc1_only	Zx.0570_P2	PN8_SID743	146662409	148959434	1
bc1_only	Zx.0570_P2	PN8_SID743	148962462	150087573	2
bc1_only	Zx.0570_P2	PN8_SID743	150451432	152203191	0
bc1_only	Zx.0570_P2	PN8_SID744	475599	1256570	1
bc1_only	Zx.0570_P2	PN8_SID744	1256570	62930710	0
bc1_only	Zx.0570_P2	PN8_SID744	64457205	74484253	1
bc1_only	Zx.0570_P2	PN8_SID744	74484848	96494194	0
bc1_only	Zx.0570_P2	PN8_SID744	96498517	97532329	2
bc1_only	Zx.0570_P2	PN8_SID744	97544677	141630237	0
bc1_only	Zx.0570_P2	PN8_SID744	141679820	144646012	1
bc1_only	Zx.0570_P2	PN8_SID744	144688606	146662770	0
bc1_only	Zx.0570_P2	PN8_SID744	146662776	148964393	1
bc1_only	Zx.0570_P2	PN8_SID744	148965716	152205452	0
bc1_only	Zx.0570_P2	PN8_SID745	475599	1256777	2
bc1_only	Zx.0570_P2	PN8_SID745	1256781	55194501	0
bc1_only	Zx.0570_P2	PN8_SID745	55550321	66794548	1
bc1_only	Zx.0570_P2	PN8_SID745	67005164	70010014	0
bc1_only	Zx.0570_P2	PN8_SID745	70179294	78415272	1
bc1_only	Zx.0570_P2	PN8_SID745	78429468	108477095	0
bc1_only	Zx.0570_P2	PN8_SID745	108597873	109224727	1
bc1_only	Zx.0570_P2	PN8_SID745	109548006	148963676	0
bc1_only	Zx.0570_P2	PN8_SID745	148964319	150087868	2
bc1_only	Zx.0570_P2	PN8_SID745	150453400	152203191	0
bc1_only	Zx.0570_P2	PN8_SID746	581561	2911122	0
bc1_only	Zx.0570_P2	PN8_SID746	2911755	2941499	1
bc1_only	Zx.0570_P2	PN8_SID746	2941507	59584978	0
bc1_only	Zx.0570_P2	PN8_SID746	60001580	60005792	1
bc1_only	Zx.0570_P2	PN8_SID746	60005795	150087206	0
bc1_only	Zx.0570_P2	PN8_SID746	150087330	150087868	2
bc1_only	Zx.0570_P2	PN8_SID746	150359591	152347734	0
bc1_only	Zx.0570_P2	PN8_SID747	105710	10094308	0
bc1_only	Zx.0570_P2	PN8_SID747	10134465	10135436	2
bc1_only	Zx.0570_P2	PN8_SID747	10539402	146662403	0
bc1_only	Zx.0570_P2	PN8_SID747	146662409	146889275	1
bc1_only	Zx.0570_P2	PN8_SID747	146889402	152290228	0
bc1_only	Zx.0570_P2	PN8_SID748	105710	148963157	0
bc1_only	Zx.0570_P2	PN8_SID748	148963528	148964899	2
bc1_only	Zx.0570_P2	PN8_SID748	148966864	152347734	0
bc1_only	Zx.0570_P2	PN8_SID749	581800	1256443	1
bc1_only	Zx.0570_P2	PN8_SID749	1256456	13093791	0
bc1_only	Zx.0570_P2	PN8_SID749	13093803	16291309	1
bc1_only	Zx.0570_P2	PN8_SID749	16291309	16324693	2
bc1_only	Zx.0570_P2	PN8_SID749	17118121	28984409	0
bc1_only	Zx.0570_P2	PN8_SID749	28986830	31957736	1
bc1_only	Zx.0570_P2	PN8_SID749	32111209	44540872	0
bc1_only	Zx.0570_P2	PN8_SID749	44540885	45588264	1
bc1_only	Zx.0570_P2	PN8_SID749	45606657	69071916	0
bc1_only	Zx.0570_P2	PN8_SID749	69125797	70611732	1
bc1_only	Zx.0570_P2	PN8_SID749	70612437	80131280	0
bc1_only	Zx.0570_P2	PN8_SID749	80131291	81757143	1
bc1_only	Zx.0570_P2	PN8_SID749	81757190	95957154	0
bc1_only	Zx.0570_P2	PN8_SID749	95957880	97532329	2
bc1_only	Zx.0570_P2	PN8_SID749	97905485	120647364	0
bc1_only	Zx.0570_P2	PN8_SID749	120647373	128132171	1
bc1_only	Zx.0570_P2	PN8_SID749	128132275	132516246	0
bc1_only	Zx.0570_P2	PN8_SID749	132622019	139343430	1
bc1_only	Zx.0570_P2	PN8_SID749	139343444	152203191	0
bc1_only	Zx.0570_P2	PN8_SID750	123580	2707321	0
bc1_only	Zx.0570_P2	PN8_SID750	2707834	2708055	2
bc1_only	Zx.0570_P2	PN8_SID750	2709238	13892683	0
bc1_only	Zx.0570_P2	PN8_SID750	14139894	16898381	1
bc1_only	Zx.0570_P2	PN8_SID750	17114885	24800644	2
bc1_only	Zx.0570_P2	PN8_SID750	24956372	67410279	1
bc1_only	Zx.0570_P2	PN8_SID750	68006962	68502132	2
bc1_only	Zx.0570_P2	PN8_SID750	68878170	74485823	1
bc1_only	Zx.0570_P2	PN8_SID750	74485854	81757143	2
bc1_only	Zx.0570_P2	PN8_SID750	81757192	95683007	0
bc1_only	Zx.0570_P2	PN8_SID750	95960376	95960491	1
bc1_only	Zx.0570_P2	PN8_SID750	95960834	122502701	0
bc1_only	Zx.0570_P2	PN8_SID750	122502738	122516699	2
bc1_only	Zx.0570_P2	PN8_SID750	122569852	128132114	0
bc1_only	Zx.0570_P2	PN8_SID750	128132117	129082089	1
bc1_only	Zx.0570_P2	PN8_SID750	129409476	152347734	0
bc1_only	Zx.0570_P2	PN8_SID752	105710	1646070	2
bc1_only	Zx.0570_P2	PN8_SID752	1646080	2705462	1
bc1_only	Zx.0570_P2	PN8_SID752	2705463	2709094	2
bc1_only	Zx.0570_P2	PN8_SID752	2709095	3971390	1
bc1_only	Zx.0570_P2	PN8_SID752	3971391	3971772	2
bc1_only	Zx.0570_P2	PN8_SID752	3971785	3973971	1
bc1_only	Zx.0570_P2	PN8_SID752	3974210	4663599	2
bc1_only	Zx.0570_P2	PN8_SID752	5022478	12355188	0
bc1_only	Zx.0570_P2	PN8_SID752	12643684	13096086	2
bc1_only	Zx.0570_P2	PN8_SID752	13096090	42612196	0
bc1_only	Zx.0570_P2	PN8_SID752	42615244	60005792	1
bc1_only	Zx.0570_P2	PN8_SID752	60005795	80582414	0
bc1_only	Zx.0570_P2	PN8_SID752	80582425	82619002	1
bc1_only	Zx.0570_P2	PN8_SID752	82619008	106499648	0
bc1_only	Zx.0570_P2	PN8_SID752	106595738	106861877	1
bc1_only	Zx.0570_P2	PN8_SID752	106861894	118810882	0
bc1_only	Zx.0570_P2	PN8_SID752	118813379	118814006	2
bc1_only	Zx.0570_P2	PN8_SID752	118814213	122516699	1
bc1_only	Zx.0570_P2	PN8_SID752	122529208	127121515	0
bc1_only	Zx.0570_P2	PN8_SID752	128114492	131262118	2
bc1_only	Zx.0570_P2	PN8_SID752	131496085	139343445	1
bc1_only	Zx.0570_P2	PN8_SID752	139347045	146662403	0
bc1_only	Zx.0570_P2	PN8_SID752	146662409	146663394	1
bc1_only	Zx.0570_P2	PN8_SID752	146707507	152203122	0
bc1_only	Zx.0570_P2	PN8_SID753	134844	2925329	0
bc1_only	Zx.0570_P2	PN8_SID753	2937644	3335514	1
bc1_only	Zx.0570_P2	PN8_SID753	3926999	7251964	0
bc1_only	Zx.0570_P2	PN8_SID753	7251965	7252401	1
bc1_only	Zx.0570_P2	PN8_SID753	7792854	22472006	0
bc1_only	Zx.0570_P2	PN8_SID753	23168556	24046682	2
bc1_only	Zx.0570_P2	PN8_SID753	24046688	38421502	1
bc1_only	Zx.0570_P2	PN8_SID753	38421656	41972397	0
bc1_only	Zx.0570_P2	PN8_SID753	41980147	77712842	1
bc1_only	Zx.0570_P2	PN8_SID753	77825008	80073045	2
bc1_only	Zx.0570_P2	PN8_SID753	80073065	80099352	1
bc1_only	Zx.0570_P2	PN8_SID753	80099424	80334294	2
bc1_only	Zx.0570_P2	PN8_SID753	80433311	85106241	0
bc1_only	Zx.0570_P2	PN8_SID753	85106244	88765302	2
bc1_only	Zx.0570_P2	PN8_SID753	88765722	93010454	1
bc1_only	Zx.0570_P2	PN8_SID753	93093798	108972309	2
bc1_only	Zx.0570_P2	PN8_SID753	108972510	113835635	1
bc1_only	Zx.0570_P2	PN8_SID753	113835667	131082371	2
bc1_only	Zx.0570_P2	PN8_SID753	131252278	136477508	1
bc1_only	Zx.0570_P2	PN8_SID753	136593384	150453470	2
bc1_only	Zx.0570_P2	PN8_SID753	150555210	151506433	0
bc1_only	Zx.0570_P2	PN8_SID754	581800	1256777	2
bc1_only	Zx.0570_P2	PN8_SID754	1256781	2010916	1
bc1_only	Zx.0570_P2	PN8_SID754	2010949	2942155	0
bc1_only	Zx.0570_P2	PN8_SID754	2986186	3928763	1
bc1_only	Zx.0570_P2	PN8_SID754	3928789	31818339	0
bc1_only	Zx.0570_P2	PN8_SID754	31818341	36372234	1
bc1_only	Zx.0570_P2	PN8_SID754	36372236	46263044	0
bc1_only	Zx.0570_P2	PN8_SID754	47603642	66794548	1
bc1_only	Zx.0570_P2	PN8_SID754	67005184	74103822	0
bc1_only	Zx.0570_P2	PN8_SID754	74103877	78415272	1
bc1_only	Zx.0570_P2	PN8_SID754	78429272	89950743	0
bc1_only	Zx.0570_P2	PN8_SID754	89950751	89951082	2
bc1_only	Zx.0570_P2	PN8_SID754	89951108	141678592	0
bc1_only	Zx.0570_P2	PN8_SID754	141678599	142138656	1
bc1_only	Zx.0570_P2	PN8_SID754	142138689	143589934	0
bc1_only	Zx.0570_P2	PN8_SID754	143589935	145902281	1
bc1_only	Zx.0570_P2	PN8_SID754	145902295	152290228	0
bc1_only	Zx.0570_P2	PN8_SID755	105710	581875	1
bc1_only	Zx.0570_P2	PN8_SID755	667816	2925329	0
bc1_only	Zx.0570_P2	PN8_SID755	2937644	3320241	1
bc1_only	Zx.0570_P2	PN8_SID755	3926999	4050110	0
bc1_only	Zx.0570_P2	PN8_SID755	4055480	13093870	1
bc1_only	Zx.0570_P2	PN8_SID755	13093892	16022326	2
bc1_only	Zx.0570_P2	PN8_SID755	16289575	24748292	1
bc1_only	Zx.0570_P2	PN8_SID755	24799100	27917434	2
bc1_only	Zx.0570_P2	PN8_SID755	28281239	67410279	1
bc1_only	Zx.0570_P2	PN8_SID755	68006962	68169105	2
bc1_only	Zx.0570_P2	PN8_SID755	68169154	77880600	1
bc1_only	Zx.0570_P2	PN8_SID755	77907107	79960024	2
bc1_only	Zx.0570_P2	PN8_SID755	79960092	82179172	1
bc1_only	Zx.0570_P2	PN8_SID755	82182809	84085740	0
bc1_only	Zx.0570_P2	PN8_SID755	84697539	88324743	1
bc1_only	Zx.0570_P2	PN8_SID755	88765301	90023912	0
bc1_only	Zx.0570_P2	PN8_SID755	90024018	93105830	1
bc1_only	Zx.0570_P2	PN8_SID755	93106159	96498819	0
bc1_only	Zx.0570_P2	PN8_SID755	96498896	122633250	1
bc1_only	Zx.0570_P2	PN8_SID755	122633823	123265495	2
bc1_only	Zx.0570_P2	PN8_SID755	123406685	126726193	1
bc1_only	Zx.0570_P2	PN8_SID755	127105953	141678604	2
bc1_only	Zx.0570_P2	PN8_SID755	141678604	142406683	0
bc1_only	Zx.0570_P2	PN8_SID755	143110289	144645972	2
bc1_only	Zx.0570_P2	PN8_SID755	144645975	145689404	0
bc1_only	Zx.0570_P2	PN8_SID755	145712175	146089425	2
bc1_only	Zx.0570_P2	PN8_SID755	146234184	152203191	0
bc1_only	Zx.0570_P2	PN8_SID756	105710	4044612	0
bc1_only	Zx.0570_P2	PN8_SID756	4044625	12018206	1
bc1_only	Zx.0570_P2	PN8_SID756	12018208	16291280	0
bc1_only	Zx.0570_P2	PN8_SID756	16324230	20169555	1
bc1_only	Zx.0570_P2	PN8_SID756	20170087	31957736	0
bc1_only	Zx.0570_P2	PN8_SID756	32001295	60034737	1
bc1_only	Zx.0570_P2	PN8_SID756	60034744	73174642	0
bc1_only	Zx.0570_P2	PN8_SID756	73238775	74481249	1
bc1_only	Zx.0570_P2	PN8_SID756	74643951	81737538	0
bc1_only	Zx.0570_P2	PN8_SID756	82178176	85111159	1
bc1_only	Zx.0570_P2	PN8_SID756	85111221	89950743	0
bc1_only	Zx.0570_P2	PN8_SID756	89950751	92043605	1
bc1_only	Zx.0570_P2	PN8_SID756	92043607	122502911	0
bc1_only	Zx.0570_P2	PN8_SID756	122502928	122516699	1
bc1_only	Zx.0570_P2	PN8_SID756	122529208	136685427	0
bc1_only	Zx.0570_P2	PN8_SID756	136685503	144819304	2
bc1_only	Zx.0570_P2	PN8_SID756	144819306	152347734	0
bc1_only	Zx.0570_P2	PN8_SID757	134844	1256746	2
bc1_only	Zx.0570_P2	PN8_SID757	1256747	1943023	0
bc1_only	Zx.0570_P2	PN8_SID757	2010821	2938330	1
bc1_only	Zx.0570_P2	PN8_SID757	2938330	11329940	0
bc1_only	Zx.0570_P2	PN8_SID757	12018202	16324693	1
bc1_only	Zx.0570_P2	PN8_SID757	16324798	55167310	0
bc1_only	Zx.0570_P2	PN8_SID757	55522189	77554401	1
bc1_only	Zx.0570_P2	PN8_SID757	77554460	130527279	0
bc1_only	Zx.0570_P2	PN8_SID757	130527289	135076695	1
bc1_only	Zx.0570_P2	PN8_SID757	135438732	140900290	0
bc1_only	Zx.0570_P2	PN8_SID757	140900290	144645954	1
bc1_only	Zx.0570_P2	PN8_SID757	144645971	147848218	0
bc1_only	Zx.0570_P2	PN8_SID757	147848467	152290621	1
bc1_only	Zx.0570_P2	PN8_SID758	134844	2397905	2
bc1_only	Zx.0570_P2	PN8_SID758	2397915	2706363	0
bc1_only	Zx.0570_P2	PN8_SID758	2706388	2715097	2
bc1_only	Zx.0570_P2	PN8_SID758	2715098	4044339	0
bc1_only	Zx.0570_P2	PN8_SID758	4044352	4044549	1
bc1_only	Zx.0570_P2	PN8_SID758	4044550	16022236	0
bc1_only	Zx.0570_P2	PN8_SID758	16289699	16324356	2
bc1_only	Zx.0570_P2	PN8_SID758	16324784	118813500	0
bc1_only	Zx.0570_P2	PN8_SID758	118813514	118814006	1
bc1_only	Zx.0570_P2	PN8_SID758	118815179	131071022	0
bc1_only	Zx.0570_P2	PN8_SID758	131071148	131071892	1
bc1_only	Zx.0570_P2	PN8_SID758	131071919	152205429	0
bc1_only	Zx.0570_P2	PN8_SID759	105710	10094781	0
bc1_only	Zx.0570_P2	PN8_SID759	10134351	10135124	2
bc1_only	Zx.0570_P2	PN8_SID759	10135435	16022326	0
bc1_only	Zx.0570_P2	PN8_SID759	16291059	16291361	1
bc1_only	Zx.0570_P2	PN8_SID759	16291376	22141762	0
bc1_only	Zx.0570_P2	PN8_SID759	22289863	24484705	2
bc1_only	Zx.0570_P2	PN8_SID759	24799131	80131242	0
bc1_only	Zx.0570_P2	PN8_SID759	80131279	80131360	1
bc1_only	Zx.0570_P2	PN8_SID759	80170386	82180465	0
bc1_only	Zx.0570_P2	PN8_SID759	82180471	85956030	1
bc1_only	Zx.0570_P2	PN8_SID759	87274652	95683007	0
bc1_only	Zx.0570_P2	PN8_SID759	95957118	95958077	1
bc1_only	Zx.0570_P2	PN8_SID759	95958077	105958063	0
bc1_only	Zx.0570_P2	PN8_SID759	106499766	106596755	1
bc1_only	Zx.0570_P2	PN8_SID759	106712442	130527290	0
bc1_only	Zx.0570_P2	PN8_SID759	130912189	136685544	1
bc1_only	Zx.0570_P2	PN8_SID759	136685775	143522539	0
bc1_only	Zx.0570_P2	PN8_SID759	143589604	143790054	1
bc1_only	Zx.0570_P2	PN8_SID759	143804175	152290621	0
bc1_only	Zx.0570_P2	PN8_SID760	475599	1274286	2
bc1_only	Zx.0570_P2	PN8_SID760	1274295	2925070	0
bc1_only	Zx.0570_P2	PN8_SID760	2925075	3256568	1
bc1_only	Zx.0570_P2	PN8_SID760	3256655	4019829	0
bc1_only	Zx.0570_P2	PN8_SID760	4044625	4044872	1
bc1_only	Zx.0570_P2	PN8_SID760	4044876	8532058	0
bc1_only	Zx.0570_P2	PN8_SID760	8671422	10135436	2
bc1_only	Zx.0570_P2	PN8_SID760	10135486	16324290	0
bc1_only	Zx.0570_P2	PN8_SID760	16324290	47603646	1
bc1_only	Zx.0570_P2	PN8_SID760	48773158	60002823	0
bc1_only	Zx.0570_P2	PN8_SID760	60005494	62638320	1
bc1_only	Zx.0570_P2	PN8_SID760	62638399	80126353	0
bc1_only	Zx.0570_P2	PN8_SID760	80131166	80131360	1
bc1_only	Zx.0570_P2	PN8_SID760	80142522	96494194	0
bc1_only	Zx.0570_P2	PN8_SID760	96667688	97532329	2
bc1_only	Zx.0570_P2	PN8_SID760	97544677	131069491	0
bc1_only	Zx.0570_P2	PN8_SID760	131069744	140007936	1
bc1_only	Zx.0570_P2	PN8_SID760	140008021	142406662	0
bc1_only	Zx.0570_P2	PN8_SID760	143110499	144140467	2
bc1_only	Zx.0570_P2	PN8_SID760	144140668	144824246	0
bc1_only	Zx.0570_P2	PN8_SID760	145099678	145712490	2
bc1_only	Zx.0570_P2	PN8_SID760	145712564	146586817	0
bc1_only	Zx.0570_P2	PN8_SID760	146662369	148966929	1
bc1_only	Zx.0570_P2	PN8_SID760	149273300	152203191	0
bc1_only	Zx.0570_P2	PN8_SID761	105710	2942356	0
bc1_only	Zx.0570_P2	PN8_SID761	2956243	3067296	1
bc1_only	Zx.0570_P2	PN8_SID761	3067296	4062422	0
bc1_only	Zx.0570_P2	PN8_SID761	4145360	7252027	1
bc1_only	Zx.0570_P2	PN8_SID761	7252065	80120949	0
bc1_only	Zx.0570_P2	PN8_SID761	80126609	80131360	1
bc1_only	Zx.0570_P2	PN8_SID761	80143138	82179009	0
bc1_only	Zx.0570_P2	PN8_SID761	82179072	83375374	1
bc1_only	Zx.0570_P2	PN8_SID761	83375420	97530829	0
bc1_only	Zx.0570_P2	PN8_SID761	97531034	97531494	2
bc1_only	Zx.0570_P2	PN8_SID761	97531499	106720640	0
bc1_only	Zx.0570_P2	PN8_SID761	106720640	115550804	1
bc1_only	Zx.0570_P2	PN8_SID761	115551921	130912363	0
bc1_only	Zx.0570_P2	PN8_SID761	131069368	132923792	2
bc1_only	Zx.0570_P2	PN8_SID761	133798670	142095053	1
bc1_only	Zx.0570_P2	PN8_SID761	142118510	149830821	0
bc1_only	Zx.0570_P2	PN8_SID761	150087339	150087558	1
bc1_only	Zx.0570_P2	PN8_SID761	150360629	152203108	0
bc1_only	Zx.0570_P2	PN8_SID762	581561	1256922	2
bc1_only	Zx.0570_P2	PN8_SID762	1466119	4194206	0
bc1_only	Zx.0570_P2	PN8_SID762	4194234	5372053	1
bc1_only	Zx.0570_P2	PN8_SID762	6357680	15896138	0
bc1_only	Zx.0570_P2	PN8_SID762	16289705	20614416	1
bc1_only	Zx.0570_P2	PN8_SID762	20614446	33803835	0
bc1_only	Zx.0570_P2	PN8_SID762	33803852	39870249	1
bc1_only	Zx.0570_P2	PN8_SID762	39870254	80121321	0
bc1_only	Zx.0570_P2	PN8_SID762	80126609	80131360	2
bc1_only	Zx.0570_P2	PN8_SID762	80170386	95960411	0
bc1_only	Zx.0570_P2	PN8_SID762	95960414	95960835	1
bc1_only	Zx.0570_P2	PN8_SID762	96433988	100815196	0
bc1_only	Zx.0570_P2	PN8_SID762	100936266	100936487	1
bc1_only	Zx.0570_P2	PN8_SID762	101739501	120523966	0
bc1_only	Zx.0570_P2	PN8_SID762	120647328	122516699	1
bc1_only	Zx.0570_P2	PN8_SID762	122569852	126657258	0
bc1_only	Zx.0570_P2	PN8_SID762	127605384	132076024	2
bc1_only	Zx.0570_P2	PN8_SID762	132076025	142453783	0
bc1_only	Zx.0570_P2	PN8_SID762	143110313	143374664	1
bc1_only	Zx.0570_P2	PN8_SID762	143507250	146062060	0
bc1_only	Zx.0570_P2	PN8_SID762	146062073	146089745	1
bc1_only	Zx.0570_P2	PN8_SID762	146234184	149419967	0
bc1_only	Zx.0570_P2	PN8_SID762	149420324	151086228	1
bc1_only	Zx.0570_P2	PN8_SID762	151086235	152203191	0
bc1_only	Zx.0570_P2	PN8_SID763	134844	5991547	0
bc1_only	Zx.0570_P2	PN8_SID763	6830295	10135505	2
bc1_only	Zx.0570_P2	PN8_SID763	10135700	16289810	0
bc1_only	Zx.0570_P2	PN8_SID763	16289820	16324693	1
bc1_only	Zx.0570_P2	PN8_SID763	16324903	22290284	0
bc1_only	Zx.0570_P2	PN8_SID763	22290284	23346175	1
bc1_only	Zx.0570_P2	PN8_SID763	23346242	36725652	0
bc1_only	Zx.0570_P2	PN8_SID763	36725660	39866121	1
bc1_only	Zx.0570_P2	PN8_SID763	39866557	56421421	0
bc1_only	Zx.0570_P2	PN8_SID763	57480867	58272001	1
bc1_only	Zx.0570_P2	PN8_SID763	58629812	68142607	0
bc1_only	Zx.0570_P2	PN8_SID763	68169104	68835435	1
bc1_only	Zx.0570_P2	PN8_SID763	68836829	81756708	0
bc1_only	Zx.0570_P2	PN8_SID763	81757104	87274751	1
bc1_only	Zx.0570_P2	PN8_SID763	87275067	127501941	0
bc1_only	Zx.0570_P2	PN8_SID763	128046811	137135458	1
bc1_only	Zx.0570_P2	PN8_SID763	137135901	142949379	0
bc1_only	Zx.0570_P2	PN8_SID763	143110289	144621589	1
bc1_only	Zx.0570_P2	PN8_SID763	144621591	146445375	0
bc1_only	Zx.0570_P2	PN8_SID763	146445384	146662777	1
bc1_only	Zx.0570_P2	PN8_SID763	146662779	152205452	0
bc1_only	Zx.0570_P2	PN8_SID764	105710	1256443	2
bc1_only	Zx.0570_P2	PN8_SID764	1256456	7792946	0
bc1_only	Zx.0570_P2	PN8_SID764	8671334	10134865	2
bc1_only	Zx.0570_P2	PN8_SID764	10539402	57814033	0
bc1_only	Zx.0570_P2	PN8_SID764	58228799	58271915	1
bc1_only	Zx.0570_P2	PN8_SID764	58424923	68834650	0
bc1_only	Zx.0570_P2	PN8_SID764	68834673	68836234	1
bc1_only	Zx.0570_P2	PN8_SID764	68869543	83296613	0
bc1_only	Zx.0570_P2	PN8_SID764	83375373	83383256	1
bc1_only	Zx.0570_P2	PN8_SID764	83753824	95960444	0
bc1_only	Zx.0570_P2	PN8_SID764	95960447	97531807	2
bc1_only	Zx.0570_P2	PN8_SID764	97532052	118813628	0
bc1_only	Zx.0570_P2	PN8_SID764	118813632	118814297	2
bc1_only	Zx.0570_P2	PN8_SID764	118815179	122635866	1
bc1_only	Zx.0570_P2	PN8_SID764	122637249	145009244	0
bc1_only	Zx.0570_P2	PN8_SID764	145099678	145689404	1
bc1_only	Zx.0570_P2	PN8_SID764	145706696	148820117	0
bc1_only	Zx.0570_P2	PN8_SID764	148962462	152347734	2
bc1_only	Zx.0570_P2	PN8_SID765	105710	1257403	0
bc1_only	Zx.0570_P2	PN8_SID765	1274146	1274233	1
bc1_only	Zx.0570_P2	PN8_SID765	1274257	95960411	0
bc1_only	Zx.0570_P2	PN8_SID765	95960414	97531807	2
bc1_only	Zx.0570_P2	PN8_SID765	97531819	97532329	1
bc1_only	Zx.0570_P2	PN8_SID765	97544701	121585331	0
bc1_only	Zx.0570_P2	PN8_SID765	121695700	121695790	1
bc1_only	Zx.0570_P2	PN8_SID765	122043479	136089709	0
bc1_only	Zx.0570_P2	PN8_SID765	136477203	136686404	1
bc1_only	Zx.0570_P2	PN8_SID765	136686433	145099183	0
bc1_only	Zx.0570_P2	PN8_SID765	145099678	146348888	1
bc1_only	Zx.0570_P2	PN8_SID765	146385504	152290621	0
bc1_only	Zx.0570_P2	PN8_SID766	123580	8532058	0
bc1_only	Zx.0570_P2	PN8_SID766	8671433	9822087	1
bc1_only	Zx.0570_P2	PN8_SID766	10094182	16289821	0
bc1_only	Zx.0570_P2	PN8_SID766	16289947	16324693	1
bc1_only	Zx.0570_P2	PN8_SID766	16324784	23346125	0
bc1_only	Zx.0570_P2	PN8_SID766	23346157	23346453	1
bc1_only	Zx.0570_P2	PN8_SID766	23346453	58271493	0
bc1_only	Zx.0570_P2	PN8_SID766	58271535	58272001	1
bc1_only	Zx.0570_P2	PN8_SID766	58424923	72950903	0
bc1_only	Zx.0570_P2	PN8_SID766	72950929	77554481	1
bc1_only	Zx.0570_P2	PN8_SID766	77648929	82178195	0
bc1_only	Zx.0570_P2	PN8_SID766	82178214	87274772	1
bc1_only	Zx.0570_P2	PN8_SID766	87274782	95960411	0
bc1_only	Zx.0570_P2	PN8_SID766	95960414	95960835	1
bc1_only	Zx.0570_P2	PN8_SID766	96027423	142949379	0
bc1_only	Zx.0570_P2	PN8_SID766	143110289	145833598	1
bc1_only	Zx.0570_P2	PN8_SID766	145833607	152290228	0
bc1_only	Zx.0570_P2	PN8_SID767	105710	2821811	0
bc1_only	Zx.0570_P2	PN8_SID767	2911755	2986501	2
bc1_only	Zx.0570_P2	PN8_SID767	2999858	4663623	0
bc1_only	Zx.0570_P2	PN8_SID767	5015477	8671691	1
bc1_only	Zx.0570_P2	PN8_SID767	9190550	38420429	0
bc1_only	Zx.0570_P2	PN8_SID767	38421501	44413314	1
bc1_only	Zx.0570_P2	PN8_SID767	44540857	95957486	0
bc1_only	Zx.0570_P2	PN8_SID767	95957783	95960421	1
bc1_only	Zx.0570_P2	PN8_SID767	95960421	101931472	0
bc1_only	Zx.0570_P2	PN8_SID767	101931497	107856361	1
bc1_only	Zx.0570_P2	PN8_SID767	107856364	121452823	0
bc1_only	Zx.0570_P2	PN8_SID767	121695693	123874144	1
bc1_only	Zx.0570_P2	PN8_SID767	123874242	129394989	0
bc1_only	Zx.0570_P2	PN8_SID767	129408695	131252279	1
bc1_only	Zx.0570_P2	PN8_SID767	131474379	143804176	0
bc1_only	Zx.0570_P2	PN8_SID767	143804447	146388655	2
bc1_only	Zx.0570_P2	PN8_SID767	146388660	149830769	0
bc1_only	Zx.0570_P2	PN8_SID767	149830780	150843646	1
bc1_only	Zx.0570_P2	PN8_SID767	150846792	151593187	0
bc1_only	Zx.0570_P2	PN8_SID768	134844	2911756	0
bc1_only	Zx.0570_P2	PN8_SID768	2925034	3333573	1
bc1_only	Zx.0570_P2	PN8_SID768	3484722	4147810	0
bc1_only	Zx.0570_P2	PN8_SID768	4179625	10135505	1
bc1_only	Zx.0570_P2	PN8_SID768	10511306	34120252	2
bc1_only	Zx.0570_P2	PN8_SID768	34705975	49877621	1
bc1_only	Zx.0570_P2	PN8_SID768	50776694	95439716	2
bc1_only	Zx.0570_P2	PN8_SID768	95523259	95960491	1
bc1_only	Zx.0570_P2	PN8_SID768	96494193	125416392	2
bc1_only	Zx.0570_P2	PN8_SID768	126657210	130912136	1
bc1_only	Zx.0570_P2	PN8_SID768	130912189	143811919	0
bc1_only	Zx.0570_P2	PN8_SID768	144139140	144140467	1
bc1_only	Zx.0570_P2	PN8_SID768	144140668	152290228	0
bc1_only	Zx.0570_P2	PN9_SID769	475599	1256480	1
bc1_only	Zx.0570_P2	PN9_SID769	1256489	2939218	0
bc1_only	Zx.0570_P2	PN9_SID769	2986252	3335514	1
bc1_only	Zx.0570_P2	PN9_SID769	3484722	10134661	0
bc1_only	Zx.0570_P2	PN9_SID769	10134784	22427609	2
bc1_only	Zx.0570_P2	PN9_SID769	22469160	38427133	1
bc1_only	Zx.0570_P2	PN9_SID769	38427143	41980148	0
bc1_only	Zx.0570_P2	PN9_SID769	42431231	54056614	1
bc1_only	Zx.0570_P2	PN9_SID769	54056630	62648462	2
bc1_only	Zx.0570_P2	PN9_SID769	62657727	74644700	1
bc1_only	Zx.0570_P2	PN9_SID769	74644796	80070624	2
bc1_only	Zx.0570_P2	PN9_SID769	80070635	80077868	1
bc1_only	Zx.0570_P2	PN9_SID769	80077872	80078329	2
bc1_only	Zx.0570_P2	PN9_SID769	80078360	80094498	1
bc1_only	Zx.0570_P2	PN9_SID769	80094509	80279916	2
bc1_only	Zx.0570_P2	PN9_SID769	80334293	83375374	0
bc1_only	Zx.0570_P2	PN9_SID769	83375383	88324743	2
bc1_only	Zx.0570_P2	PN9_SID769	88486868	90024099	1
bc1_only	Zx.0570_P2	PN9_SID769	90024105	95439716	2
bc1_only	Zx.0570_P2	PN9_SID769	95523246	97544724	1
bc1_only	Zx.0570_P2	PN9_SID769	97763742	105221189	2
bc1_only	Zx.0570_P2	PN9_SID769	105290893	106862199	1
bc1_only	Zx.0570_P2	PN9_SID769	106863378	120647323	2
bc1_only	Zx.0570_P2	PN9_SID769	120647325	123874301	1
bc1_only	Zx.0570_P2	PN9_SID769	123878905	127629069	2
bc1_only	Zx.0570_P2	PN9_SID769	127629072	137684206	1
bc1_only	Zx.0570_P2	PN9_SID769	138264926	148966929	0
bc1_only	Zx.0570_P2	PN9_SID769	149273300	151805031	2
bc1_only	Zx.0570_P2	PN9_SID770	475599	1260157	1
bc1_only	Zx.0570_P2	PN9_SID770	1274146	2824222	0
bc1_only	Zx.0570_P2	PN9_SID770	2911755	3067296	1
bc1_only	Zx.0570_P2	PN9_SID770	3067296	10094781	0
bc1_only	Zx.0570_P2	PN9_SID770	10134357	10134903	1
bc1_only	Zx.0570_P2	PN9_SID770	10134940	34121513	0
bc1_only	Zx.0570_P2	PN9_SID770	34706041	34706164	1
bc1_only	Zx.0570_P2	PN9_SID770	34707196	68878345	0
bc1_only	Zx.0570_P2	PN9_SID770	68878380	74485932	1
bc1_only	Zx.0570_P2	PN9_SID770	74644162	143522539	0
bc1_only	Zx.0570_P2	PN9_SID770	143589909	143590254	1
bc1_only	Zx.0570_P2	PN9_SID770	143590283	148966929	0
bc1_only	Zx.0570_P2	PN9_SID770	149255402	152347734	2
bc1_only	Zx.0570_P2	PN9_SID771	123580	1256978	2
bc1_only	Zx.0570_P2	PN9_SID771	1257065	29103375	0
bc1_only	Zx.0570_P2	PN9_SID771	30073709	34706084	1
bc1_only	Zx.0570_P2	PN9_SID771	34706085	122506851	0
bc1_only	Zx.0570_P2	PN9_SID771	122506880	123869882	1
bc1_only	Zx.0570_P2	PN9_SID771	123869890	145902296	0
bc1_only	Zx.0570_P2	PN9_SID771	146089539	146089711	1
bc1_only	Zx.0570_P2	PN9_SID771	146089744	148963157	0
bc1_only	Zx.0570_P2	PN9_SID771	148964319	148964441	1
bc1_only	Zx.0570_P2	PN9_SID771	148964473	152203122	0
bc1_only	Zx.0570_P2	PN9_SID772	134844	2010916	1
bc1_only	Zx.0570_P2	PN9_SID772	2020682	45571507	0
bc1_only	Zx.0570_P2	PN9_SID772	45587934	48597723	1
bc1_only	Zx.0570_P2	PN9_SID772	48773158	68878653	0
bc1_only	Zx.0570_P2	PN9_SID772	68881092	74011786	1
bc1_only	Zx.0570_P2	PN9_SID772	74062129	106596216	0
bc1_only	Zx.0570_P2	PN9_SID772	106596218	111354621	1
bc1_only	Zx.0570_P2	PN9_SID772	111501856	120953597	0
bc1_only	Zx.0570_P2	PN9_SID772	120953633	123242520	1
bc1_only	Zx.0570_P2	PN9_SID772	123263269	136477280	0
bc1_only	Zx.0570_P2	PN9_SID772	136477304	140149207	1
bc1_only	Zx.0570_P2	PN9_SID772	140154386	152290228	0
bc1_only	Zx.0570_P2	PN9_SID773	105710	1256524	2
bc1_only	Zx.0570_P2	PN9_SID773	1256530	2911122	0
bc1_only	Zx.0570_P2	PN9_SID773	2911755	3335514	1
bc1_only	Zx.0570_P2	PN9_SID773	3874171	53110934	0
bc1_only	Zx.0570_P2	PN9_SID773	53692764	53695148	1
bc1_only	Zx.0570_P2	PN9_SID773	53727644	96671455	0
bc1_only	Zx.0570_P2	PN9_SID773	97530730	97532329	2
bc1_only	Zx.0570_P2	PN9_SID773	97544677	100936487	1
bc1_only	Zx.0570_P2	PN9_SID773	101131063	118813500	0
bc1_only	Zx.0570_P2	PN9_SID773	118813514	118814297	2
bc1_only	Zx.0570_P2	PN9_SID773	118814303	123475345	0
bc1_only	Zx.0570_P2	PN9_SID773	123556952	123874841	1
bc1_only	Zx.0570_P2	PN9_SID773	123874852	131069329	0
bc1_only	Zx.0570_P2	PN9_SID773	131069368	131071892	2
bc1_only	Zx.0570_P2	PN9_SID773	131071919	143259390	0
bc1_only	Zx.0570_P2	PN9_SID773	143374574	144140467	1
bc1_only	Zx.0570_P2	PN9_SID773	144140668	146662403	0
bc1_only	Zx.0570_P2	PN9_SID773	146662409	147850597	1
bc1_only	Zx.0570_P2	PN9_SID773	147850843	152290228	0
bc1_only	Zx.0570_P2	PN9_SID774	123580	1256591	2
bc1_only	Zx.0570_P2	PN9_SID774	1256603	80126353	0
bc1_only	Zx.0570_P2	PN9_SID774	80126609	80131339	1
bc1_only	Zx.0570_P2	PN9_SID774	80143138	128781994	0
bc1_only	Zx.0570_P2	PN9_SID774	129408695	132923501	1
bc1_only	Zx.0570_P2	PN9_SID774	133805920	142351186	0
bc1_only	Zx.0570_P2	PN9_SID774	142949280	144621592	2
bc1_only	Zx.0570_P2	PN9_SID774	144645953	150087520	0
bc1_only	Zx.0570_P2	PN9_SID774	150087776	150087841	1
bc1_only	Zx.0570_P2	PN9_SID774	150360476	152347734	0
bc1_only	Zx.0570_P2	PN9_SID775	105710	2911122	0
bc1_only	Zx.0570_P2	PN9_SID775	2911755	2925315	1
bc1_only	Zx.0570_P2	PN9_SID775	2925328	34121627	0
bc1_only	Zx.0570_P2	PN9_SID775	34705975	35467153	1
bc1_only	Zx.0570_P2	PN9_SID775	35467155	45773709	0
bc1_only	Zx.0570_P2	PN9_SID775	45944946	51788832	1
bc1_only	Zx.0570_P2	PN9_SID775	51788876	68834650	0
bc1_only	Zx.0570_P2	PN9_SID775	68834673	78415075	1
bc1_only	Zx.0570_P2	PN9_SID775	78429468	81757077	0
bc1_only	Zx.0570_P2	PN9_SID775	81757104	82187031	1
bc1_only	Zx.0570_P2	PN9_SID775	82189538	96494194	0
bc1_only	Zx.0570_P2	PN9_SID775	96498896	97531938	2
bc1_only	Zx.0570_P2	PN9_SID775	97531950	97532329	1
bc1_only	Zx.0570_P2	PN9_SID775	97544677	128046822	0
bc1_only	Zx.0570_P2	PN9_SID775	128130567	131071494	1
bc1_only	Zx.0570_P2	PN9_SID775	131250357	136686042	0
bc1_only	Zx.0570_P2	PN9_SID775	136686392	140154387	1
bc1_only	Zx.0570_P2	PN9_SID775	140200739	152290228	0
bc1_only	Zx.0570_P2	PN9_SID776	105710	13093929	0
bc1_only	Zx.0570_P2	PN9_SID776	13095981	13578434	1
bc1_only	Zx.0570_P2	PN9_SID776	14219148	28344930	0
bc1_only	Zx.0570_P2	PN9_SID776	28525221	28854220	1
bc1_only	Zx.0570_P2	PN9_SID776	28854246	118813500	0
bc1_only	Zx.0570_P2	PN9_SID776	118813514	118814275	1
bc1_only	Zx.0570_P2	PN9_SID776	118814278	142949281	0
bc1_only	Zx.0570_P2	PN9_SID776	142949294	142949379	1
bc1_only	Zx.0570_P2	PN9_SID776	143110614	152347734	0
bc1_only	Zx.0570_P2	PN9_SID777	105710	81757105	0
bc1_only	Zx.0570_P2	PN9_SID777	81757142	82178330	1
bc1_only	Zx.0570_P2	PN9_SID777	82178345	95960415	0
bc1_only	Zx.0570_P2	PN9_SID777	95960420	97532329	2
bc1_only	Zx.0570_P2	PN9_SID777	97544677	118813450	0
bc1_only	Zx.0570_P2	PN9_SID777	118813590	118814297	2
bc1_only	Zx.0570_P2	PN9_SID777	118814303	131262118	1
bc1_only	Zx.0570_P2	PN9_SID777	131263447	149830225	0
bc1_only	Zx.0570_P2	PN9_SID777	149830763	152347734	1
bc1_only	Zx.0570_P2	PN9_SID778	581859	1256480	2
bc1_only	Zx.0570_P2	PN9_SID778	1256489	18803084	0
bc1_only	Zx.0570_P2	PN9_SID778	18825806	22472006	1
bc1_only	Zx.0570_P2	PN9_SID778	22923664	45773709	0
bc1_only	Zx.0570_P2	PN9_SID778	45944946	60004552	1
bc1_only	Zx.0570_P2	PN9_SID778	60005221	115883195	0
bc1_only	Zx.0570_P2	PN9_SID778	116025983	118813500	1
bc1_only	Zx.0570_P2	PN9_SID778	118813514	118814297	2
bc1_only	Zx.0570_P2	PN9_SID778	118814303	125065505	0
bc1_only	Zx.0570_P2	PN9_SID778	125065550	140008369	1
bc1_only	Zx.0570_P2	PN9_SID778	140008380	143590020	0
bc1_only	Zx.0570_P2	PN9_SID778	143590131	144818965	1
bc1_only	Zx.0570_P2	PN9_SID778	144818969	152203191	0
bc1_only	Zx.0580_P2	PN7_SID630	108836	1257013	1
bc1_only	Zx.0580_P2	PN7_SID630	1257356	3193639	0
bc1_only	Zx.0580_P2	PN7_SID630	3194455	3925460	1
bc1_only	Zx.0580_P2	PN7_SID630	3927070	16291083	0
bc1_only	Zx.0580_P2	PN7_SID630	16291106	16325158	1
bc1_only	Zx.0580_P2	PN7_SID630	16331092	22290121	0
bc1_only	Zx.0580_P2	PN7_SID630	22290129	22290481	1
bc1_only	Zx.0580_P2	PN7_SID630	22290487	34706169	0
bc1_only	Zx.0580_P2	PN7_SID630	34707503	36428943	1
bc1_only	Zx.0580_P2	PN7_SID630	36607196	68834803	0
bc1_only	Zx.0580_P2	PN7_SID630	68835802	69021564	1
bc1_only	Zx.0580_P2	PN7_SID630	69021566	82178179	0
bc1_only	Zx.0580_P2	PN7_SID630	82178194	82180745	1
bc1_only	Zx.0580_P2	PN7_SID630	82181296	95957427	0
bc1_only	Zx.0580_P2	PN7_SID630	95958910	95960608	1
bc1_only	Zx.0580_P2	PN7_SID630	95960868	118811972	0
bc1_only	Zx.0580_P2	PN7_SID630	118813088	118814073	2
bc1_only	Zx.0580_P2	PN7_SID630	118814073	131030858	0
bc1_only	Zx.0580_P2	PN7_SID630	131030858	131071729	1
bc1_only	Zx.0580_P2	PN7_SID630	131071815	133530908	0
bc1_only	Zx.0580_P2	PN7_SID630	133557621	134569858	1
bc1_only	Zx.0580_P2	PN7_SID630	134570492	141421962	0
bc1_only	Zx.0580_P2	PN7_SID630	141421967	141951467	1
bc1_only	Zx.0580_P2	PN7_SID630	141951475	144694274	0
bc1_only	Zx.0580_P2	PN7_SID630	144694966	146068588	1
bc1_only	Zx.0580_P2	PN7_SID630	146089338	152283613	0
bc1_only	Zx.0580_P2	PN7_SID631	108836	1615221	1
bc1_only	Zx.0580_P2	PN7_SID631	1620597	7242862	0
bc1_only	Zx.0580_P2	PN7_SID631	7251987	8671897	1
bc1_only	Zx.0580_P2	PN7_SID631	8756093	13585565	0
bc1_only	Zx.0580_P2	PN7_SID631	13590717	16913817	1
bc1_only	Zx.0580_P2	PN7_SID631	17121035	28282098	0
bc1_only	Zx.0580_P2	PN7_SID631	28344929	34832277	1
bc1_only	Zx.0580_P2	PN7_SID631	35056138	39395999	0
bc1_only	Zx.0580_P2	PN7_SID631	39420954	39871006	2
bc1_only	Zx.0580_P2	PN7_SID631	40341882	47771980	0
bc1_only	Zx.0580_P2	PN7_SID631	47778111	49843908	1
bc1_only	Zx.0580_P2	PN7_SID631	49843911	58228391	0
bc1_only	Zx.0580_P2	PN7_SID631	58228594	60529064	1
bc1_only	Zx.0580_P2	PN7_SID631	60529356	74104207	0
bc1_only	Zx.0580_P2	PN7_SID631	74104674	77714143	1
bc1_only	Zx.0580_P2	PN7_SID631	77737978	87562738	0
bc1_only	Zx.0580_P2	PN7_SID631	87666702	89896912	1
bc1_only	Zx.0580_P2	PN7_SID631	89896969	95958827	0
bc1_only	Zx.0580_P2	PN7_SID631	95960420	96667733	1
bc1_only	Zx.0580_P2	PN7_SID631	96671359	103551003	0
bc1_only	Zx.0580_P2	PN7_SID631	103609173	104964846	1
bc1_only	Zx.0580_P2	PN7_SID631	104964887	109398525	0
bc1_only	Zx.0580_P2	PN7_SID631	109398542	117014066	1
bc1_only	Zx.0580_P2	PN7_SID631	117014067	118812161	0
bc1_only	Zx.0580_P2	PN7_SID631	118813088	118814073	2
bc1_only	Zx.0580_P2	PN7_SID631	118814073	121151203	0
bc1_only	Zx.0580_P2	PN7_SID631	121151203	122665632	1
bc1_only	Zx.0580_P2	PN7_SID631	122732962	126037021	0
bc1_only	Zx.0580_P2	PN7_SID631	126113540	127918528	1
bc1_only	Zx.0580_P2	PN7_SID631	127918567	131030901	0
bc1_only	Zx.0580_P2	PN7_SID631	131064663	132934363	1
bc1_only	Zx.0580_P2	PN7_SID631	132934448	144768180	0
bc1_only	Zx.0580_P2	PN7_SID631	144818540	147977177	1
bc1_only	Zx.0580_P2	PN7_SID631	148021696	152203396	0
bc1_only	Zx.0580_P2	PN7_SID632	94547	1256591	1
bc1_only	Zx.0580_P2	PN7_SID632	1263410	16291280	0
bc1_only	Zx.0580_P2	PN7_SID632	16324230	19131690	1
bc1_only	Zx.0580_P2	PN7_SID632	19131757	45945033	0
bc1_only	Zx.0580_P2	PN7_SID632	45945034	47603524	1
bc1_only	Zx.0580_P2	PN7_SID632	47603803	73846583	0
bc1_only	Zx.0580_P2	PN7_SID632	74011469	74011628	1
bc1_only	Zx.0580_P2	PN7_SID632	74011640	82169412	0
bc1_only	Zx.0580_P2	PN7_SID632	82178164	82179263	1
bc1_only	Zx.0580_P2	PN7_SID632	82179289	89523097	0
bc1_only	Zx.0580_P2	PN7_SID632	89618554	89951707	2
bc1_only	Zx.0580_P2	PN7_SID632	89987295	95957990	0
bc1_only	Zx.0580_P2	PN7_SID632	95958007	95960549	1
bc1_only	Zx.0580_P2	PN7_SID632	95960558	118813326	0
bc1_only	Zx.0580_P2	PN7_SID632	118813338	118813601	1
bc1_only	Zx.0580_P2	PN7_SID632	118813601	126113495	0
bc1_only	Zx.0580_P2	PN7_SID632	126113504	127268755	1
bc1_only	Zx.0580_P2	PN7_SID632	127268830	130905189	0
bc1_only	Zx.0580_P2	PN7_SID632	130911377	135117606	1
bc1_only	Zx.0580_P2	PN7_SID632	135117620	141339168	0
bc1_only	Zx.0580_P2	PN7_SID632	141421937	141594697	1
bc1_only	Zx.0580_P2	PN7_SID632	141594721	152203396	0
bc1_only	Zx.0580_P2	PN7_SID633	108836	3254908	0
bc1_only	Zx.0580_P2	PN7_SID633	3255096	3927139	1
bc1_only	Zx.0580_P2	PN7_SID633	3927151	8661427	0
bc1_only	Zx.0580_P2	PN7_SID633	8671297	8671733	1
bc1_only	Zx.0580_P2	PN7_SID633	8756093	39865449	0
bc1_only	Zx.0580_P2	PN7_SID633	39865501	39870264	1
bc1_only	Zx.0580_P2	PN7_SID633	39921635	68910206	0
bc1_only	Zx.0580_P2	PN7_SID633	69021517	71284534	1
bc1_only	Zx.0580_P2	PN7_SID633	71284556	82178263	0
bc1_only	Zx.0580_P2	PN7_SID633	82178274	82180364	1
bc1_only	Zx.0580_P2	PN7_SID633	82180421	89942269	0
bc1_only	Zx.0580_P2	PN7_SID633	89950600	89952535	2
bc1_only	Zx.0580_P2	PN7_SID633	90023825	152283613	0
bc1_only	Zx.0580_P2	PN7_SID634	137116	1772532	1
bc1_only	Zx.0580_P2	PN7_SID634	1882899	9191472	2
bc1_only	Zx.0580_P2	PN7_SID634	9197074	17491499	0
bc1_only	Zx.0580_P2	PN7_SID634	17491534	19131830	1
bc1_only	Zx.0580_P2	PN7_SID634	19148791	27357852	0
bc1_only	Zx.0580_P2	PN7_SID634	27357911	36725676	1
bc1_only	Zx.0580_P2	PN7_SID634	36725676	38725810	0
bc1_only	Zx.0580_P2	PN7_SID634	38928681	45945314	1
bc1_only	Zx.0580_P2	PN7_SID634	45945499	58228624	0
bc1_only	Zx.0580_P2	PN7_SID634	58228641	61290323	1
bc1_only	Zx.0580_P2	PN7_SID634	61290333	72950903	0
bc1_only	Zx.0580_P2	PN7_SID634	72950929	74485146	1
bc1_only	Zx.0580_P2	PN7_SID634	74485151	87121374	0
bc1_only	Zx.0580_P2	PN7_SID634	87274487	87667774	1
bc1_only	Zx.0580_P2	PN7_SID634	87709268	95960421	0
bc1_only	Zx.0580_P2	PN7_SID634	95960447	96498826	1
bc1_only	Zx.0580_P2	PN7_SID634	96499083	120415322	0
bc1_only	Zx.0580_P2	PN7_SID634	120446610	121151472	1
bc1_only	Zx.0580_P2	PN7_SID634	121204640	127538957	0
bc1_only	Zx.0580_P2	PN7_SID634	127585063	127918653	1
bc1_only	Zx.0580_P2	PN7_SID634	128035260	139402906	0
bc1_only	Zx.0580_P2	PN7_SID634	139402934	143616216	1
bc1_only	Zx.0580_P2	PN7_SID634	143716089	145840134	0
bc1_only	Zx.0580_P2	PN7_SID634	145840727	152203396	1
bc1_only	Zx.0580_P2	PN7_SID635	137116	2712216	0
bc1_only	Zx.0580_P2	PN7_SID635	2712221	2712417	1
bc1_only	Zx.0580_P2	PN7_SID635	2712420	79023285	0
bc1_only	Zx.0580_P2	PN7_SID635	79422223	80073045	2
bc1_only	Zx.0580_P2	PN7_SID635	80073065	80099721	1
bc1_only	Zx.0580_P2	PN7_SID635	80099754	82167039	2
bc1_only	Zx.0580_P2	PN7_SID635	82167151	93553540	1
bc1_only	Zx.0580_P2	PN7_SID635	93555566	94716693	2
bc1_only	Zx.0580_P2	PN7_SID635	94756585	98042524	1
bc1_only	Zx.0580_P2	PN7_SID635	98044024	102459071	2
bc1_only	Zx.0580_P2	PN7_SID635	102644825	107305724	1
bc1_only	Zx.0580_P2	PN7_SID635	107311250	114742994	2
bc1_only	Zx.0580_P2	PN7_SID635	114743019	116721849	1
bc1_only	Zx.0580_P2	PN7_SID635	116872764	119191198	2
bc1_only	Zx.0580_P2	PN7_SID635	119337002	122665632	1
bc1_only	Zx.0580_P2	PN7_SID635	122926062	132790842	2
bc1_only	Zx.0580_P2	PN7_SID635	132790851	136686498	1
bc1_only	Zx.0580_P2	PN7_SID635	136693831	138660312	2
bc1_only	Zx.0580_P2	PN7_SID635	138733350	141833407	1
bc1_only	Zx.0580_P2	PN7_SID635	142008114	145913702	0
bc1_only	Zx.0580_P2	PN7_SID635	146060896	146068532	1
bc1_only	Zx.0580_P2	PN7_SID635	146068587	152283613	0
bc1_only	Zx.0580_P2	PN7_SID636	108836	1772532	1
bc1_only	Zx.0580_P2	PN7_SID636	1943022	4656246	2
bc1_only	Zx.0580_P2	PN7_SID636	4656255	13982048	0
bc1_only	Zx.0580_P2	PN7_SID636	14139844	15289975	1
bc1_only	Zx.0580_P2	PN7_SID636	15308397	27897617	0
bc1_only	Zx.0580_P2	PN7_SID636	27926668	31661110	1
bc1_only	Zx.0580_P2	PN7_SID636	31718824	34706079	0
bc1_only	Zx.0580_P2	PN7_SID636	34706082	36409737	1
bc1_only	Zx.0580_P2	PN7_SID636	36409750	38929349	0
bc1_only	Zx.0580_P2	PN7_SID636	38929362	40692748	1
bc1_only	Zx.0580_P2	PN7_SID636	40693168	58228391	0
bc1_only	Zx.0580_P2	PN7_SID636	58228641	60528939	1
bc1_only	Zx.0580_P2	PN7_SID636	60528945	67763329	0
bc1_only	Zx.0580_P2	PN7_SID636	67764138	68837684	1
bc1_only	Zx.0580_P2	PN7_SID636	68837693	87218144	0
bc1_only	Zx.0580_P2	PN7_SID636	87274487	87667774	1
bc1_only	Zx.0580_P2	PN7_SID636	87669405	94756601	0
bc1_only	Zx.0580_P2	PN7_SID636	94756606	95960884	1
bc1_only	Zx.0580_P2	PN7_SID636	96022780	108597822	0
bc1_only	Zx.0580_P2	PN7_SID636	108597873	109828676	1
bc1_only	Zx.0580_P2	PN7_SID636	109841909	116891214	0
bc1_only	Zx.0580_P2	PN7_SID636	117013654	123407106	1
bc1_only	Zx.0580_P2	PN7_SID636	123475344	127841312	0
bc1_only	Zx.0580_P2	PN7_SID636	127918433	127918638	1
bc1_only	Zx.0580_P2	PN7_SID636	128035260	141421938	0
bc1_only	Zx.0580_P2	PN7_SID636	141421959	141594722	1
bc1_only	Zx.0580_P2	PN7_SID636	141618577	144694274	0
bc1_only	Zx.0580_P2	PN7_SID636	144694966	147850915	1
bc1_only	Zx.0580_P2	PN7_SID636	147851038	152203396	0
bc1_only	Zx.0580_P2	PN7_SID637	108836	1629338	1
bc1_only	Zx.0580_P2	PN7_SID637	1642942	2714192	2
bc1_only	Zx.0580_P2	PN7_SID637	2714200	3927312	1
bc1_only	Zx.0580_P2	PN7_SID637	3927329	39683671	2
bc1_only	Zx.0580_P2	PN7_SID637	39683676	49179750	1
bc1_only	Zx.0580_P2	PN7_SID637	49179757	135078259	2
bc1_only	Zx.0580_P2	PN7_SID637	135078260	136486035	1
bc1_only	Zx.0580_P2	PN7_SID637	136496926	152283613	0
bc1_only	Zx.0580_P2	PN7_SID639	108836	1060141	0
bc1_only	Zx.0580_P2	PN7_SID639	1060142	2704780	1
bc1_only	Zx.0580_P2	PN7_SID639	2705730	2714262	0
bc1_only	Zx.0580_P2	PN7_SID639	2714283	3335514	1
bc1_only	Zx.0580_P2	PN7_SID639	3397067	9328426	0
bc1_only	Zx.0580_P2	PN7_SID639	9364961	30275397	2
bc1_only	Zx.0580_P2	PN7_SID639	30355873	34251070	1
bc1_only	Zx.0580_P2	PN7_SID639	34337055	37331800	2
bc1_only	Zx.0580_P2	PN7_SID639	37515797	38722108	1
bc1_only	Zx.0580_P2	PN7_SID639	38722161	44540858	2
bc1_only	Zx.0580_P2	PN7_SID639	44540885	48435601	1
bc1_only	Zx.0580_P2	PN7_SID639	48598336	72301777	2
bc1_only	Zx.0580_P2	PN7_SID639	72302181	73324471	1
bc1_only	Zx.0580_P2	PN7_SID639	73324472	82169095	2
bc1_only	Zx.0580_P2	PN7_SID639	82169310	88487250	1
bc1_only	Zx.0580_P2	PN7_SID639	88709458	89895427	2
bc1_only	Zx.0580_P2	PN7_SID639	89942159	93500822	1
bc1_only	Zx.0580_P2	PN7_SID639	93553470	94500427	2
bc1_only	Zx.0580_P2	PN7_SID639	94756566	97764548	1
bc1_only	Zx.0580_P2	PN7_SID639	97810378	115806669	2
bc1_only	Zx.0580_P2	PN7_SID639	116169530	118416970	1
bc1_only	Zx.0580_P2	PN7_SID639	118417860	127717055	2
bc1_only	Zx.0580_P2	PN7_SID639	127800081	129511113	1
bc1_only	Zx.0580_P2	PN7_SID639	129511595	135905700	2
bc1_only	Zx.0580_P2	PN7_SID639	136057301	139573351	1
bc1_only	Zx.0580_P2	PN7_SID639	139758229	141594230	0
bc1_only	Zx.0580_P2	PN7_SID639	141594269	143590254	1
bc1_only	Zx.0580_P2	PN7_SID639	143590256	145678641	0
bc1_only	Zx.0580_P2	PN7_SID639	145715987	146445441	1
bc1_only	Zx.0580_P2	PN7_SID639	146462477	150933839	0
bc1_only	Zx.0580_P2	PN7_SID639	150947891	152205438	1
bc1_only	Zx.0580_P2	PN7_SID640	94547	2638487	1
bc1_only	Zx.0580_P2	PN7_SID640	2638508	2924285	0
bc1_only	Zx.0580_P2	PN7_SID640	2925067	3851588	1
bc1_only	Zx.0580_P2	PN7_SID640	3852057	7241824	0
bc1_only	Zx.0580_P2	PN7_SID640	7251987	10134661	1
bc1_only	Zx.0580_P2	PN7_SID640	10135435	12664944	0
bc1_only	Zx.0580_P2	PN7_SID640	12671602	12685150	1
bc1_only	Zx.0580_P2	PN7_SID640	12685348	16497305	0
bc1_only	Zx.0580_P2	PN7_SID640	16497322	19557709	1
bc1_only	Zx.0580_P2	PN7_SID640	19557919	28176033	0
bc1_only	Zx.0580_P2	PN7_SID640	28345064	36409814	1
bc1_only	Zx.0580_P2	PN7_SID640	36428919	39420955	0
bc1_only	Zx.0580_P2	PN7_SID640	39420956	39421181	2
bc1_only	Zx.0580_P2	PN7_SID640	39421187	45588192	1
bc1_only	Zx.0580_P2	PN7_SID640	45711279	58228391	0
bc1_only	Zx.0580_P2	PN7_SID640	58228594	65546288	1
bc1_only	Zx.0580_P2	PN7_SID640	65555736	70179376	0
bc1_only	Zx.0580_P2	PN7_SID640	70180697	70814645	1
bc1_only	Zx.0580_P2	PN7_SID640	70822960	76021587	0
bc1_only	Zx.0580_P2	PN7_SID640	76021619	76022202	1
bc1_only	Zx.0580_P2	PN7_SID640	76022323	81737384	0
bc1_only	Zx.0580_P2	PN7_SID640	81756677	82180288	1
bc1_only	Zx.0580_P2	PN7_SID640	82180362	93558217	0
bc1_only	Zx.0580_P2	PN7_SID640	93558240	95960884	1
bc1_only	Zx.0580_P2	PN7_SID640	95976903	115128967	0
bc1_only	Zx.0580_P2	PN7_SID640	115128997	118427941	1
bc1_only	Zx.0580_P2	PN7_SID640	118427944	121150439	0
bc1_only	Zx.0580_P2	PN7_SID640	121150688	122635718	1
bc1_only	Zx.0580_P2	PN7_SID640	122635761	127840373	0
bc1_only	Zx.0580_P2	PN7_SID640	127918433	136585730	1
bc1_only	Zx.0580_P2	PN7_SID640	136593420	138657415	0
bc1_only	Zx.0580_P2	PN7_SID640	138733458	139573266	1
bc1_only	Zx.0580_P2	PN7_SID640	139573348	143513492	0
bc1_only	Zx.0580_P2	PN7_SID640	143589770	146776918	1
bc1_only	Zx.0580_P2	PN7_SID640	146784998	152205401	2
bc1_only	Zx.0580_P2	PN7_SID641	108836	1257013	1
bc1_only	Zx.0580_P2	PN7_SID641	1352464	2938499	0
bc1_only	Zx.0580_P2	PN7_SID641	2941507	3947052	1
bc1_only	Zx.0580_P2	PN7_SID641	3947053	4014106	0
bc1_only	Zx.0580_P2	PN7_SID641	4014227	4016399	1
bc1_only	Zx.0580_P2	PN7_SID641	4016411	9331112	0
bc1_only	Zx.0580_P2	PN7_SID641	9366525	89800373	2
bc1_only	Zx.0580_P2	PN7_SID641	89800385	91133228	1
bc1_only	Zx.0580_P2	PN7_SID641	91373095	151039772	2
bc1_only	Zx.0580_P2	PN7_SID641	151083818	152283613	1
bc1_only	Zx.0580_P2	PN7_SID642	94547	2708384	1
bc1_only	Zx.0580_P2	PN7_SID642	2708389	4048116	0
bc1_only	Zx.0580_P2	PN7_SID642	4048825	4050110	1
bc1_only	Zx.0580_P2	PN7_SID642	4053359	9821978	0
bc1_only	Zx.0580_P2	PN7_SID642	9821999	9944903	1
bc1_only	Zx.0580_P2	PN7_SID642	9944909	15347114	0
bc1_only	Zx.0580_P2	PN7_SID642	15347161	15955831	1
bc1_only	Zx.0580_P2	PN7_SID642	16136285	19121316	0
bc1_only	Zx.0580_P2	PN7_SID642	19121472	19580419	1
bc1_only	Zx.0580_P2	PN7_SID642	19679483	25958274	0
bc1_only	Zx.0580_P2	PN7_SID642	25961236	26888445	1
bc1_only	Zx.0580_P2	PN7_SID642	26889325	32134998	0
bc1_only	Zx.0580_P2	PN7_SID642	32259124	36409802	1
bc1_only	Zx.0580_P2	PN7_SID642	36409813	39420955	0
bc1_only	Zx.0580_P2	PN7_SID642	39420956	42441483	1
bc1_only	Zx.0580_P2	PN7_SID642	42441507	47604087	0
bc1_only	Zx.0580_P2	PN7_SID642	47604087	51090785	1
bc1_only	Zx.0580_P2	PN7_SID642	51367003	58228391	0
bc1_only	Zx.0580_P2	PN7_SID642	58228594	60529009	1
bc1_only	Zx.0580_P2	PN7_SID642	60533264	68835930	0
bc1_only	Zx.0580_P2	PN7_SID642	68835935	71304833	1
bc1_only	Zx.0580_P2	PN7_SID642	71351265	75387339	0
bc1_only	Zx.0580_P2	PN7_SID642	75387340	76023718	1
bc1_only	Zx.0580_P2	PN7_SID642	76064922	80634982	0
bc1_only	Zx.0580_P2	PN7_SID642	80638566	81758313	1
bc1_only	Zx.0580_P2	PN7_SID642	81761916	89950601	0
bc1_only	Zx.0580_P2	PN7_SID642	89950606	90153467	1
bc1_only	Zx.0580_P2	PN7_SID642	90153485	94756601	0
bc1_only	Zx.0580_P2	PN7_SID642	94756606	97543539	1
bc1_only	Zx.0580_P2	PN7_SID642	97543562	104115171	0
bc1_only	Zx.0580_P2	PN7_SID642	104115324	104502220	1
bc1_only	Zx.0580_P2	PN7_SID642	104510412	109393077	0
bc1_only	Zx.0580_P2	PN7_SID642	109398514	111354709	1
bc1_only	Zx.0580_P2	PN7_SID642	111354713	115008413	0
bc1_only	Zx.0580_P2	PN7_SID642	115046174	118256623	1
bc1_only	Zx.0580_P2	PN7_SID642	118256713	119796293	0
bc1_only	Zx.0580_P2	PN7_SID642	119796326	122635476	1
bc1_only	Zx.0580_P2	PN7_SID642	122635480	127211552	0
bc1_only	Zx.0580_P2	PN7_SID642	127268519	127918638	1
bc1_only	Zx.0580_P2	PN7_SID642	127918652	130921311	0
bc1_only	Zx.0580_P2	PN7_SID642	130921403	131497186	1
bc1_only	Zx.0580_P2	PN7_SID642	131497212	135117942	0
bc1_only	Zx.0580_P2	PN7_SID642	135117948	135118167	1
bc1_only	Zx.0580_P2	PN7_SID642	135118172	137135900	0
bc1_only	Zx.0580_P2	PN7_SID642	137135901	139856145	1
bc1_only	Zx.0580_P2	PN7_SID642	139857351	142452688	0
bc1_only	Zx.0580_P2	PN7_SID642	142496617	144694995	1
bc1_only	Zx.0580_P2	PN7_SID642	144695092	145840092	0
bc1_only	Zx.0580_P2	PN7_SID642	145840727	146089841	1
bc1_only	Zx.0580_P2	PN7_SID642	146089882	148962257	0
bc1_only	Zx.0580_P2	PN7_SID642	148962484	149700487	1
bc1_only	Zx.0580_P2	PN7_SID642	149700765	152347750	0
bc1_only	Zx.0580_P2	PN7_SID643	263923	35466879	0
bc1_only	Zx.0580_P2	PN7_SID643	35466880	35613001	1
bc1_only	Zx.0580_P2	PN7_SID643	35613006	39767128	0
bc1_only	Zx.0580_P2	PN7_SID643	39767135	45588192	1
bc1_only	Zx.0580_P2	PN7_SID643	45714405	53583170	0
bc1_only	Zx.0580_P2	PN7_SID643	53693260	54383670	1
bc1_only	Zx.0580_P2	PN7_SID643	54469186	60525063	0
bc1_only	Zx.0580_P2	PN7_SID643	60525292	60529131	1
bc1_only	Zx.0580_P2	PN7_SID643	60529153	82169412	0
bc1_only	Zx.0580_P2	PN7_SID643	82178164	82180465	1
bc1_only	Zx.0580_P2	PN7_SID643	82180471	87218144	0
bc1_only	Zx.0580_P2	PN7_SID643	87274487	89775582	1
bc1_only	Zx.0580_P2	PN7_SID643	89775585	107541150	0
bc1_only	Zx.0580_P2	PN7_SID643	107594161	107594649	1
bc1_only	Zx.0580_P2	PN7_SID643	107596000	141594211	0
bc1_only	Zx.0580_P2	PN7_SID643	141594229	141680374	1
bc1_only	Zx.0580_P2	PN7_SID643	141703394	143589882	0
bc1_only	Zx.0580_P2	PN7_SID643	143590098	144696118	1
bc1_only	Zx.0580_P2	PN7_SID643	144696147	148964899	0
bc1_only	Zx.0580_P2	PN7_SID643	148964913	148966999	1
bc1_only	Zx.0580_P2	PN7_SID643	148967057	152347750	0
bc1_only	Zx.0580_P2	PN7_SID644	94547	2638536	0
bc1_only	Zx.0580_P2	PN7_SID644	2704776	2708267	2
bc1_only	Zx.0580_P2	PN7_SID644	2708268	2715448	1
bc1_only	Zx.0580_P2	PN7_SID644	2715461	131063676	0
bc1_only	Zx.0580_P2	PN7_SID644	131069401	131071729	1
bc1_only	Zx.0580_P2	PN7_SID644	131072056	139572862	0
bc1_only	Zx.0580_P2	PN7_SID644	139573217	139851995	1
bc1_only	Zx.0580_P2	PN7_SID644	139934993	142451558	0
bc1_only	Zx.0580_P2	PN7_SID644	142496617	143824240	1
bc1_only	Zx.0580_P2	PN7_SID644	143824258	152347750	0
bc1_only	Zx.0580_P2	PN7_SID645	137116	2705047	0
bc1_only	Zx.0580_P2	PN7_SID645	2705049	2715342	2
bc1_only	Zx.0580_P2	PN7_SID645	2715356	3335514	1
bc1_only	Zx.0580_P2	PN7_SID645	3397067	9757158	0
bc1_only	Zx.0580_P2	PN7_SID645	9822067	9822215	1
bc1_only	Zx.0580_P2	PN7_SID645	9822272	15276919	0
bc1_only	Zx.0580_P2	PN7_SID645	15276928	15348091	1
bc1_only	Zx.0580_P2	PN7_SID645	15348092	28167765	0
bc1_only	Zx.0580_P2	PN7_SID645	28167772	30654452	1
bc1_only	Zx.0580_P2	PN7_SID645	30654476	33876028	0
bc1_only	Zx.0580_P2	PN7_SID645	33878770	35467234	1
bc1_only	Zx.0580_P2	PN7_SID645	35480934	39731158	0
bc1_only	Zx.0580_P2	PN7_SID645	39737614	45588192	1
bc1_only	Zx.0580_P2	PN7_SID645	45714405	56106740	0
bc1_only	Zx.0580_P2	PN7_SID645	56312633	57814106	1
bc1_only	Zx.0580_P2	PN7_SID645	57839882	68169302	0
bc1_only	Zx.0580_P2	PN7_SID645	68169303	68169378	1
bc1_only	Zx.0580_P2	PN7_SID645	68187154	82169412	0
bc1_only	Zx.0580_P2	PN7_SID645	82178164	82180363	1
bc1_only	Zx.0580_P2	PN7_SID645	82180363	89775886	0
bc1_only	Zx.0580_P2	PN7_SID645	89775889	89952242	1
bc1_only	Zx.0580_P2	PN7_SID645	89952253	96494908	0
bc1_only	Zx.0580_P2	PN7_SID645	96498562	97543589	1
bc1_only	Zx.0580_P2	PN7_SID645	97544677	107594225	0
bc1_only	Zx.0580_P2	PN7_SID645	107594258	109829099	1
bc1_only	Zx.0580_P2	PN7_SID645	109841909	116538440	0
bc1_only	Zx.0580_P2	PN7_SID645	116538506	118325254	1
bc1_only	Zx.0580_P2	PN7_SID645	118325797	127268645	0
bc1_only	Zx.0580_P2	PN7_SID645	127268659	127268755	1
bc1_only	Zx.0580_P2	PN7_SID645	127269042	143107934	0
bc1_only	Zx.0580_P2	PN7_SID645	143110247	143590254	1
bc1_only	Zx.0580_P2	PN7_SID645	143590256	145902274	0
bc1_only	Zx.0580_P2	PN7_SID645	145902276	147721703	1
bc1_only	Zx.0580_P2	PN7_SID645	147847115	148937889	0
bc1_only	Zx.0580_P2	PN7_SID645	148962181	150974094	1
bc1_only	Zx.0580_P2	PN7_SID645	150974233	152347750	0
bc1_only	Zx.0580_P2	PN7_SID646	94547	8619771	0
bc1_only	Zx.0580_P2	PN7_SID646	8671297	8671733	1
bc1_only	Zx.0580_P2	PN7_SID646	8756110	33803510	0
bc1_only	Zx.0580_P2	PN7_SID646	33803510	34707504	1
bc1_only	Zx.0580_P2	PN7_SID646	34740470	131069329	0
bc1_only	Zx.0580_P2	PN7_SID646	131069368	131071635	1
bc1_only	Zx.0580_P2	PN7_SID646	131071688	152347750	0
bc1_only	Zx.0580_P2	PN7_SID647	263923	3067124	0
bc1_only	Zx.0580_P2	PN7_SID647	3067125	3873321	1
bc1_only	Zx.0580_P2	PN7_SID647	3873335	34706016	0
bc1_only	Zx.0580_P2	PN7_SID647	34706041	34706169	1
bc1_only	Zx.0580_P2	PN7_SID647	34707503	45944961	0
bc1_only	Zx.0580_P2	PN7_SID647	45944970	47603507	1
bc1_only	Zx.0580_P2	PN7_SID647	47603803	131064664	0
bc1_only	Zx.0580_P2	PN7_SID647	131069328	131071892	1
bc1_only	Zx.0580_P2	PN7_SID647	131071919	136089709	0
bc1_only	Zx.0580_P2	PN7_SID647	136166561	136166666	1
bc1_only	Zx.0580_P2	PN7_SID647	136166667	152203396	0
bc1_only	Zx.0580_P2	PN7_SID648	137116	5011030	0
bc1_only	Zx.0580_P2	PN7_SID648	5015363	5955106	1
bc1_only	Zx.0580_P2	PN7_SID648	5955107	35466971	0
bc1_only	Zx.0580_P2	PN7_SID648	35466978	38929423	1
bc1_only	Zx.0580_P2	PN7_SID648	39117497	51788717	0
bc1_only	Zx.0580_P2	PN7_SID648	51788722	54056710	1
bc1_only	Zx.0580_P2	PN7_SID648	54320249	89775528	0
bc1_only	Zx.0580_P2	PN7_SID648	89775581	89952258	1
bc1_only	Zx.0580_P2	PN7_SID648	89952276	113706847	0
bc1_only	Zx.0580_P2	PN7_SID648	113707469	113881974	1
bc1_only	Zx.0580_P2	PN7_SID648	113881982	127620742	0
bc1_only	Zx.0580_P2	PN7_SID648	127628943	128117243	1
bc1_only	Zx.0580_P2	PN7_SID648	128117282	136484283	0
bc1_only	Zx.0580_P2	PN7_SID648	136484290	136686298	1
bc1_only	Zx.0580_P2	PN7_SID648	136686341	149444867	0
bc1_only	Zx.0580_P2	PN7_SID648	149494813	149700487	1
bc1_only	Zx.0580_P2	PN7_SID648	149700765	152347750	0
bc1_only	Zx.0580_P2	PN7_SID649	137116	152347750	0
bc1_only	Zx.0580_P2	PN7_SID650	94570	33056000	0
bc1_only	Zx.0580_P2	PN7_SID650	33803115	34707504	1
bc1_only	Zx.0580_P2	PN7_SID650	34815822	130912211	0
bc1_only	Zx.0580_P2	PN7_SID650	130921403	131071494	1
bc1_only	Zx.0580_P2	PN7_SID650	131071503	146067043	0
bc1_only	Zx.0580_P2	PN7_SID650	146068493	147850901	1
bc1_only	Zx.0580_P2	PN7_SID650	147850914	152205438	0
bc1_only	Zx.0580_P2	PN7_SID651	94547	1256922	1
bc1_only	Zx.0580_P2	PN7_SID651	1410929	2941775	0
bc1_only	Zx.0580_P2	PN7_SID651	2986252	3067303	1
bc1_only	Zx.0580_P2	PN7_SID651	3067340	33803496	0
bc1_only	Zx.0580_P2	PN7_SID651	33803509	34707504	1
bc1_only	Zx.0580_P2	PN7_SID651	34811904	60525063	0
bc1_only	Zx.0580_P2	PN7_SID651	60525141	60529131	1
bc1_only	Zx.0580_P2	PN7_SID651	60529153	88486997	0
bc1_only	Zx.0580_P2	PN7_SID651	88487023	88487266	1
bc1_only	Zx.0580_P2	PN7_SID651	88764471	131031040	0
bc1_only	Zx.0580_P2	PN7_SID651	131069328	132791105	1
bc1_only	Zx.0580_P2	PN7_SID651	132791393	146061109	0
bc1_only	Zx.0580_P2	PN7_SID651	146061117	147850901	1
bc1_only	Zx.0580_P2	PN7_SID651	147850914	152283613	0
bc1_only	Zx.0580_P2	PN7_SID652	137166	118813500	0
bc1_only	Zx.0580_P2	PN7_SID652	118813514	118814041	1
bc1_only	Zx.0580_P2	PN7_SID652	118814043	125924587	0
bc1_only	Zx.0580_P2	PN7_SID652	126113540	126113863	1
bc1_only	Zx.0580_P2	PN7_SID652	126228230	136483905	0
bc1_only	Zx.0580_P2	PN7_SID652	136483905	136484078	1
bc1_only	Zx.0580_P2	PN7_SID652	136484177	143590099	0
bc1_only	Zx.0580_P2	PN7_SID652	143590131	143590213	1
bc1_only	Zx.0580_P2	PN7_SID652	143590223	145833608	0
bc1_only	Zx.0580_P2	PN7_SID652	145840727	146089841	1
bc1_only	Zx.0580_P2	PN7_SID652	146089882	148966929	0
bc1_only	Zx.0580_P2	PN7_SID652	148966958	149700396	1
bc1_only	Zx.0580_P2	PN7_SID652	149700418	152347750	0
bc1_only	Zx.0580_P2	PN7_SID653	94547	2638487	1
bc1_only	Zx.0580_P2	PN7_SID653	2638508	8168942	0
bc1_only	Zx.0580_P2	PN7_SID653	8404853	9202161	1
bc1_only	Zx.0580_P2	PN7_SID653	9205106	25937698	0
bc1_only	Zx.0580_P2	PN7_SID653	25961236	30652982	1
bc1_only	Zx.0580_P2	PN7_SID653	30653616	32477754	0
bc1_only	Zx.0580_P2	PN7_SID653	33803115	36372234	1
bc1_only	Zx.0580_P2	PN7_SID653	36372240	39767228	0
bc1_only	Zx.0580_P2	PN7_SID653	39865394	45588192	1
bc1_only	Zx.0580_P2	PN7_SID653	45588263	50596795	0
bc1_only	Zx.0580_P2	PN7_SID653	50701203	64769279	1
bc1_only	Zx.0580_P2	PN7_SID653	64769285	73772374	0
bc1_only	Zx.0580_P2	PN7_SID653	73772757	74103650	1
bc1_only	Zx.0580_P2	PN7_SID653	74103651	81737384	0
bc1_only	Zx.0580_P2	PN7_SID653	81756677	82187302	1
bc1_only	Zx.0580_P2	PN7_SID653	82187330	100934659	0
bc1_only	Zx.0580_P2	PN7_SID653	100936229	100936342	1
bc1_only	Zx.0580_P2	PN7_SID653	100936532	118813633	0
bc1_only	Zx.0580_P2	PN7_SID653	118813746	120415322	1
bc1_only	Zx.0580_P2	PN7_SID653	120449030	129396376	0
bc1_only	Zx.0580_P2	PN7_SID653	129399452	131071729	1
bc1_only	Zx.0580_P2	PN7_SID653	131071815	136312907	0
bc1_only	Zx.0580_P2	PN7_SID653	136363773	136363874	1
bc1_only	Zx.0580_P2	PN7_SID653	136483908	141594352	0
bc1_only	Zx.0580_P2	PN7_SID653	141594352	144494518	1
bc1_only	Zx.0580_P2	PN7_SID653	144534326	146063078	0
bc1_only	Zx.0580_P2	PN7_SID653	146066519	149700487	1
bc1_only	Zx.0580_P2	PN7_SID653	149703554	152283613	0
bc1_only	Zx.0580_P2	PN7_SID654	267653	2705216	0
bc1_only	Zx.0580_P2	PN7_SID654	2705262	2708130	2
bc1_only	Zx.0580_P2	PN7_SID654	2708131	3927180	1
bc1_only	Zx.0580_P2	PN7_SID654	3928144	4044216	0
bc1_only	Zx.0580_P2	PN7_SID654	4044975	4047171	1
bc1_only	Zx.0580_P2	PN7_SID654	4047171	39865878	0
bc1_only	Zx.0580_P2	PN7_SID654	39865924	39866133	1
bc1_only	Zx.0580_P2	PN7_SID654	39866178	80131141	0
bc1_only	Zx.0580_P2	PN7_SID654	80131154	80623900	1
bc1_only	Zx.0580_P2	PN7_SID654	80624002	146344113	0
bc1_only	Zx.0580_P2	PN7_SID654	146374239	152347750	2
bc1_only	Zx.0580_P2	PN7_SID655	108836	5528596	0
bc1_only	Zx.0580_P2	PN7_SID655	5528665	8671733	1
bc1_only	Zx.0580_P2	PN7_SID655	8671896	35497211	0
bc1_only	Zx.0580_P2	PN7_SID655	35612116	38427228	1
bc1_only	Zx.0580_P2	PN7_SID655	38428212	64834046	0
bc1_only	Zx.0580_P2	PN7_SID655	64911005	74011562	1
bc1_only	Zx.0580_P2	PN7_SID655	74011565	95960228	0
bc1_only	Zx.0580_P2	PN7_SID655	95960228	96514454	1
bc1_only	Zx.0580_P2	PN7_SID655	96514560	130905197	0
bc1_only	Zx.0580_P2	PN7_SID655	130911377	135117662	1
bc1_only	Zx.0580_P2	PN7_SID655	135117693	144614580	0
bc1_only	Zx.0580_P2	PN7_SID655	144621417	144696148	1
bc1_only	Zx.0580_P2	PN7_SID655	144696959	152283613	0
bc1_only	Zx.0580_P2	PN7_SID656	94547	2707356	0
bc1_only	Zx.0580_P2	PN7_SID656	2707356	3335514	1
bc1_only	Zx.0580_P2	PN7_SID656	3397067	39865653	0
bc1_only	Zx.0580_P2	PN7_SID656	39865687	39866192	1
bc1_only	Zx.0580_P2	PN7_SID656	39866212	60004366	0
bc1_only	Zx.0580_P2	PN7_SID656	60004377	60529064	1
bc1_only	Zx.0580_P2	PN7_SID656	60536709	95957224	0
bc1_only	Zx.0580_P2	PN7_SID656	95957230	97284775	1
bc1_only	Zx.0580_P2	PN7_SID656	97407858	109398525	0
bc1_only	Zx.0580_P2	PN7_SID656	109398542	109829099	1
bc1_only	Zx.0580_P2	PN7_SID656	109841909	121150178	0
bc1_only	Zx.0580_P2	PN7_SID656	121150181	121151472	1
bc1_only	Zx.0580_P2	PN7_SID656	121204619	132798099	0
bc1_only	Zx.0580_P2	PN7_SID656	132798103	132872521	1
bc1_only	Zx.0580_P2	PN7_SID656	132876532	143584872	0
bc1_only	Zx.0580_P2	PN7_SID656	143584888	152205408	2
bc1_only	Zx.0580_P2	PN7_SID657	108836	1620680	1
bc1_only	Zx.0580_P2	PN7_SID657	1647274	13103282	0
bc1_only	Zx.0580_P2	PN7_SID657	13103282	19557709	1
bc1_only	Zx.0580_P2	PN7_SID657	19557919	34707197	0
bc1_only	Zx.0580_P2	PN7_SID657	34707503	38420441	1
bc1_only	Zx.0580_P2	PN7_SID657	38424353	39420955	0
bc1_only	Zx.0580_P2	PN7_SID657	39420956	45588192	1
bc1_only	Zx.0580_P2	PN7_SID657	45714405	70180331	0
bc1_only	Zx.0580_P2	PN7_SID657	70180342	70856707	1
bc1_only	Zx.0580_P2	PN7_SID657	71006281	90890275	0
bc1_only	Zx.0580_P2	PN7_SID657	91132038	97074078	1
bc1_only	Zx.0580_P2	PN7_SID657	97186622	106486244	0
bc1_only	Zx.0580_P2	PN7_SID657	106499634	109828676	1
bc1_only	Zx.0580_P2	PN7_SID657	109829069	120647374	0
bc1_only	Zx.0580_P2	PN7_SID657	120647377	122637279	1
bc1_only	Zx.0580_P2	PN7_SID657	122637342	129412406	0
bc1_only	Zx.0580_P2	PN7_SID657	129745153	136363898	1
bc1_only	Zx.0580_P2	PN7_SID657	136363912	143590224	0
bc1_only	Zx.0580_P2	PN7_SID657	143590230	152347750	2
bc1_only	Zx.0580_P2	PN7_SID658	108836	8671428	0
bc1_only	Zx.0580_P2	PN7_SID658	8671433	9822379	1
bc1_only	Zx.0580_P2	PN7_SID658	9822393	13096369	0
bc1_only	Zx.0580_P2	PN7_SID658	13096370	16324405	1
bc1_only	Zx.0580_P2	PN7_SID658	16324405	38411100	0
bc1_only	Zx.0580_P2	PN7_SID658	38419784	38429312	1
bc1_only	Zx.0580_P2	PN7_SID658	38602400	47230303	0
bc1_only	Zx.0580_P2	PN7_SID658	47603849	48340705	1
bc1_only	Zx.0580_P2	PN7_SID658	48341633	82178263	0
bc1_only	Zx.0580_P2	PN7_SID658	82178274	84378563	1
bc1_only	Zx.0580_P2	PN7_SID658	84378988	95923233	0
bc1_only	Zx.0580_P2	PN7_SID658	95957315	95960608	1
bc1_only	Zx.0580_P2	PN7_SID658	95960868	118813326	0
bc1_only	Zx.0580_P2	PN7_SID658	118813338	118814073	2
bc1_only	Zx.0580_P2	PN7_SID658	118814073	134561235	0
bc1_only	Zx.0580_P2	PN7_SID658	134569752	134569911	1
bc1_only	Zx.0580_P2	PN7_SID658	134570545	145099384	0
bc1_only	Zx.0580_P2	PN7_SID658	145099387	146366499	1
bc1_only	Zx.0580_P2	PN7_SID658	146366533	152203396	0
bc1_only	Zx.0580_P2	PN7_SID659	108836	1256480	1
bc1_only	Zx.0580_P2	PN7_SID659	1256489	5532091	0
bc1_only	Zx.0580_P2	PN7_SID659	5534909	9944903	1
bc1_only	Zx.0580_P2	PN7_SID659	9944909	13103282	0
bc1_only	Zx.0580_P2	PN7_SID659	13103282	16375246	1
bc1_only	Zx.0580_P2	PN7_SID659	16478193	24484173	0
bc1_only	Zx.0580_P2	PN7_SID659	24484208	24797364	1
bc1_only	Zx.0580_P2	PN7_SID659	24799060	32068637	0
bc1_only	Zx.0580_P2	PN7_SID659	32068639	36409776	1
bc1_only	Zx.0580_P2	PN7_SID659	36428859	38424354	0
bc1_only	Zx.0580_P2	PN7_SID659	38426951	50596582	1
bc1_only	Zx.0580_P2	PN7_SID659	50596587	93954370	0
bc1_only	Zx.0580_P2	PN7_SID659	94096401	96530595	1
bc1_only	Zx.0580_P2	PN7_SID659	96530605	117014030	0
bc1_only	Zx.0580_P2	PN7_SID659	117014033	118427941	1
bc1_only	Zx.0580_P2	PN7_SID659	118427944	121150767	0
bc1_only	Zx.0580_P2	PN7_SID659	121151143	122665475	1
bc1_only	Zx.0580_P2	PN7_SID659	122665576	125664984	0
bc1_only	Zx.0580_P2	PN7_SID659	125754284	128851349	1
bc1_only	Zx.0580_P2	PN7_SID659	128962111	135078204	0
bc1_only	Zx.0580_P2	PN7_SID659	135078258	135118022	1
bc1_only	Zx.0580_P2	PN7_SID659	135118024	150452046	0
bc1_only	Zx.0580_P2	PN7_SID659	150452178	150811187	1
bc1_only	Zx.0580_P2	PN7_SID659	150811343	152283613	0
bc1_only	Zx.0580_P2	PN7_SID660	108836	2704390	1
bc1_only	Zx.0580_P2	PN7_SID660	2704411	2714385	2
bc1_only	Zx.0580_P2	PN7_SID660	2714439	9757158	0
bc1_only	Zx.0580_P2	PN7_SID660	9822201	11321277	1
bc1_only	Zx.0580_P2	PN7_SID660	11329980	13982048	0
bc1_only	Zx.0580_P2	PN7_SID660	14139844	19783551	1
bc1_only	Zx.0580_P2	PN7_SID660	20062273	22552619	0
bc1_only	Zx.0580_P2	PN7_SID660	22575902	25095009	1
bc1_only	Zx.0580_P2	PN7_SID660	25112003	34706086	0
bc1_only	Zx.0580_P2	PN7_SID660	34706098	40695219	1
bc1_only	Zx.0580_P2	PN7_SID660	40814311	49546285	0
bc1_only	Zx.0580_P2	PN7_SID660	49840774	69213806	1
bc1_only	Zx.0580_P2	PN7_SID660	69213824	81737933	0
bc1_only	Zx.0580_P2	PN7_SID660	81756707	82180560	1
bc1_only	Zx.0580_P2	PN7_SID660	82180671	95960421	0
bc1_only	Zx.0580_P2	PN7_SID660	95960447	95960884	1
bc1_only	Zx.0580_P2	PN7_SID660	96022965	106499742	0
bc1_only	Zx.0580_P2	PN7_SID660	106499766	109829099	1
bc1_only	Zx.0580_P2	PN7_SID660	110071768	115417650	0
bc1_only	Zx.0580_P2	PN7_SID660	115548854	117014052	1
bc1_only	Zx.0580_P2	PN7_SID660	117014067	119437683	0
bc1_only	Zx.0580_P2	PN7_SID660	119447684	122637343	1
bc1_only	Zx.0580_P2	PN7_SID660	122732962	125660453	0
bc1_only	Zx.0580_P2	PN7_SID660	125664983	128128481	1
bc1_only	Zx.0580_P2	PN7_SID660	128130408	135117587	0
bc1_only	Zx.0580_P2	PN7_SID660	135117605	144691289	1
bc1_only	Zx.0580_P2	PN7_SID660	144691290	145834790	0
bc1_only	Zx.0580_P2	PN7_SID660	145840727	150948392	1
bc1_only	Zx.0580_P2	PN7_SID660	150955302	152203396	0
bc1_only	Zx.0580_P2	PN7_SID661	137116	2707104	1
bc1_only	Zx.0580_P2	PN7_SID661	2708008	8307622	0
bc1_only	Zx.0580_P2	PN7_SID661	8404853	11932823	1
bc1_only	Zx.0580_P2	PN7_SID661	12087322	15276088	0
bc1_only	Zx.0580_P2	PN7_SID661	15276528	20614447	1
bc1_only	Zx.0580_P2	PN7_SID661	20614763	30275397	0
bc1_only	Zx.0580_P2	PN7_SID661	30653142	36999891	1
bc1_only	Zx.0580_P2	PN7_SID661	37000157	39339216	0
bc1_only	Zx.0580_P2	PN7_SID661	39421120	50701258	1
bc1_only	Zx.0580_P2	PN7_SID661	50777975	56958683	0
bc1_only	Zx.0580_P2	PN7_SID661	56958692	60528954	1
bc1_only	Zx.0580_P2	PN7_SID661	60529008	70612438	0
bc1_only	Zx.0580_P2	PN7_SID661	70616879	74105550	1
bc1_only	Zx.0580_P2	PN7_SID661	74310310	80580584	0
bc1_only	Zx.0580_P2	PN7_SID661	80582336	82183204	1
bc1_only	Zx.0580_P2	PN7_SID661	82183204	94763282	0
bc1_only	Zx.0580_P2	PN7_SID661	94763298	98042620	1
bc1_only	Zx.0580_P2	PN7_SID661	98042623	105919913	0
bc1_only	Zx.0580_P2	PN7_SID661	105922687	109828676	1
bc1_only	Zx.0580_P2	PN7_SID661	109829069	116538440	0
bc1_only	Zx.0580_P2	PN7_SID661	116538506	117252609	1
bc1_only	Zx.0580_P2	PN7_SID661	117404888	118813413	0
bc1_only	Zx.0580_P2	PN7_SID661	118813590	122635476	1
bc1_only	Zx.0580_P2	PN7_SID661	122635480	127268602	0
bc1_only	Zx.0580_P2	PN7_SID661	127268606	131926696	1
bc1_only	Zx.0580_P2	PN7_SID661	131926700	133530908	0
bc1_only	Zx.0580_P2	PN7_SID661	133557621	139573368	1
bc1_only	Zx.0580_P2	PN7_SID661	139573374	143107934	0
bc1_only	Zx.0580_P2	PN7_SID661	143110247	143590254	1
bc1_only	Zx.0580_P2	PN7_SID661	143590256	146063816	0
bc1_only	Zx.0580_P2	PN7_SID661	146066986	152347750	1
bc1_only	Zx.0580_P2	PN7_SID662	94547	3929171	2
bc1_only	Zx.0580_P2	PN7_SID662	3929177	3947014	1
bc1_only	Zx.0580_P2	PN7_SID662	3971180	12950738	2
bc1_only	Zx.0580_P2	PN7_SID662	13103434	16324960	1
bc1_only	Zx.0580_P2	PN7_SID662	16324975	31827764	2
bc1_only	Zx.0580_P2	PN7_SID662	31827775	34740486	1
bc1_only	Zx.0580_P2	PN7_SID662	34744941	39337030	2
bc1_only	Zx.0580_P2	PN7_SID662	39339185	39869763	1
bc1_only	Zx.0580_P2	PN7_SID662	40341882	144217583	2
bc1_only	Zx.0580_P2	PN7_SID662	144319828	148783441	0
bc1_only	Zx.0580_P2	PN7_SID662	148819314	149703440	1
bc1_only	Zx.0580_P2	PN7_SID662	149704326	152347750	0
bc1_only	Zx.0580_P2	PN7_SID663	137116	2020710	1
bc1_only	Zx.0580_P2	PN7_SID663	2020724	2709179	2
bc1_only	Zx.0580_P2	PN7_SID663	2709206	3942647	1
bc1_only	Zx.0580_P2	PN7_SID663	3942852	13585565	2
bc1_only	Zx.0580_P2	PN7_SID663	13893097	19533034	1
bc1_only	Zx.0580_P2	PN7_SID663	19542729	28361540	2
bc1_only	Zx.0580_P2	PN7_SID663	28361541	36717340	1
bc1_only	Zx.0580_P2	PN7_SID663	36830118	39339216	2
bc1_only	Zx.0580_P2	PN7_SID663	39339522	40703445	0
bc1_only	Zx.0580_P2	PN7_SID663	40707702	54555801	1
bc1_only	Zx.0580_P2	PN7_SID663	54556882	55877504	2
bc1_only	Zx.0580_P2	PN7_SID663	55884578	64638755	1
bc1_only	Zx.0580_P2	PN7_SID663	64638970	69112213	2
bc1_only	Zx.0580_P2	PN7_SID663	69132684	73174599	1
bc1_only	Zx.0580_P2	PN7_SID663	73643998	80073262	2
bc1_only	Zx.0580_P2	PN7_SID663	80073273	80099610	1
bc1_only	Zx.0580_P2	PN7_SID663	80099636	84714727	2
bc1_only	Zx.0580_P2	PN7_SID663	84750016	143616087	0
bc1_only	Zx.0580_P2	PN7_SID663	143616134	146068494	1
bc1_only	Zx.0580_P2	PN7_SID663	146089539	152347750	0
bc1_only	Zx.0580_P2	PN7_SID664	94547	2708840	0
bc1_only	Zx.0580_P2	PN7_SID664	2708847	3335514	1
bc1_only	Zx.0580_P2	PN7_SID664	3397067	4046525	0
bc1_only	Zx.0580_P2	PN7_SID664	4048825	9822087	1
bc1_only	Zx.0580_P2	PN7_SID664	9822088	17491126	0
bc1_only	Zx.0580_P2	PN7_SID664	17491127	20169817	1
bc1_only	Zx.0580_P2	PN7_SID664	20355389	25379463	0
bc1_only	Zx.0580_P2	PN7_SID664	25379487	25920111	1
bc1_only	Zx.0580_P2	PN7_SID664	25937697	39865878	0
bc1_only	Zx.0580_P2	PN7_SID664	39865924	49426271	1
bc1_only	Zx.0580_P2	PN7_SID664	49426965	64767796	0
bc1_only	Zx.0580_P2	PN7_SID664	64767808	72616107	1
bc1_only	Zx.0580_P2	PN7_SID664	72745462	107081173	0
bc1_only	Zx.0580_P2	PN7_SID664	107081221	109829099	1
bc1_only	Zx.0580_P2	PN7_SID664	109843005	115127678	0
bc1_only	Zx.0580_P2	PN7_SID664	115128966	139573368	2
bc1_only	Zx.0580_P2	PN7_SID664	139573374	141594622	1
bc1_only	Zx.0580_P2	PN7_SID664	141594648	142950809	0
bc1_only	Zx.0580_P2	PN7_SID664	143110247	146344113	1
bc1_only	Zx.0580_P2	PN7_SID664	146344267	149700299	0
bc1_only	Zx.0580_P2	PN7_SID664	149700353	150972991	1
bc1_only	Zx.0580_P2	PN7_SID664	150974091	152347750	0
bc1_only	Zx.0580_P2	PN7_SID665	108836	1591587	1
bc1_only	Zx.0580_P2	PN7_SID665	1614881	2712793	0
bc1_only	Zx.0580_P2	PN7_SID665	2712881	3873982	1
bc1_only	Zx.0580_P2	PN7_SID665	3926335	8168942	0
bc1_only	Zx.0580_P2	PN7_SID665	8404853	9822415	1
bc1_only	Zx.0580_P2	PN7_SID665	9843169	17491128	0
bc1_only	Zx.0580_P2	PN7_SID665	17491147	20169708	1
bc1_only	Zx.0580_P2	PN7_SID665	20169755	26861650	0
bc1_only	Zx.0580_P2	PN7_SID665	26881408	26888445	1
bc1_only	Zx.0580_P2	PN7_SID665	26889325	35466776	0
bc1_only	Zx.0580_P2	PN7_SID665	35466788	36372234	2
bc1_only	Zx.0580_P2	PN7_SID665	36372240	39865579	0
bc1_only	Zx.0580_P2	PN7_SID665	39865652	45945314	1
bc1_only	Zx.0580_P2	PN7_SID665	45945499	51788717	0
bc1_only	Zx.0580_P2	PN7_SID665	51788722	53693396	1
bc1_only	Zx.0580_P2	PN7_SID665	53695006	65545027	0
bc1_only	Zx.0580_P2	PN7_SID665	65546184	70180990	1
bc1_only	Zx.0580_P2	PN7_SID665	70219412	76021587	0
bc1_only	Zx.0580_P2	PN7_SID665	76021619	76022500	1
bc1_only	Zx.0580_P2	PN7_SID665	76022518	80580523	0
bc1_only	Zx.0580_P2	PN7_SID665	80582379	81758313	1
bc1_only	Zx.0580_P2	PN7_SID665	81761916	82178179	0
bc1_only	Zx.0580_P2	PN7_SID665	82178194	82180459	1
bc1_only	Zx.0580_P2	PN7_SID665	82180464	109224753	0
bc1_only	Zx.0580_P2	PN7_SID665	109224780	111354683	1
bc1_only	Zx.0580_P2	PN7_SID665	111354708	115048142	0
bc1_only	Zx.0580_P2	PN7_SID665	115048144	117036923	1
bc1_only	Zx.0580_P2	PN7_SID665	117058765	127629438	0
bc1_only	Zx.0580_P2	PN7_SID665	127629452	135117976	1
bc1_only	Zx.0580_P2	PN7_SID665	135117983	144319836	2
bc1_only	Zx.0580_P2	PN7_SID665	144432064	146344059	0
bc1_only	Zx.0580_P2	PN7_SID665	146344106	148028645	1
bc1_only	Zx.0580_P2	PN7_SID665	148253049	149700299	0
bc1_only	Zx.0580_P2	PN7_SID665	149700353	152347750	1
bc1_only	Zx.0580_P2	PN7_SID666	108836	9822053	0
bc1_only	Zx.0580_P2	PN7_SID666	9822067	13103373	1
bc1_only	Zx.0580_P2	PN7_SID666	13103434	16291145	0
bc1_only	Zx.0580_P2	PN7_SID666	16324230	23346161	1
bc1_only	Zx.0580_P2	PN7_SID666	23422468	30276651	0
bc1_only	Zx.0580_P2	PN7_SID666	30356013	31516583	1
bc1_only	Zx.0580_P2	PN7_SID666	31516630	34707197	0
bc1_only	Zx.0580_P2	PN7_SID666	34707503	36373180	1
bc1_only	Zx.0580_P2	PN7_SID666	36373188	39865653	0
bc1_only	Zx.0580_P2	PN7_SID666	39865687	57665708	1
bc1_only	Zx.0580_P2	PN7_SID666	57753632	64769279	0
bc1_only	Zx.0580_P2	PN7_SID666	64769285	70533200	1
bc1_only	Zx.0580_P2	PN7_SID666	70610797	76021970	0
bc1_only	Zx.0580_P2	PN7_SID666	76022051	76133864	1
bc1_only	Zx.0580_P2	PN7_SID666	76133889	82178263	0
bc1_only	Zx.0580_P2	PN7_SID666	82178274	82178757	1
bc1_only	Zx.0580_P2	PN7_SID666	82178795	89942269	0
bc1_only	Zx.0580_P2	PN7_SID666	89950699	89950896	1
bc1_only	Zx.0580_P2	PN7_SID666	89950952	106500002	0
bc1_only	Zx.0580_P2	PN7_SID666	106596227	109224801	1
bc1_only	Zx.0580_P2	PN7_SID666	109242665	115550604	0
bc1_only	Zx.0580_P2	PN7_SID666	115550626	118813326	1
bc1_only	Zx.0580_P2	PN7_SID666	118813338	118814073	2
bc1_only	Zx.0580_P2	PN7_SID666	118814073	133530908	0
bc1_only	Zx.0580_P2	PN7_SID666	133557621	137136014	1
bc1_only	Zx.0580_P2	PN7_SID666	137136194	141421962	0
bc1_only	Zx.0580_P2	PN7_SID666	141421967	144077204	1
bc1_only	Zx.0580_P2	PN7_SID666	144140715	148927513	0
bc1_only	Zx.0580_P2	PN7_SID666	148962181	149700487	1
bc1_only	Zx.0580_P2	PN7_SID666	149703248	152283613	0
bc1_only	Zx.0580_P2	PN7_SID667	267653	2704741	1
bc1_only	Zx.0580_P2	PN7_SID667	2704749	2707531	2
bc1_only	Zx.0580_P2	PN7_SID667	2707536	2938547	1
bc1_only	Zx.0580_P2	PN7_SID667	2985531	16324113	0
bc1_only	Zx.0580_P2	PN7_SID667	16324230	17491499	1
bc1_only	Zx.0580_P2	PN7_SID667	17507986	34706086	0
bc1_only	Zx.0580_P2	PN7_SID667	34706098	35467164	1
bc1_only	Zx.0580_P2	PN7_SID667	35467177	39865878	0
bc1_only	Zx.0580_P2	PN7_SID667	39865924	42438926	1
bc1_only	Zx.0580_P2	PN7_SID667	42438948	57159697	0
bc1_only	Zx.0580_P2	PN7_SID667	57159706	58739955	1
bc1_only	Zx.0580_P2	PN7_SID667	58739993	132872407	0
bc1_only	Zx.0580_P2	PN7_SID667	132872445	133530908	1
bc1_only	Zx.0580_P2	PN7_SID667	133557621	143589616	0
bc1_only	Zx.0580_P2	PN7_SID667	143589770	143590254	1
bc1_only	Zx.0580_P2	PN7_SID667	143590256	149700355	0
bc1_only	Zx.0580_P2	PN7_SID667	149700362	150452403	1
bc1_only	Zx.0580_P2	PN7_SID667	150452406	152205438	0
bc1_only	Zx.0580_P2	PN7_SID668	108836	16176930	0
bc1_only	Zx.0580_P2	PN7_SID668	16289414	16325158	2
bc1_only	Zx.0580_P2	PN7_SID668	16331092	68140426	0
bc1_only	Zx.0580_P2	PN7_SID668	68169104	68169378	1
bc1_only	Zx.0580_P2	PN7_SID668	68267851	152203396	0
bc1_only	Zx.0580_P2	PN7_SID669	137116	2705207	0
bc1_only	Zx.0580_P2	PN7_SID669	2705209	3885103	1
bc1_only	Zx.0580_P2	PN7_SID669	3925345	5015399	0
bc1_only	Zx.0580_P2	PN7_SID669	5015419	9822215	1
bc1_only	Zx.0580_P2	PN7_SID669	9843130	13103282	0
bc1_only	Zx.0580_P2	PN7_SID669	13103282	16173934	1
bc1_only	Zx.0580_P2	PN7_SID669	16289705	16324719	2
bc1_only	Zx.0580_P2	PN7_SID669	16324720	22289919	1
bc1_only	Zx.0580_P2	PN7_SID669	22289919	23346965	2
bc1_only	Zx.0580_P2	PN7_SID669	23424813	39208750	0
bc1_only	Zx.0580_P2	PN7_SID669	39208761	40364766	1
bc1_only	Zx.0580_P2	PN7_SID669	40400162	60525462	0
bc1_only	Zx.0580_P2	PN7_SID669	60526267	60529064	1
bc1_only	Zx.0580_P2	PN7_SID669	60895626	68881262	0
bc1_only	Zx.0580_P2	PN7_SID669	68881290	70619558	1
bc1_only	Zx.0580_P2	PN7_SID669	70619630	94262665	0
bc1_only	Zx.0580_P2	PN7_SID669	94666850	95960549	1
bc1_only	Zx.0580_P2	PN7_SID669	95960607	106499382	0
bc1_only	Zx.0580_P2	PN7_SID669	106499469	110884754	1
bc1_only	Zx.0580_P2	PN7_SID669	110893627	119447743	0
bc1_only	Zx.0580_P2	PN7_SID669	119447762	122503235	1
bc1_only	Zx.0580_P2	PN7_SID669	122503247	126186413	0
bc1_only	Zx.0580_P2	PN7_SID669	126186421	131070375	1
bc1_only	Zx.0580_P2	PN7_SID669	131070382	132790380	0
bc1_only	Zx.0580_P2	PN7_SID669	132790660	140008418	1
bc1_only	Zx.0580_P2	PN7_SID669	140008455	143590099	0
bc1_only	Zx.0580_P2	PN7_SID669	143590131	144077070	1
bc1_only	Zx.0580_P2	PN7_SID669	144077203	152205438	0
bc1_only	Zx.0580_P2	PN7_SID670	108836	3067234	0
bc1_only	Zx.0580_P2	PN7_SID670	3067284	3925460	1
bc1_only	Zx.0580_P2	PN7_SID670	3926335	7273930	0
bc1_only	Zx.0580_P2	PN7_SID670	7398830	8671897	1
bc1_only	Zx.0580_P2	PN7_SID670	8964955	13093779	0
bc1_only	Zx.0580_P2	PN7_SID670	13093803	13103555	1
bc1_only	Zx.0580_P2	PN7_SID670	13103558	19127506	0
bc1_only	Zx.0580_P2	PN7_SID670	19127971	20614447	1
bc1_only	Zx.0580_P2	PN7_SID670	20614763	38424354	0
bc1_only	Zx.0580_P2	PN7_SID670	38426951	39869074	1
bc1_only	Zx.0580_P2	PN7_SID670	39869089	80121449	0
bc1_only	Zx.0580_P2	PN7_SID670	80126609	80131360	1
bc1_only	Zx.0580_P2	PN7_SID670	80170309	82178179	0
bc1_only	Zx.0580_P2	PN7_SID670	82178194	82179745	1
bc1_only	Zx.0580_P2	PN7_SID670	82179771	107311559	0
bc1_only	Zx.0580_P2	PN7_SID670	107355518	110893878	1
bc1_only	Zx.0580_P2	PN7_SID670	111236144	114781898	0
bc1_only	Zx.0580_P2	PN7_SID670	114815056	118254303	1
bc1_only	Zx.0580_P2	PN7_SID670	118255484	119430126	0
bc1_only	Zx.0580_P2	PN7_SID670	119438480	120647435	1
bc1_only	Zx.0580_P2	PN7_SID670	120771907	132931304	0
bc1_only	Zx.0580_P2	PN7_SID670	132931338	136686348	1
bc1_only	Zx.0580_P2	PN7_SID670	136686350	143590341	0
bc1_only	Zx.0580_P2	PN7_SID670	143616134	144697440	1
bc1_only	Zx.0580_P2	PN7_SID670	144697471	146063816	0
bc1_only	Zx.0580_P2	PN7_SID670	146067274	147959839	1
bc1_only	Zx.0580_P2	PN7_SID670	147977154	152205438	0
bc1_only	Zx.0580_P2	PN7_SID671	94547	3874110	0
bc1_only	Zx.0580_P2	PN7_SID671	3884836	3922401	1
bc1_only	Zx.0580_P2	PN7_SID671	3927070	56136989	0
bc1_only	Zx.0580_P2	PN7_SID671	56312633	56312880	1
bc1_only	Zx.0580_P2	PN7_SID671	56312888	68140426	0
bc1_only	Zx.0580_P2	PN7_SID671	68169318	70613336	1
bc1_only	Zx.0580_P2	PN7_SID671	70616879	82169412	0
bc1_only	Zx.0580_P2	PN7_SID671	82178164	82182950	1
bc1_only	Zx.0580_P2	PN7_SID671	82237794	89774152	0
bc1_only	Zx.0580_P2	PN7_SID671	89775581	89951446	1
bc1_only	Zx.0580_P2	PN7_SID671	89951706	108597822	0
bc1_only	Zx.0580_P2	PN7_SID671	108597873	109829099	1
bc1_only	Zx.0580_P2	PN7_SID671	109855929	119376032	0
bc1_only	Zx.0580_P2	PN7_SID671	119376039	120275775	1
bc1_only	Zx.0580_P2	PN7_SID671	120275786	132824328	0
bc1_only	Zx.0580_P2	PN7_SID671	132824398	134494578	1
bc1_only	Zx.0580_P2	PN7_SID671	134529423	145716000	0
bc1_only	Zx.0580_P2	PN7_SID671	145833602	146089711	1
bc1_only	Zx.0580_P2	PN7_SID671	146272402	152205438	0
bc1_only	Zx.0580_P2	PN7_SID672	94547	1620642	1
bc1_only	Zx.0580_P2	PN7_SID672	1620679	2929520	0
bc1_only	Zx.0580_P2	PN7_SID672	2938498	3851588	1
bc1_only	Zx.0580_P2	PN7_SID672	3852057	9821978	0
bc1_only	Zx.0580_P2	PN7_SID672	9821999	9945109	1
bc1_only	Zx.0580_P2	PN7_SID672	9945113	15276088	0
bc1_only	Zx.0580_P2	PN7_SID672	15276528	20169817	1
bc1_only	Zx.0580_P2	PN7_SID672	20343450	26887337	0
bc1_only	Zx.0580_P2	PN7_SID672	26887345	36830119	1
bc1_only	Zx.0580_P2	PN7_SID672	36830169	38929349	0
bc1_only	Zx.0580_P2	PN7_SID672	38929362	42441483	1
bc1_only	Zx.0580_P2	PN7_SID672	42441507	57480778	0
bc1_only	Zx.0580_P2	PN7_SID672	57480810	58271837	1
bc1_only	Zx.0580_P2	PN7_SID672	58271881	68834587	0
bc1_only	Zx.0580_P2	PN7_SID672	68834606	70814278	1
bc1_only	Zx.0580_P2	PN7_SID672	70814437	75387339	0
bc1_only	Zx.0580_P2	PN7_SID672	75387340	76023718	1
bc1_only	Zx.0580_P2	PN7_SID672	76064922	82178179	0
bc1_only	Zx.0580_P2	PN7_SID672	82178194	82179990	1
bc1_only	Zx.0580_P2	PN7_SID672	82180067	94763282	0
bc1_only	Zx.0580_P2	PN7_SID672	94763298	96514644	1
bc1_only	Zx.0580_P2	PN7_SID672	96514659	108597822	0
bc1_only	Zx.0580_P2	PN7_SID672	108597873	112932691	1
bc1_only	Zx.0580_P2	PN7_SID672	112973756	114914366	0
bc1_only	Zx.0580_P2	PN7_SID672	114916240	117252609	1
bc1_only	Zx.0580_P2	PN7_SID672	117375894	119796380	0
bc1_only	Zx.0580_P2	PN7_SID672	119797158	123556953	1
bc1_only	Zx.0580_P2	PN7_SID672	123567961	126037021	0
bc1_only	Zx.0580_P2	PN7_SID672	126113449	127268548	1
bc1_only	Zx.0580_P2	PN7_SID672	127268601	128390638	0
bc1_only	Zx.0580_P2	PN7_SID672	128390662	131070375	1
bc1_only	Zx.0580_P2	PN7_SID672	131070382	132823994	0
bc1_only	Zx.0580_P2	PN7_SID672	132824153	135117650	1
bc1_only	Zx.0580_P2	PN7_SID672	135117661	143584938	0
bc1_only	Zx.0580_P2	PN7_SID672	143590098	144819166	1
bc1_only	Zx.0580_P2	PN7_SID672	144819439	145840189	0
bc1_only	Zx.0580_P2	PN7_SID672	145840727	147850901	1
bc1_only	Zx.0580_P2	PN7_SID672	147851038	150972916	0
bc1_only	Zx.0580_P2	PN7_SID672	150972963	152283613	1
bc1_only	Zx.0580_P2	PN8_SID673	108836	15348040	0
bc1_only	Zx.0580_P2	PN8_SID673	15348043	16324405	1
bc1_only	Zx.0580_P2	PN8_SID673	16324405	82178179	0
bc1_only	Zx.0580_P2	PN8_SID673	82178194	82178635	1
bc1_only	Zx.0580_P2	PN8_SID673	82178676	109829070	0
bc1_only	Zx.0580_P2	PN8_SID673	109829078	109859911	1
bc1_only	Zx.0580_P2	PN8_SID673	109859912	116891214	0
bc1_only	Zx.0580_P2	PN8_SID673	117013654	118427994	1
bc1_only	Zx.0580_P2	PN8_SID673	118427994	127918452	0
bc1_only	Zx.0580_P2	PN8_SID673	127918463	132934363	1
bc1_only	Zx.0580_P2	PN8_SID673	132934448	152283613	0
bc1_only	Zx.0580_P2	PN8_SID674	94547	3319365	0
bc1_only	Zx.0580_P2	PN8_SID674	3322336	3926447	1
bc1_only	Zx.0580_P2	PN8_SID674	3926985	4047166	0
bc1_only	Zx.0580_P2	PN8_SID674	4047169	4047260	1
bc1_only	Zx.0580_P2	PN8_SID674	4047275	13103282	0
bc1_only	Zx.0580_P2	PN8_SID674	13103282	13103555	1
bc1_only	Zx.0580_P2	PN8_SID674	13103558	33803510	0
bc1_only	Zx.0580_P2	PN8_SID674	33803510	36725677	1
bc1_only	Zx.0580_P2	PN8_SID674	36951509	38725810	0
bc1_only	Zx.0580_P2	PN8_SID674	38927961	50596213	1
bc1_only	Zx.0580_P2	PN8_SID674	50596581	56959164	0
bc1_only	Zx.0580_P2	PN8_SID674	57159696	60529064	1
bc1_only	Zx.0580_P2	PN8_SID674	60529130	67858266	0
bc1_only	Zx.0580_P2	PN8_SID674	67867233	68881745	1
bc1_only	Zx.0580_P2	PN8_SID674	68889523	73084198	0
bc1_only	Zx.0580_P2	PN8_SID674	73174481	78823493	1
bc1_only	Zx.0580_P2	PN8_SID674	78848685	82180745	0
bc1_only	Zx.0580_P2	PN8_SID674	82181296	83748466	1
bc1_only	Zx.0580_P2	PN8_SID674	83879372	89950760	0
bc1_only	Zx.0580_P2	PN8_SID674	89950767	92043841	1
bc1_only	Zx.0580_P2	PN8_SID674	92043850	115046371	0
bc1_only	Zx.0580_P2	PN8_SID674	115128966	116837872	1
bc1_only	Zx.0580_P2	PN8_SID674	116844552	139758516	0
bc1_only	Zx.0580_P2	PN8_SID674	139758523	141594649	1
bc1_only	Zx.0580_P2	PN8_SID674	141594721	144694855	0
bc1_only	Zx.0580_P2	PN8_SID674	144694862	148819640	1
bc1_only	Zx.0580_P2	PN8_SID674	148819747	149494937	0
bc1_only	Zx.0580_P2	PN8_SID674	149578641	150452179	1
bc1_only	Zx.0580_P2	PN8_SID674	150453240	152283613	0
bc1_only	Zx.0580_P2	PN8_SID675	108836	2712141	0
bc1_only	Zx.0580_P2	PN8_SID675	2712142	3926447	1
bc1_only	Zx.0580_P2	PN8_SID675	3926502	16324282	0
bc1_only	Zx.0580_P2	PN8_SID675	16324290	16324697	1
bc1_only	Zx.0580_P2	PN8_SID675	16324697	30652345	0
bc1_only	Zx.0580_P2	PN8_SID675	30653616	34707504	1
bc1_only	Zx.0580_P2	PN8_SID675	34740470	39275796	0
bc1_only	Zx.0580_P2	PN8_SID675	39421151	40340441	2
bc1_only	Zx.0580_P2	PN8_SID675	40340469	50595647	1
bc1_only	Zx.0580_P2	PN8_SID675	50596212	60528836	0
bc1_only	Zx.0580_P2	PN8_SID675	60528845	67867293	1
bc1_only	Zx.0580_P2	PN8_SID675	67983354	82169412	0
bc1_only	Zx.0580_P2	PN8_SID675	82178164	83748174	1
bc1_only	Zx.0580_P2	PN8_SID675	83748465	89933920	0
bc1_only	Zx.0580_P2	PN8_SID675	89950600	89951910	1
bc1_only	Zx.0580_P2	PN8_SID675	89951949	101984732	0
bc1_only	Zx.0580_P2	PN8_SID675	101984737	102224231	1
bc1_only	Zx.0580_P2	PN8_SID675	102224249	115759607	0
bc1_only	Zx.0580_P2	PN8_SID675	115759614	116837872	1
bc1_only	Zx.0580_P2	PN8_SID675	116872764	130138082	0
bc1_only	Zx.0580_P2	PN8_SID675	130138090	131497246	1
bc1_only	Zx.0580_P2	PN8_SID675	131512183	142943586	0
bc1_only	Zx.0580_P2	PN8_SID675	142943621	143118903	1
bc1_only	Zx.0580_P2	PN8_SID675	143162038	146089425	0
bc1_only	Zx.0580_P2	PN8_SID675	146310441	149734287	1
bc1_only	Zx.0580_P2	PN8_SID675	149838603	152205438	0
bc1_only	Zx.0580_P2	PN8_SID676	94547	122561137	0
bc1_only	Zx.0580_P2	PN8_SID676	122561166	122635822	1
bc1_only	Zx.0580_P2	PN8_SID676	122647645	131069491	0
bc1_only	Zx.0580_P2	PN8_SID676	131070374	132934319	1
bc1_only	Zx.0580_P2	PN8_SID676	132942946	152203396	0
bc1_only	Zx.0580_P2	PN8_SID677	137116	2924285	0
bc1_only	Zx.0580_P2	PN8_SID677	2925067	3335514	1
bc1_only	Zx.0580_P2	PN8_SID677	3540236	8619771	0
bc1_only	Zx.0580_P2	PN8_SID677	8671297	9822202	1
bc1_only	Zx.0580_P2	PN8_SID677	9822323	16176930	0
bc1_only	Zx.0580_P2	PN8_SID677	16289662	16379077	1
bc1_only	Zx.0580_P2	PN8_SID677	16388368	33803496	0
bc1_only	Zx.0580_P2	PN8_SID677	33803509	35612207	1
bc1_only	Zx.0580_P2	PN8_SID677	35612215	125664984	0
bc1_only	Zx.0580_P2	PN8_SID677	125754284	127630345	1
bc1_only	Zx.0580_P2	PN8_SID677	127799676	131031040	0
bc1_only	Zx.0580_P2	PN8_SID677	131070492	132872521	1
bc1_only	Zx.0580_P2	PN8_SID677	132886228	141526642	0
bc1_only	Zx.0580_P2	PN8_SID677	141594172	142019135	1
bc1_only	Zx.0580_P2	PN8_SID677	142094963	150790477	2
bc1_only	Zx.0580_P2	PN8_SID677	150808461	152283613	1
bc1_only	Zx.0580_P2	PN8_SID679	94547	2638487	1
bc1_only	Zx.0580_P2	PN8_SID679	2638508	2708156	0
bc1_only	Zx.0580_P2	PN8_SID679	2708157	2712448	1
bc1_only	Zx.0580_P2	PN8_SID679	2714189	16176930	0
bc1_only	Zx.0580_P2	PN8_SID679	16289947	16913768	1
bc1_only	Zx.0580_P2	PN8_SID679	16913798	31817902	0
bc1_only	Zx.0580_P2	PN8_SID679	31817950	36830119	1
bc1_only	Zx.0580_P2	PN8_SID679	36830169	57665700	0
bc1_only	Zx.0580_P2	PN8_SID679	57665707	60528954	1
bc1_only	Zx.0580_P2	PN8_SID679	60529008	80126636	0
bc1_only	Zx.0580_P2	PN8_SID679	80131105	80638921	1
bc1_only	Zx.0580_P2	PN8_SID679	80693206	87546687	0
bc1_only	Zx.0580_P2	PN8_SID679	87666702	89951696	1
bc1_only	Zx.0580_P2	PN8_SID679	89951706	95960228	0
bc1_only	Zx.0580_P2	PN8_SID679	95960228	96119476	1
bc1_only	Zx.0580_P2	PN8_SID679	96176550	118812559	0
bc1_only	Zx.0580_P2	PN8_SID679	118813088	118814073	2
bc1_only	Zx.0580_P2	PN8_SID679	118814073	121695701	0
bc1_only	Zx.0580_P2	PN8_SID679	121696360	122637078	1
bc1_only	Zx.0580_P2	PN8_SID679	122637079	127268602	0
bc1_only	Zx.0580_P2	PN8_SID679	127268606	132872500	1
bc1_only	Zx.0580_P2	PN8_SID679	132876532	139347187	0
bc1_only	Zx.0580_P2	PN8_SID679	139347196	143854765	1
bc1_only	Zx.0580_P2	PN8_SID679	143867548	145098546	0
bc1_only	Zx.0580_P2	PN8_SID679	145099182	146903434	2
bc1_only	Zx.0580_P2	PN8_SID679	146905840	148965316	1
bc1_only	Zx.0580_P2	PN8_SID679	148965615	152283613	2
bc1_only	Zx.0580_P2	PN8_SID680	108836	2707852	1
bc1_only	Zx.0580_P2	PN8_SID680	2707860	31780567	0
bc1_only	Zx.0580_P2	PN8_SID680	31817950	31818385	1
bc1_only	Zx.0580_P2	PN8_SID680	31826190	41977078	0
bc1_only	Zx.0580_P2	PN8_SID680	41980104	47826527	1
bc1_only	Zx.0580_P2	PN8_SID680	48010710	56136989	0
bc1_only	Zx.0580_P2	PN8_SID680	56312633	61000256	1
bc1_only	Zx.0580_P2	PN8_SID680	61162758	89942269	0
bc1_only	Zx.0580_P2	PN8_SID680	89950600	89951675	1
bc1_only	Zx.0580_P2	PN8_SID680	89951689	107594050	0
bc1_only	Zx.0580_P2	PN8_SID680	107594156	107594649	1
bc1_only	Zx.0580_P2	PN8_SID680	107856360	141076749	0
bc1_only	Zx.0580_P2	PN8_SID680	141076781	141422033	1
bc1_only	Zx.0580_P2	PN8_SID680	141576410	144697124	0
bc1_only	Zx.0580_P2	PN8_SID680	144697124	148028395	2
bc1_only	Zx.0580_P2	PN8_SID680	148028563	152205438	1
