source	donor	name	chr	start_bp	end_bp	state
RTIGER_SNP50K	Zx.0090	PN3_SID278	1	29860	2997981	0
RTIGER_SNP50K	Zx.0090	PN3_SID278	1	3287325	9099748	1
RTIGER_SNP50K	Zx.0090	PN3_SID278	1	9340689	9412008	2
RTIGER_SNP50K	Zx.0090	PN3_SID278	1	9541641	14952443	1
RTIGER_SNP50K	Zx.0090	PN3_SID278	1	15403370	308330525	0
RTIGER_SNP50K	Zx.0090	PN3_SID278	2	175074	6407960	0
RTIGER_SNP50K	Zx.0090	PN3_SID278	2	6420961	6674518	2
RTIGER_SNP50K	Zx.0090	PN3_SID278	2	6744729	13847167	1
RTIGER_SNP50K	Zx.0090	PN3_SID278	2	13883976	34263066	0
RTIGER_SNP50K	Zx.0090	PN3_SID278	2	34745464	49035101	1
RTIGER_SNP50K	Zx.0090	PN3_SID278	2	49035166	49854373	2
RTIGER_SNP50K	Zx.0090	PN3_SID278	2	50135913	55147543	1
RTIGER_SNP50K	Zx.0090	PN3_SID278	2	55514642	55719621	2
RTIGER_SNP50K	Zx.0090	PN3_SID278	2	55756720	66161643	1
RTIGER_SNP50K	Zx.0090	PN3_SID278	2	66602852	68698582	2
RTIGER_SNP50K	Zx.0090	PN3_SID278	2	68912482	73077509	1
RTIGER_SNP50K	Zx.0090	PN3_SID278	2	73460444	73867814	2
RTIGER_SNP50K	Zx.0090	PN3_SID278	2	73868973	82638671	1
RTIGER_SNP50K	Zx.0090	PN3_SID278	2	82641333	82719369	2
RTIGER_SNP50K	Zx.0090	PN3_SID278	2	82772700	86216277	1
RTIGER_SNP50K	Zx.0090	PN3_SID278	2	86228143	86363229	2
RTIGER_SNP50K	Zx.0090	PN3_SID278	2	86810120	87361498	1
RTIGER_SNP50K	Zx.0090	PN3_SID278	2	87615825	87995206	2
RTIGER_SNP50K	Zx.0090	PN3_SID278	2	88042548	92118688	1
RTIGER_SNP50K	Zx.0090	PN3_SID278	2	92614083	92975962	2
RTIGER_SNP50K	Zx.0090	PN3_SID278	2	93008282	100045471	1
RTIGER_SNP50K	Zx.0090	PN3_SID278	2	100067707	101600797	2
RTIGER_SNP50K	Zx.0090	PN3_SID278	2	101602483	108505554	1
RTIGER_SNP50K	Zx.0090	PN3_SID278	2	108696897	108801672	2
RTIGER_SNP50K	Zx.0090	PN3_SID278	2	108842461	112037054	1
RTIGER_SNP50K	Zx.0090	PN3_SID278	2	112208130	112481946	2
RTIGER_SNP50K	Zx.0090	PN3_SID278	2	112482777	119545499	1
RTIGER_SNP50K	Zx.0090	PN3_SID278	2	119575684	120621324	2
RTIGER_SNP50K	Zx.0090	PN3_SID278	2	120811952	122532120	1
RTIGER_SNP50K	Zx.0090	PN3_SID278	2	122534247	122863823	2
RTIGER_SNP50K	Zx.0090	PN3_SID278	2	122877293	125372368	1
RTIGER_SNP50K	Zx.0090	PN3_SID278	2	125615650	126194352	2
RTIGER_SNP50K	Zx.0090	PN3_SID278	2	126233274	128060731	1
RTIGER_SNP50K	Zx.0090	PN3_SID278	2	128191270	128697264	2
RTIGER_SNP50K	Zx.0090	PN3_SID278	2	128697276	140386541	1
RTIGER_SNP50K	Zx.0090	PN3_SID278	2	140476025	141749457	2
RTIGER_SNP50K	Zx.0090	PN3_SID278	2	141916974	149103208	1
RTIGER_SNP50K	Zx.0090	PN3_SID278	2	149134883	150938272	2
RTIGER_SNP50K	Zx.0090	PN3_SID278	2	151361963	151980879	1
RTIGER_SNP50K	Zx.0090	PN3_SID278	2	152157666	222889795	0
RTIGER_SNP50K	Zx.0090	PN3_SID278	2	223028824	238705039	1
RTIGER_SNP50K	Zx.0090	PN3_SID278	2	238723615	238743406	2
RTIGER_SNP50K	Zx.0090	PN3_SID278	2	238759512	243347090	1
RTIGER_SNP50K	Zx.0090	PN3_SID278	3	1057368	10043941	0
RTIGER_SNP50K	Zx.0090	PN3_SID278	3	10219252	16597834	1
RTIGER_SNP50K	Zx.0090	PN3_SID278	3	16995541	217824405	0
RTIGER_SNP50K	Zx.0090	PN3_SID278	3	217923987	222447775	1
RTIGER_SNP50K	Zx.0090	PN3_SID278	3	222577566	236941170	0
RTIGER_SNP50K	Zx.0090	PN3_SID278	4	514639	192316143	0
RTIGER_SNP50K	Zx.0090	PN3_SID278	4	192448686	193391706	2
RTIGER_SNP50K	Zx.0090	PN3_SID278	4	193444397	194006998	1
RTIGER_SNP50K	Zx.0090	PN3_SID278	4	194221834	194534868	2
RTIGER_SNP50K	Zx.0090	PN3_SID278	4	194548699	211121585	1
RTIGER_SNP50K	Zx.0090	PN3_SID278	4	211226716	211303203	2
RTIGER_SNP50K	Zx.0090	PN3_SID278	4	211457350	217059505	1
RTIGER_SNP50K	Zx.0090	PN3_SID278	4	217609812	218661714	2
RTIGER_SNP50K	Zx.0090	PN3_SID278	4	218811042	223463222	1
RTIGER_SNP50K	Zx.0090	PN3_SID278	4	223689849	224167589	2
RTIGER_SNP50K	Zx.0090	PN3_SID278	4	224744295	225365444	1
RTIGER_SNP50K	Zx.0090	PN3_SID278	4	225463531	227750136	2
RTIGER_SNP50K	Zx.0090	PN3_SID278	4	227803611	228129500	1
RTIGER_SNP50K	Zx.0090	PN3_SID278	4	228463464	230392805	2
RTIGER_SNP50K	Zx.0090	PN3_SID278	4	230435364	233837235	1
RTIGER_SNP50K	Zx.0090	PN3_SID278	4	233954331	234559786	2
RTIGER_SNP50K	Zx.0090	PN3_SID278	4	234647095	238969530	1
RTIGER_SNP50K	Zx.0090	PN3_SID278	4	239156246	239986039	2
RTIGER_SNP50K	Zx.0090	PN3_SID278	4	240228753	249801221	1
RTIGER_SNP50K	Zx.0090	PN3_SID278	5	362844	226156269	0
RTIGER_SNP50K	Zx.0090	PN3_SID278	6	5677854	181203668	0
RTIGER_SNP50K	Zx.0090	PN3_SID278	7	83761	136783391	0
RTIGER_SNP50K	Zx.0090	PN3_SID278	7	136884189	138704722	2
RTIGER_SNP50K	Zx.0090	PN3_SID278	7	139151069	160360712	1
RTIGER_SNP50K	Zx.0090	PN3_SID278	7	160432734	161700247	2
RTIGER_SNP50K	Zx.0090	PN3_SID278	7	161810252	166022314	1
RTIGER_SNP50K	Zx.0090	PN3_SID278	7	166435354	167182241	2
RTIGER_SNP50K	Zx.0090	PN3_SID278	7	167182261	167994759	1
RTIGER_SNP50K	Zx.0090	PN3_SID278	7	167994760	167994780	2
RTIGER_SNP50K	Zx.0090	PN3_SID278	7	168318089	169389370	1
RTIGER_SNP50K	Zx.0090	PN3_SID278	7	169389900	169391178	2
RTIGER_SNP50K	Zx.0090	PN3_SID278	7	170024762	174987820	1
RTIGER_SNP50K	Zx.0090	PN3_SID278	7	175670853	183980739	0
RTIGER_SNP50K	Zx.0090	PN3_SID278	8	388196	2278886	2
RTIGER_SNP50K	Zx.0090	PN3_SID278	8	2683400	4946652	1
RTIGER_SNP50K	Zx.0090	PN3_SID278	8	5319678	6265062	2
RTIGER_SNP50K	Zx.0090	PN3_SID278	8	6417189	9252451	1
RTIGER_SNP50K	Zx.0090	PN3_SID278	8	9636407	11168290	2
RTIGER_SNP50K	Zx.0090	PN3_SID278	8	11383880	14773516	1
RTIGER_SNP50K	Zx.0090	PN3_SID278	8	16238129	17318011	2
RTIGER_SNP50K	Zx.0090	PN3_SID278	8	17803586	27321852	1
RTIGER_SNP50K	Zx.0090	PN3_SID278	8	28849176	28903669	2
RTIGER_SNP50K	Zx.0090	PN3_SID278	8	30037769	30037790	1
RTIGER_SNP50K	Zx.0090	PN3_SID278	8	30076988	33797589	2
RTIGER_SNP50K	Zx.0090	PN3_SID278	8	34042841	34839577	1
RTIGER_SNP50K	Zx.0090	PN3_SID278	8	34839994	35603273	2
RTIGER_SNP50K	Zx.0090	PN3_SID278	8	35626826	37000879	1
RTIGER_SNP50K	Zx.0090	PN3_SID278	8	37761026	38644515	2
RTIGER_SNP50K	Zx.0090	PN3_SID278	8	38644542	41008915	1
RTIGER_SNP50K	Zx.0090	PN3_SID278	8	41095622	41899433	2
RTIGER_SNP50K	Zx.0090	PN3_SID278	8	42117332	44358034	1
RTIGER_SNP50K	Zx.0090	PN3_SID278	8	44838364	46391997	2
RTIGER_SNP50K	Zx.0090	PN3_SID278	8	46544076	46899870	1
RTIGER_SNP50K	Zx.0090	PN3_SID278	8	47386935	48173710	2
RTIGER_SNP50K	Zx.0090	PN3_SID278	8	48583594	49851051	1
RTIGER_SNP50K	Zx.0090	PN3_SID278	8	50031241	50156258	2
RTIGER_SNP50K	Zx.0090	PN3_SID278	8	50164656	50997358	1
RTIGER_SNP50K	Zx.0090	PN3_SID278	8	51173335	53204278	2
RTIGER_SNP50K	Zx.0090	PN3_SID278	8	54180432	54971174	1
RTIGER_SNP50K	Zx.0090	PN3_SID278	8	55146084	56170165	2
RTIGER_SNP50K	Zx.0090	PN3_SID278	8	56364658	56905942	1
RTIGER_SNP50K	Zx.0090	PN3_SID278	8	57002055	57312229	2
RTIGER_SNP50K	Zx.0090	PN3_SID278	8	57417375	57654910	1
RTIGER_SNP50K	Zx.0090	PN3_SID278	8	57720306	58153468	2
RTIGER_SNP50K	Zx.0090	PN3_SID278	8	58332739	63908274	1
RTIGER_SNP50K	Zx.0090	PN3_SID278	8	64297139	69004738	2
RTIGER_SNP50K	Zx.0090	PN3_SID278	8	69992184	71792168	1
RTIGER_SNP50K	Zx.0090	PN3_SID278	8	71933102	72945234	2
RTIGER_SNP50K	Zx.0090	PN3_SID278	8	72948820	74090033	1
RTIGER_SNP50K	Zx.0090	PN3_SID278	8	74327140	76871853	2
RTIGER_SNP50K	Zx.0090	PN3_SID278	8	77167679	81319918	1
RTIGER_SNP50K	Zx.0090	PN3_SID278	8	81630511	81698658	2
RTIGER_SNP50K	Zx.0090	PN3_SID278	8	81885062	85166140	1
RTIGER_SNP50K	Zx.0090	PN3_SID278	8	85400024	88625364	2
RTIGER_SNP50K	Zx.0090	PN3_SID278	8	88684656	89468199	1
RTIGER_SNP50K	Zx.0090	PN3_SID278	8	89549870	90155300	2
RTIGER_SNP50K	Zx.0090	PN3_SID278	8	90158709	90774318	1
RTIGER_SNP50K	Zx.0090	PN3_SID278	8	91324057	94887512	2
RTIGER_SNP50K	Zx.0090	PN3_SID278	8	94958232	96111994	1
RTIGER_SNP50K	Zx.0090	PN3_SID278	8	96453737	98899768	2
RTIGER_SNP50K	Zx.0090	PN3_SID278	8	100419875	105574204	1
RTIGER_SNP50K	Zx.0090	PN3_SID278	8	105665449	106442139	2
RTIGER_SNP50K	Zx.0090	PN3_SID278	8	106443622	111719549	1
RTIGER_SNP50K	Zx.0090	PN3_SID278	8	112267105	115075406	2
RTIGER_SNP50K	Zx.0090	PN3_SID278	8	115170841	115760955	1
RTIGER_SNP50K	Zx.0090	PN3_SID278	8	115892849	117162638	2
RTIGER_SNP50K	Zx.0090	PN3_SID278	8	117267397	117860865	1
RTIGER_SNP50K	Zx.0090	PN3_SID278	8	118053033	118475032	2
RTIGER_SNP50K	Zx.0090	PN3_SID278	8	118489272	118629618	1
RTIGER_SNP50K	Zx.0090	PN3_SID278	8	118777126	119309586	2
RTIGER_SNP50K	Zx.0090	PN3_SID278	8	119338578	120530568	1
RTIGER_SNP50K	Zx.0090	PN3_SID278	8	120658991	120659331	2
RTIGER_SNP50K	Zx.0090	PN3_SID278	8	120779653	137516382	1
RTIGER_SNP50K	Zx.0090	PN3_SID278	8	137575788	138277280	2
RTIGER_SNP50K	Zx.0090	PN3_SID278	8	138433331	142700410	1
RTIGER_SNP50K	Zx.0090	PN3_SID278	8	142704033	182218389	0
RTIGER_SNP50K	Zx.0090	PN3_SID278	9	1567509	112618395	0
RTIGER_SNP50K	Zx.0090	PN3_SID278	9	112645516	162809802	1
RTIGER_SNP50K	Zx.0090	PN3_SID278	10	94302	152395252	0
RTIGER_SNP50K	Zx.0090	PN3_SID279	1	29860	283331956	0
RTIGER_SNP50K	Zx.0090	PN3_SID279	1	283492002	308423715	1
RTIGER_SNP50K	Zx.0090	PN3_SID279	2	71603	243555257	0
RTIGER_SNP50K	Zx.0090	PN3_SID279	3	147823	138019187	0
RTIGER_SNP50K	Zx.0090	PN3_SID279	3	138020788	138020825	2
RTIGER_SNP50K	Zx.0090	PN3_SID279	3	138035310	140804560	1
RTIGER_SNP50K	Zx.0090	PN3_SID279	3	140806301	141354893	2
RTIGER_SNP50K	Zx.0090	PN3_SID279	3	141358696	149102523	1
RTIGER_SNP50K	Zx.0090	PN3_SID279	3	149485704	149485831	2
RTIGER_SNP50K	Zx.0090	PN3_SID279	3	149568976	152952086	1
RTIGER_SNP50K	Zx.0090	PN3_SID279	3	152954375	154499867	2
RTIGER_SNP50K	Zx.0090	PN3_SID279	3	155304464	162746743	1
RTIGER_SNP50K	Zx.0090	PN3_SID279	3	162818246	162818827	2
RTIGER_SNP50K	Zx.0090	PN3_SID279	3	163373754	191598481	1
RTIGER_SNP50K	Zx.0090	PN3_SID279	3	191620225	191737978	2
RTIGER_SNP50K	Zx.0090	PN3_SID279	3	191860037	196513515	1
RTIGER_SNP50K	Zx.0090	PN3_SID279	3	196549016	198394775	2
RTIGER_SNP50K	Zx.0090	PN3_SID279	3	198395627	199431912	1
RTIGER_SNP50K	Zx.0090	PN3_SID279	3	199752010	200220451	2
RTIGER_SNP50K	Zx.0090	PN3_SID279	3	200326537	201027458	1
RTIGER_SNP50K	Zx.0090	PN3_SID279	3	201047953	201278583	2
RTIGER_SNP50K	Zx.0090	PN3_SID279	3	201642518	203321605	1
RTIGER_SNP50K	Zx.0090	PN3_SID279	3	203513322	203984620	2
RTIGER_SNP50K	Zx.0090	PN3_SID279	3	204187959	216691064	1
RTIGER_SNP50K	Zx.0090	PN3_SID279	3	216914755	217345420	2
RTIGER_SNP50K	Zx.0090	PN3_SID279	3	217427208	220145401	1
RTIGER_SNP50K	Zx.0090	PN3_SID279	3	220179943	236821697	0
RTIGER_SNP50K	Zx.0090	PN3_SID279	4	255421	249848884	0
RTIGER_SNP50K	Zx.0090	PN3_SID279	5	375767	63487465	0
RTIGER_SNP50K	Zx.0090	PN3_SID279	5	63924497	78832104	1
RTIGER_SNP50K	Zx.0090	PN3_SID279	5	78832105	79026567	2
RTIGER_SNP50K	Zx.0090	PN3_SID279	5	79183566	86534021	1
RTIGER_SNP50K	Zx.0090	PN3_SID279	5	87041494	87507493	2
RTIGER_SNP50K	Zx.0090	PN3_SID279	5	87518029	94656512	1
RTIGER_SNP50K	Zx.0090	PN3_SID279	5	94720006	94889992	2
RTIGER_SNP50K	Zx.0090	PN3_SID279	5	95055642	107109097	1
RTIGER_SNP50K	Zx.0090	PN3_SID279	5	107174179	107957786	2
RTIGER_SNP50K	Zx.0090	PN3_SID279	5	107970099	108925415	1
RTIGER_SNP50K	Zx.0090	PN3_SID279	5	108989919	110426067	2
RTIGER_SNP50K	Zx.0090	PN3_SID279	5	110455231	111041290	1
RTIGER_SNP50K	Zx.0090	PN3_SID279	5	111241060	130606373	0
RTIGER_SNP50K	Zx.0090	PN3_SID279	5	130937589	139865685	1
RTIGER_SNP50K	Zx.0090	PN3_SID279	5	139910520	140532967	2
RTIGER_SNP50K	Zx.0090	PN3_SID279	5	140598900	141625721	1
RTIGER_SNP50K	Zx.0090	PN3_SID279	5	141892446	142502162	2
RTIGER_SNP50K	Zx.0090	PN3_SID279	5	142502169	144585685	1
RTIGER_SNP50K	Zx.0090	PN3_SID279	5	145716527	147572410	2
RTIGER_SNP50K	Zx.0090	PN3_SID279	5	147572415	154098174	1
RTIGER_SNP50K	Zx.0090	PN3_SID279	5	154100404	154254933	2
RTIGER_SNP50K	Zx.0090	PN3_SID279	5	154775856	162299999	1
RTIGER_SNP50K	Zx.0090	PN3_SID279	5	163144377	226240113	0
RTIGER_SNP50K	Zx.0090	PN3_SID279	6	5260376	180772064	0
RTIGER_SNP50K	Zx.0090	PN3_SID279	7	343733	30719037	1
RTIGER_SNP50K	Zx.0090	PN3_SID279	7	30900284	31750239	2
RTIGER_SNP50K	Zx.0090	PN3_SID279	7	32952428	40711310	1
RTIGER_SNP50K	Zx.0090	PN3_SID279	7	40853306	42409555	2
RTIGER_SNP50K	Zx.0090	PN3_SID279	7	42476737	46327729	1
RTIGER_SNP50K	Zx.0090	PN3_SID279	7	46363128	46666961	2
RTIGER_SNP50K	Zx.0090	PN3_SID279	7	46727423	53415541	1
RTIGER_SNP50K	Zx.0090	PN3_SID279	7	53438206	78891421	0
RTIGER_SNP50K	Zx.0090	PN3_SID279	7	79539935	80131385	2
RTIGER_SNP50K	Zx.0090	PN3_SID279	7	80198371	87661991	1
RTIGER_SNP50K	Zx.0090	PN3_SID279	7	87676609	88342887	2
RTIGER_SNP50K	Zx.0090	PN3_SID279	7	88436898	97936750	1
RTIGER_SNP50K	Zx.0090	PN3_SID279	7	98018099	98734620	2
RTIGER_SNP50K	Zx.0090	PN3_SID279	7	98811240	102999136	1
RTIGER_SNP50K	Zx.0090	PN3_SID279	7	103784420	103792468	2
RTIGER_SNP50K	Zx.0090	PN3_SID279	7	103855226	103890645	1
RTIGER_SNP50K	Zx.0090	PN3_SID279	7	103904699	104154539	2
RTIGER_SNP50K	Zx.0090	PN3_SID279	7	104246586	105976889	1
RTIGER_SNP50K	Zx.0090	PN3_SID279	7	106037437	183980739	0
RTIGER_SNP50K	Zx.0090	PN3_SID279	8	295839	182167615	0
RTIGER_SNP50K	Zx.0090	PN3_SID279	9	1567509	162692974	0
RTIGER_SNP50K	Zx.0090	PN3_SID279	10	183757	152395252	0
RTIGER_SNP50K	Zx.0090	PN3_SID280	1	291511	282872508	0
RTIGER_SNP50K	Zx.0090	PN3_SID280	1	283086332	301916771	1
RTIGER_SNP50K	Zx.0090	PN3_SID280	1	302065822	302237488	2
RTIGER_SNP50K	Zx.0090	PN3_SID280	1	302309554	308423715	1
RTIGER_SNP50K	Zx.0090	PN3_SID280	2	75383	45572423	0
RTIGER_SNP50K	Zx.0090	PN3_SID280	2	45969933	58523618	1
RTIGER_SNP50K	Zx.0090	PN3_SID280	2	58672762	59078984	2
RTIGER_SNP50K	Zx.0090	PN3_SID280	2	59308171	63241723	1
RTIGER_SNP50K	Zx.0090	PN3_SID280	2	63355598	243499351	0
RTIGER_SNP50K	Zx.0090	PN3_SID280	3	147823	21615878	0
RTIGER_SNP50K	Zx.0090	PN3_SID280	3	21835121	23125110	2
RTIGER_SNP50K	Zx.0090	PN3_SID280	3	23324725	24299868	1
RTIGER_SNP50K	Zx.0090	PN3_SID280	3	24550288	26369720	2
RTIGER_SNP50K	Zx.0090	PN3_SID280	3	26439954	35848944	1
RTIGER_SNP50K	Zx.0090	PN3_SID280	3	35848960	36418983	2
RTIGER_SNP50K	Zx.0090	PN3_SID280	3	36485960	44747906	1
RTIGER_SNP50K	Zx.0090	PN3_SID280	3	45103888	45458909	2
RTIGER_SNP50K	Zx.0090	PN3_SID280	3	45548496	50594411	1
RTIGER_SNP50K	Zx.0090	PN3_SID280	3	50690140	50990184	2
RTIGER_SNP50K	Zx.0090	PN3_SID280	3	51388378	54676940	1
RTIGER_SNP50K	Zx.0090	PN3_SID280	3	54862309	55307186	2
RTIGER_SNP50K	Zx.0090	PN3_SID280	3	55542085	56142017	1
RTIGER_SNP50K	Zx.0090	PN3_SID280	3	56142021	56573899	2
RTIGER_SNP50K	Zx.0090	PN3_SID280	3	56576584	64276634	1
RTIGER_SNP50K	Zx.0090	PN3_SID280	3	64278248	66606533	2
RTIGER_SNP50K	Zx.0090	PN3_SID280	3	66781110	66923753	1
RTIGER_SNP50K	Zx.0090	PN3_SID280	3	66923949	67193130	2
RTIGER_SNP50K	Zx.0090	PN3_SID280	3	67209241	67978003	1
RTIGER_SNP50K	Zx.0090	PN3_SID280	3	67978675	68214979	2
RTIGER_SNP50K	Zx.0090	PN3_SID280	3	68531808	80591421	1
RTIGER_SNP50K	Zx.0090	PN3_SID280	3	80849353	83610203	2
RTIGER_SNP50K	Zx.0090	PN3_SID280	3	83812189	84157846	1
RTIGER_SNP50K	Zx.0090	PN3_SID280	3	84412189	84971148	2
RTIGER_SNP50K	Zx.0090	PN3_SID280	3	84976282	85181285	1
RTIGER_SNP50K	Zx.0090	PN3_SID280	3	85418092	87854957	2
RTIGER_SNP50K	Zx.0090	PN3_SID280	3	88414285	88416615	1
RTIGER_SNP50K	Zx.0090	PN3_SID280	3	88453187	89019263	2
RTIGER_SNP50K	Zx.0090	PN3_SID280	3	89019284	109434415	1
RTIGER_SNP50K	Zx.0090	PN3_SID280	3	109666959	111170514	2
RTIGER_SNP50K	Zx.0090	PN3_SID280	3	111179705	112207359	1
RTIGER_SNP50K	Zx.0090	PN3_SID280	3	112323224	112604325	2
RTIGER_SNP50K	Zx.0090	PN3_SID280	3	112959214	118853928	1
RTIGER_SNP50K	Zx.0090	PN3_SID280	3	119097030	119352766	2
RTIGER_SNP50K	Zx.0090	PN3_SID280	3	119515702	120653609	1
RTIGER_SNP50K	Zx.0090	PN3_SID280	3	120653891	120922782	2
RTIGER_SNP50K	Zx.0090	PN3_SID280	3	120922800	131387796	1
RTIGER_SNP50K	Zx.0090	PN3_SID280	3	131484520	131644727	2
RTIGER_SNP50K	Zx.0090	PN3_SID280	3	131694131	138036545	1
RTIGER_SNP50K	Zx.0090	PN3_SID280	3	138200880	138520096	2
RTIGER_SNP50K	Zx.0090	PN3_SID280	3	138521694	144017711	1
RTIGER_SNP50K	Zx.0090	PN3_SID280	3	144116201	144646907	2
RTIGER_SNP50K	Zx.0090	PN3_SID280	3	144854744	149118080	1
RTIGER_SNP50K	Zx.0090	PN3_SID280	3	149485704	149568756	2
RTIGER_SNP50K	Zx.0090	PN3_SID280	3	149621879	151187534	1
RTIGER_SNP50K	Zx.0090	PN3_SID280	3	151475031	151863604	2
RTIGER_SNP50K	Zx.0090	PN3_SID280	3	152172143	153720609	1
RTIGER_SNP50K	Zx.0090	PN3_SID280	3	154367683	154367874	2
RTIGER_SNP50K	Zx.0090	PN3_SID280	3	154632792	159099051	1
RTIGER_SNP50K	Zx.0090	PN3_SID280	3	159353744	161007573	2
RTIGER_SNP50K	Zx.0090	PN3_SID280	3	161039603	161984822	1
RTIGER_SNP50K	Zx.0090	PN3_SID280	3	161985614	163423748	2
RTIGER_SNP50K	Zx.0090	PN3_SID280	3	163430016	164501881	1
RTIGER_SNP50K	Zx.0090	PN3_SID280	3	164787672	164788939	2
RTIGER_SNP50K	Zx.0090	PN3_SID280	3	164897387	179796885	1
RTIGER_SNP50K	Zx.0090	PN3_SID280	3	180077422	236963193	0
RTIGER_SNP50K	Zx.0090	PN3_SID280	4	514639	249925783	0
RTIGER_SNP50K	Zx.0090	PN3_SID280	5	336374	205957221	0
RTIGER_SNP50K	Zx.0090	PN3_SID280	5	205977547	217350105	1
RTIGER_SNP50K	Zx.0090	PN3_SID280	5	217351878	219560446	2
RTIGER_SNP50K	Zx.0090	PN3_SID280	5	219670619	226020769	1
RTIGER_SNP50K	Zx.0090	PN3_SID280	6	5720392	181203668	0
RTIGER_SNP50K	Zx.0090	PN3_SID280	7	271597	183979058	0
RTIGER_SNP50K	Zx.0090	PN3_SID280	8	360763	128579518	0
RTIGER_SNP50K	Zx.0090	PN3_SID280	8	128919279	142569254	1
RTIGER_SNP50K	Zx.0090	PN3_SID280	8	142700410	143301092	2
RTIGER_SNP50K	Zx.0090	PN3_SID280	8	144022364	149864034	1
RTIGER_SNP50K	Zx.0090	PN3_SID280	8	149889574	150015520	2
RTIGER_SNP50K	Zx.0090	PN3_SID280	8	150015522	150307667	1
RTIGER_SNP50K	Zx.0090	PN3_SID280	8	150381149	150808430	2
RTIGER_SNP50K	Zx.0090	PN3_SID280	8	150925706	158019889	1
RTIGER_SNP50K	Zx.0090	PN3_SID280	8	158056103	158513745	2
RTIGER_SNP50K	Zx.0090	PN3_SID280	8	158573802	176880421	1
RTIGER_SNP50K	Zx.0090	PN3_SID280	8	177144972	182218389	0
RTIGER_SNP50K	Zx.0090	PN3_SID280	9	1567509	4520333	1
RTIGER_SNP50K	Zx.0090	PN3_SID280	9	4535165	5664020	2
RTIGER_SNP50K	Zx.0090	PN3_SID280	9	5765938	22241476	1
RTIGER_SNP50K	Zx.0090	PN3_SID280	9	22320721	25549488	2
RTIGER_SNP50K	Zx.0090	PN3_SID280	9	25654677	162591532	0
RTIGER_SNP50K	Zx.0090	PN3_SID280	10	189114	152340819	0
RTIGER_SNP50K	Zx.0090	PN3_SID281	1	291511	308423715	0
RTIGER_SNP50K	Zx.0090	PN3_SID281	2	76737	47803934	1
RTIGER_SNP50K	Zx.0090	PN3_SID281	2	47896609	47927614	2
RTIGER_SNP50K	Zx.0090	PN3_SID281	2	48427731	48773486	1
RTIGER_SNP50K	Zx.0090	PN3_SID281	2	48893048	231706395	0
RTIGER_SNP50K	Zx.0090	PN3_SID281	2	232023890	243555257	1
RTIGER_SNP50K	Zx.0090	PN3_SID281	3	147823	236963193	0
RTIGER_SNP50K	Zx.0090	PN3_SID281	4	638586	249848884	0
RTIGER_SNP50K	Zx.0090	PN3_SID281	5	375767	226227487	0
RTIGER_SNP50K	Zx.0090	PN3_SID281	6	5679415	181187587	0
RTIGER_SNP50K	Zx.0090	PN3_SID281	7	271597	15021142	1
RTIGER_SNP50K	Zx.0090	PN3_SID281	7	15027770	15027833	2
RTIGER_SNP50K	Zx.0090	PN3_SID281	7	15256935	16717691	1
RTIGER_SNP50K	Zx.0090	PN3_SID281	7	16808731	16808738	2
RTIGER_SNP50K	Zx.0090	PN3_SID281	7	17109729	26985134	1
RTIGER_SNP50K	Zx.0090	PN3_SID281	7	27380435	28238684	2
RTIGER_SNP50K	Zx.0090	PN3_SID281	7	28281355	35165200	1
RTIGER_SNP50K	Zx.0090	PN3_SID281	7	35173497	35259194	2
RTIGER_SNP50K	Zx.0090	PN3_SID281	7	35305207	37751601	1
RTIGER_SNP50K	Zx.0090	PN3_SID281	7	37810446	38023064	2
RTIGER_SNP50K	Zx.0090	PN3_SID281	7	38084000	53820747	1
RTIGER_SNP50K	Zx.0090	PN3_SID281	7	53902275	54354697	2
RTIGER_SNP50K	Zx.0090	PN3_SID281	7	54643915	63828516	1
RTIGER_SNP50K	Zx.0090	PN3_SID281	7	63958247	65599369	2
RTIGER_SNP50K	Zx.0090	PN3_SID281	7	65658300	73378295	1
RTIGER_SNP50K	Zx.0090	PN3_SID281	7	73632687	75135415	2
RTIGER_SNP50K	Zx.0090	PN3_SID281	7	75142301	156312062	1
RTIGER_SNP50K	Zx.0090	PN3_SID281	7	160432734	163885957	2
RTIGER_SNP50K	Zx.0090	PN3_SID281	7	163993934	164763478	1
RTIGER_SNP50K	Zx.0090	PN3_SID281	7	164800223	165574234	2
RTIGER_SNP50K	Zx.0090	PN3_SID281	7	165939941	166022314	1
RTIGER_SNP50K	Zx.0090	PN3_SID281	7	166038114	167821991	2
RTIGER_SNP50K	Zx.0090	PN3_SID281	7	167822096	167994780	1
RTIGER_SNP50K	Zx.0090	PN3_SID281	7	168056491	168504600	2
RTIGER_SNP50K	Zx.0090	PN3_SID281	7	168626569	170898214	1
RTIGER_SNP50K	Zx.0090	PN3_SID281	7	170962232	172068517	2
RTIGER_SNP50K	Zx.0090	PN3_SID281	7	172461544	173984154	1
RTIGER_SNP50K	Zx.0090	PN3_SID281	7	174077493	174467314	2
RTIGER_SNP50K	Zx.0090	PN3_SID281	7	174472634	180802116	1
RTIGER_SNP50K	Zx.0090	PN3_SID281	7	181064957	183979058	0
RTIGER_SNP50K	Zx.0090	PN3_SID281	8	295839	354736	1
RTIGER_SNP50K	Zx.0090	PN3_SID281	8	354973	388206	2
RTIGER_SNP50K	Zx.0090	PN3_SID281	8	390796	6069649	1
RTIGER_SNP50K	Zx.0090	PN3_SID281	8	6069657	6324462	2
RTIGER_SNP50K	Zx.0090	PN3_SID281	8	6417189	13595945	1
RTIGER_SNP50K	Zx.0090	PN3_SID281	8	13597648	13737473	2
RTIGER_SNP50K	Zx.0090	PN3_SID281	8	14511780	17299776	1
RTIGER_SNP50K	Zx.0090	PN3_SID281	8	17317976	17318011	2
RTIGER_SNP50K	Zx.0090	PN3_SID281	8	17613425	35511270	1
RTIGER_SNP50K	Zx.0090	PN3_SID281	8	35574481	36062985	2
RTIGER_SNP50K	Zx.0090	PN3_SID281	8	36102565	48063421	1
RTIGER_SNP50K	Zx.0090	PN3_SID281	8	48173693	48265401	2
RTIGER_SNP50K	Zx.0090	PN3_SID281	8	48353837	50141162	1
RTIGER_SNP50K	Zx.0090	PN3_SID281	8	50156258	51264277	2
RTIGER_SNP50K	Zx.0090	PN3_SID281	8	51324321	85452621	1
RTIGER_SNP50K	Zx.0090	PN3_SID281	8	85517566	86091847	2
RTIGER_SNP50K	Zx.0090	PN3_SID281	8	86141535	86381715	1
RTIGER_SNP50K	Zx.0090	PN3_SID281	8	86396110	88690565	2
RTIGER_SNP50K	Zx.0090	PN3_SID281	8	88797425	92868298	1
RTIGER_SNP50K	Zx.0090	PN3_SID281	8	92883525	94824143	2
RTIGER_SNP50K	Zx.0090	PN3_SID281	8	94824288	96125555	1
RTIGER_SNP50K	Zx.0090	PN3_SID281	8	96246615	96574481	2
RTIGER_SNP50K	Zx.0090	PN3_SID281	8	96961901	134820000	1
RTIGER_SNP50K	Zx.0090	PN3_SID281	8	135120040	135301360	2
RTIGER_SNP50K	Zx.0090	PN3_SID281	8	135383434	137174403	1
RTIGER_SNP50K	Zx.0090	PN3_SID281	8	137244000	138094303	2
RTIGER_SNP50K	Zx.0090	PN3_SID281	8	138178898	149774144	1
RTIGER_SNP50K	Zx.0090	PN3_SID281	8	149774528	149889588	2
RTIGER_SNP50K	Zx.0090	PN3_SID281	8	149978990	182232061	0
RTIGER_SNP50K	Zx.0090	PN3_SID281	9	1567509	162692974	0
RTIGER_SNP50K	Zx.0090	PN3_SID281	10	94302	152340819	0
RTIGER_SNP50K	Zx.0090	PN3_SID282	1	650364	308330525	0
RTIGER_SNP50K	Zx.0090	PN3_SID282	2	75371	2979806	1
RTIGER_SNP50K	Zx.0090	PN3_SID282	2	3051644	3332811	2
RTIGER_SNP50K	Zx.0090	PN3_SID282	2	3506261	78447305	0
RTIGER_SNP50K	Zx.0090	PN3_SID282	2	78832031	79027860	2
RTIGER_SNP50K	Zx.0090	PN3_SID282	2	79068189	100356693	1
RTIGER_SNP50K	Zx.0090	PN3_SID282	2	100454826	100465034	2
RTIGER_SNP50K	Zx.0090	PN3_SID282	2	100624604	141234795	1
RTIGER_SNP50K	Zx.0090	PN3_SID282	2	141617583	142800633	2
RTIGER_SNP50K	Zx.0090	PN3_SID282	2	142867593	146195744	1
RTIGER_SNP50K	Zx.0090	PN3_SID282	2	146271134	146271159	2
RTIGER_SNP50K	Zx.0090	PN3_SID282	2	146272168	159145422	1
RTIGER_SNP50K	Zx.0090	PN3_SID282	2	159238837	160839782	2
RTIGER_SNP50K	Zx.0090	PN3_SID282	2	162015895	170671781	1
RTIGER_SNP50K	Zx.0090	PN3_SID282	2	170790835	170854865	2
RTIGER_SNP50K	Zx.0090	PN3_SID282	2	170885775	175424075	1
RTIGER_SNP50K	Zx.0090	PN3_SID282	2	176121584	176208565	2
RTIGER_SNP50K	Zx.0090	PN3_SID282	2	176216297	194441513	1
RTIGER_SNP50K	Zx.0090	PN3_SID282	2	194600728	195197317	2
RTIGER_SNP50K	Zx.0090	PN3_SID282	2	195197627	199005442	1
RTIGER_SNP50K	Zx.0090	PN3_SID282	2	199126426	201182103	2
RTIGER_SNP50K	Zx.0090	PN3_SID282	2	201507428	202741845	1
RTIGER_SNP50K	Zx.0090	PN3_SID282	2	203062355	219629423	0
RTIGER_SNP50K	Zx.0090	PN3_SID282	2	219740719	226975218	1
RTIGER_SNP50K	Zx.0090	PN3_SID282	2	226975774	243502467	0
RTIGER_SNP50K	Zx.0090	PN3_SID282	3	147823	236939523	0
RTIGER_SNP50K	Zx.0090	PN3_SID282	4	255421	249890511	0
RTIGER_SNP50K	Zx.0090	PN3_SID282	5	691132	5826352	1
RTIGER_SNP50K	Zx.0090	PN3_SID282	5	6161019	226240113	0
RTIGER_SNP50K	Zx.0090	PN3_SID282	6	5677854	181186018	0
RTIGER_SNP50K	Zx.0090	PN3_SID282	7	569786	182711196	0
RTIGER_SNP50K	Zx.0090	PN3_SID282	7	182745097	183345396	2
RTIGER_SNP50K	Zx.0090	PN3_SID282	7	183572072	183956162	1
RTIGER_SNP50K	Zx.0090	PN3_SID282	8	354736	10596339	1
RTIGER_SNP50K	Zx.0090	PN3_SID282	8	10805519	11168290	2
RTIGER_SNP50K	Zx.0090	PN3_SID282	8	11174559	12014191	1
RTIGER_SNP50K	Zx.0090	PN3_SID282	8	12032020	13201243	2
RTIGER_SNP50K	Zx.0090	PN3_SID282	8	13394521	16018544	1
RTIGER_SNP50K	Zx.0090	PN3_SID282	8	16037421	16449891	2
RTIGER_SNP50K	Zx.0090	PN3_SID282	8	16711390	41001313	1
RTIGER_SNP50K	Zx.0090	PN3_SID282	8	41072940	41315590	2
RTIGER_SNP50K	Zx.0090	PN3_SID282	8	41349451	46046306	1
RTIGER_SNP50K	Zx.0090	PN3_SID282	8	46391997	46544076	2
RTIGER_SNP50K	Zx.0090	PN3_SID282	8	46595625	47026237	1
RTIGER_SNP50K	Zx.0090	PN3_SID282	8	47127368	48097377	2
RTIGER_SNP50K	Zx.0090	PN3_SID282	8	48345822	51813588	1
RTIGER_SNP50K	Zx.0090	PN3_SID282	8	51872085	54011941	2
RTIGER_SNP50K	Zx.0090	PN3_SID282	8	54217171	57279576	1
RTIGER_SNP50K	Zx.0090	PN3_SID282	8	57333455	57353808	2
RTIGER_SNP50K	Zx.0090	PN3_SID282	8	57463948	72707621	1
RTIGER_SNP50K	Zx.0090	PN3_SID282	8	72895508	143050001	0
RTIGER_SNP50K	Zx.0090	PN3_SID282	8	143301092	159336504	1
RTIGER_SNP50K	Zx.0090	PN3_SID282	8	159470309	182232061	0
RTIGER_SNP50K	Zx.0090	PN3_SID282	9	1566009	162809802	0
RTIGER_SNP50K	Zx.0090	PN3_SID282	10	94302	150348973	0
RTIGER_SNP50K	Zx.0090	PN3_SID282	10	150350548	151594123	1
RTIGER_SNP50K	Zx.0090	PN3_SID282	10	151648658	152302281	2
RTIGER_SNP50K	Zx.0090	PN3_SID283	1	289351	91515776	0
RTIGER_SNP50K	Zx.0090	PN3_SID283	1	91635143	103117648	1
RTIGER_SNP50K	Zx.0090	PN3_SID283	1	103140395	103588075	2
RTIGER_SNP50K	Zx.0090	PN3_SID283	1	103665822	107082993	1
RTIGER_SNP50K	Zx.0090	PN3_SID283	1	107115869	107762612	2
RTIGER_SNP50K	Zx.0090	PN3_SID283	1	108028561	121229394	1
RTIGER_SNP50K	Zx.0090	PN3_SID283	1	121571668	121835038	2
RTIGER_SNP50K	Zx.0090	PN3_SID283	1	121878979	132239484	1
RTIGER_SNP50K	Zx.0090	PN3_SID283	1	132382391	132451838	2
RTIGER_SNP50K	Zx.0090	PN3_SID283	1	132467638	147027834	1
RTIGER_SNP50K	Zx.0090	PN3_SID283	1	147034580	147849791	2
RTIGER_SNP50K	Zx.0090	PN3_SID283	1	147850729	149614380	1
RTIGER_SNP50K	Zx.0090	PN3_SID283	1	149652678	150046092	2
RTIGER_SNP50K	Zx.0090	PN3_SID283	1	150169791	151335711	1
RTIGER_SNP50K	Zx.0090	PN3_SID283	1	151436970	151448539	2
RTIGER_SNP50K	Zx.0090	PN3_SID283	1	151544312	172299869	1
RTIGER_SNP50K	Zx.0090	PN3_SID283	1	172305725	173217600	2
RTIGER_SNP50K	Zx.0090	PN3_SID283	1	173372188	173391284	1
RTIGER_SNP50K	Zx.0090	PN3_SID283	1	173789946	173974999	2
RTIGER_SNP50K	Zx.0090	PN3_SID283	1	174038019	174527293	1
RTIGER_SNP50K	Zx.0090	PN3_SID283	1	175123068	175352594	2
RTIGER_SNP50K	Zx.0090	PN3_SID283	1	175860187	199147071	1
RTIGER_SNP50K	Zx.0090	PN3_SID283	1	199480870	201229991	2
RTIGER_SNP50K	Zx.0090	PN3_SID283	1	201299170	215300385	1
RTIGER_SNP50K	Zx.0090	PN3_SID283	1	215409834	215447959	2
RTIGER_SNP50K	Zx.0090	PN3_SID283	1	215448104	218004581	1
RTIGER_SNP50K	Zx.0090	PN3_SID283	1	218215706	219254471	2
RTIGER_SNP50K	Zx.0090	PN3_SID283	1	219324360	219789075	1
RTIGER_SNP50K	Zx.0090	PN3_SID283	1	219789077	220284140	2
RTIGER_SNP50K	Zx.0090	PN3_SID283	1	220460065	245418327	1
RTIGER_SNP50K	Zx.0090	PN3_SID283	1	245530977	245556338	2
RTIGER_SNP50K	Zx.0090	PN3_SID283	1	245581341	288100027	1
RTIGER_SNP50K	Zx.0090	PN3_SID283	1	288281280	289484953	2
RTIGER_SNP50K	Zx.0090	PN3_SID283	1	289554567	291855650	1
RTIGER_SNP50K	Zx.0090	PN3_SID283	1	291863646	293413560	2
RTIGER_SNP50K	Zx.0090	PN3_SID283	1	293517329	299704305	1
RTIGER_SNP50K	Zx.0090	PN3_SID283	1	299816754	308427802	0
RTIGER_SNP50K	Zx.0090	PN3_SID283	2	175074	243662959	0
RTIGER_SNP50K	Zx.0090	PN3_SID283	3	356143	206516224	0
RTIGER_SNP50K	Zx.0090	PN3_SID283	3	206652569	213739947	1
RTIGER_SNP50K	Zx.0090	PN3_SID283	3	213896071	236821697	0
RTIGER_SNP50K	Zx.0090	PN3_SID283	4	255421	249801221	0
RTIGER_SNP50K	Zx.0090	PN3_SID283	5	336374	226227487	0
RTIGER_SNP50K	Zx.0090	PN3_SID283	6	5260376	181187587	0
RTIGER_SNP50K	Zx.0090	PN3_SID283	7	84081	183979058	0
RTIGER_SNP50K	Zx.0090	PN3_SID283	8	360763	126620890	0
RTIGER_SNP50K	Zx.0090	PN3_SID283	8	126951506	140420358	1
RTIGER_SNP50K	Zx.0090	PN3_SID283	8	140555316	140555334	2
RTIGER_SNP50K	Zx.0090	PN3_SID283	8	140713258	142569229	1
RTIGER_SNP50K	Zx.0090	PN3_SID283	8	142569249	182172937	0
RTIGER_SNP50K	Zx.0090	PN3_SID283	9	1749539	22731907	0
RTIGER_SNP50K	Zx.0090	PN3_SID283	9	22771707	24538166	1
RTIGER_SNP50K	Zx.0090	PN3_SID283	9	24705383	25549488	2
RTIGER_SNP50K	Zx.0090	PN3_SID283	9	25654677	34816924	1
RTIGER_SNP50K	Zx.0090	PN3_SID283	9	35304786	36934551	2
RTIGER_SNP50K	Zx.0090	PN3_SID283	9	37028126	67369020	1
RTIGER_SNP50K	Zx.0090	PN3_SID283	9	67455674	67818538	2
RTIGER_SNP50K	Zx.0090	PN3_SID283	9	68638626	85229967	1
RTIGER_SNP50K	Zx.0090	PN3_SID283	9	85381495	86132160	2
RTIGER_SNP50K	Zx.0090	PN3_SID283	9	86133238	86193148	1
RTIGER_SNP50K	Zx.0090	PN3_SID283	9	86258707	87529344	2
RTIGER_SNP50K	Zx.0090	PN3_SID283	9	87538346	89809954	1
RTIGER_SNP50K	Zx.0090	PN3_SID283	9	89909445	90698751	2
RTIGER_SNP50K	Zx.0090	PN3_SID283	9	90703375	140121036	1
RTIGER_SNP50K	Zx.0090	PN3_SID283	9	140143388	142380803	2
RTIGER_SNP50K	Zx.0090	PN3_SID283	9	142540363	149188729	1
RTIGER_SNP50K	Zx.0090	PN3_SID283	9	149951935	162591532	0
RTIGER_SNP50K	Zx.0090	PN3_SID283	10	94302	152340819	0
RTIGER_SNP50K	Zx.0090	PN3_SID284	1	395660	50687226	0
RTIGER_SNP50K	Zx.0090	PN3_SID284	1	50687295	50687327	2
RTIGER_SNP50K	Zx.0090	PN3_SID284	1	50689693	54073136	1
RTIGER_SNP50K	Zx.0090	PN3_SID284	1	54144605	54144714	2
RTIGER_SNP50K	Zx.0090	PN3_SID284	1	54202010	67508972	1
RTIGER_SNP50K	Zx.0090	PN3_SID284	1	68153894	68440273	2
RTIGER_SNP50K	Zx.0090	PN3_SID284	1	68753291	81221601	1
RTIGER_SNP50K	Zx.0090	PN3_SID284	1	81301068	308423715	0
RTIGER_SNP50K	Zx.0090	PN3_SID284	2	75371	39127165	0
RTIGER_SNP50K	Zx.0090	PN3_SID284	2	39128157	48619558	1
RTIGER_SNP50K	Zx.0090	PN3_SID284	2	48619581	48773486	2
RTIGER_SNP50K	Zx.0090	PN3_SID284	2	48774343	144320353	1
RTIGER_SNP50K	Zx.0090	PN3_SID284	2	144353082	144398296	2
RTIGER_SNP50K	Zx.0090	PN3_SID284	2	144429492	146179773	1
RTIGER_SNP50K	Zx.0090	PN3_SID284	2	146187603	146769303	2
RTIGER_SNP50K	Zx.0090	PN3_SID284	2	146781093	155334360	1
RTIGER_SNP50K	Zx.0090	PN3_SID284	2	155449954	155449997	2
RTIGER_SNP50K	Zx.0090	PN3_SID284	2	155451421	167893676	1
RTIGER_SNP50K	Zx.0090	PN3_SID284	2	168134219	169003230	2
RTIGER_SNP50K	Zx.0090	PN3_SID284	2	169354957	200125981	1
RTIGER_SNP50K	Zx.0090	PN3_SID284	2	200269021	201050269	2
RTIGER_SNP50K	Zx.0090	PN3_SID284	2	201301455	209180666	1
RTIGER_SNP50K	Zx.0090	PN3_SID284	2	209285588	209917273	2
RTIGER_SNP50K	Zx.0090	PN3_SID284	2	210149380	223685914	1
RTIGER_SNP50K	Zx.0090	PN3_SID284	2	223697514	243662959	0
RTIGER_SNP50K	Zx.0090	PN3_SID284	3	1326956	236941170	0
RTIGER_SNP50K	Zx.0090	PN3_SID284	4	514639	249925783	0
RTIGER_SNP50K	Zx.0090	PN3_SID284	5	336374	226240113	0
RTIGER_SNP50K	Zx.0090	PN3_SID284	6	5938674	14978564	0
RTIGER_SNP50K	Zx.0090	PN3_SID284	6	15416136	16504090	2
RTIGER_SNP50K	Zx.0090	PN3_SID284	6	24339334	24339531	1
RTIGER_SNP50K	Zx.0090	PN3_SID284	6	24348935	24561683	2
RTIGER_SNP50K	Zx.0090	PN3_SID284	6	24672664	30960600	1
RTIGER_SNP50K	Zx.0090	PN3_SID284	6	31005774	31833547	2
RTIGER_SNP50K	Zx.0090	PN3_SID284	6	31931141	44666362	1
RTIGER_SNP50K	Zx.0090	PN3_SID284	6	44668053	46825694	2
RTIGER_SNP50K	Zx.0090	PN3_SID284	6	47003905	51929327	1
RTIGER_SNP50K	Zx.0090	PN3_SID284	6	52065009	53103366	2
RTIGER_SNP50K	Zx.0090	PN3_SID284	6	53869710	66109287	1
RTIGER_SNP50K	Zx.0090	PN3_SID284	6	66417286	67651213	2
RTIGER_SNP50K	Zx.0090	PN3_SID284	6	67694206	68323885	1
RTIGER_SNP50K	Zx.0090	PN3_SID284	6	68391433	70273440	2
RTIGER_SNP50K	Zx.0090	PN3_SID284	6	70276716	74273270	1
RTIGER_SNP50K	Zx.0090	PN3_SID284	6	74834477	75481004	2
RTIGER_SNP50K	Zx.0090	PN3_SID284	6	75919649	94716892	1
RTIGER_SNP50K	Zx.0090	PN3_SID284	6	94899440	96398661	2
RTIGER_SNP50K	Zx.0090	PN3_SID284	6	96400685	101884041	1
RTIGER_SNP50K	Zx.0090	PN3_SID284	6	101884044	104541412	2
RTIGER_SNP50K	Zx.0090	PN3_SID284	6	105437496	106416809	1
RTIGER_SNP50K	Zx.0090	PN3_SID284	6	106459212	108676390	2
RTIGER_SNP50K	Zx.0090	PN3_SID284	6	108997757	108997785	1
RTIGER_SNP50K	Zx.0090	PN3_SID284	6	109132201	112878899	2
RTIGER_SNP50K	Zx.0090	PN3_SID284	6	112946635	114292742	1
RTIGER_SNP50K	Zx.0090	PN3_SID284	6	115037949	180695783	0
RTIGER_SNP50K	Zx.0090	PN3_SID284	7	271597	183980739	0
RTIGER_SNP50K	Zx.0090	PN3_SID284	8	295839	5123719	1
RTIGER_SNP50K	Zx.0090	PN3_SID284	8	5318817	5562428	2
RTIGER_SNP50K	Zx.0090	PN3_SID284	8	5585391	37467068	1
RTIGER_SNP50K	Zx.0090	PN3_SID284	8	37761026	37761035	2
RTIGER_SNP50K	Zx.0090	PN3_SID284	8	37765529	55003316	1
RTIGER_SNP50K	Zx.0090	PN3_SID284	8	55261260	55552221	2
RTIGER_SNP50K	Zx.0090	PN3_SID284	8	55570512	56247723	1
RTIGER_SNP50K	Zx.0090	PN3_SID284	8	56424125	57236806	2
RTIGER_SNP50K	Zx.0090	PN3_SID284	8	57279576	74117797	1
RTIGER_SNP50K	Zx.0090	PN3_SID284	8	74327140	75759414	2
RTIGER_SNP50K	Zx.0090	PN3_SID284	8	75851180	90989135	1
RTIGER_SNP50K	Zx.0090	PN3_SID284	8	91402148	137516382	0
RTIGER_SNP50K	Zx.0090	PN3_SID284	8	137575788	140359783	2
RTIGER_SNP50K	Zx.0090	PN3_SID284	8	140370122	141108662	1
RTIGER_SNP50K	Zx.0090	PN3_SID284	8	141491887	142859700	2
RTIGER_SNP50K	Zx.0090	PN3_SID284	8	143005608	148406843	1
RTIGER_SNP50K	Zx.0090	PN3_SID284	8	148447812	148448162	2
RTIGER_SNP50K	Zx.0090	PN3_SID284	8	148463273	149153102	1
RTIGER_SNP50K	Zx.0090	PN3_SID284	8	149153605	149175875	2
RTIGER_SNP50K	Zx.0090	PN3_SID284	8	149318029	149864034	1
RTIGER_SNP50K	Zx.0090	PN3_SID284	8	149889574	150015520	2
RTIGER_SNP50K	Zx.0090	PN3_SID284	8	150015522	150303633	1
RTIGER_SNP50K	Zx.0090	PN3_SID284	8	150381149	153974141	2
RTIGER_SNP50K	Zx.0090	PN3_SID284	8	154074666	154358538	1
RTIGER_SNP50K	Zx.0090	PN3_SID284	8	154389636	155826061	2
RTIGER_SNP50K	Zx.0090	PN3_SID284	8	155826592	157055069	1
RTIGER_SNP50K	Zx.0090	PN3_SID284	8	157055195	181998029	0
RTIGER_SNP50K	Zx.0090	PN3_SID284	9	1566009	21795403	0
RTIGER_SNP50K	Zx.0090	PN3_SID284	9	21897671	38364063	1
RTIGER_SNP50K	Zx.0090	PN3_SID284	9	38670870	38797716	2
RTIGER_SNP50K	Zx.0090	PN3_SID284	9	38832314	70794411	1
RTIGER_SNP50K	Zx.0090	PN3_SID284	9	71098611	71098640	2
RTIGER_SNP50K	Zx.0090	PN3_SID284	9	71188925	81397169	1
RTIGER_SNP50K	Zx.0090	PN3_SID284	9	81821712	81828551	2
RTIGER_SNP50K	Zx.0090	PN3_SID284	9	81919422	162809802	1
RTIGER_SNP50K	Zx.0090	PN3_SID284	10	183757	152305623	0
RTIGER_SNP50K	Zx.0090	PN3_SID286	1	289351	258507521	0
RTIGER_SNP50K	Zx.0090	PN3_SID286	1	258558233	259319528	2
RTIGER_SNP50K	Zx.0090	PN3_SID286	1	259409686	259571362	1
RTIGER_SNP50K	Zx.0090	PN3_SID286	1	259853110	260785723	2
RTIGER_SNP50K	Zx.0090	PN3_SID286	1	260792195	261817125	1
RTIGER_SNP50K	Zx.0090	PN3_SID286	1	262094945	263777654	2
RTIGER_SNP50K	Zx.0090	PN3_SID286	1	264006953	265713496	1
RTIGER_SNP50K	Zx.0090	PN3_SID286	1	265766764	308423715	0
RTIGER_SNP50K	Zx.0090	PN3_SID286	2	350925	223422325	0
RTIGER_SNP50K	Zx.0090	PN3_SID286	2	223685914	227816217	1
RTIGER_SNP50K	Zx.0090	PN3_SID286	2	227821871	228294666	2
RTIGER_SNP50K	Zx.0090	PN3_SID286	2	228422690	243662959	1
RTIGER_SNP50K	Zx.0090	PN3_SID286	3	356143	184674827	0
RTIGER_SNP50K	Zx.0090	PN3_SID286	3	184783126	184783155	2
RTIGER_SNP50K	Zx.0090	PN3_SID286	3	184783162	208037213	1
RTIGER_SNP50K	Zx.0090	PN3_SID286	3	208125718	208484631	2
RTIGER_SNP50K	Zx.0090	PN3_SID286	3	208536693	236963193	0
RTIGER_SNP50K	Zx.0090	PN3_SID286	4	255421	249833858	0
RTIGER_SNP50K	Zx.0090	PN3_SID286	5	322588	226234983	0
RTIGER_SNP50K	Zx.0090	PN3_SID286	6	5679415	181186018	0
RTIGER_SNP50K	Zx.0090	PN3_SID286	7	271597	183857036	0
RTIGER_SNP50K	Zx.0090	PN3_SID286	8	354736	182232061	0
RTIGER_SNP50K	Zx.0090	PN3_SID286	9	1749539	162547212	0
RTIGER_SNP50K	Zx.0090	PN3_SID286	10	94503	819843	1
RTIGER_SNP50K	Zx.0090	PN3_SID286	10	1259499	1263295	2
RTIGER_SNP50K	Zx.0090	PN3_SID286	10	1765153	3590518	1
RTIGER_SNP50K	Zx.0090	PN3_SID286	10	4005537	145051756	0
RTIGER_SNP50K	Zx.0090	PN3_SID286	10	145096860	152395252	1
RTIGER_SNP50K	Zx.0090	PN3_SID287	1	287040	14939871	0
RTIGER_SNP50K	Zx.0090	PN3_SID287	1	14952443	14956919	2
RTIGER_SNP50K	Zx.0090	PN3_SID287	1	14965731	17203163	1
RTIGER_SNP50K	Zx.0090	PN3_SID287	1	17212741	17537301	2
RTIGER_SNP50K	Zx.0090	PN3_SID287	1	17598910	45160036	1
RTIGER_SNP50K	Zx.0090	PN3_SID287	1	45220535	45264886	2
RTIGER_SNP50K	Zx.0090	PN3_SID287	1	45351880	83579164	1
RTIGER_SNP50K	Zx.0090	PN3_SID287	1	84220771	84628481	2
RTIGER_SNP50K	Zx.0090	PN3_SID287	1	84640008	113311065	1
RTIGER_SNP50K	Zx.0090	PN3_SID287	1	113366684	114025318	2
RTIGER_SNP50K	Zx.0090	PN3_SID287	1	114048395	117623316	1
RTIGER_SNP50K	Zx.0090	PN3_SID287	1	117713354	308423715	0
RTIGER_SNP50K	Zx.0090	PN3_SID287	2	131906	223697514	0
RTIGER_SNP50K	Zx.0090	PN3_SID287	2	223900700	224223769	2
RTIGER_SNP50K	Zx.0090	PN3_SID287	2	224223803	233148092	1
RTIGER_SNP50K	Zx.0090	PN3_SID287	2	233197905	234847106	2
RTIGER_SNP50K	Zx.0090	PN3_SID287	2	234866777	237741064	1
RTIGER_SNP50K	Zx.0090	PN3_SID287	2	237768398	238405416	2
RTIGER_SNP50K	Zx.0090	PN3_SID287	2	238690412	241079367	1
RTIGER_SNP50K	Zx.0090	PN3_SID287	2	241295759	241300793	2
RTIGER_SNP50K	Zx.0090	PN3_SID287	2	241502942	243499351	1
RTIGER_SNP50K	Zx.0090	PN3_SID287	3	147823	236963193	0
RTIGER_SNP50K	Zx.0090	PN3_SID287	4	255421	249925783	0
RTIGER_SNP50K	Zx.0090	PN3_SID287	5	322588	226240113	0
RTIGER_SNP50K	Zx.0090	PN3_SID287	6	5260376	181186018	0
RTIGER_SNP50K	Zx.0090	PN3_SID287	7	84081	183980739	0
RTIGER_SNP50K	Zx.0090	PN3_SID287	8	389200	182172937	0
RTIGER_SNP50K	Zx.0090	PN3_SID287	9	1749539	26768771	0
RTIGER_SNP50K	Zx.0090	PN3_SID287	9	26925204	85828497	1
RTIGER_SNP50K	Zx.0090	PN3_SID287	9	86132137	86132160	2
RTIGER_SNP50K	Zx.0090	PN3_SID287	9	86162862	141337529	1
RTIGER_SNP50K	Zx.0090	PN3_SID287	9	141597593	141819197	2
RTIGER_SNP50K	Zx.0090	PN3_SID287	9	143005090	162808411	1
RTIGER_SNP50K	Zx.0090	PN3_SID287	10	94302	152290201	0
RTIGER_SNP50K	Zx.0090	PN3_SID288	1	564887	215338983	0
RTIGER_SNP50K	Zx.0090	PN3_SID288	1	215447950	215599727	2
RTIGER_SNP50K	Zx.0090	PN3_SID288	1	215805493	227193139	1
RTIGER_SNP50K	Zx.0090	PN3_SID288	1	227461288	227650067	2
RTIGER_SNP50K	Zx.0090	PN3_SID288	1	227777521	228003525	1
RTIGER_SNP50K	Zx.0090	PN3_SID288	1	228025021	228225822	2
RTIGER_SNP50K	Zx.0090	PN3_SID288	1	228327144	229076040	1
RTIGER_SNP50K	Zx.0090	PN3_SID288	1	229088652	229454048	2
RTIGER_SNP50K	Zx.0090	PN3_SID288	1	229601251	230531090	1
RTIGER_SNP50K	Zx.0090	PN3_SID288	1	230547779	230906998	2
RTIGER_SNP50K	Zx.0090	PN3_SID288	1	230907666	232476203	1
RTIGER_SNP50K	Zx.0090	PN3_SID288	1	232637573	233538762	2
RTIGER_SNP50K	Zx.0090	PN3_SID288	1	233646076	248025293	1
RTIGER_SNP50K	Zx.0090	PN3_SID288	1	248031563	248830839	2
RTIGER_SNP50K	Zx.0090	PN3_SID288	1	248840733	249305726	1
RTIGER_SNP50K	Zx.0090	PN3_SID288	1	249406448	249440563	2
RTIGER_SNP50K	Zx.0090	PN3_SID288	1	249471990	250466588	1
RTIGER_SNP50K	Zx.0090	PN3_SID288	1	250477140	250774378	2
RTIGER_SNP50K	Zx.0090	PN3_SID288	1	250782100	250883964	1
RTIGER_SNP50K	Zx.0090	PN3_SID288	1	250884423	251456073	2
RTIGER_SNP50K	Zx.0090	PN3_SID288	1	251621538	262454062	1
RTIGER_SNP50K	Zx.0090	PN3_SID288	1	262579786	262579817	2
RTIGER_SNP50K	Zx.0090	PN3_SID288	1	262884733	272289925	1
RTIGER_SNP50K	Zx.0090	PN3_SID288	1	272289930	308427802	0
RTIGER_SNP50K	Zx.0090	PN3_SID288	2	71603	350969	1
RTIGER_SNP50K	Zx.0090	PN3_SID288	2	400602	1307526	2
RTIGER_SNP50K	Zx.0090	PN3_SID288	2	1355305	1835284	1
RTIGER_SNP50K	Zx.0090	PN3_SID288	2	1841147	2927276	2
RTIGER_SNP50K	Zx.0090	PN3_SID288	2	2979806	5764632	1
RTIGER_SNP50K	Zx.0090	PN3_SID288	2	5778197	237231307	0
RTIGER_SNP50K	Zx.0090	PN3_SID288	2	237231728	237576596	1
RTIGER_SNP50K	Zx.0090	PN3_SID288	2	237862512	238405416	2
RTIGER_SNP50K	Zx.0090	PN3_SID288	2	238637713	242634438	1
RTIGER_SNP50K	Zx.0090	PN3_SID288	2	242870619	243003389	2
RTIGER_SNP50K	Zx.0090	PN3_SID288	2	243081748	243522232	1
RTIGER_SNP50K	Zx.0090	PN3_SID288	3	147823	8005740	1
RTIGER_SNP50K	Zx.0090	PN3_SID288	3	8058970	8825337	2
RTIGER_SNP50K	Zx.0090	PN3_SID288	3	9003546	59779386	1
RTIGER_SNP50K	Zx.0090	PN3_SID288	3	59886794	60158603	2
RTIGER_SNP50K	Zx.0090	PN3_SID288	3	60349934	86189708	1
RTIGER_SNP50K	Zx.0090	PN3_SID288	3	87085006	87854957	2
RTIGER_SNP50K	Zx.0090	PN3_SID288	3	88178170	133244590	1
RTIGER_SNP50K	Zx.0090	PN3_SID288	3	133431358	133834155	2
RTIGER_SNP50K	Zx.0090	PN3_SID288	3	134064532	141313138	1
RTIGER_SNP50K	Zx.0090	PN3_SID288	3	141313912	141355471	2
RTIGER_SNP50K	Zx.0090	PN3_SID288	3	141443762	147249225	1
RTIGER_SNP50K	Zx.0090	PN3_SID288	3	147264476	214472106	0
RTIGER_SNP50K	Zx.0090	PN3_SID288	3	214502005	216912362	1
RTIGER_SNP50K	Zx.0090	PN3_SID288	3	216914755	216999272	2
RTIGER_SNP50K	Zx.0090	PN3_SID288	3	217214697	217645658	1
RTIGER_SNP50K	Zx.0090	PN3_SID288	3	217824405	219135774	2
RTIGER_SNP50K	Zx.0090	PN3_SID288	3	219498540	220000901	1
RTIGER_SNP50K	Zx.0090	PN3_SID288	3	220179943	236941170	0
RTIGER_SNP50K	Zx.0090	PN3_SID288	4	514639	8468382	0
RTIGER_SNP50K	Zx.0090	PN3_SID288	4	10450594	10452291	2
RTIGER_SNP50K	Zx.0090	PN3_SID288	4	10779889	11307574	1
RTIGER_SNP50K	Zx.0090	PN3_SID288	4	11447045	11718003	2
RTIGER_SNP50K	Zx.0090	PN3_SID288	4	11791671	11944883	1
RTIGER_SNP50K	Zx.0090	PN3_SID288	4	12146717	12151365	2
RTIGER_SNP50K	Zx.0090	PN3_SID288	4	12328043	12570140	1
RTIGER_SNP50K	Zx.0090	PN3_SID288	4	12820021	13107917	2
RTIGER_SNP50K	Zx.0090	PN3_SID288	4	13140417	13925182	1
RTIGER_SNP50K	Zx.0090	PN3_SID288	4	14006322	249848884	0
RTIGER_SNP50K	Zx.0090	PN3_SID288	5	336374	183645099	0
RTIGER_SNP50K	Zx.0090	PN3_SID288	5	183657398	186640952	1
RTIGER_SNP50K	Zx.0090	PN3_SID288	5	186899246	187486377	2
RTIGER_SNP50K	Zx.0090	PN3_SID288	5	187544198	189217582	1
RTIGER_SNP50K	Zx.0090	PN3_SID288	5	189398355	190003777	2
RTIGER_SNP50K	Zx.0090	PN3_SID288	5	190373191	190637620	1
RTIGER_SNP50K	Zx.0090	PN3_SID288	5	191345578	195963274	2
RTIGER_SNP50K	Zx.0090	PN3_SID288	5	195996063	196917140	1
RTIGER_SNP50K	Zx.0090	PN3_SID288	5	196917145	197559894	2
RTIGER_SNP50K	Zx.0090	PN3_SID288	5	197685136	209907683	1
RTIGER_SNP50K	Zx.0090	PN3_SID288	5	210025334	211690994	2
RTIGER_SNP50K	Zx.0090	PN3_SID288	5	211691001	218662857	1
RTIGER_SNP50K	Zx.0090	PN3_SID288	5	218689268	226167943	0
RTIGER_SNP50K	Zx.0090	PN3_SID288	6	5679415	180701860	0
RTIGER_SNP50K	Zx.0090	PN3_SID288	7	271597	2265127	0
RTIGER_SNP50K	Zx.0090	PN3_SID288	7	2599696	3158563	2
RTIGER_SNP50K	Zx.0090	PN3_SID288	7	3710456	5243011	1
RTIGER_SNP50K	Zx.0090	PN3_SID288	7	5245092	5261550	2
RTIGER_SNP50K	Zx.0090	PN3_SID288	7	5261583	18463178	1
RTIGER_SNP50K	Zx.0090	PN3_SID288	7	18490612	18555781	2
RTIGER_SNP50K	Zx.0090	PN3_SID288	7	18951332	19610484	1
RTIGER_SNP50K	Zx.0090	PN3_SID288	7	19799257	20025897	2
RTIGER_SNP50K	Zx.0090	PN3_SID288	7	20081307	21618308	1
RTIGER_SNP50K	Zx.0090	PN3_SID288	7	21942274	24815393	2
RTIGER_SNP50K	Zx.0090	PN3_SID288	7	25493170	30198486	1
RTIGER_SNP50K	Zx.0090	PN3_SID288	7	30499564	31626949	2
RTIGER_SNP50K	Zx.0090	PN3_SID288	7	32128845	34490212	1
RTIGER_SNP50K	Zx.0090	PN3_SID288	7	34495686	35259253	2
RTIGER_SNP50K	Zx.0090	PN3_SID288	7	35315939	42586588	1
RTIGER_SNP50K	Zx.0090	PN3_SID288	7	42687064	46086589	2
RTIGER_SNP50K	Zx.0090	PN3_SID288	7	46220075	49202962	1
RTIGER_SNP50K	Zx.0090	PN3_SID288	7	49209240	49937104	2
RTIGER_SNP50K	Zx.0090	PN3_SID288	7	50176056	50565237	1
RTIGER_SNP50K	Zx.0090	PN3_SID288	7	50662711	51065723	2
RTIGER_SNP50K	Zx.0090	PN3_SID288	7	51685202	52568571	1
RTIGER_SNP50K	Zx.0090	PN3_SID288	7	52601121	53902366	2
RTIGER_SNP50K	Zx.0090	PN3_SID288	7	54009886	78874660	0
RTIGER_SNP50K	Zx.0090	PN3_SID288	7	79334877	80462233	2
RTIGER_SNP50K	Zx.0090	PN3_SID288	7	80625794	87619364	1
RTIGER_SNP50K	Zx.0090	PN3_SID288	7	87661860	87676612	2
RTIGER_SNP50K	Zx.0090	PN3_SID288	7	88018856	89057013	1
RTIGER_SNP50K	Zx.0090	PN3_SID288	7	89102271	89251677	2
RTIGER_SNP50K	Zx.0090	PN3_SID288	7	89456220	91609755	1
RTIGER_SNP50K	Zx.0090	PN3_SID288	7	91609818	95728940	2
RTIGER_SNP50K	Zx.0090	PN3_SID288	7	95799523	96053493	1
RTIGER_SNP50K	Zx.0090	PN3_SID288	7	96322267	96353199	2
RTIGER_SNP50K	Zx.0090	PN3_SID288	7	96521098	101977617	1
RTIGER_SNP50K	Zx.0090	PN3_SID288	7	102493515	102780449	2
RTIGER_SNP50K	Zx.0090	PN3_SID288	7	102999136	103886248	1
RTIGER_SNP50K	Zx.0090	PN3_SID288	7	104154529	106042530	2
RTIGER_SNP50K	Zx.0090	PN3_SID288	7	106202576	109847261	1
RTIGER_SNP50K	Zx.0090	PN3_SID288	7	109847270	111040546	2
RTIGER_SNP50K	Zx.0090	PN3_SID288	7	111251878	113842424	1
RTIGER_SNP50K	Zx.0090	PN3_SID288	7	114492843	114607730	2
RTIGER_SNP50K	Zx.0090	PN3_SID288	7	114652726	114878108	1
RTIGER_SNP50K	Zx.0090	PN3_SID288	7	115139337	115358969	2
RTIGER_SNP50K	Zx.0090	PN3_SID288	7	115534440	117185362	1
RTIGER_SNP50K	Zx.0090	PN3_SID288	7	117844236	120443267	2
RTIGER_SNP50K	Zx.0090	PN3_SID288	7	120599658	126547670	1
RTIGER_SNP50K	Zx.0090	PN3_SID288	7	126902760	127426355	2
RTIGER_SNP50K	Zx.0090	PN3_SID288	7	127914259	129079033	1
RTIGER_SNP50K	Zx.0090	PN3_SID288	7	129079034	131031198	2
RTIGER_SNP50K	Zx.0090	PN3_SID288	7	131458582	134019402	1
RTIGER_SNP50K	Zx.0090	PN3_SID288	7	134146775	134910267	2
RTIGER_SNP50K	Zx.0090	PN3_SID288	7	135204171	136783391	1
RTIGER_SNP50K	Zx.0090	PN3_SID288	7	136884189	137575612	2
RTIGER_SNP50K	Zx.0090	PN3_SID288	7	137982566	140123124	1
RTIGER_SNP50K	Zx.0090	PN3_SID288	7	140123126	183979058	0
RTIGER_SNP50K	Zx.0090	PN3_SID288	8	295839	182218389	0
RTIGER_SNP50K	Zx.0090	PN3_SID288	9	1749539	162692974	0
RTIGER_SNP50K	Zx.0090	PN3_SID288	10	189114	122517338	0
RTIGER_SNP50K	Zx.0090	PN3_SID288	10	122533353	122731262	2
RTIGER_SNP50K	Zx.0090	PN3_SID288	10	122837797	135920116	1
RTIGER_SNP50K	Zx.0090	PN3_SID288	10	136079633	152395252	0
RTIGER_SNP50K	Zx.0090	PN4_SID289	1	363429	308427802	0
RTIGER_SNP50K	Zx.0090	PN4_SID289	2	75371	1025001	1
RTIGER_SNP50K	Zx.0090	PN4_SID289	2	1119317	1119350	2
RTIGER_SNP50K	Zx.0090	PN4_SID289	2	1238279	1943734	1
RTIGER_SNP50K	Zx.0090	PN4_SID289	2	2040531	2247115	2
RTIGER_SNP50K	Zx.0090	PN4_SID289	2	2306374	5764756	1
RTIGER_SNP50K	Zx.0090	PN4_SID289	2	5778197	212692333	0
RTIGER_SNP50K	Zx.0090	PN4_SID289	2	212885566	213431719	2
RTIGER_SNP50K	Zx.0090	PN4_SID289	2	213743871	215899778	1
RTIGER_SNP50K	Zx.0090	PN4_SID289	2	216182208	216719623	2
RTIGER_SNP50K	Zx.0090	PN4_SID289	2	216826909	219159489	1
RTIGER_SNP50K	Zx.0090	PN4_SID289	2	219159501	219631113	2
RTIGER_SNP50K	Zx.0090	PN4_SID289	2	219864727	220364346	1
RTIGER_SNP50K	Zx.0090	PN4_SID289	2	220554328	243552371	0
RTIGER_SNP50K	Zx.0090	PN4_SID289	3	147823	212573495	0
RTIGER_SNP50K	Zx.0090	PN4_SID289	3	212576165	212797598	2
RTIGER_SNP50K	Zx.0090	PN4_SID289	3	213291734	219799768	1
RTIGER_SNP50K	Zx.0090	PN4_SID289	3	219800114	236963193	0
RTIGER_SNP50K	Zx.0090	PN4_SID289	4	556297	6262657	1
RTIGER_SNP50K	Zx.0090	PN4_SID289	4	6424878	249925783	0
RTIGER_SNP50K	Zx.0090	PN4_SID289	5	336374	174546927	0
RTIGER_SNP50K	Zx.0090	PN4_SID289	5	174564286	175267143	2
RTIGER_SNP50K	Zx.0090	PN4_SID289	5	175557796	176943834	1
RTIGER_SNP50K	Zx.0090	PN4_SID289	5	177499494	177574072	2
RTIGER_SNP50K	Zx.0090	PN4_SID289	5	177938271	180542176	1
RTIGER_SNP50K	Zx.0090	PN4_SID289	5	181702387	182465236	2
RTIGER_SNP50K	Zx.0090	PN4_SID289	5	183306081	186495973	1
RTIGER_SNP50K	Zx.0090	PN4_SID289	5	186899246	186902535	2
RTIGER_SNP50K	Zx.0090	PN4_SID289	5	187232015	219352732	1
RTIGER_SNP50K	Zx.0090	PN4_SID289	5	219560439	219902543	2
RTIGER_SNP50K	Zx.0090	PN4_SID289	5	219979529	226240113	1
RTIGER_SNP50K	Zx.0090	PN4_SID289	6	5260376	181186018	0
RTIGER_SNP50K	Zx.0090	PN4_SID289	7	271597	182232849	0
RTIGER_SNP50K	Zx.0090	PN4_SID289	7	182233037	183268930	1
RTIGER_SNP50K	Zx.0090	PN4_SID289	7	183321948	183751302	2
RTIGER_SNP50K	Zx.0090	PN4_SID289	7	183810828	183829029	1
RTIGER_SNP50K	Zx.0090	PN4_SID289	7	183882190	183884915	2
RTIGER_SNP50K	Zx.0090	PN4_SID289	7	183967443	183980739	1
RTIGER_SNP50K	Zx.0090	PN4_SID289	8	328238	182218389	0
RTIGER_SNP50K	Zx.0090	PN4_SID289	9	1910097	22320721	0
RTIGER_SNP50K	Zx.0090	PN4_SID289	9	22467432	25232635	1
RTIGER_SNP50K	Zx.0090	PN4_SID289	9	25549470	25549488	2
RTIGER_SNP50K	Zx.0090	PN4_SID289	9	26768771	70827687	1
RTIGER_SNP50K	Zx.0090	PN4_SID289	9	70951102	71098640	2
RTIGER_SNP50K	Zx.0090	PN4_SID289	9	71188925	96707431	1
RTIGER_SNP50K	Zx.0090	PN4_SID289	9	96718583	96755927	2
RTIGER_SNP50K	Zx.0090	PN4_SID289	9	96985764	101658448	1
RTIGER_SNP50K	Zx.0090	PN4_SID289	9	101658460	102556517	2
RTIGER_SNP50K	Zx.0090	PN4_SID289	9	102739292	154860535	1
RTIGER_SNP50K	Zx.0090	PN4_SID289	9	155078818	162646074	0
RTIGER_SNP50K	Zx.0090	PN4_SID289	10	94302	137740557	0
RTIGER_SNP50K	Zx.0090	PN4_SID289	10	138062650	145337162	1
RTIGER_SNP50K	Zx.0090	PN4_SID289	10	145557174	145577602	2
RTIGER_SNP50K	Zx.0090	PN4_SID289	10	145628108	148789828	1
RTIGER_SNP50K	Zx.0090	PN4_SID289	10	148843859	152327194	0
RTIGER_SNP50K	Zx.0500	PN4_SID341	1	287040	2863340	1
RTIGER_SNP50K	Zx.0500	PN4_SID341	1	3159668	7164305	2
RTIGER_SNP50K	Zx.0500	PN4_SID341	1	7178721	9427072	1
RTIGER_SNP50K	Zx.0500	PN4_SID341	1	9427075	12151886	2
RTIGER_SNP50K	Zx.0500	PN4_SID341	1	12236443	33439042	1
RTIGER_SNP50K	Zx.0500	PN4_SID341	1	33464201	308258072	0
RTIGER_SNP50K	Zx.0500	PN4_SID341	2	204222	243662959	0
RTIGER_SNP50K	Zx.0500	PN4_SID341	3	147823	236941170	0
RTIGER_SNP50K	Zx.0500	PN4_SID341	4	255421	249890511	0
RTIGER_SNP50K	Zx.0500	PN4_SID341	5	362844	33303877	0
RTIGER_SNP50K	Zx.0500	PN4_SID341	5	33303883	35086942	2
RTIGER_SNP50K	Zx.0500	PN4_SID341	5	35714450	72273376	1
RTIGER_SNP50K	Zx.0500	PN4_SID341	5	72491339	80470396	2
RTIGER_SNP50K	Zx.0500	PN4_SID341	5	80471833	87644353	1
RTIGER_SNP50K	Zx.0500	PN4_SID341	5	87672953	110398223	2
RTIGER_SNP50K	Zx.0500	PN4_SID341	5	110436226	141892446	1
RTIGER_SNP50K	Zx.0500	PN4_SID341	5	141981063	150375717	2
RTIGER_SNP50K	Zx.0500	PN4_SID341	5	150499671	160448822	1
RTIGER_SNP50K	Zx.0500	PN4_SID341	5	160738501	187601820	2
RTIGER_SNP50K	Zx.0500	PN4_SID341	5	187980539	211347382	1
RTIGER_SNP50K	Zx.0500	PN4_SID341	5	211468903	226234983	0
RTIGER_SNP50K	Zx.0500	PN4_SID341	6	5260376	11624856	1
RTIGER_SNP50K	Zx.0500	PN4_SID341	6	12125589	113960274	0
RTIGER_SNP50K	Zx.0500	PN4_SID341	6	114160366	120716388	2
RTIGER_SNP50K	Zx.0500	PN4_SID341	6	120717147	180701860	0
RTIGER_SNP50K	Zx.0500	PN4_SID341	7	83761	183956162	0
RTIGER_SNP50K	Zx.0500	PN4_SID341	8	354736	182218389	0
RTIGER_SNP50K	Zx.0500	PN4_SID341	9	1566009	162591532	0
RTIGER_SNP50K	Zx.0500	PN4_SID341	10	94302	14518870	1
RTIGER_SNP50K	Zx.0500	PN4_SID341	10	14824567	17690887	2
RTIGER_SNP50K	Zx.0500	PN4_SID341	10	17809318	81593242	1
RTIGER_SNP50K	Zx.0500	PN4_SID341	10	81727227	147994501	0
RTIGER_SNP50K	Zx.0500	PN4_SID341	10	148408359	151163874	2
RTIGER_SNP50K	Zx.0500	PN4_SID341	10	151213011	152282672	1
RTIGER_SNP50K	Zx.0500	PN4_SID342	1	287040	308427802	0
RTIGER_SNP50K	Zx.0500	PN4_SID342	2	71603	6958284	0
RTIGER_SNP50K	Zx.0500	PN4_SID342	2	6987424	35369093	2
RTIGER_SNP50K	Zx.0500	PN4_SID342	2	35552738	37831782	1
RTIGER_SNP50K	Zx.0500	PN4_SID342	2	37934769	44490395	2
RTIGER_SNP50K	Zx.0500	PN4_SID342	2	44566129	100736169	1
RTIGER_SNP50K	Zx.0500	PN4_SID342	2	100742699	102324971	2
RTIGER_SNP50K	Zx.0500	PN4_SID342	2	102328968	173821582	1
RTIGER_SNP50K	Zx.0500	PN4_SID342	2	173821608	209559561	0
RTIGER_SNP50K	Zx.0500	PN4_SID342	2	209611267	219631113	2
RTIGER_SNP50K	Zx.0500	PN4_SID342	2	219740719	225469571	1
RTIGER_SNP50K	Zx.0500	PN4_SID342	2	225590832	231730014	2
RTIGER_SNP50K	Zx.0500	PN4_SID342	2	231844429	243499351	0
RTIGER_SNP50K	Zx.0500	PN4_SID342	3	147823	5706270	0
RTIGER_SNP50K	Zx.0500	PN4_SID342	3	5706295	12838041	2
RTIGER_SNP50K	Zx.0500	PN4_SID342	3	13176145	236963193	0
RTIGER_SNP50K	Zx.0500	PN4_SID342	4	255421	249925783	0
RTIGER_SNP50K	Zx.0500	PN4_SID342	5	375767	28355324	0
RTIGER_SNP50K	Zx.0500	PN4_SID342	5	28355358	33216747	1
RTIGER_SNP50K	Zx.0500	PN4_SID342	5	33291040	50385507	2
RTIGER_SNP50K	Zx.0500	PN4_SID342	5	50394178	226167943	0
RTIGER_SNP50K	Zx.0500	PN4_SID342	6	5677854	181203668	0
RTIGER_SNP50K	Zx.0500	PN4_SID342	7	419164	183979058	0
RTIGER_SNP50K	Zx.0500	PN4_SID342	8	295839	182232061	0
RTIGER_SNP50K	Zx.0500	PN4_SID342	9	1567509	162692974	0
RTIGER_SNP50K	Zx.0500	PN4_SID342	10	183757	7715128	1
RTIGER_SNP50K	Zx.0500	PN4_SID342	10	7976512	30535603	2
RTIGER_SNP50K	Zx.0500	PN4_SID342	10	30800225	37916303	1
RTIGER_SNP50K	Zx.0500	PN4_SID342	10	38015631	39047202	2
RTIGER_SNP50K	Zx.0500	PN4_SID342	10	39382630	49579733	1
RTIGER_SNP50K	Zx.0500	PN4_SID342	10	49785415	56530645	2
RTIGER_SNP50K	Zx.0500	PN4_SID342	10	56637693	60826836	1
RTIGER_SNP50K	Zx.0500	PN4_SID342	10	61284105	75393061	2
RTIGER_SNP50K	Zx.0500	PN4_SID342	10	75412532	91975833	1
RTIGER_SNP50K	Zx.0500	PN4_SID342	10	92047983	140726576	0
RTIGER_SNP50K	Zx.0500	PN4_SID342	10	140729248	152290201	2
RTIGER_SNP50K	Zx.0500	PN4_SID343	1	287040	308423715	0
RTIGER_SNP50K	Zx.0500	PN4_SID343	2	131906	74813275	0
RTIGER_SNP50K	Zx.0500	PN4_SID343	2	74820269	74823762	2
RTIGER_SNP50K	Zx.0500	PN4_SID343	2	75008529	160680684	1
RTIGER_SNP50K	Zx.0500	PN4_SID343	2	160680714	175705588	2
RTIGER_SNP50K	Zx.0500	PN4_SID343	2	176306649	180514620	1
RTIGER_SNP50K	Zx.0500	PN4_SID343	2	180535084	228503043	2
RTIGER_SNP50K	Zx.0500	PN4_SID343	2	228613751	243552371	0
RTIGER_SNP50K	Zx.0500	PN4_SID343	3	356143	14646083	0
RTIGER_SNP50K	Zx.0500	PN4_SID343	3	14830393	17369940	2
RTIGER_SNP50K	Zx.0500	PN4_SID343	3	17648681	20929801	1
RTIGER_SNP50K	Zx.0500	PN4_SID343	3	20970836	140053536	0
RTIGER_SNP50K	Zx.0500	PN4_SID343	3	140172053	157022716	1
RTIGER_SNP50K	Zx.0500	PN4_SID343	3	157369342	223155103	0
RTIGER_SNP50K	Zx.0500	PN4_SID343	3	223345030	236002303	2
RTIGER_SNP50K	Zx.0500	PN4_SID343	3	236140597	236771931	1
RTIGER_SNP50K	Zx.0500	PN4_SID343	4	255421	249925783	0
RTIGER_SNP50K	Zx.0500	PN4_SID343	5	336374	226234983	0
RTIGER_SNP50K	Zx.0500	PN4_SID343	6	5677854	14038623	1
RTIGER_SNP50K	Zx.0500	PN4_SID343	6	14041480	181187587	0
RTIGER_SNP50K	Zx.0500	PN4_SID343	7	84081	183980739	0
RTIGER_SNP50K	Zx.0500	PN4_SID343	8	295839	182172937	0
RTIGER_SNP50K	Zx.0500	PN4_SID343	9	1749539	162808411	0
RTIGER_SNP50K	Zx.0500	PN4_SID343	10	183757	152340819	0
RTIGER_SNP50K	Zx.0500	PN4_SID344	1	29860	51270804	0
RTIGER_SNP50K	Zx.0500	PN4_SID344	1	51307719	80519518	2
RTIGER_SNP50K	Zx.0500	PN4_SID344	1	80884889	105624528	1
RTIGER_SNP50K	Zx.0500	PN4_SID344	1	105746995	109517077	2
RTIGER_SNP50K	Zx.0500	PN4_SID344	1	109673680	175762073	1
RTIGER_SNP50K	Zx.0500	PN4_SID344	1	176186446	308295570	0
RTIGER_SNP50K	Zx.0500	PN4_SID344	2	175074	240761503	0
RTIGER_SNP50K	Zx.0500	PN4_SID344	2	240761505	243522318	2
RTIGER_SNP50K	Zx.0500	PN4_SID344	3	356143	2107491	1
RTIGER_SNP50K	Zx.0500	PN4_SID344	3	2205834	2652228	2
RTIGER_SNP50K	Zx.0500	PN4_SID344	3	2654033	236963193	0
RTIGER_SNP50K	Zx.0500	PN4_SID344	4	556297	249925783	0
RTIGER_SNP50K	Zx.0500	PN4_SID344	5	336374	226234983	0
RTIGER_SNP50K	Zx.0500	PN4_SID344	6	5514944	181186018	0
RTIGER_SNP50K	Zx.0500	PN4_SID344	7	84081	183979058	0
RTIGER_SNP50K	Zx.0500	PN4_SID344	8	295839	167943122	0
RTIGER_SNP50K	Zx.0500	PN4_SID344	8	167944631	182218389	1
RTIGER_SNP50K	Zx.0500	PN4_SID344	9	1566012	162809802	0
RTIGER_SNP50K	Zx.0500	PN4_SID344	10	183757	152305623	0
RTIGER_SNP50K	Zx.0500	PN4_SID345	1	287040	12385835	0
RTIGER_SNP50K	Zx.0500	PN4_SID345	1	12402981	12490603	2
RTIGER_SNP50K	Zx.0500	PN4_SID345	1	12578618	52712682	1
RTIGER_SNP50K	Zx.0500	PN4_SID345	1	52852267	88361716	0
RTIGER_SNP50K	Zx.0500	PN4_SID345	1	88441302	152928753	1
RTIGER_SNP50K	Zx.0500	PN4_SID345	1	153166201	308427802	0
RTIGER_SNP50K	Zx.0500	PN4_SID345	2	131906	33632541	0
RTIGER_SNP50K	Zx.0500	PN4_SID345	2	33826421	33826434	2
RTIGER_SNP50K	Zx.0500	PN4_SID345	2	34045684	218457665	1
RTIGER_SNP50K	Zx.0500	PN4_SID345	2	218689607	222120916	2
RTIGER_SNP50K	Zx.0500	PN4_SID345	2	222126072	225500293	1
RTIGER_SNP50K	Zx.0500	PN4_SID345	2	225590832	242194146	2
RTIGER_SNP50K	Zx.0500	PN4_SID345	2	242240976	243502467	1
RTIGER_SNP50K	Zx.0500	PN4_SID345	3	147823	1442533	1
RTIGER_SNP50K	Zx.0500	PN4_SID345	3	1585927	4275810	2
RTIGER_SNP50K	Zx.0500	PN4_SID345	3	4719540	169781063	0
RTIGER_SNP50K	Zx.0500	PN4_SID345	3	169865330	229616329	1
RTIGER_SNP50K	Zx.0500	PN4_SID345	3	229624902	236941170	0
RTIGER_SNP50K	Zx.0500	PN4_SID345	4	255421	249848884	0
RTIGER_SNP50K	Zx.0500	PN4_SID345	5	322588	226240113	0
RTIGER_SNP50K	Zx.0500	PN4_SID345	6	5260376	181203668	0
RTIGER_SNP50K	Zx.0500	PN4_SID345	7	83761	174587005	0
RTIGER_SNP50K	Zx.0500	PN4_SID345	7	174592127	177851799	1
RTIGER_SNP50K	Zx.0500	PN4_SID345	7	177911732	180939099	2
RTIGER_SNP50K	Zx.0500	PN4_SID345	7	181064957	183980739	1
RTIGER_SNP50K	Zx.0500	PN4_SID345	8	295839	82237327	1
RTIGER_SNP50K	Zx.0500	PN4_SID345	8	82390180	91073084	2
RTIGER_SNP50K	Zx.0500	PN4_SID345	8	91217396	147285781	1
RTIGER_SNP50K	Zx.0500	PN4_SID345	8	147317741	149563546	2
RTIGER_SNP50K	Zx.0500	PN4_SID345	8	149686258	173011532	1
RTIGER_SNP50K	Zx.0500	PN4_SID345	8	173101567	182218389	0
RTIGER_SNP50K	Zx.0500	PN4_SID345	9	1910097	162809802	0
RTIGER_SNP50K	Zx.0500	PN4_SID345	10	202385	152395252	0
RTIGER_SNP50K	Zx.0500	PN4_SID346	1	289351	308423715	0
RTIGER_SNP50K	Zx.0500	PN4_SID346	2	131906	243502467	0
RTIGER_SNP50K	Zx.0500	PN4_SID346	3	147823	143277130	0
RTIGER_SNP50K	Zx.0500	PN4_SID346	3	143466108	173261767	1
RTIGER_SNP50K	Zx.0500	PN4_SID346	3	173367163	180148930	2
RTIGER_SNP50K	Zx.0500	PN4_SID346	3	180344817	236941170	0
RTIGER_SNP50K	Zx.0500	PN4_SID346	4	508312	161830564	0
RTIGER_SNP50K	Zx.0500	PN4_SID346	4	162674350	181098720	2
RTIGER_SNP50K	Zx.0500	PN4_SID346	4	181212630	203229376	1
RTIGER_SNP50K	Zx.0500	PN4_SID346	4	203234859	249888371	0
RTIGER_SNP50K	Zx.0500	PN4_SID346	5	336374	226234983	0
RTIGER_SNP50K	Zx.0500	PN4_SID346	6	5677854	173798875	0
RTIGER_SNP50K	Zx.0500	PN4_SID346	6	173971516	177831815	2
RTIGER_SNP50K	Zx.0500	PN4_SID346	6	177924653	180693485	1
RTIGER_SNP50K	Zx.0500	PN4_SID346	7	469873	183980739	0
RTIGER_SNP50K	Zx.0500	PN4_SID346	8	328238	6478039	0
RTIGER_SNP50K	Zx.0500	PN4_SID346	8	6513840	8695441	2
RTIGER_SNP50K	Zx.0500	PN4_SID346	8	8861671	179032016	0
RTIGER_SNP50K	Zx.0500	PN4_SID346	8	179115579	179366928	2
RTIGER_SNP50K	Zx.0500	PN4_SID346	8	179531415	182218389	1
RTIGER_SNP50K	Zx.0500	PN4_SID346	9	1749539	20725673	1
RTIGER_SNP50K	Zx.0500	PN4_SID346	9	21050267	22771707	2
RTIGER_SNP50K	Zx.0500	PN4_SID346	9	23447195	162692974	0
RTIGER_SNP50K	Zx.0500	PN4_SID346	10	183757	88986909	0
RTIGER_SNP50K	Zx.0500	PN4_SID346	10	89002499	99466547	2
RTIGER_SNP50K	Zx.0500	PN4_SID346	10	99572648	108469934	1
RTIGER_SNP50K	Zx.0500	PN4_SID346	10	108727391	136413271	2
RTIGER_SNP50K	Zx.0500	PN4_SID346	10	136624855	152395252	0
RTIGER_SNP50K	Zx.0500	PN4_SID347	1	289351	277606526	0
RTIGER_SNP50K	Zx.0500	PN4_SID347	1	278412435	281345322	2
RTIGER_SNP50K	Zx.0500	PN4_SID347	1	281582733	298381616	0
RTIGER_SNP50K	Zx.0500	PN4_SID347	1	298395229	308290679	1
RTIGER_SNP50K	Zx.0500	PN4_SID347	2	75371	4082440	1
RTIGER_SNP50K	Zx.0500	PN4_SID347	2	4189867	14381927	2
RTIGER_SNP50K	Zx.0500	PN4_SID347	2	14430602	30528226	1
RTIGER_SNP50K	Zx.0500	PN4_SID347	2	30544591	230010280	0
RTIGER_SNP50K	Zx.0500	PN4_SID347	2	230114735	237263353	2
RTIGER_SNP50K	Zx.0500	PN4_SID347	2	237317465	243555257	0
RTIGER_SNP50K	Zx.0500	PN4_SID347	3	1100874	236939523	0
RTIGER_SNP50K	Zx.0500	PN4_SID347	4	556297	249682991	0
RTIGER_SNP50K	Zx.0500	PN4_SID347	5	336374	14024371	0
RTIGER_SNP50K	Zx.0500	PN4_SID347	5	14202617	14202671	2
RTIGER_SNP50K	Zx.0500	PN4_SID347	5	14258366	40953509	1
RTIGER_SNP50K	Zx.0500	PN4_SID347	5	40987569	42614361	2
RTIGER_SNP50K	Zx.0500	PN4_SID347	5	42614386	52379143	1
RTIGER_SNP50K	Zx.0500	PN4_SID347	5	52891866	55775180	2
RTIGER_SNP50K	Zx.0500	PN4_SID347	5	55948569	222749553	0
RTIGER_SNP50K	Zx.0500	PN4_SID347	5	223416510	226240113	2
RTIGER_SNP50K	Zx.0500	PN4_SID347	6	5260376	181187587	0
RTIGER_SNP50K	Zx.0500	PN4_SID347	7	419164	166739189	0
RTIGER_SNP50K	Zx.0500	PN4_SID347	7	166950757	170791161	2
RTIGER_SNP50K	Zx.0500	PN4_SID347	7	170809237	183967464	1
RTIGER_SNP50K	Zx.0500	PN4_SID347	8	328238	182167615	0
RTIGER_SNP50K	Zx.0500	PN4_SID347	9	1749539	154281848	0
RTIGER_SNP50K	Zx.0500	PN4_SID347	9	154359303	162551073	2
RTIGER_SNP50K	Zx.0500	PN4_SID347	10	183757	141327591	0
RTIGER_SNP50K	Zx.0500	PN4_SID347	10	141328438	144440364	2
RTIGER_SNP50K	Zx.0500	PN4_SID347	10	144445018	152395252	1
RTIGER_SNP50K	Zx.0500	PN4_SID348	1	289351	8233846	0
RTIGER_SNP50K	Zx.0500	PN4_SID348	1	8434645	17212741	2
RTIGER_SNP50K	Zx.0500	PN4_SID348	1	17244568	18706040	1
RTIGER_SNP50K	Zx.0500	PN4_SID348	1	18822765	25830057	2
RTIGER_SNP50K	Zx.0500	PN4_SID348	1	26367121	31716664	1
RTIGER_SNP50K	Zx.0500	PN4_SID348	1	31828693	305110393	0
RTIGER_SNP50K	Zx.0500	PN4_SID348	1	305224509	308330525	1
RTIGER_SNP50K	Zx.0500	PN4_SID348	2	384658	25830013	0
RTIGER_SNP50K	Zx.0500	PN4_SID348	2	26093084	141916974	1
RTIGER_SNP50K	Zx.0500	PN4_SID348	2	142506615	144129318	2
RTIGER_SNP50K	Zx.0500	PN4_SID348	2	144213543	146271134	1
RTIGER_SNP50K	Zx.0500	PN4_SID348	2	146271153	162572735	2
RTIGER_SNP50K	Zx.0500	PN4_SID348	2	162932925	166358278	1
RTIGER_SNP50K	Zx.0500	PN4_SID348	2	166375399	203763858	2
RTIGER_SNP50K	Zx.0500	PN4_SID348	2	203763873	219432621	1
RTIGER_SNP50K	Zx.0500	PN4_SID348	2	219631113	232793806	2
RTIGER_SNP50K	Zx.0500	PN4_SID348	2	233197905	243552371	0
RTIGER_SNP50K	Zx.0500	PN4_SID348	3	1100874	3914102	1
RTIGER_SNP50K	Zx.0500	PN4_SID348	3	3917736	4803848	2
RTIGER_SNP50K	Zx.0500	PN4_SID348	3	4966655	236963193	0
RTIGER_SNP50K	Zx.0500	PN4_SID348	4	425542	249888371	0
RTIGER_SNP50K	Zx.0500	PN4_SID348	5	336374	226156269	0
RTIGER_SNP50K	Zx.0500	PN4_SID348	6	5260376	180701860	0
RTIGER_SNP50K	Zx.0500	PN4_SID348	7	83761	6114193	1
RTIGER_SNP50K	Zx.0500	PN4_SID348	7	6114559	129118572	0
RTIGER_SNP50K	Zx.0500	PN4_SID348	7	129118862	130825814	2
RTIGER_SNP50K	Zx.0500	PN4_SID348	7	130931688	134209103	1
RTIGER_SNP50K	Zx.0500	PN4_SID348	7	134294344	177333461	0
RTIGER_SNP50K	Zx.0500	PN4_SID348	7	177333466	183967464	1
RTIGER_SNP50K	Zx.0500	PN4_SID348	8	328238	182172937	0
RTIGER_SNP50K	Zx.0500	PN4_SID348	9	1567509	162808411	0
RTIGER_SNP50K	Zx.0500	PN4_SID348	10	94302	152305623	0
RTIGER_SNP50K	Zx.0500	PN4_SID349	1	289351	308290679	0
RTIGER_SNP50K	Zx.0500	PN4_SID349	2	75371	2767457	1
RTIGER_SNP50K	Zx.0500	PN4_SID349	2	2832350	4915056	2
RTIGER_SNP50K	Zx.0500	PN4_SID349	2	5127111	23319358	1
RTIGER_SNP50K	Zx.0500	PN4_SID349	2	23319375	34501750	2
RTIGER_SNP50K	Zx.0500	PN4_SID349	2	34989168	40533520	1
RTIGER_SNP50K	Zx.0500	PN4_SID349	2	40933998	51923252	2
RTIGER_SNP50K	Zx.0500	PN4_SID349	2	51957257	57449432	1
RTIGER_SNP50K	Zx.0500	PN4_SID349	2	57493315	71658120	2
RTIGER_SNP50K	Zx.0500	PN4_SID349	2	71668421	76156329	1
RTIGER_SNP50K	Zx.0500	PN4_SID349	2	76156570	86635740	2
RTIGER_SNP50K	Zx.0500	PN4_SID349	2	86810120	88316684	1
RTIGER_SNP50K	Zx.0500	PN4_SID349	2	88339832	103292583	2
RTIGER_SNP50K	Zx.0500	PN4_SID349	2	103530087	109421275	1
RTIGER_SNP50K	Zx.0500	PN4_SID349	2	110207422	122273773	2
RTIGER_SNP50K	Zx.0500	PN4_SID349	2	122407424	125508807	1
RTIGER_SNP50K	Zx.0500	PN4_SID349	2	125732070	127828739	2
RTIGER_SNP50K	Zx.0500	PN4_SID349	2	128114673	131171626	1
RTIGER_SNP50K	Zx.0500	PN4_SID349	2	131205131	147928236	2
RTIGER_SNP50K	Zx.0500	PN4_SID349	2	147931291	153237987	1
RTIGER_SNP50K	Zx.0500	PN4_SID349	2	153483706	176208565	2
RTIGER_SNP50K	Zx.0500	PN4_SID349	2	176387901	181781001	1
RTIGER_SNP50K	Zx.0500	PN4_SID349	2	182140130	200923514	2
RTIGER_SNP50K	Zx.0500	PN4_SID349	2	201301425	216719623	1
RTIGER_SNP50K	Zx.0500	PN4_SID349	2	216867027	243552371	0
RTIGER_SNP50K	Zx.0500	PN4_SID349	3	147823	1814501	1
RTIGER_SNP50K	Zx.0500	PN4_SID349	3	1978500	4503371	2
RTIGER_SNP50K	Zx.0500	PN4_SID349	3	4739482	236963193	0
RTIGER_SNP50K	Zx.0500	PN4_SID349	4	514639	241512686	0
RTIGER_SNP50K	Zx.0500	PN4_SID349	4	241911802	245460799	2
RTIGER_SNP50K	Zx.0500	PN4_SID349	4	245471181	249925783	1
RTIGER_SNP50K	Zx.0500	PN4_SID349	5	460404	226240113	0
RTIGER_SNP50K	Zx.0500	PN4_SID349	6	5514944	118948071	0
RTIGER_SNP50K	Zx.0500	PN4_SID349	6	118987532	132495063	2
RTIGER_SNP50K	Zx.0500	PN4_SID349	6	132693728	141318342	1
RTIGER_SNP50K	Zx.0500	PN4_SID349	6	141490293	153143570	2
RTIGER_SNP50K	Zx.0500	PN4_SID349	6	153641566	181186018	0
RTIGER_SNP50K	Zx.0500	PN4_SID349	7	387430	183956162	0
RTIGER_SNP50K	Zx.0500	PN4_SID349	8	328238	182232061	0
RTIGER_SNP50K	Zx.0500	PN4_SID349	9	2208406	162809802	0
RTIGER_SNP50K	Zx.0500	PN4_SID349	10	189654	152395252	0
RTIGER_SNP50K	Zx.0500	PN4_SID350	1	29860	308330525	0
RTIGER_SNP50K	Zx.0500	PN4_SID350	2	131906	3813574	1
RTIGER_SNP50K	Zx.0500	PN4_SID350	2	3819003	7035744	2
RTIGER_SNP50K	Zx.0500	PN4_SID350	2	7359340	12522391	1
RTIGER_SNP50K	Zx.0500	PN4_SID350	2	12582818	17541987	2
RTIGER_SNP50K	Zx.0500	PN4_SID350	2	17786364	23714446	1
RTIGER_SNP50K	Zx.0500	PN4_SID350	2	23714454	35934881	2
RTIGER_SNP50K	Zx.0500	PN4_SID350	2	35942842	37060456	1
RTIGER_SNP50K	Zx.0500	PN4_SID350	2	37060477	38755618	2
RTIGER_SNP50K	Zx.0500	PN4_SID350	2	38766440	74260462	1
RTIGER_SNP50K	Zx.0500	PN4_SID350	2	74423098	76978648	2
RTIGER_SNP50K	Zx.0500	PN4_SID350	2	76982184	91880531	1
RTIGER_SNP50K	Zx.0500	PN4_SID350	2	91885207	92392622	2
RTIGER_SNP50K	Zx.0500	PN4_SID350	2	92500716	120540287	1
RTIGER_SNP50K	Zx.0500	PN4_SID350	2	120548659	129613673	2
RTIGER_SNP50K	Zx.0500	PN4_SID350	2	129684671	130102936	1
RTIGER_SNP50K	Zx.0500	PN4_SID350	2	130115815	154210613	2
RTIGER_SNP50K	Zx.0500	PN4_SID350	2	154243789	160977715	1
RTIGER_SNP50K	Zx.0500	PN4_SID350	2	161467144	176090019	2
RTIGER_SNP50K	Zx.0500	PN4_SID350	2	176208790	180691823	1
RTIGER_SNP50K	Zx.0500	PN4_SID350	2	180868921	215607219	2
RTIGER_SNP50K	Zx.0500	PN4_SID350	2	215795472	225445934	1
RTIGER_SNP50K	Zx.0500	PN4_SID350	2	225542726	239706040	2
RTIGER_SNP50K	Zx.0500	PN4_SID350	2	239812175	243522318	1
RTIGER_SNP50K	Zx.0500	PN4_SID350	3	147823	236963193	0
RTIGER_SNP50K	Zx.0500	PN4_SID350	4	514639	5279357	1
RTIGER_SNP50K	Zx.0500	PN4_SID350	4	5340254	249925783	0
RTIGER_SNP50K	Zx.0500	PN4_SID350	5	336374	181939995	0
RTIGER_SNP50K	Zx.0500	PN4_SID350	5	182069206	186492609	2
RTIGER_SNP50K	Zx.0500	PN4_SID350	5	186492619	226234983	0
RTIGER_SNP50K	Zx.0500	PN4_SID350	6	5679415	168894028	0
RTIGER_SNP50K	Zx.0500	PN4_SID350	6	168895578	170875520	2
RTIGER_SNP50K	Zx.0500	PN4_SID350	6	171109722	173059910	1
RTIGER_SNP50K	Zx.0500	PN4_SID350	6	173307273	175013846	2
RTIGER_SNP50K	Zx.0500	PN4_SID350	6	175023525	180772064	0
RTIGER_SNP50K	Zx.0500	PN4_SID350	7	271597	183948078	0
RTIGER_SNP50K	Zx.0500	PN4_SID350	8	354736	182232061	0
RTIGER_SNP50K	Zx.0500	PN4_SID350	9	1566009	154593801	0
RTIGER_SNP50K	Zx.0500	PN4_SID350	9	156596821	157902208	2
RTIGER_SNP50K	Zx.0500	PN4_SID350	9	157925981	162646074	1
RTIGER_SNP50K	Zx.0500	PN4_SID350	10	94503	152340819	0
RTIGER_SNP50K	Zx.0500	PN4_SID351	1	287040	308330385	0
RTIGER_SNP50K	Zx.0500	PN4_SID351	2	76737	175074	1
RTIGER_SNP50K	Zx.0500	PN4_SID351	2	400602	11326503	2
RTIGER_SNP50K	Zx.0500	PN4_SID351	2	11411504	61683899	0
RTIGER_SNP50K	Zx.0500	PN4_SID351	2	61768846	162614310	1
RTIGER_SNP50K	Zx.0500	PN4_SID351	2	162828717	243555257	0
RTIGER_SNP50K	Zx.0500	PN4_SID351	3	147823	236941170	0
RTIGER_SNP50K	Zx.0500	PN4_SID351	4	255421	240871505	0
RTIGER_SNP50K	Zx.0500	PN4_SID351	4	241174518	241300166	2
RTIGER_SNP50K	Zx.0500	PN4_SID351	4	241318202	246601078	1
RTIGER_SNP50K	Zx.0500	PN4_SID351	4	246689007	248197648	2
RTIGER_SNP50K	Zx.0500	PN4_SID351	4	248342296	249925783	1
RTIGER_SNP50K	Zx.0500	PN4_SID351	5	375767	78613890	0
RTIGER_SNP50K	Zx.0500	PN4_SID351	5	78831294	114515425	2
RTIGER_SNP50K	Zx.0500	PN4_SID351	5	114516348	117602615	1
RTIGER_SNP50K	Zx.0500	PN4_SID351	5	117677695	142978580	2
RTIGER_SNP50K	Zx.0500	PN4_SID351	5	143010599	151071311	1
RTIGER_SNP50K	Zx.0500	PN4_SID351	5	151087181	162179669	2
RTIGER_SNP50K	Zx.0500	PN4_SID351	5	162548462	170188088	1
RTIGER_SNP50K	Zx.0500	PN4_SID351	5	170208233	179528896	2
RTIGER_SNP50K	Zx.0500	PN4_SID351	5	179754379	183815265	1
RTIGER_SNP50K	Zx.0500	PN4_SID351	5	184086181	186640952	2
RTIGER_SNP50K	Zx.0500	PN4_SID351	5	187074875	226156269	0
RTIGER_SNP50K	Zx.0500	PN4_SID351	6	5720392	181187587	0
RTIGER_SNP50K	Zx.0500	PN4_SID351	7	271597	183979058	0
RTIGER_SNP50K	Zx.0500	PN4_SID351	8	328238	416910	1
RTIGER_SNP50K	Zx.0500	PN4_SID351	8	422253	7336181	2
RTIGER_SNP50K	Zx.0500	PN4_SID351	8	7413486	8986453	1
RTIGER_SNP50K	Zx.0500	PN4_SID351	8	8996063	182232061	0
RTIGER_SNP50K	Zx.0500	PN4_SID351	9	1566009	162809802	0
RTIGER_SNP50K	Zx.0500	PN4_SID351	10	94302	120914955	0
RTIGER_SNP50K	Zx.0500	PN4_SID351	10	121149534	121667172	2
RTIGER_SNP50K	Zx.0500	PN4_SID351	10	121719068	141328438	1
RTIGER_SNP50K	Zx.0500	PN4_SID351	10	141418057	144329737	2
RTIGER_SNP50K	Zx.0500	PN4_SID351	10	144432692	146444000	1
RTIGER_SNP50K	Zx.0500	PN4_SID351	10	146595192	152327194	0
RTIGER_SNP50K	Zx.0540	PN5_SID464	1	287040	308423715	0
RTIGER_SNP50K	Zx.0540	PN5_SID464	2	175074	5764756	0
RTIGER_SNP50K	Zx.0540	PN5_SID464	2	6044023	55565441	1
RTIGER_SNP50K	Zx.0540	PN5_SID464	2	55633250	243499351	0
RTIGER_SNP50K	Zx.0540	PN5_SID464	3	147823	2107485	1
RTIGER_SNP50K	Zx.0540	PN5_SID464	3	2107491	221419939	0
RTIGER_SNP50K	Zx.0540	PN5_SID464	3	221420859	235925051	1
RTIGER_SNP50K	Zx.0540	PN5_SID464	3	235976543	236963193	0
RTIGER_SNP50K	Zx.0540	PN5_SID464	4	986672	2077580	0
RTIGER_SNP50K	Zx.0540	PN5_SID464	4	2784233	4456516	1
RTIGER_SNP50K	Zx.0540	PN5_SID464	4	4458574	245471181	0
RTIGER_SNP50K	Zx.0540	PN5_SID464	4	245471207	249833858	1
RTIGER_SNP50K	Zx.0540	PN5_SID464	5	400394	226234983	0
RTIGER_SNP50K	Zx.0540	PN5_SID464	6	5720392	178979269	0
RTIGER_SNP50K	Zx.0540	PN5_SID464	6	179211151	181024267	1
RTIGER_SNP50K	Zx.0540	PN5_SID464	7	343733	183952244	0
RTIGER_SNP50K	Zx.0540	PN5_SID464	8	388196	182218389	0
RTIGER_SNP50K	Zx.0540	PN5_SID464	9	1567509	162809802	0
RTIGER_SNP50K	Zx.0540	PN5_SID464	10	189654	145213089	0
RTIGER_SNP50K	Zx.0540	PN5_SID464	10	145337162	152269051	1
RTIGER_SNP50K	Zx.0540	PN5_SID465	1	289351	5481252	1
RTIGER_SNP50K	Zx.0540	PN5_SID465	1	5481637	6605055	2
RTIGER_SNP50K	Zx.0540	PN5_SID465	1	6777760	9427075	1
RTIGER_SNP50K	Zx.0540	PN5_SID465	1	9516316	308423715	0
RTIGER_SNP50K	Zx.0540	PN5_SID465	2	350690	5764632	1
RTIGER_SNP50K	Zx.0540	PN5_SID465	2	5778197	19216780	0
RTIGER_SNP50K	Zx.0540	PN5_SID465	2	19284550	55039131	1
RTIGER_SNP50K	Zx.0540	PN5_SID465	2	55338732	55565441	2
RTIGER_SNP50K	Zx.0540	PN5_SID465	2	55719621	227439212	0
RTIGER_SNP50K	Zx.0540	PN5_SID465	2	227512733	228301124	2
RTIGER_SNP50K	Zx.0540	PN5_SID465	2	228301331	243555257	1
RTIGER_SNP50K	Zx.0540	PN5_SID465	3	356143	221420859	0
RTIGER_SNP50K	Zx.0540	PN5_SID465	3	221962269	236939523	1
RTIGER_SNP50K	Zx.0540	PN5_SID465	4	255421	158935796	0
RTIGER_SNP50K	Zx.0540	PN5_SID465	4	159138404	194932846	1
RTIGER_SNP50K	Zx.0540	PN5_SID465	4	195119399	202103621	0
RTIGER_SNP50K	Zx.0540	PN5_SID465	4	202141874	205928268	1
RTIGER_SNP50K	Zx.0540	PN5_SID465	4	205930475	206156532	2
RTIGER_SNP50K	Zx.0540	PN5_SID465	4	206398068	249925783	0
RTIGER_SNP50K	Zx.0540	PN5_SID465	5	336374	226227487	0
RTIGER_SNP50K	Zx.0540	PN5_SID465	6	5260376	29340675	0
RTIGER_SNP50K	Zx.0540	PN5_SID465	6	29490065	31662917	1
RTIGER_SNP50K	Zx.0540	PN5_SID465	6	31931141	49755771	0
RTIGER_SNP50K	Zx.0540	PN5_SID465	6	49846600	64954624	1
RTIGER_SNP50K	Zx.0540	PN5_SID465	6	65054214	171484324	0
RTIGER_SNP50K	Zx.0540	PN5_SID465	6	171499021	175844238	1
RTIGER_SNP50K	Zx.0540	PN5_SID465	6	176136668	181187587	0
RTIGER_SNP50K	Zx.0540	PN5_SID465	7	83761	6583965	0
RTIGER_SNP50K	Zx.0540	PN5_SID465	7	6601579	14926521	1
RTIGER_SNP50K	Zx.0540	PN5_SID465	7	15021142	15114778	2
RTIGER_SNP50K	Zx.0540	PN5_SID465	7	15443619	30943365	1
RTIGER_SNP50K	Zx.0540	PN5_SID465	7	31047517	31991082	2
RTIGER_SNP50K	Zx.0540	PN5_SID465	7	32358705	44610679	1
RTIGER_SNP50K	Zx.0540	PN5_SID465	7	44723607	46086811	2
RTIGER_SNP50K	Zx.0540	PN5_SID465	7	46220089	49153268	1
RTIGER_SNP50K	Zx.0540	PN5_SID465	7	49263690	49598551	2
RTIGER_SNP50K	Zx.0540	PN5_SID465	7	49733700	52568571	1
RTIGER_SNP50K	Zx.0540	PN5_SID465	7	52633399	53820747	2
RTIGER_SNP50K	Zx.0540	PN5_SID465	7	53825796	54645224	1
RTIGER_SNP50K	Zx.0540	PN5_SID465	7	54649975	55585204	2
RTIGER_SNP50K	Zx.0540	PN5_SID465	7	55596126	58557331	1
RTIGER_SNP50K	Zx.0540	PN5_SID465	7	59001847	60920690	2
RTIGER_SNP50K	Zx.0540	PN5_SID465	7	60920877	65876447	1
RTIGER_SNP50K	Zx.0540	PN5_SID465	7	65876521	67067966	2
RTIGER_SNP50K	Zx.0540	PN5_SID465	7	67113732	68355953	1
RTIGER_SNP50K	Zx.0540	PN5_SID465	7	68361273	69468829	2
RTIGER_SNP50K	Zx.0540	PN5_SID465	7	69515254	72747056	1
RTIGER_SNP50K	Zx.0540	PN5_SID465	7	72888232	75245331	2
RTIGER_SNP50K	Zx.0540	PN5_SID465	7	75314638	76792310	1
RTIGER_SNP50K	Zx.0540	PN5_SID465	7	76892444	77399755	2
RTIGER_SNP50K	Zx.0540	PN5_SID465	7	77479382	80036934	1
RTIGER_SNP50K	Zx.0540	PN5_SID465	7	80049085	81104386	2
RTIGER_SNP50K	Zx.0540	PN5_SID465	7	81139464	89837648	1
RTIGER_SNP50K	Zx.0540	PN5_SID465	7	89862384	91488232	2
RTIGER_SNP50K	Zx.0540	PN5_SID465	7	91609755	119828949	1
RTIGER_SNP50K	Zx.0540	PN5_SID465	7	119837624	120013425	2
RTIGER_SNP50K	Zx.0540	PN5_SID465	7	120461910	121431444	1
RTIGER_SNP50K	Zx.0540	PN5_SID465	7	121681209	123790092	2
RTIGER_SNP50K	Zx.0540	PN5_SID465	7	124078093	164598602	1
RTIGER_SNP50K	Zx.0540	PN5_SID465	7	164802886	165152599	2
RTIGER_SNP50K	Zx.0540	PN5_SID465	7	165345190	183967464	0
RTIGER_SNP50K	Zx.0540	PN5_SID465	8	388196	182172937	0
RTIGER_SNP50K	Zx.0540	PN5_SID465	9	1958125	162809802	0
RTIGER_SNP50K	Zx.0540	PN5_SID465	10	189114	148174426	0
RTIGER_SNP50K	Zx.0540	PN5_SID465	10	148255093	149250373	2
RTIGER_SNP50K	Zx.0540	PN5_SID465	10	149300155	152276050	1
RTIGER_SNP50K	Zx.0540	PN5_SID466	1	287040	25827805	0
RTIGER_SNP50K	Zx.0540	PN5_SID466	1	25893623	29133995	1
RTIGER_SNP50K	Zx.0540	PN5_SID466	1	29136546	308295570	0
RTIGER_SNP50K	Zx.0540	PN5_SID466	2	204222	50869899	0
RTIGER_SNP50K	Zx.0540	PN5_SID466	2	51053675	61763077	1
RTIGER_SNP50K	Zx.0540	PN5_SID466	2	61788967	62573241	2
RTIGER_SNP50K	Zx.0540	PN5_SID466	2	62641610	243555257	0
RTIGER_SNP50K	Zx.0540	PN5_SID466	3	356143	236963193	0
RTIGER_SNP50K	Zx.0540	PN5_SID466	4	556297	6040435	1
RTIGER_SNP50K	Zx.0540	PN5_SID466	4	6111730	173720419	0
RTIGER_SNP50K	Zx.0540	PN5_SID466	4	173825135	180048355	1
RTIGER_SNP50K	Zx.0540	PN5_SID466	4	180297741	249801221	0
RTIGER_SNP50K	Zx.0540	PN5_SID466	5	322588	225652446	0
RTIGER_SNP50K	Zx.0540	PN5_SID466	6	5679415	180392196	0
RTIGER_SNP50K	Zx.0540	PN5_SID466	6	180404353	180772064	1
RTIGER_SNP50K	Zx.0540	PN5_SID466	7	343733	125932724	0
RTIGER_SNP50K	Zx.0540	PN5_SID466	7	126245132	168626583	1
RTIGER_SNP50K	Zx.0540	PN5_SID466	7	168644149	169389900	2
RTIGER_SNP50K	Zx.0540	PN5_SID466	7	169597029	183979058	0
RTIGER_SNP50K	Zx.0540	PN5_SID466	8	295839	60232104	1
RTIGER_SNP50K	Zx.0540	PN5_SID466	8	60320742	72707621	0
RTIGER_SNP50K	Zx.0540	PN5_SID466	8	72895508	72895539	2
RTIGER_SNP50K	Zx.0540	PN5_SID466	8	72948801	101057895	0
RTIGER_SNP50K	Zx.0540	PN5_SID466	8	101071194	150671468	1
RTIGER_SNP50K	Zx.0540	PN5_SID466	8	150925706	182167615	0
RTIGER_SNP50K	Zx.0540	PN5_SID466	9	1566009	162808411	0
RTIGER_SNP50K	Zx.0540	PN5_SID466	10	183757	152340819	0
RTIGER_SNP50K	Zx.0540	PN5_SID467	1	29860	34569004	0
RTIGER_SNP50K	Zx.0540	PN5_SID467	1	34807848	37108152	1
RTIGER_SNP50K	Zx.0540	PN5_SID467	1	37481868	308330525	0
RTIGER_SNP50K	Zx.0540	PN5_SID467	2	75371	137319019	0
RTIGER_SNP50K	Zx.0540	PN5_SID467	2	137369948	144469391	1
RTIGER_SNP50K	Zx.0540	PN5_SID467	2	144583805	184868668	0
RTIGER_SNP50K	Zx.0540	PN5_SID467	2	185100977	213744161	1
RTIGER_SNP50K	Zx.0540	PN5_SID467	2	214213596	236062675	0
RTIGER_SNP50K	Zx.0540	PN5_SID467	2	236165264	243555257	1
RTIGER_SNP50K	Zx.0540	PN5_SID467	3	356143	1544245	1
RTIGER_SNP50K	Zx.0540	PN5_SID467	3	1893399	236939523	0
RTIGER_SNP50K	Zx.0540	PN5_SID467	4	514639	638586	2
RTIGER_SNP50K	Zx.0540	PN5_SID467	4	988744	161136414	1
RTIGER_SNP50K	Zx.0540	PN5_SID467	4	161537832	249925783	0
RTIGER_SNP50K	Zx.0540	PN5_SID467	5	336374	226240113	0
RTIGER_SNP50K	Zx.0540	PN5_SID467	6	5514944	9499812	1
RTIGER_SNP50K	Zx.0540	PN5_SID467	6	9565908	39878097	0
RTIGER_SNP50K	Zx.0540	PN5_SID467	6	41711544	108676390	1
RTIGER_SNP50K	Zx.0540	PN5_SID467	6	108997757	179559401	0
RTIGER_SNP50K	Zx.0540	PN5_SID467	6	179643179	180695783	1
RTIGER_SNP50K	Zx.0540	PN5_SID467	7	83761	161808162	0
RTIGER_SNP50K	Zx.0540	PN5_SID467	7	161942253	161942274	2
RTIGER_SNP50K	Zx.0540	PN5_SID467	7	162486601	182526992	0
RTIGER_SNP50K	Zx.0540	PN5_SID467	7	182527022	183980739	1
RTIGER_SNP50K	Zx.0540	PN5_SID467	8	295839	171434263	0
RTIGER_SNP50K	Zx.0540	PN5_SID467	8	171644552	174940906	1
RTIGER_SNP50K	Zx.0540	PN5_SID467	8	175017637	182232061	0
RTIGER_SNP50K	Zx.0540	PN5_SID467	9	1567509	30657884	0
RTIGER_SNP50K	Zx.0540	PN5_SID467	9	31471533	31480546	2
RTIGER_SNP50K	Zx.0540	PN5_SID467	9	32356004	162692974	0
RTIGER_SNP50K	Zx.0540	PN5_SID467	10	94503	22990991	0
RTIGER_SNP50K	Zx.0540	PN5_SID467	10	23093721	55969014	1
RTIGER_SNP50K	Zx.0540	PN5_SID467	10	56375206	63885245	0
RTIGER_SNP50K	Zx.0540	PN5_SID467	10	64146892	80986516	1
RTIGER_SNP50K	Zx.0540	PN5_SID467	10	81040131	82172700	2
RTIGER_SNP50K	Zx.0540	PN5_SID467	10	82179096	96937423	1
RTIGER_SNP50K	Zx.0540	PN5_SID467	10	97185817	97822660	2
RTIGER_SNP50K	Zx.0540	PN5_SID467	10	98138643	102393522	1
RTIGER_SNP50K	Zx.0540	PN5_SID467	10	102439394	103109116	2
RTIGER_SNP50K	Zx.0540	PN5_SID467	10	103114972	114460836	1
RTIGER_SNP50K	Zx.0540	PN5_SID467	10	114610334	127841026	0
RTIGER_SNP50K	Zx.0540	PN5_SID467	10	127870397	152282672	1
RTIGER_SNP50K	Zx.0540	PN5_SID469	1	289351	181011514	0
RTIGER_SNP50K	Zx.0540	PN5_SID469	1	181012261	204192948	1
RTIGER_SNP50K	Zx.0540	PN5_SID469	1	204344663	222106648	0
RTIGER_SNP50K	Zx.0540	PN5_SID469	1	222107988	222465692	1
RTIGER_SNP50K	Zx.0540	PN5_SID469	1	222594788	308290679	0
RTIGER_SNP50K	Zx.0540	PN5_SID469	2	71603	243522232	0
RTIGER_SNP50K	Zx.0540	PN5_SID469	3	147823	231000549	0
RTIGER_SNP50K	Zx.0540	PN5_SID469	3	231019807	236963193	1
RTIGER_SNP50K	Zx.0540	PN5_SID469	4	514639	249801221	0
RTIGER_SNP50K	Zx.0540	PN5_SID469	5	336374	226240113	0
RTIGER_SNP50K	Zx.0540	PN5_SID469	6	5932634	180695783	0
RTIGER_SNP50K	Zx.0540	PN5_SID469	7	84081	8641644	0
RTIGER_SNP50K	Zx.0540	PN5_SID469	7	8680042	30037640	1
RTIGER_SNP50K	Zx.0540	PN5_SID469	7	30037653	30041583	2
RTIGER_SNP50K	Zx.0540	PN5_SID469	7	30142280	183882190	0
RTIGER_SNP50K	Zx.0540	PN5_SID469	8	460894	113065214	0
RTIGER_SNP50K	Zx.0540	PN5_SID469	8	113733737	145109305	1
RTIGER_SNP50K	Zx.0540	PN5_SID469	8	146077511	182232061	0
RTIGER_SNP50K	Zx.0540	PN5_SID469	9	2116345	162809802	0
RTIGER_SNP50K	Zx.0540	PN5_SID469	10	202385	152282672	0
RTIGER_SNP50K	Zx.0540	PN5_SID470	1	363429	25325482	0
RTIGER_SNP50K	Zx.0540	PN5_SID470	1	25333420	45821662	1
RTIGER_SNP50K	Zx.0540	PN5_SID470	1	45918053	157526780	0
RTIGER_SNP50K	Zx.0540	PN5_SID470	1	157591744	157591757	2
RTIGER_SNP50K	Zx.0540	PN5_SID470	1	157690426	308330525	0
RTIGER_SNP50K	Zx.0540	PN5_SID470	2	75371	4915082	1
RTIGER_SNP50K	Zx.0540	PN5_SID470	2	5198316	132671268	0
RTIGER_SNP50K	Zx.0540	PN5_SID470	2	132912073	212692333	1
RTIGER_SNP50K	Zx.0540	PN5_SID470	2	212798222	243662959	0
RTIGER_SNP50K	Zx.0540	PN5_SID470	3	1170028	236519343	0
RTIGER_SNP50K	Zx.0540	PN5_SID470	4	1034564	247800316	0
RTIGER_SNP50K	Zx.0540	PN5_SID470	4	247892767	249629974	1
RTIGER_SNP50K	Zx.0540	PN5_SID470	5	375767	226234983	0
RTIGER_SNP50K	Zx.0540	PN5_SID470	6	5679415	109194474	0
RTIGER_SNP50K	Zx.0540	PN5_SID470	6	111133494	141490293	1
RTIGER_SNP50K	Zx.0540	PN5_SID470	6	141518850	143075303	2
RTIGER_SNP50K	Zx.0540	PN5_SID470	6	143209296	149836259	1
RTIGER_SNP50K	Zx.0540	PN5_SID470	6	149836289	150625058	2
RTIGER_SNP50K	Zx.0540	PN5_SID470	6	150625935	180485105	1
RTIGER_SNP50K	Zx.0540	PN5_SID470	7	483041	172063157	0
RTIGER_SNP50K	Zx.0540	PN5_SID470	7	172063160	183956162	1
RTIGER_SNP50K	Zx.0540	PN5_SID470	8	354736	71022078	0
RTIGER_SNP50K	Zx.0540	PN5_SID470	8	71664246	93670629	1
RTIGER_SNP50K	Zx.0540	PN5_SID470	8	93854360	94338373	2
RTIGER_SNP50K	Zx.0540	PN5_SID470	8	94855196	106773773	1
RTIGER_SNP50K	Zx.0540	PN5_SID470	8	106858880	107368191	2
RTIGER_SNP50K	Zx.0540	PN5_SID470	8	107630869	119338578	1
RTIGER_SNP50K	Zx.0540	PN5_SID470	8	119473206	179366928	0
RTIGER_SNP50K	Zx.0540	PN5_SID470	8	179666091	182167615	1
RTIGER_SNP50K	Zx.0540	PN5_SID470	9	1566009	162809802	0
RTIGER_SNP50K	Zx.0540	PN5_SID470	10	189114	5219747	0
RTIGER_SNP50K	Zx.0540	PN5_SID470	10	6250342	7976512	2
RTIGER_SNP50K	Zx.0540	PN5_SID470	10	9815428	152282672	1
RTIGER_SNP50K	Zx.0540	PN5_SID471	1	29860	93786640	0
RTIGER_SNP50K	Zx.0540	PN5_SID471	1	93988182	96441780	1
RTIGER_SNP50K	Zx.0540	PN5_SID471	1	96460143	256763307	0
RTIGER_SNP50K	Zx.0540	PN5_SID471	1	257317462	267995290	1
RTIGER_SNP50K	Zx.0540	PN5_SID471	1	268247414	308427802	0
RTIGER_SNP50K	Zx.0540	PN5_SID471	2	175074	11411504	0
RTIGER_SNP50K	Zx.0540	PN5_SID471	2	11876455	26443909	1
RTIGER_SNP50K	Zx.0540	PN5_SID471	2	26475828	26475902	2
RTIGER_SNP50K	Zx.0540	PN5_SID471	2	27523487	40275595	1
RTIGER_SNP50K	Zx.0540	PN5_SID471	2	40430966	50693964	0
RTIGER_SNP50K	Zx.0540	PN5_SID471	2	50798685	60441811	1
RTIGER_SNP50K	Zx.0540	PN5_SID471	2	60614527	65884777	0
RTIGER_SNP50K	Zx.0540	PN5_SID471	2	66136514	89376780	1
RTIGER_SNP50K	Zx.0540	PN5_SID471	2	89446192	92807325	0
RTIGER_SNP50K	Zx.0540	PN5_SID471	2	92899677	102944335	1
RTIGER_SNP50K	Zx.0540	PN5_SID471	2	102956881	107255318	0
RTIGER_SNP50K	Zx.0540	PN5_SID471	2	107282954	126969529	1
RTIGER_SNP50K	Zx.0540	PN5_SID471	2	127242759	158985824	0
RTIGER_SNP50K	Zx.0540	PN5_SID471	2	158990560	187786466	1
RTIGER_SNP50K	Zx.0540	PN5_SID471	2	187830337	189240376	2
RTIGER_SNP50K	Zx.0540	PN5_SID471	2	189329308	236732204	0
RTIGER_SNP50K	Zx.0540	PN5_SID471	2	237231307	243552371	1
RTIGER_SNP50K	Zx.0540	PN5_SID471	3	356143	13476220	0
RTIGER_SNP50K	Zx.0540	PN5_SID471	3	13732697	36485960	1
RTIGER_SNP50K	Zx.0540	PN5_SID471	3	36797464	36814975	2
RTIGER_SNP50K	Zx.0540	PN5_SID471	3	37032739	83812189	1
RTIGER_SNP50K	Zx.0540	PN5_SID471	3	83956574	87269304	2
RTIGER_SNP50K	Zx.0540	PN5_SID471	3	87854957	157022716	1
RTIGER_SNP50K	Zx.0540	PN5_SID471	3	157255757	236776275	0
RTIGER_SNP50K	Zx.0540	PN5_SID471	4	986672	249848884	0
RTIGER_SNP50K	Zx.0540	PN5_SID471	5	336374	177060852	0
RTIGER_SNP50K	Zx.0540	PN5_SID471	5	177574038	226167943	1
RTIGER_SNP50K	Zx.0540	PN5_SID471	6	5677854	181203668	0
RTIGER_SNP50K	Zx.0540	PN5_SID471	7	387430	183956162	0
RTIGER_SNP50K	Zx.0540	PN5_SID471	8	354973	107762396	0
RTIGER_SNP50K	Zx.0540	PN5_SID471	8	107762411	163906060	1
RTIGER_SNP50K	Zx.0540	PN5_SID471	8	164004774	182127528	0
RTIGER_SNP50K	Zx.0540	PN5_SID471	9	1566009	162808411	0
RTIGER_SNP50K	Zx.0540	PN5_SID471	10	94302	152340819	0
RTIGER_SNP50K	Zx.0540	PN5_SID472	1	289351	174038019	0
RTIGER_SNP50K	Zx.0540	PN5_SID472	1	174362161	177351181	2
RTIGER_SNP50K	Zx.0540	PN5_SID472	1	177519369	181360979	1
RTIGER_SNP50K	Zx.0540	PN5_SID472	1	182001914	184198832	2
RTIGER_SNP50K	Zx.0540	PN5_SID472	1	184204404	204401203	1
RTIGER_SNP50K	Zx.0540	PN5_SID472	1	204441551	205907441	2
RTIGER_SNP50K	Zx.0540	PN5_SID472	1	206419399	308423715	0
RTIGER_SNP50K	Zx.0540	PN5_SID472	2	175074	28441065	0
RTIGER_SNP50K	Zx.0540	PN5_SID472	2	29018058	137191984	1
RTIGER_SNP50K	Zx.0540	PN5_SID472	2	137370366	137828334	2
RTIGER_SNP50K	Zx.0540	PN5_SID472	2	138118403	184720349	1
RTIGER_SNP50K	Zx.0540	PN5_SID472	2	184726483	243502467	0
RTIGER_SNP50K	Zx.0540	PN5_SID472	3	1069691	236736629	0
RTIGER_SNP50K	Zx.0540	PN5_SID472	4	556297	249274825	0
RTIGER_SNP50K	Zx.0540	PN5_SID472	5	336374	226127101	0
RTIGER_SNP50K	Zx.0540	PN5_SID472	6	5514944	131924100	0
RTIGER_SNP50K	Zx.0540	PN5_SID472	6	132361145	133981474	1
RTIGER_SNP50K	Zx.0540	PN5_SID472	6	134125243	139380353	2
RTIGER_SNP50K	Zx.0540	PN5_SID472	6	139599422	141722277	1
RTIGER_SNP50K	Zx.0540	PN5_SID472	6	141824838	143070714	2
RTIGER_SNP50K	Zx.0540	PN5_SID472	6	143199586	161932199	1
RTIGER_SNP50K	Zx.0540	PN5_SID472	6	162100631	181024267	0
RTIGER_SNP50K	Zx.0540	PN5_SID472	7	343733	183882190	0
RTIGER_SNP50K	Zx.0540	PN5_SID472	8	388196	81630511	0
RTIGER_SNP50K	Zx.0540	PN5_SID472	8	81630512	98899768	1
RTIGER_SNP50K	Zx.0540	PN5_SID472	8	100881010	182232061	0
RTIGER_SNP50K	Zx.0540	PN5_SID472	9	1566012	147077523	0
RTIGER_SNP50K	Zx.0540	PN5_SID472	9	147467669	162591532	1
RTIGER_SNP50K	Zx.0540	PN5_SID472	10	94503	152282672	0
RTIGER_SNP50K	Zx.0540	PN5_SID473	1	287040	191434779	0
RTIGER_SNP50K	Zx.0540	PN5_SID473	1	191512641	219544832	1
RTIGER_SNP50K	Zx.0540	PN5_SID473	1	219558759	308330525	0
RTIGER_SNP50K	Zx.0540	PN5_SID473	2	71603	236733829	0
RTIGER_SNP50K	Zx.0540	PN5_SID473	2	236768849	239432054	1
RTIGER_SNP50K	Zx.0540	PN5_SID473	2	239506903	243555257	0
RTIGER_SNP50K	Zx.0540	PN5_SID473	3	147823	27257498	1
RTIGER_SNP50K	Zx.0540	PN5_SID473	3	27257524	28335949	2
RTIGER_SNP50K	Zx.0540	PN5_SID473	3	28478450	30930305	0
RTIGER_SNP50K	Zx.0540	PN5_SID473	3	30987870	30987979	2
RTIGER_SNP50K	Zx.0540	PN5_SID473	3	31095522	236941170	0
RTIGER_SNP50K	Zx.0540	PN5_SID473	4	514639	164525617	0
RTIGER_SNP50K	Zx.0540	PN5_SID473	4	165122037	167378732	1
RTIGER_SNP50K	Zx.0540	PN5_SID473	4	167732104	168463441	2
RTIGER_SNP50K	Zx.0540	PN5_SID473	4	168855761	173688245	1
RTIGER_SNP50K	Zx.0540	PN5_SID473	4	173825153	175464372	2
RTIGER_SNP50K	Zx.0540	PN5_SID473	4	175594384	242645155	1
RTIGER_SNP50K	Zx.0540	PN5_SID473	4	243260831	249925783	0
RTIGER_SNP50K	Zx.0540	PN5_SID473	5	380675	16026372	1
RTIGER_SNP50K	Zx.0540	PN5_SID473	5	16212442	226240113	0
RTIGER_SNP50K	Zx.0540	PN5_SID473	6	5514944	180772064	0
RTIGER_SNP50K	Zx.0540	PN5_SID473	7	83761	2087711	0
RTIGER_SNP50K	Zx.0540	PN5_SID473	7	2087726	26751386	1
RTIGER_SNP50K	Zx.0540	PN5_SID473	7	26919592	29243202	2
RTIGER_SNP50K	Zx.0540	PN5_SID473	7	29251350	30719037	1
RTIGER_SNP50K	Zx.0540	PN5_SID473	7	30900284	33189884	2
RTIGER_SNP50K	Zx.0540	PN5_SID473	7	33599374	53193459	1
RTIGER_SNP50K	Zx.0540	PN5_SID473	7	53377227	53981618	2
RTIGER_SNP50K	Zx.0540	PN5_SID473	7	54009886	54283518	1
RTIGER_SNP50K	Zx.0540	PN5_SID473	7	54667616	55585204	2
RTIGER_SNP50K	Zx.0540	PN5_SID473	7	56097059	58922939	1
RTIGER_SNP50K	Zx.0540	PN5_SID473	7	59478750	60859010	2
RTIGER_SNP50K	Zx.0540	PN5_SID473	7	61073502	67922175	1
RTIGER_SNP50K	Zx.0540	PN5_SID473	7	67939544	69744491	2
RTIGER_SNP50K	Zx.0540	PN5_SID473	7	69830054	72747056	1
RTIGER_SNP50K	Zx.0540	PN5_SID473	7	72778218	74191274	2
RTIGER_SNP50K	Zx.0540	PN5_SID473	7	74200867	79901412	1
RTIGER_SNP50K	Zx.0540	PN5_SID473	7	79935702	81104386	2
RTIGER_SNP50K	Zx.0540	PN5_SID473	7	81153145	82843678	1
RTIGER_SNP50K	Zx.0540	PN5_SID473	7	82875469	86534207	2
RTIGER_SNP50K	Zx.0540	PN5_SID473	7	86575240	91609818	1
RTIGER_SNP50K	Zx.0540	PN5_SID473	7	91848316	93236643	2
RTIGER_SNP50K	Zx.0540	PN5_SID473	7	93293562	107014115	1
RTIGER_SNP50K	Zx.0540	PN5_SID473	7	107020154	108298491	2
RTIGER_SNP50K	Zx.0540	PN5_SID473	7	108319024	110386351	1
RTIGER_SNP50K	Zx.0540	PN5_SID473	7	110605818	112091758	2
RTIGER_SNP50K	Zx.0540	PN5_SID473	7	112091774	122939098	1
RTIGER_SNP50K	Zx.0540	PN5_SID473	7	123148320	125008868	2
RTIGER_SNP50K	Zx.0540	PN5_SID473	7	125037365	126669693	1
RTIGER_SNP50K	Zx.0540	PN5_SID473	7	126669696	183980739	0
RTIGER_SNP50K	Zx.0540	PN5_SID473	8	328238	62231749	0
RTIGER_SNP50K	Zx.0540	PN5_SID473	8	62346728	62346831	2
RTIGER_SNP50K	Zx.0540	PN5_SID473	8	62508300	182172937	0
RTIGER_SNP50K	Zx.0540	PN5_SID473	9	1910097	162646074	0
RTIGER_SNP50K	Zx.0540	PN5_SID473	10	94302	152340819	0
RTIGER_SNP50K	Zx.0540	PN5_SID474	1	29860	51211082	0
RTIGER_SNP50K	Zx.0540	PN5_SID474	1	51211086	51451848	2
RTIGER_SNP50K	Zx.0540	PN5_SID474	1	51981150	82849276	1
RTIGER_SNP50K	Zx.0540	PN5_SID474	1	83541145	84603375	2
RTIGER_SNP50K	Zx.0540	PN5_SID474	1	84628673	126407234	1
RTIGER_SNP50K	Zx.0540	PN5_SID474	1	126432394	128357476	2
RTIGER_SNP50K	Zx.0540	PN5_SID474	1	128543497	132910376	1
RTIGER_SNP50K	Zx.0540	PN5_SID474	1	133015798	135002202	2
RTIGER_SNP50K	Zx.0540	PN5_SID474	1	135168207	136471789	1
RTIGER_SNP50K	Zx.0540	PN5_SID474	1	138606905	139296183	2
RTIGER_SNP50K	Zx.0540	PN5_SID474	1	139338073	154704150	1
RTIGER_SNP50K	Zx.0540	PN5_SID474	1	154880504	155868729	2
RTIGER_SNP50K	Zx.0540	PN5_SID474	1	155905020	160629494	1
RTIGER_SNP50K	Zx.0540	PN5_SID474	1	161202604	162258967	2
RTIGER_SNP50K	Zx.0540	PN5_SID474	1	162386302	176986522	1
RTIGER_SNP50K	Zx.0540	PN5_SID474	1	177114848	177387836	2
RTIGER_SNP50K	Zx.0540	PN5_SID474	1	178144132	215108935	1
RTIGER_SNP50K	Zx.0540	PN5_SID474	1	215291120	215416213	2
RTIGER_SNP50K	Zx.0540	PN5_SID474	1	215601924	308330525	0
RTIGER_SNP50K	Zx.0540	PN5_SID474	2	765963	140332085	0
RTIGER_SNP50K	Zx.0540	PN5_SID474	2	140333122	211160412	1
RTIGER_SNP50K	Zx.0540	PN5_SID474	2	211529931	243522232	0
RTIGER_SNP50K	Zx.0540	PN5_SID474	3	356143	197911759	0
RTIGER_SNP50K	Zx.0540	PN5_SID474	3	198056849	206316336	1
RTIGER_SNP50K	Zx.0540	PN5_SID474	3	206516202	236963193	0
RTIGER_SNP50K	Zx.0540	PN5_SID474	4	255421	249848884	0
RTIGER_SNP50K	Zx.0540	PN5_SID474	5	380675	226167943	0
RTIGER_SNP50K	Zx.0540	PN5_SID474	6	5260376	181024267	0
RTIGER_SNP50K	Zx.0540	PN5_SID474	7	83761	13321800	0
RTIGER_SNP50K	Zx.0540	PN5_SID474	7	13335928	88190055	1
RTIGER_SNP50K	Zx.0540	PN5_SID474	7	88372771	183959112	0
RTIGER_SNP50K	Zx.0540	PN5_SID474	8	390796	137062761	0
RTIGER_SNP50K	Zx.0540	PN5_SID474	8	137242297	149408954	1
RTIGER_SNP50K	Zx.0540	PN5_SID474	8	149468101	149889588	2
RTIGER_SNP50K	Zx.0540	PN5_SID474	8	149936159	166744499	1
RTIGER_SNP50K	Zx.0540	PN5_SID474	8	166756434	182218389	0
RTIGER_SNP50K	Zx.0540	PN5_SID474	9	1958179	42811364	1
RTIGER_SNP50K	Zx.0540	PN5_SID474	9	43679055	62927303	0
RTIGER_SNP50K	Zx.0540	PN5_SID474	9	63510711	134662693	1
RTIGER_SNP50K	Zx.0540	PN5_SID474	9	134716442	156884608	0
RTIGER_SNP50K	Zx.0540	PN5_SID474	9	157947326	162551073	1
RTIGER_SNP50K	Zx.0540	PN5_SID474	10	202385	152302281	0
RTIGER_SNP50K	Zx.0540	PN5_SID475	1	287040	9365711	0
RTIGER_SNP50K	Zx.0540	PN5_SID475	1	9412007	14583551	1
RTIGER_SNP50K	Zx.0540	PN5_SID475	1	14684143	105165150	0
RTIGER_SNP50K	Zx.0540	PN5_SID475	1	105624528	127910644	1
RTIGER_SNP50K	Zx.0540	PN5_SID475	1	127957856	128713815	2
RTIGER_SNP50K	Zx.0540	PN5_SID475	1	128756698	170028410	1
RTIGER_SNP50K	Zx.0540	PN5_SID475	1	170277153	170711802	2
RTIGER_SNP50K	Zx.0540	PN5_SID475	1	171488578	212436791	1
RTIGER_SNP50K	Zx.0540	PN5_SID475	1	212442977	308427802	0
RTIGER_SNP50K	Zx.0540	PN5_SID475	2	71603	34128078	0
RTIGER_SNP50K	Zx.0540	PN5_SID475	2	34195038	88773456	1
RTIGER_SNP50K	Zx.0540	PN5_SID475	2	89192123	92545528	0
RTIGER_SNP50K	Zx.0540	PN5_SID475	2	92614083	232094858	1
RTIGER_SNP50K	Zx.0540	PN5_SID475	2	232126337	243522318	0
RTIGER_SNP50K	Zx.0540	PN5_SID475	3	356143	106926877	0
RTIGER_SNP50K	Zx.0540	PN5_SID475	3	106977521	107986635	1
RTIGER_SNP50K	Zx.0540	PN5_SID475	3	107999850	219851825	0
RTIGER_SNP50K	Zx.0540	PN5_SID475	3	219920741	221419939	1
RTIGER_SNP50K	Zx.0540	PN5_SID475	3	221710961	221710984	2
RTIGER_SNP50K	Zx.0540	PN5_SID475	3	221905860	236963193	0
RTIGER_SNP50K	Zx.0540	PN5_SID475	4	638586	202103621	0
RTIGER_SNP50K	Zx.0540	PN5_SID475	4	202103795	204620585	1
RTIGER_SNP50K	Zx.0540	PN5_SID475	4	205209070	249925783	0
RTIGER_SNP50K	Zx.0540	PN5_SID475	5	336374	131411725	0
RTIGER_SNP50K	Zx.0540	PN5_SID475	5	131502287	131524397	2
RTIGER_SNP50K	Zx.0540	PN5_SID475	5	131676750	137574554	0
RTIGER_SNP50K	Zx.0540	PN5_SID475	5	137624856	139687254	1
RTIGER_SNP50K	Zx.0540	PN5_SID475	5	139910520	226240113	0
RTIGER_SNP50K	Zx.0540	PN5_SID475	6	5260376	91168884	0
RTIGER_SNP50K	Zx.0540	PN5_SID475	6	91304428	93774342	1
RTIGER_SNP50K	Zx.0540	PN5_SID475	6	93774686	181203668	0
RTIGER_SNP50K	Zx.0540	PN5_SID475	7	387430	10328504	0
RTIGER_SNP50K	Zx.0540	PN5_SID475	7	10377762	67967282	1
RTIGER_SNP50K	Zx.0540	PN5_SID475	7	67971287	68341328	2
RTIGER_SNP50K	Zx.0540	PN5_SID475	7	68361273	107403507	1
RTIGER_SNP50K	Zx.0540	PN5_SID475	7	107630935	183979058	0
RTIGER_SNP50K	Zx.0540	PN5_SID475	8	360763	182127528	0
RTIGER_SNP50K	Zx.0540	PN5_SID475	9	1958179	109886263	0
RTIGER_SNP50K	Zx.0540	PN5_SID475	9	110295278	134716442	1
RTIGER_SNP50K	Zx.0540	PN5_SID475	9	134729569	154593801	0
RTIGER_SNP50K	Zx.0540	PN5_SID475	9	155078818	162808411	1
RTIGER_SNP50K	Zx.0540	PN5_SID475	10	183757	152395252	0
RTIGER_SNP50K	Zx.0540	PN5_SID476	1	555895	34867910	0
RTIGER_SNP50K	Zx.0540	PN5_SID476	1	35393532	37653940	1
RTIGER_SNP50K	Zx.0540	PN5_SID476	1	37677160	188240265	0
RTIGER_SNP50K	Zx.0540	PN5_SID476	1	188357209	194746443	1
RTIGER_SNP50K	Zx.0540	PN5_SID476	1	194848170	198778885	2
RTIGER_SNP50K	Zx.0540	PN5_SID476	1	198793767	308330385	0
RTIGER_SNP50K	Zx.0540	PN5_SID476	2	75371	211805402	0
RTIGER_SNP50K	Zx.0540	PN5_SID476	2	212561170	213744161	2
RTIGER_SNP50K	Zx.0540	PN5_SID476	2	213904831	217447128	1
RTIGER_SNP50K	Zx.0540	PN5_SID476	2	217768623	219212720	2
RTIGER_SNP50K	Zx.0540	PN5_SID476	2	219986998	238750342	1
RTIGER_SNP50K	Zx.0540	PN5_SID476	2	238759512	243552371	0
RTIGER_SNP50K	Zx.0540	PN5_SID476	3	147823	99500514	0
RTIGER_SNP50K	Zx.0540	PN5_SID476	3	99692926	109558140	1
RTIGER_SNP50K	Zx.0540	PN5_SID476	3	109666959	113224249	2
RTIGER_SNP50K	Zx.0540	PN5_SID476	3	113256859	127125467	1
RTIGER_SNP50K	Zx.0540	PN5_SID476	3	127989629	219498540	0
RTIGER_SNP50K	Zx.0540	PN5_SID476	3	219851825	221538355	1
RTIGER_SNP50K	Zx.0540	PN5_SID476	3	221711167	236963193	0
RTIGER_SNP50K	Zx.0540	PN5_SID476	4	514639	22953493	0
RTIGER_SNP50K	Zx.0540	PN5_SID476	4	23339831	23923018	2
RTIGER_SNP50K	Zx.0540	PN5_SID476	4	23923055	39604347	1
RTIGER_SNP50K	Zx.0540	PN5_SID476	4	40217969	40847951	2
RTIGER_SNP50K	Zx.0540	PN5_SID476	4	40847965	242645155	0
RTIGER_SNP50K	Zx.0540	PN5_SID476	4	242957310	249612667	1
RTIGER_SNP50K	Zx.0540	PN5_SID476	5	336374	226227487	0
RTIGER_SNP50K	Zx.0540	PN5_SID476	6	5260376	8594163	1
RTIGER_SNP50K	Zx.0540	PN5_SID476	6	8888062	180693485	0
RTIGER_SNP50K	Zx.0540	PN5_SID476	7	387430	183967464	0
RTIGER_SNP50K	Zx.0540	PN5_SID476	8	295839	181823946	0
RTIGER_SNP50K	Zx.0540	PN5_SID476	9	1910097	86298621	0
RTIGER_SNP50K	Zx.0540	PN5_SID476	9	87421496	128444251	1
RTIGER_SNP50K	Zx.0540	PN5_SID476	9	129584356	162808411	0
RTIGER_SNP50K	Zx.0540	PN5_SID476	10	183757	152305623	0
RTIGER_SNP50K	Zx.0540	PN5_SID477	1	287040	17212741	1
RTIGER_SNP50K	Zx.0540	PN5_SID477	1	17454052	67657524	0
RTIGER_SNP50K	Zx.0540	PN5_SID477	1	67723266	207404691	1
RTIGER_SNP50K	Zx.0540	PN5_SID477	1	207404771	207689337	2
RTIGER_SNP50K	Zx.0540	PN5_SID477	1	207763705	226374211	1
RTIGER_SNP50K	Zx.0540	PN5_SID477	1	226427451	228025021	2
RTIGER_SNP50K	Zx.0540	PN5_SID477	1	228327144	230831386	1
RTIGER_SNP50K	Zx.0540	PN5_SID477	1	230906997	232476203	2
RTIGER_SNP50K	Zx.0540	PN5_SID477	1	232637573	266260747	1
RTIGER_SNP50K	Zx.0540	PN5_SID477	1	267384727	268391129	2
RTIGER_SNP50K	Zx.0540	PN5_SID477	1	268749162	290192218	1
RTIGER_SNP50K	Zx.0540	PN5_SID477	1	290369256	308330525	0
RTIGER_SNP50K	Zx.0540	PN5_SID477	2	131906	2977426	0
RTIGER_SNP50K	Zx.0540	PN5_SID477	2	2977429	4078637	1
RTIGER_SNP50K	Zx.0540	PN5_SID477	2	4138343	4189872	2
RTIGER_SNP50K	Zx.0540	PN5_SID477	2	4190559	117843710	0
RTIGER_SNP50K	Zx.0540	PN5_SID477	2	118186313	129154155	1
RTIGER_SNP50K	Zx.0540	PN5_SID477	2	129516478	243662959	0
RTIGER_SNP50K	Zx.0540	PN5_SID477	3	147823	236821697	0
RTIGER_SNP50K	Zx.0540	PN5_SID477	4	255421	249888371	0
RTIGER_SNP50K	Zx.0540	PN5_SID477	5	336374	5411990	0
RTIGER_SNP50K	Zx.0540	PN5_SID477	5	5691190	18335812	1
RTIGER_SNP50K	Zx.0540	PN5_SID477	5	18339029	18497336	2
RTIGER_SNP50K	Zx.0540	PN5_SID477	5	18635257	226156269	0
RTIGER_SNP50K	Zx.0540	PN5_SID477	6	5677854	181186018	0
RTIGER_SNP50K	Zx.0540	PN5_SID477	7	343754	141397203	0
RTIGER_SNP50K	Zx.0540	PN5_SID477	7	141399642	183980739	1
RTIGER_SNP50K	Zx.0540	PN5_SID477	8	328238	182127528	0
RTIGER_SNP50K	Zx.0540	PN5_SID477	9	1749539	162646074	0
RTIGER_SNP50K	Zx.0540	PN5_SID477	10	189654	1775414	1
RTIGER_SNP50K	Zx.0540	PN5_SID477	10	3591660	148791922	0
RTIGER_SNP50K	Zx.0540	PN5_SID477	10	149250373	152290201	1
RTIGER_SNP50K	Zx.0540	PN5_SID479	1	289351	158056119	0
RTIGER_SNP50K	Zx.0540	PN5_SID479	1	158225699	171402607	1
RTIGER_SNP50K	Zx.0540	PN5_SID479	1	172008655	175702220	2
RTIGER_SNP50K	Zx.0540	PN5_SID479	1	176178400	229424167	1
RTIGER_SNP50K	Zx.0540	PN5_SID479	1	229448672	233646076	2
RTIGER_SNP50K	Zx.0540	PN5_SID479	1	233763532	241753312	1
RTIGER_SNP50K	Zx.0540	PN5_SID479	1	242066598	245530940	2
RTIGER_SNP50K	Zx.0540	PN5_SID479	1	245530977	266263103	1
RTIGER_SNP50K	Zx.0540	PN5_SID479	1	266370061	268247414	2
RTIGER_SNP50K	Zx.0540	PN5_SID479	1	268258757	290033990	1
RTIGER_SNP50K	Zx.0540	PN5_SID479	1	290034001	308423715	0
RTIGER_SNP50K	Zx.0540	PN5_SID479	2	175074	3287147	0
RTIGER_SNP50K	Zx.0540	PN5_SID479	2	3332811	19912182	1
RTIGER_SNP50K	Zx.0540	PN5_SID479	2	20116615	20889235	2
RTIGER_SNP50K	Zx.0540	PN5_SID479	2	22217195	243479746	0
RTIGER_SNP50K	Zx.0540	PN5_SID479	3	147823	11056230	1
RTIGER_SNP50K	Zx.0540	PN5_SID479	3	11870393	236963193	0
RTIGER_SNP50K	Zx.0540	PN5_SID479	4	255421	11569002	0
RTIGER_SNP50K	Zx.0540	PN5_SID479	4	11668121	18284624	1
RTIGER_SNP50K	Zx.0540	PN5_SID479	4	18371887	249888371	0
RTIGER_SNP50K	Zx.0540	PN5_SID479	5	322588	3602027	0
RTIGER_SNP50K	Zx.0540	PN5_SID479	5	3658055	12440737	1
RTIGER_SNP50K	Zx.0540	PN5_SID479	5	12495495	12988258	2
RTIGER_SNP50K	Zx.0540	PN5_SID479	5	13069426	18758521	1
RTIGER_SNP50K	Zx.0540	PN5_SID479	5	18882371	226039586	0
RTIGER_SNP50K	Zx.0540	PN5_SID479	6	5720392	181186018	0
RTIGER_SNP50K	Zx.0540	PN5_SID479	7	271597	110555307	0
RTIGER_SNP50K	Zx.0540	PN5_SID479	7	110892224	137921651	1
RTIGER_SNP50K	Zx.0540	PN5_SID479	7	137986841	165177598	0
RTIGER_SNP50K	Zx.0540	PN5_SID479	7	165196515	170143350	1
RTIGER_SNP50K	Zx.0540	PN5_SID479	7	170304754	176408296	0
RTIGER_SNP50K	Zx.0540	PN5_SID479	7	176668940	181152960	1
RTIGER_SNP50K	Zx.0540	PN5_SID479	7	181290568	181791548	2
RTIGER_SNP50K	Zx.0540	PN5_SID479	7	181942025	183979058	1
RTIGER_SNP50K	Zx.0540	PN5_SID479	8	295839	182127528	0
RTIGER_SNP50K	Zx.0540	PN5_SID479	9	1566009	162808411	0
RTIGER_SNP50K	Zx.0540	PN5_SID479	10	94302	152269051	0
RTIGER_SNP50K	Zx.0540	PN5_SID480	1	395660	308290679	0
RTIGER_SNP50K	Zx.0540	PN5_SID480	2	204231	45478262	0
RTIGER_SNP50K	Zx.0540	PN5_SID480	2	45569314	58446273	1
RTIGER_SNP50K	Zx.0540	PN5_SID480	2	58515184	65623589	0
RTIGER_SNP50K	Zx.0540	PN5_SID480	2	65649840	75683721	1
RTIGER_SNP50K	Zx.0540	PN5_SID480	2	75775866	97006060	0
RTIGER_SNP50K	Zx.0540	PN5_SID480	2	97030675	127663397	1
RTIGER_SNP50K	Zx.0540	PN5_SID480	2	127735585	130102936	0
RTIGER_SNP50K	Zx.0540	PN5_SID480	2	130626167	132176824	1
RTIGER_SNP50K	Zx.0540	PN5_SID480	2	132255674	243533209	0
RTIGER_SNP50K	Zx.0540	PN5_SID480	3	1223150	13176145	0
RTIGER_SNP50K	Zx.0540	PN5_SID480	3	13176158	23324725	1
RTIGER_SNP50K	Zx.0540	PN5_SID480	3	23427305	33088267	0
RTIGER_SNP50K	Zx.0540	PN5_SID480	3	33150688	57997731	1
RTIGER_SNP50K	Zx.0540	PN5_SID480	3	58082466	64010907	0
RTIGER_SNP50K	Zx.0540	PN5_SID480	3	64279068	90851143	1
RTIGER_SNP50K	Zx.0540	PN5_SID480	3	90895638	93964365	0
RTIGER_SNP50K	Zx.0540	PN5_SID480	3	93969714	127989629	1
RTIGER_SNP50K	Zx.0540	PN5_SID480	3	128499985	236941170	0
RTIGER_SNP50K	Zx.0540	PN5_SID480	4	514639	8038340	0
RTIGER_SNP50K	Zx.0540	PN5_SID480	4	8096976	9551164	2
RTIGER_SNP50K	Zx.0540	PN5_SID480	4	9594945	12013900	1
RTIGER_SNP50K	Zx.0540	PN5_SID480	4	12147975	249925783	0
RTIGER_SNP50K	Zx.0540	PN5_SID480	5	336374	226234983	0
RTIGER_SNP50K	Zx.0540	PN5_SID480	6	5514944	181186018	0
RTIGER_SNP50K	Zx.0540	PN5_SID480	7	469873	148495029	0
RTIGER_SNP50K	Zx.0540	PN5_SID480	7	148574856	161830122	1
RTIGER_SNP50K	Zx.0540	PN5_SID480	7	161838173	161942274	2
RTIGER_SNP50K	Zx.0540	PN5_SID480	7	162465446	183951173	0
RTIGER_SNP50K	Zx.0540	PN5_SID480	8	354973	75891636	0
RTIGER_SNP50K	Zx.0540	PN5_SID480	8	76498931	76498941	2
RTIGER_SNP50K	Zx.0540	PN5_SID480	8	76570227	105351450	0
RTIGER_SNP50K	Zx.0540	PN5_SID480	8	105351460	136176052	1
RTIGER_SNP50K	Zx.0540	PN5_SID480	8	136237213	137819516	2
RTIGER_SNP50K	Zx.0540	PN5_SID480	8	137940528	141020994	1
RTIGER_SNP50K	Zx.0540	PN5_SID480	8	141049353	142038838	2
RTIGER_SNP50K	Zx.0540	PN5_SID480	8	142041930	171632920	1
RTIGER_SNP50K	Zx.0540	PN5_SID480	8	171644552	181998029	0
RTIGER_SNP50K	Zx.0540	PN5_SID480	9	1749539	162591532	0
RTIGER_SNP50K	Zx.0540	PN5_SID480	10	94302	148408359	0
RTIGER_SNP50K	Zx.0540	PN5_SID480	10	148419531	152395252	1
RTIGER_SNP50K	Zx.0540	PN6_SID481	1	425521	212555329	0
RTIGER_SNP50K	Zx.0540	PN6_SID481	1	212961425	232620272	1
RTIGER_SNP50K	Zx.0540	PN6_SID481	1	232781828	235995721	2
RTIGER_SNP50K	Zx.0540	PN6_SID481	1	236118756	261916862	1
RTIGER_SNP50K	Zx.0540	PN6_SID481	1	262884733	264190078	2
RTIGER_SNP50K	Zx.0540	PN6_SID481	1	264537329	287224785	1
RTIGER_SNP50K	Zx.0540	PN6_SID481	1	287279961	308290679	0
RTIGER_SNP50K	Zx.0540	PN6_SID481	2	76737	3461752	0
RTIGER_SNP50K	Zx.0540	PN6_SID481	2	3660768	13848363	1
RTIGER_SNP50K	Zx.0540	PN6_SID481	2	14401680	14537760	2
RTIGER_SNP50K	Zx.0540	PN6_SID481	2	14691148	26262031	1
RTIGER_SNP50K	Zx.0540	PN6_SID481	2	26441061	26476231	2
RTIGER_SNP50K	Zx.0540	PN6_SID481	2	27215786	191941266	0
RTIGER_SNP50K	Zx.0540	PN6_SID481	2	191984223	218457665	1
RTIGER_SNP50K	Zx.0540	PN6_SID481	2	219438144	243555257	0
RTIGER_SNP50K	Zx.0540	PN6_SID481	3	356143	172778492	0
RTIGER_SNP50K	Zx.0540	PN6_SID481	3	172803753	176021145	1
RTIGER_SNP50K	Zx.0540	PN6_SID481	3	177037560	201595055	0
RTIGER_SNP50K	Zx.0540	PN6_SID481	3	202607087	211376921	1
RTIGER_SNP50K	Zx.0540	PN6_SID481	3	211897150	236963193	0
RTIGER_SNP50K	Zx.0540	PN6_SID481	4	1034564	205206793	0
RTIGER_SNP50K	Zx.0540	PN6_SID481	4	205930475	239948427	1
RTIGER_SNP50K	Zx.0540	PN6_SID481	4	239975162	249721018	0
RTIGER_SNP50K	Zx.0540	PN6_SID481	5	362844	216543043	0
RTIGER_SNP50K	Zx.0540	PN6_SID481	5	217629005	226020769	1
RTIGER_SNP50K	Zx.0540	PN6_SID481	6	5260376	181187587	0
RTIGER_SNP50K	Zx.0540	PN6_SID481	7	549416	183979058	0
RTIGER_SNP50K	Zx.0540	PN6_SID481	8	328238	182172937	0
RTIGER_SNP50K	Zx.0540	PN6_SID481	9	1958125	162809802	0
RTIGER_SNP50K	Zx.0540	PN6_SID481	10	278090	152276050	0
RTIGER_SNP50K	Zx.0540	PN6_SID482	1	289351	213327125	0
RTIGER_SNP50K	Zx.0540	PN6_SID482	1	213542430	215809572	1
RTIGER_SNP50K	Zx.0540	PN6_SID482	1	216295737	308288109	0
RTIGER_SNP50K	Zx.0540	PN6_SID482	2	75371	2977426	0
RTIGER_SNP50K	Zx.0540	PN6_SID482	2	2977429	29098619	1
RTIGER_SNP50K	Zx.0540	PN6_SID482	2	29275500	64567731	0
RTIGER_SNP50K	Zx.0540	PN6_SID482	2	64579977	64580007	2
RTIGER_SNP50K	Zx.0540	PN6_SID482	2	64639714	240123516	0
RTIGER_SNP50K	Zx.0540	PN6_SID482	2	240248766	243347370	1
RTIGER_SNP50K	Zx.0540	PN6_SID482	3	147823	9272483	1
RTIGER_SNP50K	Zx.0540	PN6_SID482	3	9443030	30934768	0
RTIGER_SNP50K	Zx.0540	PN6_SID482	3	30987870	30987979	2
RTIGER_SNP50K	Zx.0540	PN6_SID482	3	31095522	173223472	0
RTIGER_SNP50K	Zx.0540	PN6_SID482	3	173261407	178053594	1
RTIGER_SNP50K	Zx.0540	PN6_SID482	3	178352444	236941170	0
RTIGER_SNP50K	Zx.0540	PN6_SID482	4	514639	249925783	0
RTIGER_SNP50K	Zx.0540	PN6_SID482	5	322588	93065265	0
RTIGER_SNP50K	Zx.0540	PN6_SID482	5	93099902	179041361	1
RTIGER_SNP50K	Zx.0540	PN6_SID482	5	179344433	226227487	0
RTIGER_SNP50K	Zx.0540	PN6_SID482	6	5720392	12258784	1
RTIGER_SNP50K	Zx.0540	PN6_SID482	6	12258792	181203668	0
RTIGER_SNP50K	Zx.0540	PN6_SID482	7	419164	183967452	0
RTIGER_SNP50K	Zx.0540	PN6_SID482	8	709910	181998029	0
RTIGER_SNP50K	Zx.0540	PN6_SID482	9	1749539	162692974	0
RTIGER_SNP50K	Zx.0540	PN6_SID482	10	94302	147357467	0
RTIGER_SNP50K	Zx.0540	PN6_SID482	10	147714278	152340819	1
RTIGER_SNP50K	Zx.0540	PN6_SID483	1	287040	308286372	0
RTIGER_SNP50K	Zx.0540	PN6_SID483	2	71603	22844015	0
RTIGER_SNP50K	Zx.0540	PN6_SID483	2	23178268	122407424	1
RTIGER_SNP50K	Zx.0540	PN6_SID483	2	122411491	122877895	2
RTIGER_SNP50K	Zx.0540	PN6_SID483	2	122879133	135860963	1
RTIGER_SNP50K	Zx.0540	PN6_SID483	2	135927889	137141609	2
RTIGER_SNP50K	Zx.0540	PN6_SID483	2	137141624	137264601	1
RTIGER_SNP50K	Zx.0540	PN6_SID483	2	137369781	138183412	2
RTIGER_SNP50K	Zx.0540	PN6_SID483	2	138218891	158798543	1
RTIGER_SNP50K	Zx.0540	PN6_SID483	2	158927479	159389259	2
RTIGER_SNP50K	Zx.0540	PN6_SID483	2	159516244	193348541	1
RTIGER_SNP50K	Zx.0540	PN6_SID483	2	193544792	243555257	0
RTIGER_SNP50K	Zx.0540	PN6_SID483	3	1442533	236776275	0
RTIGER_SNP50K	Zx.0540	PN6_SID483	4	556297	249925783	0
RTIGER_SNP50K	Zx.0540	PN6_SID483	5	322588	225862596	0
RTIGER_SNP50K	Zx.0540	PN6_SID483	6	5260376	181203668	0
RTIGER_SNP50K	Zx.0540	PN6_SID483	7	84081	5809639	0
RTIGER_SNP50K	Zx.0540	PN6_SID483	7	6161627	22846097	1
RTIGER_SNP50K	Zx.0540	PN6_SID483	7	23029395	23030622	2
RTIGER_SNP50K	Zx.0540	PN6_SID483	7	23030807	27524024	1
RTIGER_SNP50K	Zx.0540	PN6_SID483	7	27751779	28925023	2
RTIGER_SNP50K	Zx.0540	PN6_SID483	7	29233305	31047517	1
RTIGER_SNP50K	Zx.0540	PN6_SID483	7	31223443	33195384	2
RTIGER_SNP50K	Zx.0540	PN6_SID483	7	33595233	52413900	1
RTIGER_SNP50K	Zx.0540	PN6_SID483	7	52415839	53411924	2
RTIGER_SNP50K	Zx.0540	PN6_SID483	7	53438206	59658317	1
RTIGER_SNP50K	Zx.0540	PN6_SID483	7	59748229	60859010	2
RTIGER_SNP50K	Zx.0540	PN6_SID483	7	61077201	66101235	1
RTIGER_SNP50K	Zx.0540	PN6_SID483	7	66108240	69710414	2
RTIGER_SNP50K	Zx.0540	PN6_SID483	7	69830054	72725497	1
RTIGER_SNP50K	Zx.0540	PN6_SID483	7	72776063	73396626	2
RTIGER_SNP50K	Zx.0540	PN6_SID483	7	73470739	89837618	1
RTIGER_SNP50K	Zx.0540	PN6_SID483	7	89862384	90663975	2
RTIGER_SNP50K	Zx.0540	PN6_SID483	7	91004498	111233177	1
RTIGER_SNP50K	Zx.0540	PN6_SID483	7	111593386	112052350	2
RTIGER_SNP50K	Zx.0540	PN6_SID483	7	112092328	129079033	1
RTIGER_SNP50K	Zx.0540	PN6_SID483	7	129079034	130825243	2
RTIGER_SNP50K	Zx.0540	PN6_SID483	7	130931688	135757175	1
RTIGER_SNP50K	Zx.0540	PN6_SID483	7	135937346	183967464	0
RTIGER_SNP50K	Zx.0540	PN6_SID483	8	328238	178749352	0
RTIGER_SNP50K	Zx.0540	PN6_SID483	8	178804453	181737869	1
RTIGER_SNP50K	Zx.0540	PN6_SID483	9	2072866	133916785	1
RTIGER_SNP50K	Zx.0540	PN6_SID483	9	133941845	162808411	0
RTIGER_SNP50K	Zx.0540	PN6_SID483	10	206281	152395252	0
RTIGER_SNP50K	Zx.0540	PN6_SID485	1	287040	216897464	0
RTIGER_SNP50K	Zx.0540	PN6_SID485	1	216932668	222292770	1
RTIGER_SNP50K	Zx.0540	PN6_SID485	1	222489095	224119207	2
RTIGER_SNP50K	Zx.0540	PN6_SID485	1	224332350	264537344	1
RTIGER_SNP50K	Zx.0540	PN6_SID485	1	264907424	268084864	2
RTIGER_SNP50K	Zx.0540	PN6_SID485	1	268940346	308295570	0
RTIGER_SNP50K	Zx.0540	PN6_SID485	2	75371	108505554	0
RTIGER_SNP50K	Zx.0540	PN6_SID485	2	108801658	134952616	1
RTIGER_SNP50K	Zx.0540	PN6_SID485	2	135326716	136123128	2
RTIGER_SNP50K	Zx.0540	PN6_SID485	2	137045716	222279178	1
RTIGER_SNP50K	Zx.0540	PN6_SID485	2	222889795	243522318	0
RTIGER_SNP50K	Zx.0540	PN6_SID485	3	1069691	236574015	0
RTIGER_SNP50K	Zx.0540	PN6_SID485	4	556297	249848884	0
RTIGER_SNP50K	Zx.0540	PN6_SID485	5	380675	226167943	0
RTIGER_SNP50K	Zx.0540	PN6_SID485	6	5844167	181187587	0
RTIGER_SNP50K	Zx.0540	PN6_SID485	7	869968	9164708	0
RTIGER_SNP50K	Zx.0540	PN6_SID485	7	9500219	24393372	1
RTIGER_SNP50K	Zx.0540	PN6_SID485	7	24394117	151840385	0
RTIGER_SNP50K	Zx.0540	PN6_SID485	7	152038011	169517266	1
RTIGER_SNP50K	Zx.0540	PN6_SID485	7	170871613	183951173	0
RTIGER_SNP50K	Zx.0540	PN6_SID485	8	354973	182232061	0
RTIGER_SNP50K	Zx.0540	PN6_SID485	9	1749539	162551073	0
RTIGER_SNP50K	Zx.0540	PN6_SID485	10	270393	123253525	0
RTIGER_SNP50K	Zx.0540	PN6_SID485	10	124509988	136629419	1
RTIGER_SNP50K	Zx.0540	PN6_SID485	10	136955231	152276050	0
RTIGER_SNP50K	Zx.0540	PN6_SID486	1	289351	25325482	0
RTIGER_SNP50K	Zx.0540	PN6_SID486	1	25545213	60248918	1
RTIGER_SNP50K	Zx.0540	PN6_SID486	1	60274830	308295570	0
RTIGER_SNP50K	Zx.0540	PN6_SID486	2	350690	237965117	0
RTIGER_SNP50K	Zx.0540	PN6_SID486	2	238326954	243552371	1
RTIGER_SNP50K	Zx.0540	PN6_SID486	3	1057368	75691218	0
RTIGER_SNP50K	Zx.0540	PN6_SID486	3	75709380	75709391	2
RTIGER_SNP50K	Zx.0540	PN6_SID486	3	75771669	232192807	0
RTIGER_SNP50K	Zx.0540	PN6_SID486	3	232194852	236512113	1
RTIGER_SNP50K	Zx.0540	PN6_SID486	4	1367440	2850858	0
RTIGER_SNP50K	Zx.0540	PN6_SID486	4	3426995	10786694	1
RTIGER_SNP50K	Zx.0540	PN6_SID486	4	10939757	70419613	0
RTIGER_SNP50K	Zx.0540	PN6_SID486	4	70868801	158179581	1
RTIGER_SNP50K	Zx.0540	PN6_SID486	4	158329876	191439901	0
RTIGER_SNP50K	Zx.0540	PN6_SID486	4	191493144	192339295	1
RTIGER_SNP50K	Zx.0540	PN6_SID486	4	192448686	193420824	2
RTIGER_SNP50K	Zx.0540	PN6_SID486	4	193814615	249888371	0
RTIGER_SNP50K	Zx.0540	PN6_SID486	5	322588	226039586	0
RTIGER_SNP50K	Zx.0540	PN6_SID486	6	5677854	181024267	0
RTIGER_SNP50K	Zx.0540	PN6_SID486	7	271597	183956162	0
RTIGER_SNP50K	Zx.0540	PN6_SID486	8	388196	182167615	0
RTIGER_SNP50K	Zx.0540	PN6_SID486	9	1958125	45377619	1
RTIGER_SNP50K	Zx.0540	PN6_SID486	9	45636613	52985742	0
RTIGER_SNP50K	Zx.0540	PN6_SID486	9	53111731	85232762	1
RTIGER_SNP50K	Zx.0540	PN6_SID486	9	85381495	154427281	0
RTIGER_SNP50K	Zx.0540	PN6_SID486	9	156193169	158547879	1
RTIGER_SNP50K	Zx.0540	PN6_SID486	9	158654356	159914465	2
RTIGER_SNP50K	Zx.0540	PN6_SID486	9	160094457	162809802	0
RTIGER_SNP50K	Zx.0540	PN6_SID486	10	278090	138268821	0
RTIGER_SNP50K	Zx.0540	PN6_SID486	10	138439273	152340819	1
RTIGER_SNP50K	Zx.0540	PN6_SID487	1	287040	46139572	0
RTIGER_SNP50K	Zx.0540	PN6_SID487	1	46243441	57583657	1
RTIGER_SNP50K	Zx.0540	PN6_SID487	1	57786727	308089400	0
RTIGER_SNP50K	Zx.0540	PN6_SID487	2	75371	12453414	0
RTIGER_SNP50K	Zx.0540	PN6_SID487	2	12455260	47413240	1
RTIGER_SNP50K	Zx.0540	PN6_SID487	2	47579911	48388271	2
RTIGER_SNP50K	Zx.0540	PN6_SID487	2	48471270	56340439	1
RTIGER_SNP50K	Zx.0540	PN6_SID487	2	57365008	235883806	0
RTIGER_SNP50K	Zx.0540	PN6_SID487	2	236039807	240427935	1
RTIGER_SNP50K	Zx.0540	PN6_SID487	2	240660767	243499351	0
RTIGER_SNP50K	Zx.0540	PN6_SID487	3	1893399	236939523	0
RTIGER_SNP50K	Zx.0540	PN6_SID487	4	255421	3646398	0
RTIGER_SNP50K	Zx.0540	PN6_SID487	4	3770157	16943473	1
RTIGER_SNP50K	Zx.0540	PN6_SID487	4	17000604	21547305	0
RTIGER_SNP50K	Zx.0540	PN6_SID487	4	21698763	50281245	1
RTIGER_SNP50K	Zx.0540	PN6_SID487	4	50333605	106203632	0
RTIGER_SNP50K	Zx.0540	PN6_SID487	4	106308511	137765049	1
RTIGER_SNP50K	Zx.0540	PN6_SID487	4	137932069	147925157	0
RTIGER_SNP50K	Zx.0540	PN6_SID487	4	148156984	166182896	1
RTIGER_SNP50K	Zx.0540	PN6_SID487	4	166251326	249925783	0
RTIGER_SNP50K	Zx.0540	PN6_SID487	5	322588	7440574	0
RTIGER_SNP50K	Zx.0540	PN6_SID487	5	7582730	26495452	1
RTIGER_SNP50K	Zx.0540	PN6_SID487	5	26586724	26716403	2
RTIGER_SNP50K	Zx.0540	PN6_SID487	5	27437578	32685885	1
RTIGER_SNP50K	Zx.0540	PN6_SID487	5	32693798	33292757	2
RTIGER_SNP50K	Zx.0540	PN6_SID487	5	33410834	63185815	1
RTIGER_SNP50K	Zx.0540	PN6_SID487	5	63261613	64883243	2
RTIGER_SNP50K	Zx.0540	PN6_SID487	5	65042231	95692888	1
RTIGER_SNP50K	Zx.0540	PN6_SID487	5	95693046	166479066	0
RTIGER_SNP50K	Zx.0540	PN6_SID487	5	166528724	220378123	1
RTIGER_SNP50K	Zx.0540	PN6_SID487	5	220464926	226167943	0
RTIGER_SNP50K	Zx.0540	PN6_SID487	6	5720392	9708149	0
RTIGER_SNP50K	Zx.0540	PN6_SID487	6	9773434	63732068	1
RTIGER_SNP50K	Zx.0540	PN6_SID487	6	63956622	181203668	0
RTIGER_SNP50K	Zx.0540	PN6_SID487	7	83761	183888455	0
RTIGER_SNP50K	Zx.0540	PN6_SID487	8	295839	181998029	0
RTIGER_SNP50K	Zx.0540	PN6_SID487	9	1910097	162808411	0
RTIGER_SNP50K	Zx.0540	PN6_SID487	10	183757	152276050	0
RTIGER_SNP50K	Zx.0540	PN6_SID488	1	287040	308427802	0
RTIGER_SNP50K	Zx.0540	PN6_SID488	2	75371	41251918	0
RTIGER_SNP50K	Zx.0540	PN6_SID488	2	41370388	91161319	1
RTIGER_SNP50K	Zx.0540	PN6_SID488	2	91219301	93220904	0
RTIGER_SNP50K	Zx.0540	PN6_SID488	2	93233623	102866328	1
RTIGER_SNP50K	Zx.0540	PN6_SID488	2	102875883	103026488	2
RTIGER_SNP50K	Zx.0540	PN6_SID488	2	103130366	160799963	1
RTIGER_SNP50K	Zx.0540	PN6_SID488	2	160839782	243139633	0
RTIGER_SNP50K	Zx.0540	PN6_SID488	3	147823	236736629	0
RTIGER_SNP50K	Zx.0540	PN6_SID488	4	255421	3411128	1
RTIGER_SNP50K	Zx.0540	PN6_SID488	4	3429550	6262657	2
RTIGER_SNP50K	Zx.0540	PN6_SID488	4	6481738	6827911	1
RTIGER_SNP50K	Zx.0540	PN6_SID488	4	6837967	6935585	2
RTIGER_SNP50K	Zx.0540	PN6_SID488	4	7025360	164184017	0
RTIGER_SNP50K	Zx.0540	PN6_SID488	4	165019502	203925662	1
RTIGER_SNP50K	Zx.0540	PN6_SID488	4	204166012	209342813	0
RTIGER_SNP50K	Zx.0540	PN6_SID488	4	209454723	220689713	1
RTIGER_SNP50K	Zx.0540	PN6_SID488	4	220740031	249925783	0
RTIGER_SNP50K	Zx.0540	PN6_SID488	5	336374	206819764	0
RTIGER_SNP50K	Zx.0540	PN6_SID488	5	207323945	226127101	1
RTIGER_SNP50K	Zx.0540	PN6_SID488	6	5260376	180701860	0
RTIGER_SNP50K	Zx.0540	PN6_SID488	7	84081	183980739	0
RTIGER_SNP50K	Zx.0540	PN6_SID488	8	295839	182218389	0
RTIGER_SNP50K	Zx.0540	PN6_SID488	9	1566009	162809802	0
RTIGER_SNP50K	Zx.0540	PN6_SID488	10	206281	150351661	0
RTIGER_SNP50K	Zx.0540	PN6_SID488	10	150451107	152302281	1
RTIGER_SNP50K	Zx.0540	PN6_SID489	1	289351	308330385	0
RTIGER_SNP50K	Zx.0540	PN6_SID489	2	75371	4190095	1
RTIGER_SNP50K	Zx.0540	PN6_SID489	2	4333049	241295763	0
RTIGER_SNP50K	Zx.0540	PN6_SID489	2	241300793	243533209	1
RTIGER_SNP50K	Zx.0540	PN6_SID489	3	147823	85873623	0
RTIGER_SNP50K	Zx.0540	PN6_SID489	3	86165519	86165543	2
RTIGER_SNP50K	Zx.0540	PN6_SID489	3	86328899	236821697	0
RTIGER_SNP50K	Zx.0540	PN6_SID489	4	255421	174895604	0
RTIGER_SNP50K	Zx.0540	PN6_SID489	4	174895608	212646735	1
RTIGER_SNP50K	Zx.0540	PN6_SID489	4	212903581	213357001	2
RTIGER_SNP50K	Zx.0540	PN6_SID489	4	213418052	222707447	1
RTIGER_SNP50K	Zx.0540	PN6_SID489	4	223255882	249721018	0
RTIGER_SNP50K	Zx.0540	PN6_SID489	5	336374	165940560	0
RTIGER_SNP50K	Zx.0540	PN6_SID489	5	167024523	170575715	2
RTIGER_SNP50K	Zx.0540	PN6_SID489	5	170869907	197431265	1
RTIGER_SNP50K	Zx.0540	PN6_SID489	5	197436713	226234983	0
RTIGER_SNP50K	Zx.0540	PN6_SID489	6	5260376	181187587	0
RTIGER_SNP50K	Zx.0540	PN6_SID489	7	83761	103879124	0
RTIGER_SNP50K	Zx.0540	PN6_SID489	7	104401910	114192599	1
RTIGER_SNP50K	Zx.0540	PN6_SID489	7	114356040	116020843	2
RTIGER_SNP50K	Zx.0540	PN6_SID489	7	116622673	117041944	1
RTIGER_SNP50K	Zx.0540	PN6_SID489	7	117185362	120329210	2
RTIGER_SNP50K	Zx.0540	PN6_SID489	7	120329243	129800243	1
RTIGER_SNP50K	Zx.0540	PN6_SID489	7	130134182	131595679	2
RTIGER_SNP50K	Zx.0540	PN6_SID489	7	131752131	140618493	1
RTIGER_SNP50K	Zx.0540	PN6_SID489	7	140639193	140840187	2
RTIGER_SNP50K	Zx.0540	PN6_SID489	7	141550442	183980739	0
RTIGER_SNP50K	Zx.0540	PN6_SID489	8	416910	182172937	0
RTIGER_SNP50K	Zx.0540	PN6_SID489	9	2119974	162808411	0
RTIGER_SNP50K	Zx.0540	PN6_SID489	10	183757	152395252	0
RTIGER_SNP50K	Zx.0540	PN6_SID490	1	287040	182578384	0
RTIGER_SNP50K	Zx.0540	PN6_SID490	1	182672118	208261727	1
RTIGER_SNP50K	Zx.0540	PN6_SID490	1	208281945	308286372	0
RTIGER_SNP50K	Zx.0540	PN6_SID490	2	131906	221657317	0
RTIGER_SNP50K	Zx.0540	PN6_SID490	2	222042144	227196485	1
RTIGER_SNP50K	Zx.0540	PN6_SID490	2	227224011	227439212	2
RTIGER_SNP50K	Zx.0540	PN6_SID490	2	227776724	243662959	0
RTIGER_SNP50K	Zx.0540	PN6_SID490	3	356143	9069737	0
RTIGER_SNP50K	Zx.0540	PN6_SID490	3	9114986	38894856	1
RTIGER_SNP50K	Zx.0540	PN6_SID490	3	39567059	41019696	2
RTIGER_SNP50K	Zx.0540	PN6_SID490	3	41109871	44162915	1
RTIGER_SNP50K	Zx.0540	PN6_SID490	3	44333163	45006840	2
RTIGER_SNP50K	Zx.0540	PN6_SID490	3	45103298	93000692	1
RTIGER_SNP50K	Zx.0540	PN6_SID490	3	93099465	95169494	2
RTIGER_SNP50K	Zx.0540	PN6_SID490	3	95169495	161339883	1
RTIGER_SNP50K	Zx.0540	PN6_SID490	3	161985614	164363319	2
RTIGER_SNP50K	Zx.0540	PN6_SID490	3	164716066	182312751	1
RTIGER_SNP50K	Zx.0540	PN6_SID490	3	182748656	236771931	0
RTIGER_SNP50K	Zx.0540	PN6_SID490	4	514639	7140738	1
RTIGER_SNP50K	Zx.0540	PN6_SID490	4	7513087	249890511	0
RTIGER_SNP50K	Zx.0540	PN6_SID490	5	322588	2124575	0
RTIGER_SNP50K	Zx.0540	PN6_SID490	5	2185366	19723052	1
RTIGER_SNP50K	Zx.0540	PN6_SID490	5	20055090	114877072	0
RTIGER_SNP50K	Zx.0540	PN6_SID490	5	115096361	176055582	1
RTIGER_SNP50K	Zx.0540	PN6_SID490	5	176055583	226127101	0
RTIGER_SNP50K	Zx.0540	PN6_SID490	6	5679415	181203668	0
RTIGER_SNP50K	Zx.0540	PN6_SID490	7	83761	5363389	1
RTIGER_SNP50K	Zx.0540	PN6_SID490	7	5397690	183980739	0
RTIGER_SNP50K	Zx.0540	PN6_SID490	8	354973	182232061	0
RTIGER_SNP50K	Zx.0540	PN6_SID490	9	2080376	162280359	0
RTIGER_SNP50K	Zx.0540	PN6_SID490	10	94503	119433214	0
RTIGER_SNP50K	Zx.0540	PN6_SID490	10	119438672	134779466	1
RTIGER_SNP50K	Zx.0540	PN6_SID490	10	134904048	152305623	0
RTIGER_SNP50K	Zx.0540	PN6_SID491	1	287040	308295570	0
RTIGER_SNP50K	Zx.0540	PN6_SID491	2	347487	211805402	0
RTIGER_SNP50K	Zx.0540	PN6_SID491	2	212692333	243552371	1
RTIGER_SNP50K	Zx.0540	PN6_SID491	3	1057368	2735589	1
RTIGER_SNP50K	Zx.0540	PN6_SID491	3	2741074	3904212	2
RTIGER_SNP50K	Zx.0540	PN6_SID491	3	3904236	236939523	0
RTIGER_SNP50K	Zx.0540	PN6_SID491	4	1124359	249607164	0
RTIGER_SNP50K	Zx.0540	PN6_SID491	5	690135	4791114	1
RTIGER_SNP50K	Zx.0540	PN6_SID491	5	4889790	153713063	0
RTIGER_SNP50K	Zx.0540	PN6_SID491	5	154528659	177344958	1
RTIGER_SNP50K	Zx.0540	PN6_SID491	5	177574038	225598858	0
RTIGER_SNP50K	Zx.0540	PN6_SID491	6	5260376	181187587	0
RTIGER_SNP50K	Zx.0540	PN6_SID491	7	343733	183952244	0
RTIGER_SNP50K	Zx.0540	PN6_SID491	8	355021	93207128	1
RTIGER_SNP50K	Zx.0540	PN6_SID491	8	93455180	94470609	2
RTIGER_SNP50K	Zx.0540	PN6_SID491	8	94830937	149153624	1
RTIGER_SNP50K	Zx.0540	PN6_SID491	8	149471294	149889588	2
RTIGER_SNP50K	Zx.0540	PN6_SID491	8	150671468	155634294	1
RTIGER_SNP50K	Zx.0540	PN6_SID491	8	155670985	182218389	0
RTIGER_SNP50K	Zx.0540	PN6_SID491	9	1749539	162400783	0
RTIGER_SNP50K	Zx.0540	PN6_SID491	10	94302	152160445	0
RTIGER_SNP50K	Zx.0540	PN6_SID492	1	287040	308290679	0
RTIGER_SNP50K	Zx.0540	PN6_SID492	2	175074	236732204	0
RTIGER_SNP50K	Zx.0540	PN6_SID492	2	237019078	238102059	1
RTIGER_SNP50K	Zx.0540	PN6_SID492	2	238213344	243662959	0
RTIGER_SNP50K	Zx.0540	PN6_SID492	3	356143	169233463	0
RTIGER_SNP50K	Zx.0540	PN6_SID492	3	169252662	173096621	1
RTIGER_SNP50K	Zx.0540	PN6_SID492	3	173261407	201287631	0
RTIGER_SNP50K	Zx.0540	PN6_SID492	3	201522209	201642528	2
RTIGER_SNP50K	Zx.0540	PN6_SID492	3	201694355	212071278	0
RTIGER_SNP50K	Zx.0540	PN6_SID492	3	212155576	232770823	1
RTIGER_SNP50K	Zx.0540	PN6_SID492	3	232772292	236821697	0
RTIGER_SNP50K	Zx.0540	PN6_SID492	4	638586	249848884	0
RTIGER_SNP50K	Zx.0540	PN6_SID492	5	336374	226039586	0
RTIGER_SNP50K	Zx.0540	PN6_SID492	6	5514944	181024267	0
RTIGER_SNP50K	Zx.0540	PN6_SID492	7	84081	55025666	0
RTIGER_SNP50K	Zx.0540	PN6_SID492	7	55245422	55245467	2
RTIGER_SNP50K	Zx.0540	PN6_SID492	7	55368659	183951173	0
RTIGER_SNP50K	Zx.0540	PN6_SID492	8	388196	70574054	0
RTIGER_SNP50K	Zx.0540	PN6_SID492	8	70620246	70620257	2
RTIGER_SNP50K	Zx.0540	PN6_SID492	8	70663742	182085992	0
RTIGER_SNP50K	Zx.0540	PN6_SID492	9	1958125	2945782	2
RTIGER_SNP50K	Zx.0540	PN6_SID492	9	2954033	144138270	1
RTIGER_SNP50K	Zx.0540	PN6_SID492	9	144451996	162692974	0
RTIGER_SNP50K	Zx.0540	PN6_SID492	10	202385	152290201	0
RTIGER_SNP50K	Zx.0540	PN6_SID493	1	425521	308330525	0
RTIGER_SNP50K	Zx.0540	PN6_SID493	2	204222	146579813	0
RTIGER_SNP50K	Zx.0540	PN6_SID493	2	146636267	158489191	1
RTIGER_SNP50K	Zx.0540	PN6_SID493	2	158498919	158990646	2
RTIGER_SNP50K	Zx.0540	PN6_SID493	2	159145422	243662959	0
RTIGER_SNP50K	Zx.0540	PN6_SID493	3	1057368	236941170	0
RTIGER_SNP50K	Zx.0540	PN6_SID493	4	255421	249567961	0
RTIGER_SNP50K	Zx.0540	PN6_SID493	5	380675	10334161	0
RTIGER_SNP50K	Zx.0540	PN6_SID493	5	10418007	34703961	1
RTIGER_SNP50K	Zx.0540	PN6_SID493	5	34907605	216319229	0
RTIGER_SNP50K	Zx.0540	PN6_SID493	5	216543043	220546359	1
RTIGER_SNP50K	Zx.0540	PN6_SID493	5	220750901	226234983	0
RTIGER_SNP50K	Zx.0540	PN6_SID493	6	5677854	181203668	0
RTIGER_SNP50K	Zx.0540	PN6_SID493	7	387430	183829029	0
RTIGER_SNP50K	Zx.0540	PN6_SID493	8	360763	182085992	0
RTIGER_SNP50K	Zx.0540	PN6_SID493	9	1566009	162547212	0
RTIGER_SNP50K	Zx.0540	PN6_SID493	10	189114	152395252	0
RTIGER_SNP50K	Zx.0540	PN6_SID494	1	289351	175358634	0
RTIGER_SNP50K	Zx.0540	PN6_SID494	1	176965015	219117064	1
RTIGER_SNP50K	Zx.0540	PN6_SID494	1	219211302	308423715	0
RTIGER_SNP50K	Zx.0540	PN6_SID494	2	76737	4915082	1
RTIGER_SNP50K	Zx.0540	PN6_SID494	2	4927993	52025975	0
RTIGER_SNP50K	Zx.0540	PN6_SID494	2	52031289	52545905	2
RTIGER_SNP50K	Zx.0540	PN6_SID494	2	52592000	130968202	1
RTIGER_SNP50K	Zx.0540	PN6_SID494	2	131161730	131662206	2
RTIGER_SNP50K	Zx.0540	PN6_SID494	2	131681983	193348541	1
RTIGER_SNP50K	Zx.0540	PN6_SID494	2	193580848	243555257	0
RTIGER_SNP50K	Zx.0540	PN6_SID494	3	147823	236771931	0
RTIGER_SNP50K	Zx.0540	PN6_SID494	4	255421	11017142	0
RTIGER_SNP50K	Zx.0540	PN6_SID494	4	11043960	11569002	2
RTIGER_SNP50K	Zx.0540	PN6_SID494	4	11659807	28089074	1
RTIGER_SNP50K	Zx.0540	PN6_SID494	4	28231417	249801221	0
RTIGER_SNP50K	Zx.0540	PN6_SID494	5	400394	10433851	0
RTIGER_SNP50K	Zx.0540	PN6_SID494	5	11216002	49417883	1
RTIGER_SNP50K	Zx.0540	PN6_SID494	5	49418665	50774715	2
RTIGER_SNP50K	Zx.0540	PN6_SID494	5	51207310	134084734	1
RTIGER_SNP50K	Zx.0540	PN6_SID494	5	134151774	135108606	2
RTIGER_SNP50K	Zx.0540	PN6_SID494	5	135980523	170208233	1
RTIGER_SNP50K	Zx.0540	PN6_SID494	5	170575715	177574072	2
RTIGER_SNP50K	Zx.0540	PN6_SID494	5	178007785	226234983	0
RTIGER_SNP50K	Zx.0540	PN6_SID494	6	5720392	181186018	0
RTIGER_SNP50K	Zx.0540	PN6_SID494	7	84081	8680042	1
RTIGER_SNP50K	Zx.0540	PN6_SID494	7	9029050	183980739	0
RTIGER_SNP50K	Zx.0540	PN6_SID494	8	354736	173788390	0
RTIGER_SNP50K	Zx.0540	PN6_SID494	8	174503519	180552314	1
RTIGER_SNP50K	Zx.0540	PN6_SID494	8	180712615	182232061	0
RTIGER_SNP50K	Zx.0540	PN6_SID494	9	1749539	162808411	0
RTIGER_SNP50K	Zx.0540	PN6_SID494	10	189654	152395252	0
RTIGER_SNP50K	Zx.0540	PN6_SID495	1	29860	308330525	0
RTIGER_SNP50K	Zx.0540	PN6_SID495	2	75371	243552371	0
RTIGER_SNP50K	Zx.0540	PN6_SID495	3	147823	230248153	0
RTIGER_SNP50K	Zx.0540	PN6_SID495	3	230779843	234265970	1
RTIGER_SNP50K	Zx.0540	PN6_SID495	3	234363247	236939523	0
RTIGER_SNP50K	Zx.0540	PN6_SID495	4	1034564	249801221	0
RTIGER_SNP50K	Zx.0540	PN6_SID495	5	362844	226167943	0
RTIGER_SNP50K	Zx.0540	PN6_SID495	6	5260376	181203668	0
RTIGER_SNP50K	Zx.0540	PN6_SID495	7	83761	3163045	0
RTIGER_SNP50K	Zx.0540	PN6_SID495	7	3293422	30560142	1
RTIGER_SNP50K	Zx.0540	PN6_SID495	7	30719037	31836035	2
RTIGER_SNP50K	Zx.0540	PN6_SID495	7	31991055	54318478	1
RTIGER_SNP50K	Zx.0540	PN6_SID495	7	54561307	55655202	2
RTIGER_SNP50K	Zx.0540	PN6_SID495	7	58557331	65507550	1
RTIGER_SNP50K	Zx.0540	PN6_SID495	7	66108240	67857076	2
RTIGER_SNP50K	Zx.0540	PN6_SID495	7	67922175	67967282	1
RTIGER_SNP50K	Zx.0540	PN6_SID495	7	68198316	71082602	2
RTIGER_SNP50K	Zx.0540	PN6_SID495	7	71559086	72544862	1
RTIGER_SNP50K	Zx.0540	PN6_SID495	7	72621709	72926757	2
RTIGER_SNP50K	Zx.0540	PN6_SID495	7	73044573	80131385	1
RTIGER_SNP50K	Zx.0540	PN6_SID495	7	80374935	81271465	2
RTIGER_SNP50K	Zx.0540	PN6_SID495	7	81307785	82943747	1
RTIGER_SNP50K	Zx.0540	PN6_SID495	7	82980388	84696844	2
RTIGER_SNP50K	Zx.0540	PN6_SID495	7	84758537	88955365	1
RTIGER_SNP50K	Zx.0540	PN6_SID495	7	89102271	183857036	0
RTIGER_SNP50K	Zx.0540	PN6_SID495	8	328238	182172937	0
RTIGER_SNP50K	Zx.0540	PN6_SID495	9	1566009	31551476	1
RTIGER_SNP50K	Zx.0540	PN6_SID495	9	32124444	162402484	0
RTIGER_SNP50K	Zx.0540	PN6_SID495	10	94302	152395252	0
RTIGER_SNP50K	Zx.0540	PN6_SID496	1	29860	43353756	0
RTIGER_SNP50K	Zx.0540	PN6_SID496	1	43987174	47143695	1
RTIGER_SNP50K	Zx.0540	PN6_SID496	1	47286783	287952390	0
RTIGER_SNP50K	Zx.0540	PN6_SID496	1	288079139	293864432	1
RTIGER_SNP50K	Zx.0540	PN6_SID496	1	294531929	308330525	0
RTIGER_SNP50K	Zx.0540	PN6_SID496	2	299852	19538338	0
RTIGER_SNP50K	Zx.0540	PN6_SID496	2	19622216	19912182	1
RTIGER_SNP50K	Zx.0540	PN6_SID496	2	20116615	22115750	2
RTIGER_SNP50K	Zx.0540	PN6_SID496	2	22278243	54813553	1
RTIGER_SNP50K	Zx.0540	PN6_SID496	2	54946355	55608218	2
RTIGER_SNP50K	Zx.0540	PN6_SID496	2	56097594	66136514	1
RTIGER_SNP50K	Zx.0540	PN6_SID496	2	66355693	243552371	0
RTIGER_SNP50K	Zx.0540	PN6_SID496	3	147823	217784600	0
RTIGER_SNP50K	Zx.0540	PN6_SID496	3	217787763	219921140	1
RTIGER_SNP50K	Zx.0540	PN6_SID496	3	220255645	236939523	0
RTIGER_SNP50K	Zx.0540	PN6_SID496	4	988744	210087727	0
RTIGER_SNP50K	Zx.0540	PN6_SID496	4	210403629	210403639	2
RTIGER_SNP50K	Zx.0540	PN6_SID496	4	210462523	249888371	0
RTIGER_SNP50K	Zx.0540	PN6_SID496	5	322588	12935658	0
RTIGER_SNP50K	Zx.0540	PN6_SID496	5	12988258	77205597	1
RTIGER_SNP50K	Zx.0540	PN6_SID496	5	77279226	225939719	0
RTIGER_SNP50K	Zx.0540	PN6_SID496	6	5260376	181186018	0
RTIGER_SNP50K	Zx.0540	PN6_SID496	7	84081	183980739	0
RTIGER_SNP50K	Zx.0540	PN6_SID496	8	295839	72686558	1
RTIGER_SNP50K	Zx.0540	PN6_SID496	8	73112390	85054512	0
RTIGER_SNP50K	Zx.0540	PN6_SID496	8	85166140	123509863	1
RTIGER_SNP50K	Zx.0540	PN6_SID496	8	123724381	182232061	0
RTIGER_SNP50K	Zx.0540	PN6_SID496	9	2249036	162808411	0
RTIGER_SNP50K	Zx.0540	PN6_SID496	10	94302	152327194	0
RTIGER_SNP50K	Zx.0540	PN6_SID497	1	287040	283819316	0
RTIGER_SNP50K	Zx.0540	PN6_SID497	1	284226907	308427802	1
RTIGER_SNP50K	Zx.0540	PN6_SID497	2	76737	215899778	0
RTIGER_SNP50K	Zx.0540	PN6_SID497	2	216114803	236628615	1
RTIGER_SNP50K	Zx.0540	PN6_SID497	2	236732204	243081754	0
RTIGER_SNP50K	Zx.0540	PN6_SID497	3	147823	210700492	0
RTIGER_SNP50K	Zx.0540	PN6_SID497	3	210769148	212576165	1
RTIGER_SNP50K	Zx.0540	PN6_SID497	3	212856773	214192959	2
RTIGER_SNP50K	Zx.0540	PN6_SID497	3	214240572	236939523	0
RTIGER_SNP50K	Zx.0540	PN6_SID497	4	638586	249607164	0
RTIGER_SNP50K	Zx.0540	PN6_SID497	5	362844	226234983	0
RTIGER_SNP50K	Zx.0540	PN6_SID497	6	5260376	99214732	0
RTIGER_SNP50K	Zx.0540	PN6_SID497	6	100770841	101003509	1
RTIGER_SNP50K	Zx.0540	PN6_SID497	6	102964381	104541412	2
RTIGER_SNP50K	Zx.0540	PN6_SID497	6	104612381	117601258	1
RTIGER_SNP50K	Zx.0540	PN6_SID497	6	118268129	180120661	0
RTIGER_SNP50K	Zx.0540	PN6_SID497	7	83761	183980739	0
RTIGER_SNP50K	Zx.0540	PN6_SID497	8	354736	182218389	0
RTIGER_SNP50K	Zx.0540	PN6_SID497	9	1958125	5028023	2
RTIGER_SNP50K	Zx.0540	PN6_SID497	9	5145943	87022860	1
RTIGER_SNP50K	Zx.0540	PN6_SID497	9	87022861	87421540	2
RTIGER_SNP50K	Zx.0540	PN6_SID497	9	87538346	120932973	1
RTIGER_SNP50K	Zx.0540	PN6_SID497	9	120968223	162808411	0
RTIGER_SNP50K	Zx.0540	PN6_SID497	10	183757	5518178	0
RTIGER_SNP50K	Zx.0540	PN6_SID497	10	6250342	22307552	1
RTIGER_SNP50K	Zx.0540	PN6_SID497	10	22421848	23758984	2
RTIGER_SNP50K	Zx.0540	PN6_SID497	10	23825367	25072597	1
RTIGER_SNP50K	Zx.0540	PN6_SID497	10	25074162	29758904	2
RTIGER_SNP50K	Zx.0540	PN6_SID497	10	30122068	66917104	1
RTIGER_SNP50K	Zx.0540	PN6_SID497	10	67263818	69863099	2
RTIGER_SNP50K	Zx.0540	PN6_SID497	10	70130658	72781001	1
RTIGER_SNP50K	Zx.0540	PN6_SID497	10	73718408	93493255	0
RTIGER_SNP50K	Zx.0540	PN6_SID497	10	93790224	97103926	1
RTIGER_SNP50K	Zx.0540	PN6_SID497	10	97603649	98075433	2
RTIGER_SNP50K	Zx.0540	PN6_SID497	10	98434135	152340819	1
RTIGER_SNP50K	Zx.0540	PN6_SID498	1	29860	4856598	1
RTIGER_SNP50K	Zx.0540	PN6_SID498	1	4935722	308290679	0
RTIGER_SNP50K	Zx.0540	PN6_SID498	2	75383	243499351	0
RTIGER_SNP50K	Zx.0540	PN6_SID498	3	1170028	236939523	0
RTIGER_SNP50K	Zx.0540	PN6_SID498	4	425542	249607164	0
RTIGER_SNP50K	Zx.0540	PN6_SID498	5	691132	226227487	0
RTIGER_SNP50K	Zx.0540	PN6_SID498	6	5844167	180643101	0
RTIGER_SNP50K	Zx.0540	PN6_SID498	7	83761	183751302	0
RTIGER_SNP50K	Zx.0540	PN6_SID498	8	360763	181919767	0
RTIGER_SNP50K	Zx.0540	PN6_SID498	9	1749539	162692974	0
RTIGER_SNP50K	Zx.0540	PN6_SID498	10	94302	152327194	0
RTIGER_SNP50K	Zx.0540	PN6_SID499	1	29860	6868806	1
RTIGER_SNP50K	Zx.0540	PN6_SID499	1	7178721	308423707	0
RTIGER_SNP50K	Zx.0540	PN6_SID499	2	299852	243502467	0
RTIGER_SNP50K	Zx.0540	PN6_SID499	3	147823	236963193	0
RTIGER_SNP50K	Zx.0540	PN6_SID499	4	514639	249848884	0
RTIGER_SNP50K	Zx.0540	PN6_SID499	5	322588	226240113	0
RTIGER_SNP50K	Zx.0540	PN6_SID499	6	5791226	180484231	0
RTIGER_SNP50K	Zx.0540	PN6_SID499	7	343733	183980739	0
RTIGER_SNP50K	Zx.0540	PN6_SID499	8	328238	182218389	0
RTIGER_SNP50K	Zx.0540	PN6_SID499	9	1567509	162809802	0
RTIGER_SNP50K	Zx.0540	PN6_SID499	10	94302	10324971	0
RTIGER_SNP50K	Zx.0540	PN6_SID499	10	10407759	98573395	1
RTIGER_SNP50K	Zx.0540	PN6_SID499	10	98924064	100323626	2
RTIGER_SNP50K	Zx.0540	PN6_SID499	10	100812875	107188145	1
RTIGER_SNP50K	Zx.0540	PN6_SID499	10	107716844	108846533	2
RTIGER_SNP50K	Zx.0540	PN6_SID499	10	109563374	148408359	1
RTIGER_SNP50K	Zx.0540	PN6_SID499	10	148458467	152264845	0
RTIGER_SNP50K	Zx.0540	PN6_SID500	1	289351	19877403	1
RTIGER_SNP50K	Zx.0540	PN6_SID500	1	20381368	308423715	0
RTIGER_SNP50K	Zx.0540	PN6_SID500	2	71603	26441860	0
RTIGER_SNP50K	Zx.0540	PN6_SID500	2	26475828	27245230	2
RTIGER_SNP50K	Zx.0540	PN6_SID500	2	27862828	182224624	0
RTIGER_SNP50K	Zx.0540	PN6_SID500	2	182656431	217666949	1
RTIGER_SNP50K	Zx.0540	PN6_SID500	2	217864905	243533209	0
RTIGER_SNP50K	Zx.0540	PN6_SID500	3	1069691	9356170	1
RTIGER_SNP50K	Zx.0540	PN6_SID500	3	9769210	236941170	0
RTIGER_SNP50K	Zx.0540	PN6_SID500	4	255421	3408724	0
RTIGER_SNP50K	Zx.0540	PN6_SID500	4	3429550	25161904	1
RTIGER_SNP50K	Zx.0540	PN6_SID500	4	25331943	166532983	0
RTIGER_SNP50K	Zx.0540	PN6_SID500	4	167831396	199678694	1
RTIGER_SNP50K	Zx.0540	PN6_SID500	4	199691629	212941668	0
RTIGER_SNP50K	Zx.0540	PN6_SID500	4	212975928	218283289	1
RTIGER_SNP50K	Zx.0540	PN6_SID500	4	218342964	249925783	0
RTIGER_SNP50K	Zx.0540	PN6_SID500	5	460404	226234983	0
RTIGER_SNP50K	Zx.0540	PN6_SID500	6	5791226	178857050	0
RTIGER_SNP50K	Zx.0540	PN6_SID500	6	178859803	180485105	1
RTIGER_SNP50K	Zx.0540	PN6_SID500	7	271597	2488002	0
RTIGER_SNP50K	Zx.0540	PN6_SID500	7	3085911	134207049	1
RTIGER_SNP50K	Zx.0540	PN6_SID500	7	134207317	165196515	0
RTIGER_SNP50K	Zx.0540	PN6_SID500	7	165574234	177041529	1
RTIGER_SNP50K	Zx.0540	PN6_SID500	7	177333461	183980739	0
RTIGER_SNP50K	Zx.0540	PN6_SID500	8	354736	182172937	0
RTIGER_SNP50K	Zx.0540	PN6_SID500	9	2567701	162692974	0
RTIGER_SNP50K	Zx.0540	PN6_SID500	10	94302	152340819	0
RTIGER_SNP50K	Zx.0540	PN6_SID501	1	289351	308330504	0
RTIGER_SNP50K	Zx.0540	PN6_SID501	2	131906	243555257	0
RTIGER_SNP50K	Zx.0540	PN6_SID501	3	356143	3359600	1
RTIGER_SNP50K	Zx.0540	PN6_SID501	3	3368402	162268039	0
RTIGER_SNP50K	Zx.0540	PN6_SID501	3	162451463	185153131	1
RTIGER_SNP50K	Zx.0540	PN6_SID501	3	185157452	236963193	0
RTIGER_SNP50K	Zx.0540	PN6_SID501	4	514639	249925783	0
RTIGER_SNP50K	Zx.0540	PN6_SID501	5	336374	226167943	0
RTIGER_SNP50K	Zx.0540	PN6_SID501	6	5844413	180404353	0
RTIGER_SNP50K	Zx.0540	PN6_SID501	7	84081	136602421	0
RTIGER_SNP50K	Zx.0540	PN6_SID501	7	136783391	137455058	1
RTIGER_SNP50K	Zx.0540	PN6_SID501	7	137575607	139048751	2
RTIGER_SNP50K	Zx.0540	PN6_SID501	7	139048776	161836967	1
RTIGER_SNP50K	Zx.0540	PN6_SID501	7	161838173	162702929	2
RTIGER_SNP50K	Zx.0540	PN6_SID501	7	162831037	178278649	1
RTIGER_SNP50K	Zx.0540	PN6_SID501	7	178808660	183980739	0
RTIGER_SNP50K	Zx.0540	PN6_SID501	8	388196	182218389	0
RTIGER_SNP50K	Zx.0540	PN6_SID501	9	2239637	105424830	0
RTIGER_SNP50K	Zx.0540	PN6_SID501	9	105615941	125187946	1
RTIGER_SNP50K	Zx.0540	PN6_SID501	9	125351362	162808411	0
RTIGER_SNP50K	Zx.0540	PN6_SID501	10	94503	3590518	1
RTIGER_SNP50K	Zx.0540	PN6_SID501	10	4124500	152290201	0
RTIGER_SNP50K	Zx.0540	PN6_SID502	1	29860	199887720	0
RTIGER_SNP50K	Zx.0540	PN6_SID502	1	200010052	262884764	1
RTIGER_SNP50K	Zx.0540	PN6_SID502	1	264093951	308295570	0
RTIGER_SNP50K	Zx.0540	PN6_SID502	2	175074	243479746	0
RTIGER_SNP50K	Zx.0540	PN6_SID502	3	1100874	204252207	0
RTIGER_SNP50K	Zx.0540	PN6_SID502	3	204337346	212859085	1
RTIGER_SNP50K	Zx.0540	PN6_SID502	3	213082718	236939523	0
RTIGER_SNP50K	Zx.0540	PN6_SID502	4	255421	249925783	0
RTIGER_SNP50K	Zx.0540	PN6_SID502	5	336374	226240113	0
RTIGER_SNP50K	Zx.0540	PN6_SID502	6	5514944	181203668	0
RTIGER_SNP50K	Zx.0540	PN6_SID502	7	343733	172063157	0
RTIGER_SNP50K	Zx.0540	PN6_SID502	7	172063160	172604692	1
RTIGER_SNP50K	Zx.0540	PN6_SID502	7	172665463	174064706	2
RTIGER_SNP50K	Zx.0540	PN6_SID502	7	174155688	174587005	1
RTIGER_SNP50K	Zx.0540	PN6_SID502	7	174925555	175526805	2
RTIGER_SNP50K	Zx.0540	PN6_SID502	7	175670853	183956162	1
RTIGER_SNP50K	Zx.0540	PN6_SID502	8	354973	182232061	0
RTIGER_SNP50K	Zx.0540	PN6_SID502	9	1566009	136612130	0
RTIGER_SNP50K	Zx.0540	PN6_SID502	9	136749769	162809802	1
RTIGER_SNP50K	Zx.0540	PN6_SID502	10	94302	80797572	0
RTIGER_SNP50K	Zx.0540	PN6_SID502	10	82018641	106701000	1
RTIGER_SNP50K	Zx.0540	PN6_SID502	10	106786728	107353995	2
RTIGER_SNP50K	Zx.0540	PN6_SID502	10	107389698	136095734	1
RTIGER_SNP50K	Zx.0540	PN6_SID502	10	136268649	151221846	0
RTIGER_SNP50K	Zx.0540	PN6_SID502	10	151238786	152327194	1
RTIGER_SNP50K	Zx.0540	PN6_SID503	1	29860	2807453	1
RTIGER_SNP50K	Zx.0540	PN6_SID503	1	2863337	3095013	2
RTIGER_SNP50K	Zx.0540	PN6_SID503	1	3159668	303786811	0
RTIGER_SNP50K	Zx.0540	PN6_SID503	1	303866156	305357174	1
RTIGER_SNP50K	Zx.0540	PN6_SID503	1	305388749	307412895	0
RTIGER_SNP50K	Zx.0540	PN6_SID503	1	307414068	308051223	1
RTIGER_SNP50K	Zx.0540	PN6_SID503	2	131906	25326918	0
RTIGER_SNP50K	Zx.0540	PN6_SID503	2	25369231	26444829	1
RTIGER_SNP50K	Zx.0540	PN6_SID503	2	26475828	26475902	2
RTIGER_SNP50K	Zx.0540	PN6_SID503	2	27215786	64207186	1
RTIGER_SNP50K	Zx.0540	PN6_SID503	2	64321858	64328629	2
RTIGER_SNP50K	Zx.0540	PN6_SID503	2	64369544	67248670	0
RTIGER_SNP50K	Zx.0540	PN6_SID503	2	67289539	103589946	1
RTIGER_SNP50K	Zx.0540	PN6_SID503	2	103590188	108796642	0
RTIGER_SNP50K	Zx.0540	PN6_SID503	2	108801658	163187451	1
RTIGER_SNP50K	Zx.0540	PN6_SID503	2	163870946	167859460	0
RTIGER_SNP50K	Zx.0540	PN6_SID503	2	167893676	239611689	1
RTIGER_SNP50K	Zx.0540	PN6_SID503	2	239648591	243533209	0
RTIGER_SNP50K	Zx.0540	PN6_SID503	3	147823	1814501	1
RTIGER_SNP50K	Zx.0540	PN6_SID503	3	1978500	201774993	0
RTIGER_SNP50K	Zx.0540	PN6_SID503	3	202041233	205424347	1
RTIGER_SNP50K	Zx.0540	PN6_SID503	3	205725045	236963193	0
RTIGER_SNP50K	Zx.0540	PN6_SID503	4	508312	19665972	0
RTIGER_SNP50K	Zx.0540	PN6_SID503	4	19819177	36895043	1
RTIGER_SNP50K	Zx.0540	PN6_SID503	4	36946738	249801221	0
RTIGER_SNP50K	Zx.0540	PN6_SID503	5	322588	107765201	0
RTIGER_SNP50K	Zx.0540	PN6_SID503	5	107786181	107786271	2
RTIGER_SNP50K	Zx.0540	PN6_SID503	5	107872369	226039586	0
RTIGER_SNP50K	Zx.0540	PN6_SID503	6	5938674	181187587	0
RTIGER_SNP50K	Zx.0540	PN6_SID503	7	271597	183980739	0
RTIGER_SNP50K	Zx.0540	PN6_SID503	8	354973	182167615	0
RTIGER_SNP50K	Zx.0540	PN6_SID503	9	2491103	3308714	1
RTIGER_SNP50K	Zx.0540	PN6_SID503	9	4143226	5589666	2
RTIGER_SNP50K	Zx.0540	PN6_SID503	9	5953403	157925988	1
RTIGER_SNP50K	Zx.0540	PN6_SID503	9	157943056	162809802	0
RTIGER_SNP50K	Zx.0540	PN6_SID503	10	94302	5553984	0
RTIGER_SNP50K	Zx.0540	PN6_SID503	10	5613162	49179667	1
RTIGER_SNP50K	Zx.0540	PN6_SID503	10	49191182	49785415	2
RTIGER_SNP50K	Zx.0540	PN6_SID503	10	50350875	59211566	1
RTIGER_SNP50K	Zx.0540	PN6_SID503	10	59225205	59977998	2
RTIGER_SNP50K	Zx.0540	PN6_SID503	10	60350642	65858391	1
RTIGER_SNP50K	Zx.0540	PN6_SID503	10	66130327	66499044	2
RTIGER_SNP50K	Zx.0540	PN6_SID503	10	66565033	99413940	1
RTIGER_SNP50K	Zx.0540	PN6_SID503	10	99979232	101093043	2
RTIGER_SNP50K	Zx.0540	PN6_SID503	10	101412747	103507340	1
RTIGER_SNP50K	Zx.0540	PN6_SID503	10	103599708	105923382	2
RTIGER_SNP50K	Zx.0540	PN6_SID503	10	105972317	129964264	1
RTIGER_SNP50K	Zx.0540	PN6_SID503	10	129964306	131078364	2
RTIGER_SNP50K	Zx.0540	PN6_SID503	10	131111594	132634944	1
RTIGER_SNP50K	Zx.0540	PN6_SID503	10	132791849	134779466	2
RTIGER_SNP50K	Zx.0540	PN6_SID503	10	135109302	152340819	1
RTIGER_SNP50K	Zx.0540	PN6_SID504	1	395660	43870109	0
RTIGER_SNP50K	Zx.0540	PN6_SID504	1	43987174	101922335	1
RTIGER_SNP50K	Zx.0540	PN6_SID504	1	102049581	124769783	0
RTIGER_SNP50K	Zx.0540	PN6_SID504	1	124934430	158251352	1
RTIGER_SNP50K	Zx.0540	PN6_SID504	1	158589031	170448908	0
RTIGER_SNP50K	Zx.0540	PN6_SID504	1	170711802	295634037	1
RTIGER_SNP50K	Zx.0540	PN6_SID504	1	296262688	308423715	0
RTIGER_SNP50K	Zx.0540	PN6_SID504	2	75371	19288358	0
RTIGER_SNP50K	Zx.0540	PN6_SID504	2	19319188	29505724	1
RTIGER_SNP50K	Zx.0540	PN6_SID504	2	29657449	30171492	2
RTIGER_SNP50K	Zx.0540	PN6_SID504	2	30301744	237862512	0
RTIGER_SNP50K	Zx.0540	PN6_SID504	2	237914745	243533209	1
RTIGER_SNP50K	Zx.0540	PN6_SID504	3	1170028	210394494	0
RTIGER_SNP50K	Zx.0540	PN6_SID504	3	210436879	219921140	1
RTIGER_SNP50K	Zx.0540	PN6_SID504	3	220179943	236941170	0
RTIGER_SNP50K	Zx.0540	PN6_SID504	4	556297	3408724	1
RTIGER_SNP50K	Zx.0540	PN6_SID504	4	3429550	3770166	2
RTIGER_SNP50K	Zx.0540	PN6_SID504	4	3847676	4557613	1
RTIGER_SNP50K	Zx.0540	PN6_SID504	4	4785069	249925783	0
RTIGER_SNP50K	Zx.0540	PN6_SID504	5	336374	14200553	0
RTIGER_SNP50K	Zx.0540	PN6_SID504	5	14247990	36684139	1
RTIGER_SNP50K	Zx.0540	PN6_SID504	5	36921343	38085138	2
RTIGER_SNP50K	Zx.0540	PN6_SID504	5	38544240	77205597	1
RTIGER_SNP50K	Zx.0540	PN6_SID504	5	77207770	92813147	0
RTIGER_SNP50K	Zx.0540	PN6_SID504	5	93168028	101090852	1
RTIGER_SNP50K	Zx.0540	PN6_SID504	5	101292774	226240113	0
RTIGER_SNP50K	Zx.0540	PN6_SID504	6	5844167	180693485	0
RTIGER_SNP50K	Zx.0540	PN6_SID504	7	84081	176349168	0
RTIGER_SNP50K	Zx.0540	PN6_SID504	7	176668940	177740682	2
RTIGER_SNP50K	Zx.0540	PN6_SID504	7	177843980	183967464	1
RTIGER_SNP50K	Zx.0540	PN6_SID504	8	295839	182127528	0
RTIGER_SNP50K	Zx.0540	PN6_SID504	9	1566009	162402484	0
RTIGER_SNP50K	Zx.0540	PN6_SID504	10	183757	152160445	0
RTIGER_SNP50K	Zx.0540	PN6_SID505	1	287040	12783290	0
RTIGER_SNP50K	Zx.0540	PN6_SID505	1	13803787	39318045	1
RTIGER_SNP50K	Zx.0540	PN6_SID505	1	39502105	184802440	0
RTIGER_SNP50K	Zx.0540	PN6_SID505	1	184919494	193609543	1
RTIGER_SNP50K	Zx.0540	PN6_SID505	1	193611138	194972734	2
RTIGER_SNP50K	Zx.0540	PN6_SID505	1	194972761	254541724	1
RTIGER_SNP50K	Zx.0540	PN6_SID505	1	254855760	256444283	2
RTIGER_SNP50K	Zx.0540	PN6_SID505	1	257213881	292021861	1
RTIGER_SNP50K	Zx.0540	PN6_SID505	1	292717299	308258072	0
RTIGER_SNP50K	Zx.0540	PN6_SID505	2	131906	3324645	0
RTIGER_SNP50K	Zx.0540	PN6_SID505	2	3332811	9328500	1
RTIGER_SNP50K	Zx.0540	PN6_SID505	2	9808111	243522318	0
RTIGER_SNP50K	Zx.0540	PN6_SID505	3	810940	236776275	0
RTIGER_SNP50K	Zx.0540	PN6_SID505	4	514639	4919849	1
RTIGER_SNP50K	Zx.0540	PN6_SID505	4	5710763	249888371	0
RTIGER_SNP50K	Zx.0540	PN6_SID505	5	362844	224993545	0
RTIGER_SNP50K	Zx.0540	PN6_SID505	6	5720392	181186018	0
RTIGER_SNP50K	Zx.0540	PN6_SID505	7	343733	183980739	0
RTIGER_SNP50K	Zx.0540	PN6_SID505	8	295839	124723445	0
RTIGER_SNP50K	Zx.0540	PN6_SID505	8	124764721	178907701	1
RTIGER_SNP50K	Zx.0540	PN6_SID505	8	178916519	182167615	0
RTIGER_SNP50K	Zx.0540	PN6_SID505	9	1749539	115324144	1
RTIGER_SNP50K	Zx.0540	PN6_SID505	9	115562628	118896999	2
RTIGER_SNP50K	Zx.0540	PN6_SID505	9	119490689	148075551	1
RTIGER_SNP50K	Zx.0540	PN6_SID505	9	148216941	162267388	0
RTIGER_SNP50K	Zx.0540	PN6_SID505	10	94302	150938339	0
RTIGER_SNP50K	Zx.0540	PN6_SID505	10	151213011	152327194	1
RTIGER_SNP50K	Zx.0550	PN5_SID418	1	289351	308330525	0
RTIGER_SNP50K	Zx.0550	PN5_SID418	2	71603	7866715	0
RTIGER_SNP50K	Zx.0550	PN5_SID418	2	8939537	13924425	1
RTIGER_SNP50K	Zx.0550	PN5_SID418	2	14426856	243522318	0
RTIGER_SNP50K	Zx.0550	PN5_SID418	3	147823	236740451	0
RTIGER_SNP50K	Zx.0550	PN5_SID418	4	255421	249721018	0
RTIGER_SNP50K	Zx.0550	PN5_SID418	5	400394	213141775	0
RTIGER_SNP50K	Zx.0550	PN5_SID418	5	213171255	217394063	1
RTIGER_SNP50K	Zx.0550	PN5_SID418	5	217486935	226234983	0
RTIGER_SNP50K	Zx.0550	PN5_SID418	6	5720392	180701860	0
RTIGER_SNP50K	Zx.0550	PN5_SID418	7	83761	183948078	0
RTIGER_SNP50K	Zx.0550	PN5_SID418	8	575798	182167615	0
RTIGER_SNP50K	Zx.0550	PN5_SID418	9	1567509	143005090	0
RTIGER_SNP50K	Zx.0550	PN5_SID418	9	144138270	155078818	1
RTIGER_SNP50K	Zx.0550	PN5_SID418	9	157832406	162646074	0
RTIGER_SNP50K	Zx.0550	PN5_SID418	10	400636	152302281	0
RTIGER_SNP50K	Zx.0550	PN5_SID419	1	289351	308427802	0
RTIGER_SNP50K	Zx.0550	PN5_SID419	2	75371	10489727	0
RTIGER_SNP50K	Zx.0550	PN5_SID419	2	10594089	13924462	1
RTIGER_SNP50K	Zx.0550	PN5_SID419	2	14256674	243662959	0
RTIGER_SNP50K	Zx.0550	PN5_SID419	3	147823	196179755	0
RTIGER_SNP50K	Zx.0550	PN5_SID419	3	196214392	204655556	1
RTIGER_SNP50K	Zx.0550	PN5_SID419	3	205140949	236941170	0
RTIGER_SNP50K	Zx.0550	PN5_SID419	4	255421	249925783	0
RTIGER_SNP50K	Zx.0550	PN5_SID419	5	336374	17048197	0
RTIGER_SNP50K	Zx.0550	PN5_SID419	5	18400226	31600245	1
RTIGER_SNP50K	Zx.0550	PN5_SID419	5	31942228	32833192	2
RTIGER_SNP50K	Zx.0550	PN5_SID419	5	33046924	64003345	1
RTIGER_SNP50K	Zx.0550	PN5_SID419	5	64102598	179168752	0
RTIGER_SNP50K	Zx.0550	PN5_SID419	5	180455540	217394063	1
RTIGER_SNP50K	Zx.0550	PN5_SID419	5	217467061	226234983	0
RTIGER_SNP50K	Zx.0550	PN5_SID419	6	5677854	181187587	0
RTIGER_SNP50K	Zx.0550	PN5_SID419	7	271597	2685898	1
RTIGER_SNP50K	Zx.0550	PN5_SID419	7	2685901	183959112	0
RTIGER_SNP50K	Zx.0550	PN5_SID419	8	328238	182232061	0
RTIGER_SNP50K	Zx.0550	PN5_SID419	9	1566009	121448392	0
RTIGER_SNP50K	Zx.0550	PN5_SID419	9	122348634	155704311	1
RTIGER_SNP50K	Zx.0550	PN5_SID419	9	156310451	162547212	0
RTIGER_SNP50K	Zx.0550	PN5_SID419	10	262496	92679117	0
RTIGER_SNP50K	Zx.0550	PN5_SID419	10	92940745	104220550	1
RTIGER_SNP50K	Zx.0550	PN5_SID419	10	104745024	120412588	0
RTIGER_SNP50K	Zx.0550	PN5_SID419	10	120581003	136629419	1
RTIGER_SNP50K	Zx.0550	PN5_SID419	10	136960892	152327194	0
RTIGER_SNP50K	Zx.0550	PN5_SID420	1	289351	3910833	1
RTIGER_SNP50K	Zx.0550	PN5_SID420	1	4209297	308330525	0
RTIGER_SNP50K	Zx.0550	PN5_SID420	2	350925	243390203	0
RTIGER_SNP50K	Zx.0550	PN5_SID420	3	810940	236963193	0
RTIGER_SNP50K	Zx.0550	PN5_SID420	4	255421	249888371	0
RTIGER_SNP50K	Zx.0550	PN5_SID420	5	322588	222488024	0
RTIGER_SNP50K	Zx.0550	PN5_SID420	5	222495487	226039586	1
RTIGER_SNP50K	Zx.0550	PN5_SID420	6	5514944	181186018	0
RTIGER_SNP50K	Zx.0550	PN5_SID420	7	84081	152426653	0
RTIGER_SNP50K	Zx.0550	PN5_SID420	7	152540295	183959112	1
RTIGER_SNP50K	Zx.0550	PN5_SID420	8	354736	182232061	0
RTIGER_SNP50K	Zx.0550	PN5_SID420	9	1567509	162809802	0
RTIGER_SNP50K	Zx.0550	PN5_SID420	10	189654	2220669	0
RTIGER_SNP50K	Zx.0550	PN5_SID420	10	2658814	25677320	1
RTIGER_SNP50K	Zx.0550	PN5_SID420	10	25912710	29758904	2
RTIGER_SNP50K	Zx.0550	PN5_SID420	10	30053817	39902704	1
RTIGER_SNP50K	Zx.0550	PN5_SID420	10	40358344	40855475	2
RTIGER_SNP50K	Zx.0550	PN5_SID420	10	40931245	66032137	1
RTIGER_SNP50K	Zx.0550	PN5_SID420	10	66131389	66492922	2
RTIGER_SNP50K	Zx.0550	PN5_SID420	10	66499044	80468672	1
RTIGER_SNP50K	Zx.0550	PN5_SID420	10	80599875	148785324	0
RTIGER_SNP50K	Zx.0550	PN5_SID420	10	148789828	152395252	1
RTIGER_SNP50K	Zx.0550	PN5_SID421	1	29860	7286715	1
RTIGER_SNP50K	Zx.0550	PN5_SID421	1	7402376	306471187	0
RTIGER_SNP50K	Zx.0550	PN5_SID421	1	306541706	308423707	1
RTIGER_SNP50K	Zx.0550	PN5_SID421	2	71603	19632761	0
RTIGER_SNP50K	Zx.0550	PN5_SID421	2	19632785	55565441	1
RTIGER_SNP50K	Zx.0550	PN5_SID421	2	55616138	243555257	0
RTIGER_SNP50K	Zx.0550	PN5_SID421	3	356143	236963193	0
RTIGER_SNP50K	Zx.0550	PN5_SID421	4	556297	249925783	0
RTIGER_SNP50K	Zx.0550	PN5_SID421	5	322588	226039586	0
RTIGER_SNP50K	Zx.0550	PN5_SID421	6	5514944	181203668	0
RTIGER_SNP50K	Zx.0550	PN5_SID421	7	387430	169597029	0
RTIGER_SNP50K	Zx.0550	PN5_SID421	7	169844678	183959112	1
RTIGER_SNP50K	Zx.0550	PN5_SID421	8	389200	182218389	0
RTIGER_SNP50K	Zx.0550	PN5_SID421	9	1749539	162808411	0
RTIGER_SNP50K	Zx.0550	PN5_SID421	10	94302	152305623	0
RTIGER_SNP50K	Zx.0550	PN5_SID422	1	555966	264890490	0
RTIGER_SNP50K	Zx.0550	PN5_SID422	1	264910185	267470530	2
RTIGER_SNP50K	Zx.0550	PN5_SID422	1	267470909	278655242	1
RTIGER_SNP50K	Zx.0550	PN5_SID422	1	279387025	279387055	2
RTIGER_SNP50K	Zx.0550	PN5_SID422	1	279404667	308295570	0
RTIGER_SNP50K	Zx.0550	PN5_SID422	2	71603	26443909	1
RTIGER_SNP50K	Zx.0550	PN5_SID422	2	26475828	26475902	2
RTIGER_SNP50K	Zx.0550	PN5_SID422	2	26476231	35096798	1
RTIGER_SNP50K	Zx.0550	PN5_SID422	2	35369023	35443955	2
RTIGER_SNP50K	Zx.0550	PN5_SID422	2	35566228	50693964	1
RTIGER_SNP50K	Zx.0550	PN5_SID422	2	50962308	243552371	0
RTIGER_SNP50K	Zx.0550	PN5_SID422	3	147823	236821697	0
RTIGER_SNP50K	Zx.0550	PN5_SID422	4	638586	6262657	1
RTIGER_SNP50K	Zx.0550	PN5_SID422	4	6434459	25053971	0
RTIGER_SNP50K	Zx.0550	PN5_SID422	4	25077649	28839318	1
RTIGER_SNP50K	Zx.0550	PN5_SID422	4	29001095	36916837	0
RTIGER_SNP50K	Zx.0550	PN5_SID422	4	36946738	108196373	1
RTIGER_SNP50K	Zx.0550	PN5_SID422	4	108267028	117897992	2
RTIGER_SNP50K	Zx.0550	PN5_SID422	4	118101084	121109420	1
RTIGER_SNP50K	Zx.0550	PN5_SID422	4	121144813	123874716	2
RTIGER_SNP50K	Zx.0550	PN5_SID422	4	123875912	136311940	1
RTIGER_SNP50K	Zx.0550	PN5_SID422	4	136433840	139965139	2
RTIGER_SNP50K	Zx.0550	PN5_SID422	4	140157160	150759411	1
RTIGER_SNP50K	Zx.0550	PN5_SID422	4	151081686	153597661	2
RTIGER_SNP50K	Zx.0550	PN5_SID422	4	154400988	205907452	1
RTIGER_SNP50K	Zx.0550	PN5_SID422	4	206511508	208593619	2
RTIGER_SNP50K	Zx.0550	PN5_SID422	4	208671477	212615770	1
RTIGER_SNP50K	Zx.0550	PN5_SID422	4	212646735	249801221	0
RTIGER_SNP50K	Zx.0550	PN5_SID422	5	322588	226156269	0
RTIGER_SNP50K	Zx.0550	PN5_SID422	6	5679415	180695783	0
RTIGER_SNP50K	Zx.0550	PN5_SID422	7	83761	183959112	0
RTIGER_SNP50K	Zx.0550	PN5_SID422	8	295839	182218389	0
RTIGER_SNP50K	Zx.0550	PN5_SID422	9	1566009	81353257	1
RTIGER_SNP50K	Zx.0550	PN5_SID422	9	82364384	109459069	0
RTIGER_SNP50K	Zx.0550	PN5_SID422	9	109775919	114584942	1
RTIGER_SNP50K	Zx.0550	PN5_SID422	9	114860555	162808411	0
RTIGER_SNP50K	Zx.0550	PN5_SID422	10	94302	152340819	0
RTIGER_SNP50K	Zx.0550	PN5_SID423	1	287040	23426051	0
RTIGER_SNP50K	Zx.0550	PN5_SID423	1	23692854	51438236	1
RTIGER_SNP50K	Zx.0550	PN5_SID423	1	51451848	61798683	0
RTIGER_SNP50K	Zx.0550	PN5_SID423	1	61811909	103688738	1
RTIGER_SNP50K	Zx.0550	PN5_SID423	1	103757492	118499980	0
RTIGER_SNP50K	Zx.0550	PN5_SID423	1	118820681	150852665	1
RTIGER_SNP50K	Zx.0550	PN5_SID423	1	150857990	162726626	0
RTIGER_SNP50K	Zx.0550	PN5_SID423	1	162898035	186621527	1
RTIGER_SNP50K	Zx.0550	PN5_SID423	1	186917970	308427802	0
RTIGER_SNP50K	Zx.0550	PN5_SID423	2	71603	6744729	1
RTIGER_SNP50K	Zx.0550	PN5_SID423	2	7043173	228449767	0
RTIGER_SNP50K	Zx.0550	PN5_SID423	2	228449875	243555257	1
RTIGER_SNP50K	Zx.0550	PN5_SID423	3	147823	236941170	0
RTIGER_SNP50K	Zx.0550	PN5_SID423	4	514639	1228620	1
RTIGER_SNP50K	Zx.0550	PN5_SID423	4	1592775	249925783	0
RTIGER_SNP50K	Zx.0550	PN5_SID423	5	322588	225862596	0
RTIGER_SNP50K	Zx.0550	PN5_SID423	6	5260376	181186018	0
RTIGER_SNP50K	Zx.0550	PN5_SID423	7	469873	183980739	0
RTIGER_SNP50K	Zx.0550	PN5_SID423	8	354736	182218389	0
RTIGER_SNP50K	Zx.0550	PN5_SID423	9	1567509	51876516	0
RTIGER_SNP50K	Zx.0550	PN5_SID423	9	51979711	55435169	1
RTIGER_SNP50K	Zx.0550	PN5_SID423	9	55457493	162591532	0
RTIGER_SNP50K	Zx.0550	PN5_SID423	10	94503	152327194	0
RTIGER_SNP50K	Zx.0550	PN5_SID424	1	287040	308427802	0
RTIGER_SNP50K	Zx.0550	PN5_SID424	2	350690	24296470	0
RTIGER_SNP50K	Zx.0550	PN5_SID424	2	24409935	26441086	2
RTIGER_SNP50K	Zx.0550	PN5_SID424	2	26441860	84671578	1
RTIGER_SNP50K	Zx.0550	PN5_SID424	2	85038467	243555257	0
RTIGER_SNP50K	Zx.0550	PN5_SID424	3	147823	223345030	0
RTIGER_SNP50K	Zx.0550	PN5_SID424	3	223367477	236941170	1
RTIGER_SNP50K	Zx.0550	PN5_SID424	4	1286374	249925783	0
RTIGER_SNP50K	Zx.0550	PN5_SID424	5	336374	226234983	0
RTIGER_SNP50K	Zx.0550	PN5_SID424	6	5260376	181186018	0
RTIGER_SNP50K	Zx.0550	PN5_SID424	7	419211	182035690	0
RTIGER_SNP50K	Zx.0550	PN5_SID424	7	182466238	183240346	2
RTIGER_SNP50K	Zx.0550	PN5_SID424	7	183265182	183967464	1
RTIGER_SNP50K	Zx.0550	PN5_SID424	8	354973	93867899	0
RTIGER_SNP50K	Zx.0550	PN5_SID424	8	94326706	94327877	2
RTIGER_SNP50K	Zx.0550	PN5_SID424	8	94338373	130582359	1
RTIGER_SNP50K	Zx.0550	PN5_SID424	8	130673810	182218389	0
RTIGER_SNP50K	Zx.0550	PN5_SID424	9	1749539	162809802	0
RTIGER_SNP50K	Zx.0550	PN5_SID424	10	189114	152264845	0
RTIGER_SNP50K	Zx.0550	PN5_SID425	1	287040	308423715	0
RTIGER_SNP50K	Zx.0550	PN5_SID425	2	75371	19912182	0
RTIGER_SNP50K	Zx.0550	PN5_SID425	2	20027613	54347501	1
RTIGER_SNP50K	Zx.0550	PN5_SID425	2	54388290	55338732	2
RTIGER_SNP50K	Zx.0550	PN5_SID425	2	55487409	71320328	1
RTIGER_SNP50K	Zx.0550	PN5_SID425	2	71680432	243662959	0
RTIGER_SNP50K	Zx.0550	PN5_SID425	3	147823	6119406	1
RTIGER_SNP50K	Zx.0550	PN5_SID425	3	6382281	236941170	0
RTIGER_SNP50K	Zx.0550	PN5_SID425	4	255421	50888299	0
RTIGER_SNP50K	Zx.0550	PN5_SID425	4	50900339	50900355	2
RTIGER_SNP50K	Zx.0550	PN5_SID425	4	51011386	249925783	0
RTIGER_SNP50K	Zx.0550	PN5_SID425	5	336374	3344173	0
RTIGER_SNP50K	Zx.0550	PN5_SID425	5	3818370	152374828	1
RTIGER_SNP50K	Zx.0550	PN5_SID425	5	152815722	226127101	0
RTIGER_SNP50K	Zx.0550	PN5_SID425	6	5514944	125017860	1
RTIGER_SNP50K	Zx.0550	PN5_SID425	6	125190252	181186018	0
RTIGER_SNP50K	Zx.0550	PN5_SID425	7	722585	3966770	0
RTIGER_SNP50K	Zx.0550	PN5_SID425	7	4217406	9109266	1
RTIGER_SNP50K	Zx.0550	PN5_SID425	7	9535750	151871436	0
RTIGER_SNP50K	Zx.0550	PN5_SID425	7	151914473	168972008	1
RTIGER_SNP50K	Zx.0550	PN5_SID425	7	169081787	183952244	0
RTIGER_SNP50K	Zx.0550	PN5_SID425	8	354736	13339729	1
RTIGER_SNP50K	Zx.0550	PN5_SID425	8	13399170	28316329	0
RTIGER_SNP50K	Zx.0550	PN5_SID425	8	28427637	75271703	1
RTIGER_SNP50K	Zx.0550	PN5_SID425	8	75536798	182127528	0
RTIGER_SNP50K	Zx.0550	PN5_SID425	9	1749539	162551073	0
RTIGER_SNP50K	Zx.0550	PN5_SID425	10	94503	152340819	0
RTIGER_SNP50K	Zx.0550	PN5_SID426	1	289351	6477249	0
RTIGER_SNP50K	Zx.0550	PN5_SID426	1	6558440	33375255	1
RTIGER_SNP50K	Zx.0550	PN5_SID426	1	33412675	277606526	0
RTIGER_SNP50K	Zx.0550	PN5_SID426	1	277691909	308423707	1
RTIGER_SNP50K	Zx.0550	PN5_SID426	2	76737	2977429	1
RTIGER_SNP50K	Zx.0550	PN5_SID426	2	3069320	240246759	0
RTIGER_SNP50K	Zx.0550	PN5_SID426	2	240255494	243555257	1
RTIGER_SNP50K	Zx.0550	PN5_SID426	3	356143	138019187	0
RTIGER_SNP50K	Zx.0550	PN5_SID426	3	138020788	138020825	2
RTIGER_SNP50K	Zx.0550	PN5_SID426	3	138035310	236939523	0
RTIGER_SNP50K	Zx.0550	PN5_SID426	4	508312	249848884	0
RTIGER_SNP50K	Zx.0550	PN5_SID426	5	362844	4272266	1
RTIGER_SNP50K	Zx.0550	PN5_SID426	5	4323501	225879534	0
RTIGER_SNP50K	Zx.0550	PN5_SID426	6	5677854	180695783	0
RTIGER_SNP50K	Zx.0550	PN5_SID426	7	84081	183951173	0
RTIGER_SNP50K	Zx.0550	PN5_SID426	8	354736	182218389	0
RTIGER_SNP50K	Zx.0550	PN5_SID426	9	1749539	136908111	0
RTIGER_SNP50K	Zx.0550	PN5_SID426	9	139039093	150555476	1
RTIGER_SNP50K	Zx.0550	PN5_SID426	9	150715128	162808411	0
RTIGER_SNP50K	Zx.0550	PN5_SID426	10	94302	152269051	0
RTIGER_SNP50K	Zx.0550	PN5_SID427	1	29860	8061570	1
RTIGER_SNP50K	Zx.0550	PN5_SID427	1	8233732	40471674	0
RTIGER_SNP50K	Zx.0550	PN5_SID427	1	40596261	103414451	1
RTIGER_SNP50K	Zx.0550	PN5_SID427	1	103667912	109195623	0
RTIGER_SNP50K	Zx.0550	PN5_SID427	1	109287691	146346478	1
RTIGER_SNP50K	Zx.0550	PN5_SID427	1	147027830	147248008	2
RTIGER_SNP50K	Zx.0550	PN5_SID427	1	147945982	170786756	1
RTIGER_SNP50K	Zx.0550	PN5_SID427	1	171400512	277966263	0
RTIGER_SNP50K	Zx.0550	PN5_SID427	1	278412435	287478002	1
RTIGER_SNP50K	Zx.0550	PN5_SID427	1	287521688	308423715	0
RTIGER_SNP50K	Zx.0550	PN5_SID427	2	76737	230868440	0
RTIGER_SNP50K	Zx.0550	PN5_SID427	2	231104290	243662959	1
RTIGER_SNP50K	Zx.0550	PN5_SID427	3	147823	81650429	1
RTIGER_SNP50K	Zx.0550	PN5_SID427	3	81869942	94624727	0
RTIGER_SNP50K	Zx.0550	PN5_SID427	3	95154931	139756621	1
RTIGER_SNP50K	Zx.0550	PN5_SID427	3	140392454	236533160	0
RTIGER_SNP50K	Zx.0550	PN5_SID427	4	1034564	237619123	0
RTIGER_SNP50K	Zx.0550	PN5_SID427	4	237822624	248714391	1
RTIGER_SNP50K	Zx.0550	PN5_SID427	4	248715817	249682991	2
RTIGER_SNP50K	Zx.0550	PN5_SID427	4	249801221	249890511	1
RTIGER_SNP50K	Zx.0550	PN5_SID427	5	384878	226240113	0
RTIGER_SNP50K	Zx.0550	PN5_SID427	6	5679415	54726791	1
RTIGER_SNP50K	Zx.0550	PN5_SID427	6	54726826	56278407	2
RTIGER_SNP50K	Zx.0550	PN5_SID427	6	56575047	63146419	1
RTIGER_SNP50K	Zx.0550	PN5_SID427	6	63248678	65860655	2
RTIGER_SNP50K	Zx.0550	PN5_SID427	6	66077545	106552134	1
RTIGER_SNP50K	Zx.0550	PN5_SID427	6	106973763	180695783	0
RTIGER_SNP50K	Zx.0550	PN5_SID427	7	83761	183952244	0
RTIGER_SNP50K	Zx.0550	PN5_SID427	8	354736	182167615	0
RTIGER_SNP50K	Zx.0550	PN5_SID427	9	2072866	162808411	0
RTIGER_SNP50K	Zx.0550	PN5_SID427	10	94302	152340819	0
RTIGER_SNP50K	Zx.0550	PN5_SID428	1	29860	27721333	0
RTIGER_SNP50K	Zx.0550	PN5_SID428	1	27741841	165224844	1
RTIGER_SNP50K	Zx.0550	PN5_SID428	1	165317439	166136620	2
RTIGER_SNP50K	Zx.0550	PN5_SID428	1	166535288	176178400	1
RTIGER_SNP50K	Zx.0550	PN5_SID428	1	176245597	177387836	2
RTIGER_SNP50K	Zx.0550	PN5_SID428	1	178134381	205905988	1
RTIGER_SNP50K	Zx.0550	PN5_SID428	1	205907441	206553350	2
RTIGER_SNP50K	Zx.0550	PN5_SID428	1	206553351	214270283	0
RTIGER_SNP50K	Zx.0550	PN5_SID428	1	214339374	222417965	1
RTIGER_SNP50K	Zx.0550	PN5_SID428	1	222594788	308330525	0
RTIGER_SNP50K	Zx.0550	PN5_SID428	2	75371	29642138	0
RTIGER_SNP50K	Zx.0550	PN5_SID428	2	29657449	59355520	1
RTIGER_SNP50K	Zx.0550	PN5_SID428	2	59604514	243499351	0
RTIGER_SNP50K	Zx.0550	PN5_SID428	3	147823	236963193	0
RTIGER_SNP50K	Zx.0550	PN5_SID428	4	255421	5849099	0
RTIGER_SNP50K	Zx.0550	PN5_SID428	4	5870431	9955955	1
RTIGER_SNP50K	Zx.0550	PN5_SID428	4	10056633	249925783	0
RTIGER_SNP50K	Zx.0550	PN5_SID428	5	380675	8523232	0
RTIGER_SNP50K	Zx.0550	PN5_SID428	5	8789889	92198995	1
RTIGER_SNP50K	Zx.0550	PN5_SID428	5	92561673	93149770	2
RTIGER_SNP50K	Zx.0550	PN5_SID428	5	93249985	94742188	1
RTIGER_SNP50K	Zx.0550	PN5_SID428	5	94796983	95423861	2
RTIGER_SNP50K	Zx.0550	PN5_SID428	5	95562091	129536361	1
RTIGER_SNP50K	Zx.0550	PN5_SID428	5	129661321	130606217	2
RTIGER_SNP50K	Zx.0550	PN5_SID428	5	130606359	190492544	1
RTIGER_SNP50K	Zx.0550	PN5_SID428	5	190628785	226240113	0
RTIGER_SNP50K	Zx.0550	PN5_SID428	6	5791226	34944302	1
RTIGER_SNP50K	Zx.0550	PN5_SID428	6	35133402	181187587	0
RTIGER_SNP50K	Zx.0550	PN5_SID428	7	343733	183951173	0
RTIGER_SNP50K	Zx.0550	PN5_SID428	8	388196	182232061	0
RTIGER_SNP50K	Zx.0550	PN5_SID428	9	1749539	162401078	0
RTIGER_SNP50K	Zx.0550	PN5_SID428	10	183757	97673821	1
RTIGER_SNP50K	Zx.0550	PN5_SID428	10	97790334	97903315	2
RTIGER_SNP50K	Zx.0550	PN5_SID428	10	97925856	134591513	1
RTIGER_SNP50K	Zx.0550	PN5_SID428	10	134674533	152395252	0
RTIGER_SNP50K	Zx.0550	PN5_SID430	1	289351	184048197	0
RTIGER_SNP50K	Zx.0550	PN5_SID430	1	184198832	200751809	1
RTIGER_SNP50K	Zx.0550	PN5_SID430	1	201138322	308423715	0
RTIGER_SNP50K	Zx.0550	PN5_SID430	2	71603	12338629	0
RTIGER_SNP50K	Zx.0550	PN5_SID430	2	12455260	185100977	1
RTIGER_SNP50K	Zx.0550	PN5_SID430	2	185151681	186168983	2
RTIGER_SNP50K	Zx.0550	PN5_SID430	2	186293770	187755160	1
RTIGER_SNP50K	Zx.0550	PN5_SID430	2	187830337	188085405	2
RTIGER_SNP50K	Zx.0550	PN5_SID430	2	188236220	243662959	0
RTIGER_SNP50K	Zx.0550	PN5_SID430	3	147823	8138043	0
RTIGER_SNP50K	Zx.0550	PN5_SID430	3	9286146	37302644	1
RTIGER_SNP50K	Zx.0550	PN5_SID430	3	37591854	170670819	0
RTIGER_SNP50K	Zx.0550	PN5_SID430	3	171055022	180148930	1
RTIGER_SNP50K	Zx.0550	PN5_SID430	3	180155518	232072507	0
RTIGER_SNP50K	Zx.0550	PN5_SID430	3	232194852	236776275	1
RTIGER_SNP50K	Zx.0550	PN5_SID430	4	556297	6047582	0
RTIGER_SNP50K	Zx.0550	PN5_SID430	4	6188418	22578557	1
RTIGER_SNP50K	Zx.0550	PN5_SID430	4	22923376	134659005	0
RTIGER_SNP50K	Zx.0550	PN5_SID430	4	134790602	141577226	1
RTIGER_SNP50K	Zx.0550	PN5_SID430	4	141741361	164884242	0
RTIGER_SNP50K	Zx.0550	PN5_SID430	4	165019502	194783032	1
RTIGER_SNP50K	Zx.0550	PN5_SID430	4	194909557	249890511	0
RTIGER_SNP50K	Zx.0550	PN5_SID430	5	375767	5513718	0
RTIGER_SNP50K	Zx.0550	PN5_SID430	5	5691190	7672295	1
RTIGER_SNP50K	Zx.0550	PN5_SID430	5	7781171	226227487	0
RTIGER_SNP50K	Zx.0550	PN5_SID430	6	5938674	42429957	1
RTIGER_SNP50K	Zx.0550	PN5_SID430	6	43661169	178857050	0
RTIGER_SNP50K	Zx.0550	PN5_SID430	6	178859803	180701860	1
RTIGER_SNP50K	Zx.0550	PN5_SID430	7	83761	149375323	0
RTIGER_SNP50K	Zx.0550	PN5_SID430	7	149379287	150387373	2
RTIGER_SNP50K	Zx.0550	PN5_SID430	7	150909268	164915215	1
RTIGER_SNP50K	Zx.0550	PN5_SID430	7	164915216	183980739	0
RTIGER_SNP50K	Zx.0550	PN5_SID430	8	422253	182172937	0
RTIGER_SNP50K	Zx.0550	PN5_SID430	9	1958125	162808411	0
RTIGER_SNP50K	Zx.0550	PN5_SID430	10	202385	11079383	1
RTIGER_SNP50K	Zx.0550	PN5_SID430	10	12102077	13436895	2
RTIGER_SNP50K	Zx.0550	PN5_SID430	10	13906484	55132010	1
RTIGER_SNP50K	Zx.0550	PN5_SID430	10	55267287	58147284	2
RTIGER_SNP50K	Zx.0550	PN5_SID430	10	58147299	148789828	1
RTIGER_SNP50K	Zx.0550	PN5_SID430	10	149300155	152305623	0
RTIGER_SNP50K	Zx.0550	PN5_SID431	1	287040	33278839	0
RTIGER_SNP50K	Zx.0550	PN5_SID431	1	33375255	51982838	1
RTIGER_SNP50K	Zx.0550	PN5_SID431	1	52239773	56705137	2
RTIGER_SNP50K	Zx.0550	PN5_SID431	1	57005488	72096139	1
RTIGER_SNP50K	Zx.0550	PN5_SID431	1	72508006	78481809	2
RTIGER_SNP50K	Zx.0550	PN5_SID431	1	79394217	91381172	1
RTIGER_SNP50K	Zx.0550	PN5_SID431	1	91421613	93620743	2
RTIGER_SNP50K	Zx.0550	PN5_SID431	1	93786640	114437448	1
RTIGER_SNP50K	Zx.0550	PN5_SID431	1	114487837	114710204	2
RTIGER_SNP50K	Zx.0550	PN5_SID431	1	114710282	123903458	1
RTIGER_SNP50K	Zx.0550	PN5_SID431	1	123908651	124313841	2
RTIGER_SNP50K	Zx.0550	PN5_SID431	1	124313911	126918322	1
RTIGER_SNP50K	Zx.0550	PN5_SID431	1	127034586	128701896	2
RTIGER_SNP50K	Zx.0550	PN5_SID431	1	128763072	138568543	1
RTIGER_SNP50K	Zx.0550	PN5_SID431	1	138606905	139107749	2
RTIGER_SNP50K	Zx.0550	PN5_SID431	1	139156294	143824672	1
RTIGER_SNP50K	Zx.0550	PN5_SID431	1	143880537	144257243	2
RTIGER_SNP50K	Zx.0550	PN5_SID431	1	144331599	153835820	1
RTIGER_SNP50K	Zx.0550	PN5_SID431	1	153886155	158487420	2
RTIGER_SNP50K	Zx.0550	PN5_SID431	1	158533419	161130973	1
RTIGER_SNP50K	Zx.0550	PN5_SID431	1	161161647	166047605	2
RTIGER_SNP50K	Zx.0550	PN5_SID431	1	166126705	172178959	1
RTIGER_SNP50K	Zx.0550	PN5_SID431	1	172306466	177387836	2
RTIGER_SNP50K	Zx.0550	PN5_SID431	1	177597170	182840764	1
RTIGER_SNP50K	Zx.0550	PN5_SID431	1	182854647	188357209	2
RTIGER_SNP50K	Zx.0550	PN5_SID431	1	188364914	193136794	1
RTIGER_SNP50K	Zx.0550	PN5_SID431	1	193611138	194972734	2
RTIGER_SNP50K	Zx.0550	PN5_SID431	1	194972761	198825848	1
RTIGER_SNP50K	Zx.0550	PN5_SID431	1	198927538	205414407	2
RTIGER_SNP50K	Zx.0550	PN5_SID431	1	205573128	208121107	1
RTIGER_SNP50K	Zx.0550	PN5_SID431	1	208135338	308427802	0
RTIGER_SNP50K	Zx.0550	PN5_SID431	2	1031393	243555257	0
RTIGER_SNP50K	Zx.0550	PN5_SID431	3	147823	148550111	0
RTIGER_SNP50K	Zx.0550	PN5_SID431	3	148608088	150666312	1
RTIGER_SNP50K	Zx.0550	PN5_SID431	3	150871866	153484967	2
RTIGER_SNP50K	Zx.0550	PN5_SID431	3	154063444	158144076	1
RTIGER_SNP50K	Zx.0550	PN5_SID431	3	158361673	161050161	2
RTIGER_SNP50K	Zx.0550	PN5_SID431	3	161293746	189076283	1
RTIGER_SNP50K	Zx.0550	PN5_SID431	3	189405456	236740451	0
RTIGER_SNP50K	Zx.0550	PN5_SID431	4	255421	39514137	0
RTIGER_SNP50K	Zx.0550	PN5_SID431	4	40106075	55289957	1
RTIGER_SNP50K	Zx.0550	PN5_SID431	4	55680897	55680931	2
RTIGER_SNP50K	Zx.0550	PN5_SID431	4	56298958	63333115	0
RTIGER_SNP50K	Zx.0550	PN5_SID431	4	63487618	89766027	1
RTIGER_SNP50K	Zx.0550	PN5_SID431	4	90737242	91952219	2
RTIGER_SNP50K	Zx.0550	PN5_SID431	4	92103233	110119369	1
RTIGER_SNP50K	Zx.0550	PN5_SID431	4	111617897	116055799	2
RTIGER_SNP50K	Zx.0550	PN5_SID431	4	117375831	136423076	1
RTIGER_SNP50K	Zx.0550	PN5_SID431	4	136433840	139885999	2
RTIGER_SNP50K	Zx.0550	PN5_SID431	4	140119564	168463441	1
RTIGER_SNP50K	Zx.0550	PN5_SID431	4	168467769	249801221	0
RTIGER_SNP50K	Zx.0550	PN5_SID431	5	380675	198927156	0
RTIGER_SNP50K	Zx.0550	PN5_SID431	5	203376972	203874534	2
RTIGER_SNP50K	Zx.0550	PN5_SID431	5	204206230	213549013	1
RTIGER_SNP50K	Zx.0550	PN5_SID431	5	213755952	226167943	0
RTIGER_SNP50K	Zx.0550	PN5_SID431	6	5514944	10752137	0
RTIGER_SNP50K	Zx.0550	PN5_SID431	6	11542214	44982186	1
RTIGER_SNP50K	Zx.0550	PN5_SID431	6	45487358	48795191	2
RTIGER_SNP50K	Zx.0550	PN5_SID431	6	48810232	59983752	1
RTIGER_SNP50K	Zx.0550	PN5_SID431	6	60512347	61950246	2
RTIGER_SNP50K	Zx.0550	PN5_SID431	6	61977356	63146419	1
RTIGER_SNP50K	Zx.0550	PN5_SID431	6	63291335	66429815	2
RTIGER_SNP50K	Zx.0550	PN5_SID431	6	66676020	85656778	1
RTIGER_SNP50K	Zx.0550	PN5_SID431	6	85901466	89367831	2
RTIGER_SNP50K	Zx.0550	PN5_SID431	6	89367833	100534860	1
RTIGER_SNP50K	Zx.0550	PN5_SID431	6	100797766	176637057	0
RTIGER_SNP50K	Zx.0550	PN5_SID431	6	176714110	177428227	1
RTIGER_SNP50K	Zx.0550	PN5_SID431	6	177463468	181203668	0
RTIGER_SNP50K	Zx.0550	PN5_SID431	7	419169	183980739	0
RTIGER_SNP50K	Zx.0550	PN5_SID431	8	390796	182232061	0
RTIGER_SNP50K	Zx.0550	PN5_SID431	9	1910097	162692974	0
RTIGER_SNP50K	Zx.0550	PN5_SID431	10	94302	4443629	0
RTIGER_SNP50K	Zx.0550	PN5_SID431	10	5026231	25487662	1
RTIGER_SNP50K	Zx.0550	PN5_SID431	10	25491238	31567191	2
RTIGER_SNP50K	Zx.0550	PN5_SID431	10	31748152	40181543	1
RTIGER_SNP50K	Zx.0550	PN5_SID431	10	40254123	41389305	2
RTIGER_SNP50K	Zx.0550	PN5_SID431	10	41423292	45263114	1
RTIGER_SNP50K	Zx.0550	PN5_SID431	10	45359130	47494922	2
RTIGER_SNP50K	Zx.0550	PN5_SID431	10	47782700	61389878	1
RTIGER_SNP50K	Zx.0550	PN5_SID431	10	61455331	65611699	2
RTIGER_SNP50K	Zx.0550	PN5_SID431	10	65854347	80986516	1
RTIGER_SNP50K	Zx.0550	PN5_SID431	10	81049618	141490713	0
RTIGER_SNP50K	Zx.0550	PN5_SID431	10	141601556	145876161	1
RTIGER_SNP50K	Zx.0550	PN5_SID431	10	146172022	146848507	2
RTIGER_SNP50K	Zx.0550	PN5_SID431	10	146863912	152282672	0
RTIGER_SNP50K	Zx.0550	PN5_SID432	1	29860	9414192	1
RTIGER_SNP50K	Zx.0550	PN5_SID432	1	9414198	308330385	0
RTIGER_SNP50K	Zx.0550	PN5_SID432	2	75371	6674518	0
RTIGER_SNP50K	Zx.0550	PN5_SID432	2	6743010	13847167	1
RTIGER_SNP50K	Zx.0550	PN5_SID432	2	13924424	14489832	2
RTIGER_SNP50K	Zx.0550	PN5_SID432	2	14653557	25885947	1
RTIGER_SNP50K	Zx.0550	PN5_SID432	2	26040338	26476231	2
RTIGER_SNP50K	Zx.0550	PN5_SID432	2	27215786	243555257	0
RTIGER_SNP50K	Zx.0550	PN5_SID432	3	147823	236821697	0
RTIGER_SNP50K	Zx.0550	PN5_SID432	4	556297	5849099	1
RTIGER_SNP50K	Zx.0550	PN5_SID432	4	5870431	249848884	0
RTIGER_SNP50K	Zx.0550	PN5_SID432	5	322588	226227487	0
RTIGER_SNP50K	Zx.0550	PN5_SID432	6	5677854	181203668	0
RTIGER_SNP50K	Zx.0550	PN5_SID432	7	83761	9363921	1
RTIGER_SNP50K	Zx.0550	PN5_SID432	7	9366359	10337928	2
RTIGER_SNP50K	Zx.0550	PN5_SID432	7	10377762	26854788	1
RTIGER_SNP50K	Zx.0550	PN5_SID432	7	27238651	33992435	2
RTIGER_SNP50K	Zx.0550	PN5_SID432	7	34204749	34650168	1
RTIGER_SNP50K	Zx.0550	PN5_SID432	7	34800583	35259253	2
RTIGER_SNP50K	Zx.0550	PN5_SID432	7	35260045	52413900	1
RTIGER_SNP50K	Zx.0550	PN5_SID432	7	52415839	63656905	2
RTIGER_SNP50K	Zx.0550	PN5_SID432	7	63675115	65834946	1
RTIGER_SNP50K	Zx.0550	PN5_SID432	7	66488682	71082602	2
RTIGER_SNP50K	Zx.0550	PN5_SID432	7	71359542	71972170	1
RTIGER_SNP50K	Zx.0550	PN5_SID432	7	72108871	74781988	2
RTIGER_SNP50K	Zx.0550	PN5_SID432	7	74959326	89837648	1
RTIGER_SNP50K	Zx.0550	PN5_SID432	7	89862384	91949932	2
RTIGER_SNP50K	Zx.0550	PN5_SID432	7	93136028	105908947	1
RTIGER_SNP50K	Zx.0550	PN5_SID432	7	105976889	106191246	2
RTIGER_SNP50K	Zx.0550	PN5_SID432	7	106193179	113722168	1
RTIGER_SNP50K	Zx.0550	PN5_SID432	7	113754528	115238116	2
RTIGER_SNP50K	Zx.0550	PN5_SID432	7	115238935	123544737	1
RTIGER_SNP50K	Zx.0550	PN5_SID432	7	123568286	124829627	2
RTIGER_SNP50K	Zx.0550	PN5_SID432	7	125008868	125928136	1
RTIGER_SNP50K	Zx.0550	PN5_SID432	7	126547670	183980739	0
RTIGER_SNP50K	Zx.0550	PN5_SID432	8	354736	182232061	0
RTIGER_SNP50K	Zx.0550	PN5_SID432	9	1958179	162646074	0
RTIGER_SNP50K	Zx.0550	PN5_SID432	10	94503	6622825	0
RTIGER_SNP50K	Zx.0550	PN5_SID432	10	6814796	7456618	2
RTIGER_SNP50K	Zx.0550	PN5_SID432	10	7715128	10054784	1
RTIGER_SNP50K	Zx.0550	PN5_SID432	10	10131391	12102077	2
RTIGER_SNP50K	Zx.0550	PN5_SID432	10	12274216	86468844	0
RTIGER_SNP50K	Zx.0550	PN5_SID432	10	86524322	94196906	1
RTIGER_SNP50K	Zx.0550	PN5_SID432	10	94788573	96115870	2
RTIGER_SNP50K	Zx.0550	PN5_SID432	10	96116465	97392604	1
RTIGER_SNP50K	Zx.0550	PN5_SID432	10	97589677	98487126	2
RTIGER_SNP50K	Zx.0550	PN5_SID432	10	98488714	98585240	1
RTIGER_SNP50K	Zx.0550	PN5_SID432	10	98633884	101242802	2
RTIGER_SNP50K	Zx.0550	PN5_SID432	10	101361285	106866212	1
RTIGER_SNP50K	Zx.0550	PN5_SID432	10	106951406	107283086	2
RTIGER_SNP50K	Zx.0550	PN5_SID432	10	107283093	130515682	1
RTIGER_SNP50K	Zx.0550	PN5_SID432	10	130578838	131687956	2
RTIGER_SNP50K	Zx.0550	PN5_SID432	10	131810576	133005242	1
RTIGER_SNP50K	Zx.0550	PN5_SID432	10	133654191	134560941	2
RTIGER_SNP50K	Zx.0550	PN5_SID432	10	134591513	152276050	1
RTIGER_SNP50K	Zx.0550	PN5_SID433	1	363429	5481252	0
RTIGER_SNP50K	Zx.0550	PN5_SID433	1	5481637	10755903	1
RTIGER_SNP50K	Zx.0550	PN5_SID433	1	10830352	276974108	0
RTIGER_SNP50K	Zx.0550	PN5_SID433	1	277352394	308423715	1
RTIGER_SNP50K	Zx.0550	PN5_SID433	2	204222	41204271	0
RTIGER_SNP50K	Zx.0550	PN5_SID433	2	41370388	61310607	1
RTIGER_SNP50K	Zx.0550	PN5_SID433	2	61384080	76141672	0
RTIGER_SNP50K	Zx.0550	PN5_SID433	2	76172756	94483734	1
RTIGER_SNP50K	Zx.0550	PN5_SID433	2	94483869	98594158	2
RTIGER_SNP50K	Zx.0550	PN5_SID433	2	98598488	112732874	1
RTIGER_SNP50K	Zx.0550	PN5_SID433	2	113058051	158933332	0
RTIGER_SNP50K	Zx.0550	PN5_SID433	2	158990560	158990652	2
RTIGER_SNP50K	Zx.0550	PN5_SID433	2	159122878	243533209	0
RTIGER_SNP50K	Zx.0550	PN5_SID433	3	1028746	3368402	1
RTIGER_SNP50K	Zx.0550	PN5_SID433	3	3368425	3912690	2
RTIGER_SNP50K	Zx.0550	PN5_SID433	3	3912707	95872381	1
RTIGER_SNP50K	Zx.0550	PN5_SID433	3	95953567	95953579	2
RTIGER_SNP50K	Zx.0550	PN5_SID433	3	95959962	102258425	0
RTIGER_SNP50K	Zx.0550	PN5_SID433	3	102263986	214494350	1
RTIGER_SNP50K	Zx.0550	PN5_SID433	3	214502005	215564516	2
RTIGER_SNP50K	Zx.0550	PN5_SID433	3	215636993	221419939	1
RTIGER_SNP50K	Zx.0550	PN5_SID433	3	221420859	221710984	2
RTIGER_SNP50K	Zx.0550	PN5_SID433	3	221725813	236941170	0
RTIGER_SNP50K	Zx.0550	PN5_SID433	4	425542	157838531	0
RTIGER_SNP50K	Zx.0550	PN5_SID433	4	157977034	192455388	1
RTIGER_SNP50K	Zx.0550	PN5_SID433	4	192846951	194838418	2
RTIGER_SNP50K	Zx.0550	PN5_SID433	4	195130785	200069490	1
RTIGER_SNP50K	Zx.0550	PN5_SID433	4	200147219	249833858	0
RTIGER_SNP50K	Zx.0550	PN5_SID433	5	460404	226240113	0
RTIGER_SNP50K	Zx.0550	PN5_SID433	6	6350815	176996040	0
RTIGER_SNP50K	Zx.0550	PN5_SID433	6	177012564	177092439	2
RTIGER_SNP50K	Zx.0550	PN5_SID433	6	177185686	180693485	1
RTIGER_SNP50K	Zx.0550	PN5_SID433	7	83761	26751386	1
RTIGER_SNP50K	Zx.0550	PN5_SID433	7	27212343	29248812	2
RTIGER_SNP50K	Zx.0550	PN5_SID433	7	29251350	121743112	1
RTIGER_SNP50K	Zx.0550	PN5_SID433	7	122392426	183980739	0
RTIGER_SNP50K	Zx.0550	PN5_SID433	8	661383	182232061	0
RTIGER_SNP50K	Zx.0550	PN5_SID433	9	1567509	162692974	0
RTIGER_SNP50K	Zx.0550	PN5_SID433	10	585674	6813075	0
RTIGER_SNP50K	Zx.0550	PN5_SID433	10	7273170	12060126	1
RTIGER_SNP50K	Zx.0550	PN5_SID433	10	12535548	12949151	2
RTIGER_SNP50K	Zx.0550	PN5_SID433	10	13183963	87291110	0
RTIGER_SNP50K	Zx.0550	PN5_SID433	10	87451804	136268649	1
RTIGER_SNP50K	Zx.0550	PN5_SID433	10	137246212	152340819	0
RTIGER_SNP50K	Zx.0550	PN5_SID434	1	287040	308423715	0
RTIGER_SNP50K	Zx.0550	PN5_SID434	2	75371	9174186	0
RTIGER_SNP50K	Zx.0550	PN5_SID434	2	9319121	10898557	1
RTIGER_SNP50K	Zx.0550	PN5_SID434	2	10910374	243479746	0
RTIGER_SNP50K	Zx.0550	PN5_SID434	3	810940	22937804	0
RTIGER_SNP50K	Zx.0550	PN5_SID434	3	23247559	25894032	1
RTIGER_SNP50K	Zx.0550	PN5_SID434	3	25904601	26655297	2
RTIGER_SNP50K	Zx.0550	PN5_SID434	3	26874504	33609551	1
RTIGER_SNP50K	Zx.0550	PN5_SID434	3	33610653	34414623	2
RTIGER_SNP50K	Zx.0550	PN5_SID434	3	34692000	42819523	1
RTIGER_SNP50K	Zx.0550	PN5_SID434	3	42922288	160997970	0
RTIGER_SNP50K	Zx.0550	PN5_SID434	3	161007573	164363319	2
RTIGER_SNP50K	Zx.0550	PN5_SID434	3	164501881	199892720	1
RTIGER_SNP50K	Zx.0550	PN5_SID434	3	200093539	203533217	2
RTIGER_SNP50K	Zx.0550	PN5_SID434	3	203703611	215723832	1
RTIGER_SNP50K	Zx.0550	PN5_SID434	3	216012360	221392855	0
RTIGER_SNP50K	Zx.0550	PN5_SID434	3	221710961	221710984	2
RTIGER_SNP50K	Zx.0550	PN5_SID434	3	221711167	236941170	1
RTIGER_SNP50K	Zx.0550	PN5_SID434	4	255421	249925783	0
RTIGER_SNP50K	Zx.0550	PN5_SID434	5	322588	182662710	0
RTIGER_SNP50K	Zx.0550	PN5_SID434	5	182789644	183306105	2
RTIGER_SNP50K	Zx.0550	PN5_SID434	5	183645027	226020769	0
RTIGER_SNP50K	Zx.0550	PN5_SID434	6	5260376	181187587	0
RTIGER_SNP50K	Zx.0550	PN5_SID434	7	84081	174515267	0
RTIGER_SNP50K	Zx.0550	PN5_SID434	7	174773238	181684049	1
RTIGER_SNP50K	Zx.0550	PN5_SID434	7	182226126	183967464	0
RTIGER_SNP50K	Zx.0550	PN5_SID434	8	295839	171367905	0
RTIGER_SNP50K	Zx.0550	PN5_SID434	8	171632906	180076394	1
RTIGER_SNP50K	Zx.0550	PN5_SID434	8	180336847	182218389	0
RTIGER_SNP50K	Zx.0550	PN5_SID434	9	1749539	75762157	0
RTIGER_SNP50K	Zx.0550	PN5_SID434	9	76075167	102478109	1
RTIGER_SNP50K	Zx.0550	PN5_SID434	9	102824789	162809802	0
RTIGER_SNP50K	Zx.0550	PN5_SID434	10	183757	152269051	0
RTIGER_SNP50K	Zx.0550	PN5_SID435	1	287040	665043	1
RTIGER_SNP50K	Zx.0550	PN5_SID435	1	1363242	3143257	2
RTIGER_SNP50K	Zx.0550	PN5_SID435	1	3161969	4356237	1
RTIGER_SNP50K	Zx.0550	PN5_SID435	1	4494299	218779650	0
RTIGER_SNP50K	Zx.0550	PN5_SID435	1	218850513	222361789	1
RTIGER_SNP50K	Zx.0550	PN5_SID435	1	222463864	308330385	0
RTIGER_SNP50K	Zx.0550	PN5_SID435	2	347487	243555257	0
RTIGER_SNP50K	Zx.0550	PN5_SID435	3	810940	236963193	0
RTIGER_SNP50K	Zx.0550	PN5_SID435	4	656190	8140098	0
RTIGER_SNP50K	Zx.0550	PN5_SID435	4	8150404	24309659	1
RTIGER_SNP50K	Zx.0550	PN5_SID435	4	24386142	25397431	2
RTIGER_SNP50K	Zx.0550	PN5_SID435	4	25507032	198965195	0
RTIGER_SNP50K	Zx.0550	PN5_SID435	4	198965552	237510018	1
RTIGER_SNP50K	Zx.0550	PN5_SID435	4	237681284	249890511	0
RTIGER_SNP50K	Zx.0550	PN5_SID435	5	375767	3818370	1
RTIGER_SNP50K	Zx.0550	PN5_SID435	5	4014634	226234983	0
RTIGER_SNP50K	Zx.0550	PN5_SID435	6	6847912	181186018	0
RTIGER_SNP50K	Zx.0550	PN5_SID435	7	83761	6616512	0
RTIGER_SNP50K	Zx.0550	PN5_SID435	7	6630113	9366359	1
RTIGER_SNP50K	Zx.0550	PN5_SID435	7	10160801	183980739	0
RTIGER_SNP50K	Zx.0550	PN5_SID435	8	328238	182232061	0
RTIGER_SNP50K	Zx.0550	PN5_SID435	9	1749539	162646074	0
RTIGER_SNP50K	Zx.0550	PN5_SID435	10	189114	152282672	0
RTIGER_SNP50K	Zx.0550	PN5_SID436	1	287040	289558929	0
RTIGER_SNP50K	Zx.0550	PN5_SID436	1	289588426	308423715	1
RTIGER_SNP50K	Zx.0550	PN5_SID436	2	71603	52592000	0
RTIGER_SNP50K	Zx.0550	PN5_SID436	2	52745367	53072282	2
RTIGER_SNP50K	Zx.0550	PN5_SID436	2	53274698	166450785	1
RTIGER_SNP50K	Zx.0550	PN5_SID436	2	166630048	190715114	0
RTIGER_SNP50K	Zx.0550	PN5_SID436	2	191313983	193254714	1
RTIGER_SNP50K	Zx.0550	PN5_SID436	2	194005565	243347090	0
RTIGER_SNP50K	Zx.0550	PN5_SID436	3	356143	181224781	0
RTIGER_SNP50K	Zx.0550	PN5_SID436	3	181329044	210201160	1
RTIGER_SNP50K	Zx.0550	PN5_SID436	3	210350044	236941170	0
RTIGER_SNP50K	Zx.0550	PN5_SID436	4	508312	25341414	1
RTIGER_SNP50K	Zx.0550	PN5_SID436	4	25397422	25397431	2
RTIGER_SNP50K	Zx.0550	PN5_SID436	4	25511928	201473572	0
RTIGER_SNP50K	Zx.0550	PN5_SID436	4	201553744	243725413	1
RTIGER_SNP50K	Zx.0550	PN5_SID436	4	244139784	249888371	0
RTIGER_SNP50K	Zx.0550	PN5_SID436	5	322588	22539005	0
RTIGER_SNP50K	Zx.0550	PN5_SID436	5	22809770	33216747	1
RTIGER_SNP50K	Zx.0550	PN5_SID436	5	33220067	38819119	0
RTIGER_SNP50K	Zx.0550	PN5_SID436	5	38954819	124997578	1
RTIGER_SNP50K	Zx.0550	PN5_SID436	5	125064611	132469660	0
RTIGER_SNP50K	Zx.0550	PN5_SID436	5	132972161	160774290	1
RTIGER_SNP50K	Zx.0550	PN5_SID436	5	160774300	226227487	0
RTIGER_SNP50K	Zx.0550	PN5_SID436	6	5677854	177586746	0
RTIGER_SNP50K	Zx.0550	PN5_SID436	6	177771359	180485105	1
RTIGER_SNP50K	Zx.0550	PN5_SID436	7	419164	170927856	0
RTIGER_SNP50K	Zx.0550	PN5_SID436	7	171124885	174436766	1
RTIGER_SNP50K	Zx.0550	PN5_SID436	7	174472634	183980739	0
RTIGER_SNP50K	Zx.0550	PN5_SID436	8	295839	172114160	0
RTIGER_SNP50K	Zx.0550	PN5_SID436	8	172124569	182218389	1
RTIGER_SNP50K	Zx.0550	PN5_SID436	9	1566009	162808411	0
RTIGER_SNP50K	Zx.0550	PN5_SID436	10	94503	88773870	0
RTIGER_SNP50K	Zx.0550	PN5_SID436	10	89091589	97363847	1
RTIGER_SNP50K	Zx.0550	PN5_SID436	10	97392604	97821383	2
RTIGER_SNP50K	Zx.0550	PN5_SID436	10	98018862	104883590	1
RTIGER_SNP50K	Zx.0550	PN5_SID436	10	104885432	105196094	2
RTIGER_SNP50K	Zx.0550	PN5_SID436	10	105400829	127870397	1
RTIGER_SNP50K	Zx.0550	PN5_SID436	10	127937684	152239038	0
RTIGER_SNP50K	Zx.0550	PN5_SID437	1	289351	4209297	1
RTIGER_SNP50K	Zx.0550	PN5_SID437	1	4216237	11052916	0
RTIGER_SNP50K	Zx.0550	PN5_SID437	1	11333826	12409217	1
RTIGER_SNP50K	Zx.0550	PN5_SID437	1	12486580	12490603	2
RTIGER_SNP50K	Zx.0550	PN5_SID437	1	12578618	20381400	1
RTIGER_SNP50K	Zx.0550	PN5_SID437	1	20561586	125218561	0
RTIGER_SNP50K	Zx.0550	PN5_SID437	1	125380447	127440064	1
RTIGER_SNP50K	Zx.0550	PN5_SID437	1	127501435	127910644	2
RTIGER_SNP50K	Zx.0550	PN5_SID437	1	127920836	134834407	1
RTIGER_SNP50K	Zx.0550	PN5_SID437	1	135025045	138874949	2
RTIGER_SNP50K	Zx.0550	PN5_SID437	1	138877357	163608045	1
RTIGER_SNP50K	Zx.0550	PN5_SID437	1	163640364	264190078	0
RTIGER_SNP50K	Zx.0550	PN5_SID437	1	264603775	269594153	1
RTIGER_SNP50K	Zx.0550	PN5_SID437	1	269657198	277227236	0
RTIGER_SNP50K	Zx.0550	PN5_SID437	1	277352394	300604165	1
RTIGER_SNP50K	Zx.0550	PN5_SID437	1	300692835	308427802	0
RTIGER_SNP50K	Zx.0550	PN5_SID437	2	71603	18242635	0
RTIGER_SNP50K	Zx.0550	PN5_SID437	2	18586345	46550903	1
RTIGER_SNP50K	Zx.0550	PN5_SID437	2	46601373	243662959	0
RTIGER_SNP50K	Zx.0550	PN5_SID437	3	147823	236941170	0
RTIGER_SNP50K	Zx.0550	PN5_SID437	4	508312	4573922	1
RTIGER_SNP50K	Zx.0550	PN5_SID437	4	4725318	13107915	0
RTIGER_SNP50K	Zx.0550	PN5_SID437	4	13107917	27742930	1
RTIGER_SNP50K	Zx.0550	PN5_SID437	4	27744504	249925783	0
RTIGER_SNP50K	Zx.0550	PN5_SID437	5	362844	226156269	0
RTIGER_SNP50K	Zx.0550	PN5_SID437	6	6159964	181187587	0
RTIGER_SNP50K	Zx.0550	PN5_SID437	7	271597	183959112	0
RTIGER_SNP50K	Zx.0550	PN5_SID437	8	328238	182232061	0
RTIGER_SNP50K	Zx.0550	PN5_SID437	9	1958125	34450443	1
RTIGER_SNP50K	Zx.0550	PN5_SID437	9	35406359	35494869	2
RTIGER_SNP50K	Zx.0550	PN5_SID437	9	35557159	162551073	0
RTIGER_SNP50K	Zx.0550	PN5_SID437	10	94302	152340819	0
RTIGER_SNP50K	Zx.0550	PN5_SID438	1	29860	4356237	1
RTIGER_SNP50K	Zx.0550	PN5_SID438	1	4786109	11262574	0
RTIGER_SNP50K	Zx.0550	PN5_SID438	1	11301610	15647731	1
RTIGER_SNP50K	Zx.0550	PN5_SID438	1	15856428	17671493	2
RTIGER_SNP50K	Zx.0550	PN5_SID438	1	17858375	21697775	1
RTIGER_SNP50K	Zx.0550	PN5_SID438	1	21829390	124523521	0
RTIGER_SNP50K	Zx.0550	PN5_SID438	1	124624133	126918322	1
RTIGER_SNP50K	Zx.0550	PN5_SID438	1	126980987	128713815	2
RTIGER_SNP50K	Zx.0550	PN5_SID438	1	128763086	132382391	1
RTIGER_SNP50K	Zx.0550	PN5_SID438	1	132397870	139213332	2
RTIGER_SNP50K	Zx.0550	PN5_SID438	1	139301593	148870097	1
RTIGER_SNP50K	Zx.0550	PN5_SID438	1	148971177	150964068	2
RTIGER_SNP50K	Zx.0550	PN5_SID438	1	150994297	157670872	1
RTIGER_SNP50K	Zx.0550	PN5_SID438	1	157688858	158404594	2
RTIGER_SNP50K	Zx.0550	PN5_SID438	1	158530479	163980320	1
RTIGER_SNP50K	Zx.0550	PN5_SID438	1	164031150	308423707	0
RTIGER_SNP50K	Zx.0550	PN5_SID438	2	350690	5217263	1
RTIGER_SNP50K	Zx.0550	PN5_SID438	2	5719200	243555257	0
RTIGER_SNP50K	Zx.0550	PN5_SID438	3	1100874	236941170	0
RTIGER_SNP50K	Zx.0550	PN5_SID438	4	508312	1189913	2
RTIGER_SNP50K	Zx.0550	PN5_SID438	4	1228620	4397657	1
RTIGER_SNP50K	Zx.0550	PN5_SID438	4	4427687	249848884	0
RTIGER_SNP50K	Zx.0550	PN5_SID438	5	322588	226167943	0
RTIGER_SNP50K	Zx.0550	PN5_SID438	6	5844167	181203668	0
RTIGER_SNP50K	Zx.0550	PN5_SID438	7	419164	183882190	0
RTIGER_SNP50K	Zx.0550	PN5_SID438	8	354973	182172937	0
RTIGER_SNP50K	Zx.0550	PN5_SID438	9	1910097	22320721	1
RTIGER_SNP50K	Zx.0550	PN5_SID438	9	22720344	162551073	0
RTIGER_SNP50K	Zx.0550	PN5_SID438	10	94302	152290201	0
RTIGER_SNP50K	Zx.0550	PN5_SID439	1	289351	308330504	0
RTIGER_SNP50K	Zx.0550	PN5_SID439	2	75371	7224982	0
RTIGER_SNP50K	Zx.0550	PN5_SID439	2	7224989	30232874	1
RTIGER_SNP50K	Zx.0550	PN5_SID439	2	30650907	31103187	2
RTIGER_SNP50K	Zx.0550	PN5_SID439	2	31155761	102787879	1
RTIGER_SNP50K	Zx.0550	PN5_SID439	2	102971336	103530087	2
RTIGER_SNP50K	Zx.0550	PN5_SID439	2	103530207	121215975	1
RTIGER_SNP50K	Zx.0550	PN5_SID439	2	121319110	122341128	2
RTIGER_SNP50K	Zx.0550	PN5_SID439	2	122407424	135745668	1
RTIGER_SNP50K	Zx.0550	PN5_SID439	2	135776654	136123128	2
RTIGER_SNP50K	Zx.0550	PN5_SID439	2	136315226	158815758	1
RTIGER_SNP50K	Zx.0550	PN5_SID439	2	158918814	159122880	2
RTIGER_SNP50K	Zx.0550	PN5_SID439	2	159179212	160355302	1
RTIGER_SNP50K	Zx.0550	PN5_SID439	2	160706902	163187451	2
RTIGER_SNP50K	Zx.0550	PN5_SID439	2	163194591	165060291	1
RTIGER_SNP50K	Zx.0550	PN5_SID439	2	165225240	166924296	2
RTIGER_SNP50K	Zx.0550	PN5_SID439	2	166988708	168135916	1
RTIGER_SNP50K	Zx.0550	PN5_SID439	2	168284036	168388336	2
RTIGER_SNP50K	Zx.0550	PN5_SID439	2	168544469	243555257	0
RTIGER_SNP50K	Zx.0550	PN5_SID439	3	356143	217923987	0
RTIGER_SNP50K	Zx.0550	PN5_SID439	3	219000387	221177809	2
RTIGER_SNP50K	Zx.0550	PN5_SID439	3	221295446	234346308	1
RTIGER_SNP50K	Zx.0550	PN5_SID439	3	234395401	234907137	2
RTIGER_SNP50K	Zx.0550	PN5_SID439	3	234969650	236640723	1
RTIGER_SNP50K	Zx.0550	PN5_SID439	4	508312	249801221	0
RTIGER_SNP50K	Zx.0550	PN5_SID439	5	362844	226234983	0
RTIGER_SNP50K	Zx.0550	PN5_SID439	6	5260376	181187587	0
RTIGER_SNP50K	Zx.0550	PN5_SID439	7	419164	183967464	0
RTIGER_SNP50K	Zx.0550	PN5_SID439	8	354973	172180833	0
RTIGER_SNP50K	Zx.0550	PN5_SID439	8	172201365	182232061	1
RTIGER_SNP50K	Zx.0550	PN5_SID439	9	1566009	4535165	1
RTIGER_SNP50K	Zx.0550	PN5_SID439	9	4615517	6365714	2
RTIGER_SNP50K	Zx.0550	PN5_SID439	9	6439247	11465600	1
RTIGER_SNP50K	Zx.0550	PN5_SID439	9	11593205	18539724	2
RTIGER_SNP50K	Zx.0550	PN5_SID439	9	18822679	33199964	1
RTIGER_SNP50K	Zx.0550	PN5_SID439	9	33707698	35407855	2
RTIGER_SNP50K	Zx.0550	PN5_SID439	9	35424978	162808411	0
RTIGER_SNP50K	Zx.0550	PN5_SID439	10	189114	152327194	0
RTIGER_SNP50K	Zx.0550	PN5_SID440	1	29860	308423707	0
RTIGER_SNP50K	Zx.0550	PN5_SID440	2	347487	63521736	0
RTIGER_SNP50K	Zx.0550	PN5_SID440	2	63527736	81891954	1
RTIGER_SNP50K	Zx.0550	PN5_SID440	2	81957868	88526640	0
RTIGER_SNP50K	Zx.0550	PN5_SID440	2	88749566	88749587	2
RTIGER_SNP50K	Zx.0550	PN5_SID440	2	88750574	89665212	1
RTIGER_SNP50K	Zx.0550	PN5_SID440	2	90275293	99914453	0
RTIGER_SNP50K	Zx.0550	PN5_SID440	2	100334756	105756119	1
RTIGER_SNP50K	Zx.0550	PN5_SID440	2	105759677	111724057	0
RTIGER_SNP50K	Zx.0550	PN5_SID440	2	111813011	178846386	1
RTIGER_SNP50K	Zx.0550	PN5_SID440	2	178988040	226482850	0
RTIGER_SNP50K	Zx.0550	PN5_SID440	2	226548218	239798382	1
RTIGER_SNP50K	Zx.0550	PN5_SID440	2	239947312	243522318	0
RTIGER_SNP50K	Zx.0550	PN5_SID440	3	356143	201421772	0
RTIGER_SNP50K	Zx.0550	PN5_SID440	3	201439691	220182588	1
RTIGER_SNP50K	Zx.0550	PN5_SID440	3	220255645	236963193	0
RTIGER_SNP50K	Zx.0550	PN5_SID440	4	425542	249848884	0
RTIGER_SNP50K	Zx.0550	PN5_SID440	5	375767	226227487	0
RTIGER_SNP50K	Zx.0550	PN5_SID440	6	5260376	180772064	0
RTIGER_SNP50K	Zx.0550	PN5_SID440	7	343733	183967464	0
RTIGER_SNP50K	Zx.0550	PN5_SID440	8	328238	182172937	0
RTIGER_SNP50K	Zx.0550	PN5_SID440	9	1749539	157943056	0
RTIGER_SNP50K	Zx.0550	PN5_SID440	9	157947326	162808411	1
RTIGER_SNP50K	Zx.0550	PN5_SID440	10	262496	149826512	0
RTIGER_SNP50K	Zx.0550	PN5_SID440	10	150176665	150467002	2
RTIGER_SNP50K	Zx.0550	PN5_SID440	10	150499504	152327194	0
RTIGER_SNP50K	Zx.0550	PN5_SID441	1	287040	308051223	0
RTIGER_SNP50K	Zx.0550	PN5_SID441	2	76737	186906544	0
RTIGER_SNP50K	Zx.0550	PN5_SID441	2	187115935	209370614	1
RTIGER_SNP50K	Zx.0550	PN5_SID441	2	209559551	209560453	2
RTIGER_SNP50K	Zx.0550	PN5_SID441	2	209814414	243522318	0
RTIGER_SNP50K	Zx.0550	PN5_SID441	3	147823	236939523	0
RTIGER_SNP50K	Zx.0550	PN5_SID441	4	425542	249567961	0
RTIGER_SNP50K	Zx.0550	PN5_SID441	5	336374	13747999	0
RTIGER_SNP50K	Zx.0550	PN5_SID441	5	13793437	95730089	1
RTIGER_SNP50K	Zx.0550	PN5_SID441	5	95898983	97503580	2
RTIGER_SNP50K	Zx.0550	PN5_SID441	5	97793867	170867211	1
RTIGER_SNP50K	Zx.0550	PN5_SID441	5	170896768	226227487	0
RTIGER_SNP50K	Zx.0550	PN5_SID441	6	5514944	180772064	0
RTIGER_SNP50K	Zx.0550	PN5_SID441	7	838967	102279180	0
RTIGER_SNP50K	Zx.0550	PN5_SID441	7	102518024	103338994	2
RTIGER_SNP50K	Zx.0550	PN5_SID441	7	103818166	115554395	1
RTIGER_SNP50K	Zx.0550	PN5_SID441	7	116000951	123568286	2
RTIGER_SNP50K	Zx.0550	PN5_SID441	7	123744514	183967464	0
RTIGER_SNP50K	Zx.0550	PN5_SID441	8	354973	182167615	0
RTIGER_SNP50K	Zx.0550	PN5_SID441	9	1566009	33712312	1
RTIGER_SNP50K	Zx.0550	PN5_SID441	9	34432811	162591532	0
RTIGER_SNP50K	Zx.0550	PN5_SID441	10	94302	1339047	1
RTIGER_SNP50K	Zx.0550	PN5_SID441	10	1677414	150451009	0
RTIGER_SNP50K	Zx.0550	PN5_SID441	10	150451107	152305623	1
RTIGER_SNP50K	Zx.0550	PN5_SID443	1	289351	308290640	0
RTIGER_SNP50K	Zx.0550	PN5_SID443	2	175074	12606161	1
RTIGER_SNP50K	Zx.0550	PN5_SID443	2	12868397	243555257	0
RTIGER_SNP50K	Zx.0550	PN5_SID443	3	147823	201067651	0
RTIGER_SNP50K	Zx.0550	PN5_SID443	3	201498646	206292096	1
RTIGER_SNP50K	Zx.0550	PN5_SID443	3	206316331	206427591	2
RTIGER_SNP50K	Zx.0550	PN5_SID443	3	206827450	236963193	0
RTIGER_SNP50K	Zx.0550	PN5_SID443	4	255421	249833858	0
RTIGER_SNP50K	Zx.0550	PN5_SID443	5	460404	217666126	0
RTIGER_SNP50K	Zx.0550	PN5_SID443	5	218079148	226234983	1
RTIGER_SNP50K	Zx.0550	PN5_SID443	6	5679415	181187587	0
RTIGER_SNP50K	Zx.0550	PN5_SID443	7	83761	180939099	0
RTIGER_SNP50K	Zx.0550	PN5_SID443	7	181203293	181350131	2
RTIGER_SNP50K	Zx.0550	PN5_SID443	7	181469102	183967464	1
RTIGER_SNP50K	Zx.0550	PN5_SID443	8	354736	181980311	0
RTIGER_SNP50K	Zx.0550	PN5_SID443	9	1567509	162809802	0
RTIGER_SNP50K	Zx.0550	PN5_SID443	10	94302	139527587	0
RTIGER_SNP50K	Zx.0550	PN5_SID443	10	139527590	152276050	1
RTIGER_SNP50K	Zx.0550	PN5_SID444	1	291511	308427802	0
RTIGER_SNP50K	Zx.0550	PN5_SID444	2	75371	3714671	1
RTIGER_SNP50K	Zx.0550	PN5_SID444	2	3813574	243479746	0
RTIGER_SNP50K	Zx.0550	PN5_SID444	3	1028746	201595055	0
RTIGER_SNP50K	Zx.0550	PN5_SID444	3	201642518	213291426	1
RTIGER_SNP50K	Zx.0550	PN5_SID444	3	214192959	215320991	2
RTIGER_SNP50K	Zx.0550	PN5_SID444	3	215564516	234346308	1
RTIGER_SNP50K	Zx.0550	PN5_SID444	3	234395401	234907137	2
RTIGER_SNP50K	Zx.0550	PN5_SID444	3	235304953	236939523	1
RTIGER_SNP50K	Zx.0550	PN5_SID444	4	1594622	164423222	0
RTIGER_SNP50K	Zx.0550	PN5_SID444	4	164884241	189767566	1
RTIGER_SNP50K	Zx.0550	PN5_SID444	4	191040739	249925783	0
RTIGER_SNP50K	Zx.0550	PN5_SID444	5	336374	222047767	0
RTIGER_SNP50K	Zx.0550	PN5_SID444	5	222113716	226156269	1
RTIGER_SNP50K	Zx.0550	PN5_SID444	6	5514944	175824743	0
RTIGER_SNP50K	Zx.0550	PN5_SID444	6	176021016	181187587	1
RTIGER_SNP50K	Zx.0550	PN5_SID444	7	83761	180619290	0
RTIGER_SNP50K	Zx.0550	PN5_SID444	7	180696990	183980739	1
RTIGER_SNP50K	Zx.0550	PN5_SID444	8	389200	182172937	0
RTIGER_SNP50K	Zx.0550	PN5_SID444	9	2072866	79854104	1
RTIGER_SNP50K	Zx.0550	PN5_SID444	9	80086215	82333664	2
RTIGER_SNP50K	Zx.0550	PN5_SID444	9	82336166	119983584	1
RTIGER_SNP50K	Zx.0550	PN5_SID444	9	119994912	162809802	0
RTIGER_SNP50K	Zx.0550	PN5_SID444	10	94503	122124737	0
RTIGER_SNP50K	Zx.0550	PN5_SID444	10	122517338	131810576	1
RTIGER_SNP50K	Zx.0550	PN5_SID444	10	132847469	136095734	2
RTIGER_SNP50K	Zx.0550	PN5_SID444	10	136166397	152340819	1
RTIGER_SNP50K	Zx.0550	PN5_SID446	1	29860	2802961	1
RTIGER_SNP50K	Zx.0550	PN5_SID446	1	2863337	185766332	0
RTIGER_SNP50K	Zx.0550	PN5_SID446	1	185773912	222496778	1
RTIGER_SNP50K	Zx.0550	PN5_SID446	1	222875049	282996668	0
RTIGER_SNP50K	Zx.0550	PN5_SID446	1	283452501	296575401	1
RTIGER_SNP50K	Zx.0550	PN5_SID446	1	296594051	308427802	0
RTIGER_SNP50K	Zx.0550	PN5_SID446	2	936906	2977426	0
RTIGER_SNP50K	Zx.0550	PN5_SID446	2	2977429	4490607	1
RTIGER_SNP50K	Zx.0550	PN5_SID446	2	4542768	182707973	0
RTIGER_SNP50K	Zx.0550	PN5_SID446	2	182709367	233148092	1
RTIGER_SNP50K	Zx.0550	PN5_SID446	2	233229871	243502467	0
RTIGER_SNP50K	Zx.0550	PN5_SID446	3	147823	217822536	0
RTIGER_SNP50K	Zx.0550	PN5_SID446	3	219000387	236941170	1
RTIGER_SNP50K	Zx.0550	PN5_SID446	4	508312	249888371	0
RTIGER_SNP50K	Zx.0550	PN5_SID446	5	336374	226167943	0
RTIGER_SNP50K	Zx.0550	PN5_SID446	6	5260376	181024267	0
RTIGER_SNP50K	Zx.0550	PN5_SID446	7	419164	139751836	0
RTIGER_SNP50K	Zx.0550	PN5_SID446	7	139888547	174905892	1
RTIGER_SNP50K	Zx.0550	PN5_SID446	7	174925555	175203537	2
RTIGER_SNP50K	Zx.0550	PN5_SID446	7	175272688	181779056	1
RTIGER_SNP50K	Zx.0550	PN5_SID446	7	181829426	183979058	0
RTIGER_SNP50K	Zx.0550	PN5_SID446	8	354973	182218389	0
RTIGER_SNP50K	Zx.0550	PN5_SID446	9	1566009	162809802	0
RTIGER_SNP50K	Zx.0550	PN5_SID446	10	94503	4183124	0
RTIGER_SNP50K	Zx.0550	PN5_SID446	10	4262904	9815428	1
RTIGER_SNP50K	Zx.0550	PN5_SID446	10	10252127	10920114	2
RTIGER_SNP50K	Zx.0550	PN5_SID446	10	11080966	152302281	0
RTIGER_SNP50K	Zx.0550	PN5_SID447	1	395660	6585878	0
RTIGER_SNP50K	Zx.0550	PN5_SID447	1	7286715	12402981	1
RTIGER_SNP50K	Zx.0550	PN5_SID447	1	12486580	12541363	2
RTIGER_SNP50K	Zx.0550	PN5_SID447	1	12578618	14892231	1
RTIGER_SNP50K	Zx.0550	PN5_SID447	1	14914521	17505218	2
RTIGER_SNP50K	Zx.0550	PN5_SID447	1	17858375	35393265	1
RTIGER_SNP50K	Zx.0550	PN5_SID447	1	35393532	35838375	2
RTIGER_SNP50K	Zx.0550	PN5_SID447	1	36270496	54691128	1
RTIGER_SNP50K	Zx.0550	PN5_SID447	1	55859110	305975260	0
RTIGER_SNP50K	Zx.0550	PN5_SID447	1	305981768	308423715	1
RTIGER_SNP50K	Zx.0550	PN5_SID447	2	76737	81498687	0
RTIGER_SNP50K	Zx.0550	PN5_SID447	2	81508704	88631741	1
RTIGER_SNP50K	Zx.0550	PN5_SID447	2	88749566	89376780	2
RTIGER_SNP50K	Zx.0550	PN5_SID447	2	89438379	129943355	1
RTIGER_SNP50K	Zx.0550	PN5_SID447	2	129990517	130729087	2
RTIGER_SNP50K	Zx.0550	PN5_SID447	2	130732506	137191984	1
RTIGER_SNP50K	Zx.0550	PN5_SID447	2	137369948	137828334	2
RTIGER_SNP50K	Zx.0550	PN5_SID447	2	138216431	178333602	1
RTIGER_SNP50K	Zx.0550	PN5_SID447	2	178622804	178992220	2
RTIGER_SNP50K	Zx.0550	PN5_SID447	2	179195489	191737535	1
RTIGER_SNP50K	Zx.0550	PN5_SID447	2	191747385	219155616	0
RTIGER_SNP50K	Zx.0550	PN5_SID447	2	219159489	238932524	1
RTIGER_SNP50K	Zx.0550	PN5_SID447	2	238932530	243662959	0
RTIGER_SNP50K	Zx.0550	PN5_SID447	3	147823	236963193	0
RTIGER_SNP50K	Zx.0550	PN5_SID447	4	1228620	245491433	0
RTIGER_SNP50K	Zx.0550	PN5_SID447	4	245628362	249833858	1
RTIGER_SNP50K	Zx.0550	PN5_SID447	5	400394	26980457	0
RTIGER_SNP50K	Zx.0550	PN5_SID447	5	27730816	44246672	1
RTIGER_SNP50K	Zx.0550	PN5_SID447	5	44361239	50385919	2
RTIGER_SNP50K	Zx.0550	PN5_SID447	5	50590535	72273519	1
RTIGER_SNP50K	Zx.0550	PN5_SID447	5	73501023	226227487	0
RTIGER_SNP50K	Zx.0550	PN5_SID447	6	5677854	180772064	0
RTIGER_SNP50K	Zx.0550	PN5_SID447	7	271597	183967464	0
RTIGER_SNP50K	Zx.0550	PN5_SID447	8	295839	182218389	0
RTIGER_SNP50K	Zx.0550	PN5_SID447	9	1566009	162402484	0
RTIGER_SNP50K	Zx.0550	PN5_SID447	10	262496	152276050	0
RTIGER_SNP50K	Zx.0550	PN5_SID448	1	287040	4282649	1
RTIGER_SNP50K	Zx.0550	PN5_SID448	1	4285524	308427802	0
RTIGER_SNP50K	Zx.0550	PN5_SID448	2	204222	75432009	0
RTIGER_SNP50K	Zx.0550	PN5_SID448	2	75686298	75686313	2
RTIGER_SNP50K	Zx.0550	PN5_SID448	2	75706636	88747259	1
RTIGER_SNP50K	Zx.0550	PN5_SID448	2	88749196	89380259	2
RTIGER_SNP50K	Zx.0550	PN5_SID448	2	89380260	102752035	1
RTIGER_SNP50K	Zx.0550	PN5_SID448	2	102834464	103175214	2
RTIGER_SNP50K	Zx.0550	PN5_SID448	2	103201375	119719953	1
RTIGER_SNP50K	Zx.0550	PN5_SID448	2	119733014	120858159	2
RTIGER_SNP50K	Zx.0550	PN5_SID448	2	120886219	126233401	1
RTIGER_SNP50K	Zx.0550	PN5_SID448	2	126364648	127663397	2
RTIGER_SNP50K	Zx.0550	PN5_SID448	2	127735585	135735463	1
RTIGER_SNP50K	Zx.0550	PN5_SID448	2	135784052	136127249	2
RTIGER_SNP50K	Zx.0550	PN5_SID448	2	136146806	158792846	1
RTIGER_SNP50K	Zx.0550	PN5_SID448	2	158918814	159348674	2
RTIGER_SNP50K	Zx.0550	PN5_SID448	2	159350266	164597324	1
RTIGER_SNP50K	Zx.0550	PN5_SID448	2	165225240	165702367	2
RTIGER_SNP50K	Zx.0550	PN5_SID448	2	165764061	178737672	1
RTIGER_SNP50K	Zx.0550	PN5_SID448	2	178804848	179084919	2
RTIGER_SNP50K	Zx.0550	PN5_SID448	2	179195489	180691823	1
RTIGER_SNP50K	Zx.0550	PN5_SID448	2	180809123	186105570	2
RTIGER_SNP50K	Zx.0550	PN5_SID448	2	186154544	199393798	1
RTIGER_SNP50K	Zx.0550	PN5_SID448	2	199473682	201646839	2
RTIGER_SNP50K	Zx.0550	PN5_SID448	2	201687189	243499351	1
RTIGER_SNP50K	Zx.0550	PN5_SID448	3	147823	20715141	0
RTIGER_SNP50K	Zx.0550	PN5_SID448	3	20838753	23622618	2
RTIGER_SNP50K	Zx.0550	PN5_SID448	3	23622631	38662078	1
RTIGER_SNP50K	Zx.0550	PN5_SID448	3	38748783	41836967	2
RTIGER_SNP50K	Zx.0550	PN5_SID448	3	41865075	56023567	1
RTIGER_SNP50K	Zx.0550	PN5_SID448	3	56141999	56578255	2
RTIGER_SNP50K	Zx.0550	PN5_SID448	3	56591244	66074994	1
RTIGER_SNP50K	Zx.0550	PN5_SID448	3	66354356	66754728	2
RTIGER_SNP50K	Zx.0550	PN5_SID448	3	66757769	81869942	1
RTIGER_SNP50K	Zx.0550	PN5_SID448	3	81874689	86165543	2
RTIGER_SNP50K	Zx.0550	PN5_SID448	3	87226017	94624727	1
RTIGER_SNP50K	Zx.0550	PN5_SID448	3	94724521	95227612	2
RTIGER_SNP50K	Zx.0550	PN5_SID448	3	95255269	95465915	1
RTIGER_SNP50K	Zx.0550	PN5_SID448	3	95664066	96401231	2
RTIGER_SNP50K	Zx.0550	PN5_SID448	3	96552654	112232777	1
RTIGER_SNP50K	Zx.0550	PN5_SID448	3	112439300	112617843	2
RTIGER_SNP50K	Zx.0550	PN5_SID448	3	112711780	136967319	1
RTIGER_SNP50K	Zx.0550	PN5_SID448	3	137195143	236740451	0
RTIGER_SNP50K	Zx.0550	PN5_SID448	4	508312	249925783	0
RTIGER_SNP50K	Zx.0550	PN5_SID448	5	322588	14727332	0
RTIGER_SNP50K	Zx.0550	PN5_SID448	5	14912334	15196865	2
RTIGER_SNP50K	Zx.0550	PN5_SID448	5	15266558	48474009	1
RTIGER_SNP50K	Zx.0550	PN5_SID448	5	48477280	61588428	0
RTIGER_SNP50K	Zx.0550	PN5_SID448	5	61667734	89133965	1
RTIGER_SNP50K	Zx.0550	PN5_SID448	5	89207023	104119609	0
RTIGER_SNP50K	Zx.0550	PN5_SID448	5	104137985	136452970	1
RTIGER_SNP50K	Zx.0550	PN5_SID448	5	136537023	146825815	0
RTIGER_SNP50K	Zx.0550	PN5_SID448	5	146860783	169352997	1
RTIGER_SNP50K	Zx.0550	PN5_SID448	5	169353271	182276736	0
RTIGER_SNP50K	Zx.0550	PN5_SID448	5	182789644	226167943	1
RTIGER_SNP50K	Zx.0550	PN5_SID448	6	5791226	15895618	0
RTIGER_SNP50K	Zx.0550	PN5_SID448	6	16392728	25600426	2
RTIGER_SNP50K	Zx.0550	PN5_SID448	6	25613185	94899440	1
RTIGER_SNP50K	Zx.0550	PN5_SID448	6	94899450	94899497	2
RTIGER_SNP50K	Zx.0550	PN5_SID448	6	94953297	162362375	0
RTIGER_SNP50K	Zx.0550	PN5_SID448	6	162507554	163128233	2
RTIGER_SNP50K	Zx.0550	PN5_SID448	6	163209385	167467966	1
RTIGER_SNP50K	Zx.0550	PN5_SID448	6	167587904	181186018	0
RTIGER_SNP50K	Zx.0550	PN5_SID448	7	469873	7559465	0
RTIGER_SNP50K	Zx.0550	PN5_SID448	7	7749128	30900284	1
RTIGER_SNP50K	Zx.0550	PN5_SID448	7	30907826	33150292	2
RTIGER_SNP50K	Zx.0550	PN5_SID448	7	33207156	35133526	1
RTIGER_SNP50K	Zx.0550	PN5_SID448	7	35259132	37095461	2
RTIGER_SNP50K	Zx.0550	PN5_SID448	7	37326553	44193247	1
RTIGER_SNP50K	Zx.0550	PN5_SID448	7	44284359	45439287	2
RTIGER_SNP50K	Zx.0550	PN5_SID448	7	45511685	53325715	1
RTIGER_SNP50K	Zx.0550	PN5_SID448	7	53397825	53820747	2
RTIGER_SNP50K	Zx.0550	PN5_SID448	7	53825796	54643915	1
RTIGER_SNP50K	Zx.0550	PN5_SID448	7	54649975	55211592	2
RTIGER_SNP50K	Zx.0550	PN5_SID448	7	55245422	65865749	1
RTIGER_SNP50K	Zx.0550	PN5_SID448	7	66396812	69810098	2
RTIGER_SNP50K	Zx.0550	PN5_SID448	7	70640104	72776084	1
RTIGER_SNP50K	Zx.0550	PN5_SID448	7	72778218	74191274	2
RTIGER_SNP50K	Zx.0550	PN5_SID448	7	74194585	79800702	1
RTIGER_SNP50K	Zx.0550	PN5_SID448	7	79935702	81043681	2
RTIGER_SNP50K	Zx.0550	PN5_SID448	7	81153145	88672226	1
RTIGER_SNP50K	Zx.0550	PN5_SID448	7	88861507	93801822	2
RTIGER_SNP50K	Zx.0550	PN5_SID448	7	93848183	107388608	1
RTIGER_SNP50K	Zx.0550	PN5_SID448	7	107578085	108820718	2
RTIGER_SNP50K	Zx.0550	PN5_SID448	7	109044350	129290717	1
RTIGER_SNP50K	Zx.0550	PN5_SID448	7	129700588	130827564	2
RTIGER_SNP50K	Zx.0550	PN5_SID448	7	131483625	136941126	1
RTIGER_SNP50K	Zx.0550	PN5_SID448	7	137155698	139048751	2
RTIGER_SNP50K	Zx.0550	PN5_SID448	7	139048776	161830122	1
RTIGER_SNP50K	Zx.0550	PN5_SID448	7	161838173	162702929	2
RTIGER_SNP50K	Zx.0550	PN5_SID448	7	162763354	165177598	1
RTIGER_SNP50K	Zx.0550	PN5_SID448	7	165196515	167091676	2
RTIGER_SNP50K	Zx.0550	PN5_SID448	7	167182241	167980888	1
RTIGER_SNP50K	Zx.0550	PN5_SID448	7	167994759	169346246	2
RTIGER_SNP50K	Zx.0550	PN5_SID448	7	169389411	171795101	1
RTIGER_SNP50K	Zx.0550	PN5_SID448	7	171967006	183967443	0
RTIGER_SNP50K	Zx.0550	PN5_SID448	8	355021	182232061	0
RTIGER_SNP50K	Zx.0550	PN5_SID448	9	1566009	162809802	0
RTIGER_SNP50K	Zx.0550	PN5_SID448	10	94302	152395252	0
RTIGER_SNP50K	Zx.0550	PN5_SID449	1	287040	192948304	0
RTIGER_SNP50K	Zx.0550	PN5_SID449	1	193135671	207404691	1
RTIGER_SNP50K	Zx.0550	PN5_SID449	1	207404771	207689337	2
RTIGER_SNP50K	Zx.0550	PN5_SID449	1	207933384	209895598	1
RTIGER_SNP50K	Zx.0550	PN5_SID449	1	210204358	308330385	0
RTIGER_SNP50K	Zx.0550	PN5_SID449	2	75371	14430616	1
RTIGER_SNP50K	Zx.0550	PN5_SID449	2	14489795	14659351	2
RTIGER_SNP50K	Zx.0550	PN5_SID449	2	14691148	22938680	1
RTIGER_SNP50K	Zx.0550	PN5_SID449	2	22938688	243533209	0
RTIGER_SNP50K	Zx.0550	PN5_SID449	3	356143	236963193	0
RTIGER_SNP50K	Zx.0550	PN5_SID449	4	255421	195204485	0
RTIGER_SNP50K	Zx.0550	PN5_SID449	4	195207267	195276537	2
RTIGER_SNP50K	Zx.0550	PN5_SID449	4	195283730	224403313	1
RTIGER_SNP50K	Zx.0550	PN5_SID449	4	225242999	225512398	2
RTIGER_SNP50K	Zx.0550	PN5_SID449	4	225513645	246297983	1
RTIGER_SNP50K	Zx.0550	PN5_SID449	4	246498517	247847066	2
RTIGER_SNP50K	Zx.0550	PN5_SID449	4	247864148	249801221	0
RTIGER_SNP50K	Zx.0550	PN5_SID449	5	322588	226240113	0
RTIGER_SNP50K	Zx.0550	PN5_SID449	6	5677854	180695783	0
RTIGER_SNP50K	Zx.0550	PN5_SID449	7	387430	17484507	0
RTIGER_SNP50K	Zx.0550	PN5_SID449	7	17967364	100509328	1
RTIGER_SNP50K	Zx.0550	PN5_SID449	7	100694806	112487756	0
RTIGER_SNP50K	Zx.0550	PN5_SID449	7	112488452	131555335	1
RTIGER_SNP50K	Zx.0550	PN5_SID449	7	131683552	174326885	0
RTIGER_SNP50K	Zx.0550	PN5_SID449	7	174506339	183980739	1
RTIGER_SNP50K	Zx.0550	PN5_SID449	8	354736	173912014	0
RTIGER_SNP50K	Zx.0550	PN5_SID449	8	174302299	182218389	1
RTIGER_SNP50K	Zx.0550	PN5_SID449	9	2072866	162646074	0
RTIGER_SNP50K	Zx.0550	PN5_SID449	10	189654	152395252	0
RTIGER_SNP50K	Zx.0550	PN5_SID450	1	289351	308427802	0
RTIGER_SNP50K	Zx.0550	PN5_SID450	2	75371	22938688	1
RTIGER_SNP50K	Zx.0550	PN5_SID450	2	22973238	243662959	0
RTIGER_SNP50K	Zx.0550	PN5_SID450	3	356143	190413453	0
RTIGER_SNP50K	Zx.0550	PN5_SID450	3	190703958	195045556	1
RTIGER_SNP50K	Zx.0550	PN5_SID450	3	195123336	236963193	0
RTIGER_SNP50K	Zx.0550	PN5_SID450	4	255421	83095633	0
RTIGER_SNP50K	Zx.0550	PN5_SID450	4	83318204	84537378	1
RTIGER_SNP50K	Zx.0550	PN5_SID450	4	84537485	85827501	2
RTIGER_SNP50K	Zx.0550	PN5_SID450	4	85829301	100295702	1
RTIGER_SNP50K	Zx.0550	PN5_SID450	4	100318979	101292322	2
RTIGER_SNP50K	Zx.0550	PN5_SID450	4	101380941	110192444	1
RTIGER_SNP50K	Zx.0550	PN5_SID450	4	110561517	114577757	2
RTIGER_SNP50K	Zx.0550	PN5_SID450	4	114711390	117472757	1
RTIGER_SNP50K	Zx.0550	PN5_SID450	4	117735538	117897992	2
RTIGER_SNP50K	Zx.0550	PN5_SID450	4	117968179	119976156	1
RTIGER_SNP50K	Zx.0550	PN5_SID450	4	120155014	121920157	2
RTIGER_SNP50K	Zx.0550	PN5_SID450	4	122009051	123545564	1
RTIGER_SNP50K	Zx.0550	PN5_SID450	4	123629446	123876593	2
RTIGER_SNP50K	Zx.0550	PN5_SID450	4	123991359	155292374	1
RTIGER_SNP50K	Zx.0550	PN5_SID450	4	155521159	249890511	0
RTIGER_SNP50K	Zx.0550	PN5_SID450	5	434522	226156269	0
RTIGER_SNP50K	Zx.0550	PN5_SID450	6	5677854	173610916	0
RTIGER_SNP50K	Zx.0550	PN5_SID450	6	173798875	181203668	1
RTIGER_SNP50K	Zx.0550	PN5_SID450	7	83761	183980739	0
RTIGER_SNP50K	Zx.0550	PN5_SID450	8	295839	144082912	0
RTIGER_SNP50K	Zx.0550	PN5_SID450	8	144147790	163905618	1
RTIGER_SNP50K	Zx.0550	PN5_SID450	8	164004774	182232061	0
RTIGER_SNP50K	Zx.0550	PN5_SID450	9	1567509	162808411	0
RTIGER_SNP50K	Zx.0550	PN5_SID450	10	183757	150502386	0
RTIGER_SNP50K	Zx.0550	PN5_SID450	10	150635185	152340819	1
RTIGER_SNP50K	Zx.0550	PN5_SID451	1	650364	221391322	0
RTIGER_SNP50K	Zx.0550	PN5_SID451	1	221417475	221417551	2
RTIGER_SNP50K	Zx.0550	PN5_SID451	1	221574859	308330525	0
RTIGER_SNP50K	Zx.0550	PN5_SID451	2	76737	243662959	0
RTIGER_SNP50K	Zx.0550	PN5_SID451	3	147823	236963193	0
RTIGER_SNP50K	Zx.0550	PN5_SID451	4	255421	249925783	0
RTIGER_SNP50K	Zx.0550	PN5_SID451	5	322588	226234983	0
RTIGER_SNP50K	Zx.0550	PN5_SID451	6	5260376	180404353	0
RTIGER_SNP50K	Zx.0550	PN5_SID451	7	271597	2087726	1
RTIGER_SNP50K	Zx.0550	PN5_SID451	7	2087728	174925820	0
RTIGER_SNP50K	Zx.0550	PN5_SID451	7	174931860	183927659	1
RTIGER_SNP50K	Zx.0550	PN5_SID451	8	388196	169802175	0
RTIGER_SNP50K	Zx.0550	PN5_SID451	8	169909403	176416443	1
RTIGER_SNP50K	Zx.0550	PN5_SID451	8	176432359	182218389	0
RTIGER_SNP50K	Zx.0550	PN5_SID451	9	1566009	162646074	0
RTIGER_SNP50K	Zx.0550	PN5_SID451	10	94302	150467002	0
RTIGER_SNP50K	Zx.0550	PN5_SID451	10	150504474	152395252	1
RTIGER_SNP50K	Zx.0550	PN5_SID452	1	287040	308330525	0
RTIGER_SNP50K	Zx.0550	PN5_SID452	2	71603	18832199	0
RTIGER_SNP50K	Zx.0550	PN5_SID452	2	19288351	25175883	1
RTIGER_SNP50K	Zx.0550	PN5_SID452	2	25180659	29641997	0
RTIGER_SNP50K	Zx.0550	PN5_SID452	2	29658464	83384927	1
RTIGER_SNP50K	Zx.0550	PN5_SID452	2	83467928	92652876	0
RTIGER_SNP50K	Zx.0550	PN5_SID452	2	92692524	102862541	1
RTIGER_SNP50K	Zx.0550	PN5_SID452	2	103017301	114661084	0
RTIGER_SNP50K	Zx.0550	PN5_SID452	2	114770621	117650440	1
RTIGER_SNP50K	Zx.0550	PN5_SID452	2	117652232	124918019	0
RTIGER_SNP50K	Zx.0550	PN5_SID452	2	125468534	141043960	1
RTIGER_SNP50K	Zx.0550	PN5_SID452	2	141049348	243662959	0
RTIGER_SNP50K	Zx.0550	PN5_SID452	3	147823	236821697	0
RTIGER_SNP50K	Zx.0550	PN5_SID452	4	638586	1193017	2
RTIGER_SNP50K	Zx.0550	PN5_SID452	4	1428160	11043977	1
RTIGER_SNP50K	Zx.0550	PN5_SID452	4	11245751	249833858	0
RTIGER_SNP50K	Zx.0550	PN5_SID452	5	322588	179754379	0
RTIGER_SNP50K	Zx.0550	PN5_SID452	5	180455000	181372120	2
RTIGER_SNP50K	Zx.0550	PN5_SID452	5	181421968	226234983	0
RTIGER_SNP50K	Zx.0550	PN5_SID452	6	5514944	172910085	0
RTIGER_SNP50K	Zx.0550	PN5_SID452	6	172911883	180643101	1
RTIGER_SNP50K	Zx.0550	PN5_SID452	7	83761	12812544	0
RTIGER_SNP50K	Zx.0550	PN5_SID452	7	13182271	89609571	1
RTIGER_SNP50K	Zx.0550	PN5_SID452	7	89862384	89979263	2
RTIGER_SNP50K	Zx.0550	PN5_SID452	7	90061708	174596005	1
RTIGER_SNP50K	Zx.0550	PN5_SID452	7	174925555	175576473	2
RTIGER_SNP50K	Zx.0550	PN5_SID452	7	175988925	183980739	1
RTIGER_SNP50K	Zx.0550	PN5_SID452	8	354736	182218389	0
RTIGER_SNP50K	Zx.0550	PN5_SID452	9	2072866	162808411	0
RTIGER_SNP50K	Zx.0550	PN5_SID452	10	207867	2928262	1
RTIGER_SNP50K	Zx.0550	PN5_SID452	10	4005537	151861908	0
RTIGER_SNP50K	Zx.0550	PN5_SID453	1	289351	38932415	0
RTIGER_SNP50K	Zx.0550	PN5_SID453	1	39140811	43574926	1
RTIGER_SNP50K	Zx.0550	PN5_SID453	1	43936927	308330525	0
RTIGER_SNP50K	Zx.0550	PN5_SID453	2	75371	243552371	0
RTIGER_SNP50K	Zx.0550	PN5_SID453	3	1100874	3891332	1
RTIGER_SNP50K	Zx.0550	PN5_SID453	3	3904212	3912690	2
RTIGER_SNP50K	Zx.0550	PN5_SID453	3	3912707	11056230	1
RTIGER_SNP50K	Zx.0550	PN5_SID453	3	11334281	90104672	0
RTIGER_SNP50K	Zx.0550	PN5_SID453	3	90204349	95348918	1
RTIGER_SNP50K	Zx.0550	PN5_SID453	3	95397637	183446490	0
RTIGER_SNP50K	Zx.0550	PN5_SID453	3	183564529	191737978	1
RTIGER_SNP50K	Zx.0550	PN5_SID453	3	191812263	236941170	0
RTIGER_SNP50K	Zx.0550	PN5_SID453	4	255421	11791671	1
RTIGER_SNP50K	Zx.0550	PN5_SID453	4	11972770	249925783	0
RTIGER_SNP50K	Zx.0550	PN5_SID453	5	322588	226227487	0
RTIGER_SNP50K	Zx.0550	PN5_SID453	6	5260376	176618989	0
RTIGER_SNP50K	Zx.0550	PN5_SID453	6	176714110	179153790	1
RTIGER_SNP50K	Zx.0550	PN5_SID453	6	179215541	181024267	0
RTIGER_SNP50K	Zx.0550	PN5_SID453	7	83761	2087814	0
RTIGER_SNP50K	Zx.0550	PN5_SID453	7	2163861	5997961	1
RTIGER_SNP50K	Zx.0550	PN5_SID453	7	6200636	176200824	0
RTIGER_SNP50K	Zx.0550	PN5_SID453	7	176254925	182527022	1
RTIGER_SNP50K	Zx.0550	PN5_SID453	7	182625016	183980739	0
RTIGER_SNP50K	Zx.0550	PN5_SID453	8	328238	16449891	1
RTIGER_SNP50K	Zx.0550	PN5_SID453	8	16512203	30037790	0
RTIGER_SNP50K	Zx.0550	PN5_SID453	8	30076988	61212900	1
RTIGER_SNP50K	Zx.0550	PN5_SID453	8	61257640	82158316	0
RTIGER_SNP50K	Zx.0550	PN5_SID453	8	82390180	108473126	1
RTIGER_SNP50K	Zx.0550	PN5_SID453	8	108494319	120773226	0
RTIGER_SNP50K	Zx.0550	PN5_SID453	8	121547802	169011573	1
RTIGER_SNP50K	Zx.0550	PN5_SID453	8	169503845	182218389	0
RTIGER_SNP50K	Zx.0550	PN5_SID453	9	1566009	162809802	0
RTIGER_SNP50K	Zx.0550	PN5_SID453	10	183757	152340819	0
RTIGER_SNP50K	Zx.0550	PN5_SID454	1	29860	2738488	1
RTIGER_SNP50K	Zx.0550	PN5_SID454	1	2789494	174038019	0
RTIGER_SNP50K	Zx.0550	PN5_SID454	1	174297964	204800027	1
RTIGER_SNP50K	Zx.0550	PN5_SID454	1	205361132	209454197	2
RTIGER_SNP50K	Zx.0550	PN5_SID454	1	210204358	308427802	0
RTIGER_SNP50K	Zx.0550	PN5_SID454	2	75371	4705142	0
RTIGER_SNP50K	Zx.0550	PN5_SID454	2	5129242	6674518	1
RTIGER_SNP50K	Zx.0550	PN5_SID454	2	6717001	9859147	2
RTIGER_SNP50K	Zx.0550	PN5_SID454	2	9859174	16327706	1
RTIGER_SNP50K	Zx.0550	PN5_SID454	2	16543351	17104750	2
RTIGER_SNP50K	Zx.0550	PN5_SID454	2	17254655	243662959	0
RTIGER_SNP50K	Zx.0550	PN5_SID454	3	356143	6877872	0
RTIGER_SNP50K	Zx.0550	PN5_SID454	3	6953903	61797198	1
RTIGER_SNP50K	Zx.0550	PN5_SID454	3	61857458	63689302	2
RTIGER_SNP50K	Zx.0550	PN5_SID454	3	63709542	66343278	1
RTIGER_SNP50K	Zx.0550	PN5_SID454	3	66354356	66920113	2
RTIGER_SNP50K	Zx.0550	PN5_SID454	3	66922955	77850589	1
RTIGER_SNP50K	Zx.0550	PN5_SID454	3	77874696	78984776	2
RTIGER_SNP50K	Zx.0550	PN5_SID454	3	79203191	81939919	1
RTIGER_SNP50K	Zx.0550	PN5_SID454	3	82587317	89456623	2
RTIGER_SNP50K	Zx.0550	PN5_SID454	3	89597991	94742870	1
RTIGER_SNP50K	Zx.0550	PN5_SID454	3	94926678	95953579	2
RTIGER_SNP50K	Zx.0550	PN5_SID454	3	95959962	102520074	1
RTIGER_SNP50K	Zx.0550	PN5_SID454	3	102544663	103309188	2
RTIGER_SNP50K	Zx.0550	PN5_SID454	3	103370524	104140565	1
RTIGER_SNP50K	Zx.0550	PN5_SID454	3	104186809	106434286	2
RTIGER_SNP50K	Zx.0550	PN5_SID454	3	106497450	131040636	1
RTIGER_SNP50K	Zx.0550	PN5_SID454	3	131056776	131694131	2
RTIGER_SNP50K	Zx.0550	PN5_SID454	3	131789770	148566234	1
RTIGER_SNP50K	Zx.0550	PN5_SID454	3	148733600	213291734	0
RTIGER_SNP50K	Zx.0550	PN5_SID454	3	213390854	213642186	2
RTIGER_SNP50K	Zx.0550	PN5_SID454	3	213651020	222771905	0
RTIGER_SNP50K	Zx.0550	PN5_SID454	3	222980766	224718859	1
RTIGER_SNP50K	Zx.0550	PN5_SID454	3	224732521	236963193	0
RTIGER_SNP50K	Zx.0550	PN5_SID454	4	1227813	6548767	1
RTIGER_SNP50K	Zx.0550	PN5_SID454	4	6724131	6935585	2
RTIGER_SNP50K	Zx.0550	PN5_SID454	4	7042594	249848884	0
RTIGER_SNP50K	Zx.0550	PN5_SID454	5	375767	226167943	0
RTIGER_SNP50K	Zx.0550	PN5_SID454	6	5677854	181203668	0
RTIGER_SNP50K	Zx.0550	PN5_SID454	7	419164	183952244	0
RTIGER_SNP50K	Zx.0550	PN5_SID454	8	360763	182232061	0
RTIGER_SNP50K	Zx.0550	PN5_SID454	9	1749539	37955779	0
RTIGER_SNP50K	Zx.0550	PN5_SID454	9	38081002	115499599	1
RTIGER_SNP50K	Zx.0550	PN5_SID454	9	115792062	162547212	0
RTIGER_SNP50K	Zx.0550	PN5_SID454	10	262496	152290201	0
RTIGER_SNP50K	Zx.0550	PN5_SID455	1	29860	178488207	0
RTIGER_SNP50K	Zx.0550	PN5_SID455	1	178661142	179912620	2
RTIGER_SNP50K	Zx.0550	PN5_SID455	1	180115955	182791726	1
RTIGER_SNP50K	Zx.0550	PN5_SID455	1	182854647	186918003	2
RTIGER_SNP50K	Zx.0550	PN5_SID455	1	186991549	209895598	1
RTIGER_SNP50K	Zx.0550	PN5_SID455	1	210137435	308423715	0
RTIGER_SNP50K	Zx.0550	PN5_SID455	2	75371	215058841	0
RTIGER_SNP50K	Zx.0550	PN5_SID455	2	215432726	235595589	1
RTIGER_SNP50K	Zx.0550	PN5_SID455	2	235661834	243555257	0
RTIGER_SNP50K	Zx.0550	PN5_SID455	3	1069691	236963193	0
RTIGER_SNP50K	Zx.0550	PN5_SID455	4	638586	249721018	0
RTIGER_SNP50K	Zx.0550	PN5_SID455	5	336374	226234983	0
RTIGER_SNP50K	Zx.0550	PN5_SID455	6	6137629	149554068	0
RTIGER_SNP50K	Zx.0550	PN5_SID455	6	149716172	160282716	1
RTIGER_SNP50K	Zx.0550	PN5_SID455	6	160383275	180655299	0
RTIGER_SNP50K	Zx.0550	PN5_SID455	7	83761	3033066	0
RTIGER_SNP50K	Zx.0550	PN5_SID455	7	3085911	10160801	1
RTIGER_SNP50K	Zx.0550	PN5_SID455	7	10266815	28292880	0
RTIGER_SNP50K	Zx.0550	PN5_SID455	7	28559600	79626224	1
RTIGER_SNP50K	Zx.0550	PN5_SID455	7	79634833	84916150	0
RTIGER_SNP50K	Zx.0550	PN5_SID455	7	85605358	147363936	1
RTIGER_SNP50K	Zx.0550	PN5_SID455	7	147607249	177756260	0
RTIGER_SNP50K	Zx.0550	PN5_SID455	7	178094015	178808660	2
RTIGER_SNP50K	Zx.0550	PN5_SID455	7	178868943	180310422	1
RTIGER_SNP50K	Zx.0550	PN5_SID455	7	180334279	181350131	2
RTIGER_SNP50K	Zx.0550	PN5_SID455	7	181469102	183857036	1
RTIGER_SNP50K	Zx.0550	PN5_SID455	8	354736	182167615	0
RTIGER_SNP50K	Zx.0550	PN5_SID455	9	1958179	157832406	0
RTIGER_SNP50K	Zx.0550	PN5_SID455	9	157834236	162808411	1
RTIGER_SNP50K	Zx.0550	PN5_SID455	10	183757	2928262	1
RTIGER_SNP50K	Zx.0550	PN5_SID455	10	4183124	151163874	0
RTIGER_SNP50K	Zx.0550	PN5_SID455	10	151213011	152276050	1
RTIGER_SNP50K	Zx.0550	PN5_SID456	1	287040	308330525	0
RTIGER_SNP50K	Zx.0550	PN5_SID456	2	75371	1472222	1
RTIGER_SNP50K	Zx.0550	PN5_SID456	2	1474875	2306374	2
RTIGER_SNP50K	Zx.0550	PN5_SID456	2	2344871	243502467	0
RTIGER_SNP50K	Zx.0550	PN5_SID456	3	1170028	3891332	1
RTIGER_SNP50K	Zx.0550	PN5_SID456	3	3904212	4503355	2
RTIGER_SNP50K	Zx.0550	PN5_SID456	3	4719540	236941170	0
RTIGER_SNP50K	Zx.0550	PN5_SID456	4	514639	249833858	0
RTIGER_SNP50K	Zx.0550	PN5_SID456	5	384878	226240113	0
RTIGER_SNP50K	Zx.0550	PN5_SID456	6	5514944	174923412	0
RTIGER_SNP50K	Zx.0550	PN5_SID456	6	175827939	177092439	2
RTIGER_SNP50K	Zx.0550	PN5_SID456	6	177185686	180485105	1
RTIGER_SNP50K	Zx.0550	PN5_SID456	7	387430	150938108	0
RTIGER_SNP50K	Zx.0550	PN5_SID456	7	151127130	167752217	1
RTIGER_SNP50K	Zx.0550	PN5_SID456	7	167994759	170304754	2
RTIGER_SNP50K	Zx.0550	PN5_SID456	7	170804438	183952244	1
RTIGER_SNP50K	Zx.0550	PN5_SID456	8	328238	97310473	0
RTIGER_SNP50K	Zx.0550	PN5_SID456	8	97370210	149481014	1
RTIGER_SNP50K	Zx.0550	PN5_SID456	8	149563546	181980311	0
RTIGER_SNP50K	Zx.0550	PN5_SID456	9	1566009	1566012	1
RTIGER_SNP50K	Zx.0550	PN5_SID456	9	2249036	5028023	2
RTIGER_SNP50K	Zx.0550	PN5_SID456	9	5143365	10735682	1
RTIGER_SNP50K	Zx.0550	PN5_SID456	9	10771356	14374565	2
RTIGER_SNP50K	Zx.0550	PN5_SID456	9	14374570	60807069	1
RTIGER_SNP50K	Zx.0550	PN5_SID456	9	60857169	61997411	2
RTIGER_SNP50K	Zx.0550	PN5_SID456	9	62262440	66559741	1
RTIGER_SNP50K	Zx.0550	PN5_SID456	9	66573420	162159941	0
RTIGER_SNP50K	Zx.0550	PN5_SID456	10	183757	145706384	0
RTIGER_SNP50K	Zx.0550	PN5_SID456	10	146172022	152395252	1
RTIGER_SNP50K	Zx.0550	PN5_SID457	1	289351	183686846	0
RTIGER_SNP50K	Zx.0550	PN5_SID457	1	184104096	186918003	1
RTIGER_SNP50K	Zx.0550	PN5_SID457	1	187077473	201045946	0
RTIGER_SNP50K	Zx.0550	PN5_SID457	1	201134107	201811590	1
RTIGER_SNP50K	Zx.0550	PN5_SID457	1	201946262	202996994	2
RTIGER_SNP50K	Zx.0550	PN5_SID457	1	203081756	219553211	1
RTIGER_SNP50K	Zx.0550	PN5_SID457	1	219559796	308423715	0
RTIGER_SNP50K	Zx.0550	PN5_SID457	2	131906	3506261	0
RTIGER_SNP50K	Zx.0550	PN5_SID457	2	3506291	80624866	1
RTIGER_SNP50K	Zx.0550	PN5_SID457	2	80864433	80877507	2
RTIGER_SNP50K	Zx.0550	PN5_SID457	2	80961419	102972034	1
RTIGER_SNP50K	Zx.0550	PN5_SID457	2	102973038	103248198	2
RTIGER_SNP50K	Zx.0550	PN5_SID457	2	103344593	117692739	1
RTIGER_SNP50K	Zx.0550	PN5_SID457	2	117757146	120685023	2
RTIGER_SNP50K	Zx.0550	PN5_SID457	2	120811952	137318957	1
RTIGER_SNP50K	Zx.0550	PN5_SID457	2	137319019	138183412	2
RTIGER_SNP50K	Zx.0550	PN5_SID457	2	138363944	158513271	1
RTIGER_SNP50K	Zx.0550	PN5_SID457	2	158812397	158990652	2
RTIGER_SNP50K	Zx.0550	PN5_SID457	2	159131292	178333602	1
RTIGER_SNP50K	Zx.0550	PN5_SID457	2	178622804	179084919	2
RTIGER_SNP50K	Zx.0550	PN5_SID457	2	179123859	181224346	1
RTIGER_SNP50K	Zx.0550	PN5_SID457	2	181319141	183672874	2
RTIGER_SNP50K	Zx.0550	PN5_SID457	2	183717228	184008995	1
RTIGER_SNP50K	Zx.0550	PN5_SID457	2	184316097	188005520	2
RTIGER_SNP50K	Zx.0550	PN5_SID457	2	188217072	189611690	1
RTIGER_SNP50K	Zx.0550	PN5_SID457	2	189612457	190767395	2
RTIGER_SNP50K	Zx.0550	PN5_SID457	2	190857017	199482371	1
RTIGER_SNP50K	Zx.0550	PN5_SID457	2	199600007	201455883	2
RTIGER_SNP50K	Zx.0550	PN5_SID457	2	201966523	219212720	1
RTIGER_SNP50K	Zx.0550	PN5_SID457	2	219438144	243502467	0
RTIGER_SNP50K	Zx.0550	PN5_SID457	3	147823	236941170	0
RTIGER_SNP50K	Zx.0550	PN5_SID457	4	986672	249925783	0
RTIGER_SNP50K	Zx.0550	PN5_SID457	5	336374	225939719	0
RTIGER_SNP50K	Zx.0550	PN5_SID457	6	5677854	181024267	0
RTIGER_SNP50K	Zx.0550	PN5_SID457	7	271597	163080143	0
RTIGER_SNP50K	Zx.0550	PN5_SID457	7	163236144	176193950	1
RTIGER_SNP50K	Zx.0550	PN5_SID457	7	176254925	176860949	2
RTIGER_SNP50K	Zx.0550	PN5_SID457	7	177041529	183967464	1
RTIGER_SNP50K	Zx.0550	PN5_SID457	8	354736	124475531	1
RTIGER_SNP50K	Zx.0550	PN5_SID457	8	124764721	182218389	0
RTIGER_SNP50K	Zx.0550	PN5_SID457	9	1566009	158547879	0
RTIGER_SNP50K	Zx.0550	PN5_SID457	9	159218055	162809802	1
RTIGER_SNP50K	Zx.0550	PN5_SID457	10	94302	143188294	0
RTIGER_SNP50K	Zx.0550	PN5_SID457	10	143450524	143681104	2
RTIGER_SNP50K	Zx.0550	PN5_SID457	10	143882700	145836343	1
RTIGER_SNP50K	Zx.0550	PN5_SID457	10	146232610	152327194	0
RTIGER_SNP50K	Zx.0550	PN5_SID458	1	287040	308423715	0
RTIGER_SNP50K	Zx.0550	PN5_SID458	2	175074	243347090	0
RTIGER_SNP50K	Zx.0550	PN5_SID458	3	147823	205600069	0
RTIGER_SNP50K	Zx.0550	PN5_SID458	3	205847354	211724287	1
RTIGER_SNP50K	Zx.0550	PN5_SID458	3	211899298	214221236	2
RTIGER_SNP50K	Zx.0550	PN5_SID458	3	214265596	214502005	1
RTIGER_SNP50K	Zx.0550	PN5_SID458	3	214502027	215320991	2
RTIGER_SNP50K	Zx.0550	PN5_SID458	3	215386153	227672878	1
RTIGER_SNP50K	Zx.0550	PN5_SID458	3	227702637	228204375	2
RTIGER_SNP50K	Zx.0550	PN5_SID458	3	228599519	236963193	0
RTIGER_SNP50K	Zx.0550	PN5_SID458	4	508312	249833858	0
RTIGER_SNP50K	Zx.0550	PN5_SID458	5	336374	225939719	0
RTIGER_SNP50K	Zx.0550	PN5_SID458	6	5514944	180695783	0
RTIGER_SNP50K	Zx.0550	PN5_SID458	7	84081	183979058	0
RTIGER_SNP50K	Zx.0550	PN5_SID458	8	295839	182232061	0
RTIGER_SNP50K	Zx.0550	PN5_SID458	9	1566012	5028023	2
RTIGER_SNP50K	Zx.0550	PN5_SID458	9	5145943	41684466	1
RTIGER_SNP50K	Zx.0550	PN5_SID458	9	41841138	42748857	2
RTIGER_SNP50K	Zx.0550	PN5_SID458	9	42780400	79623220	1
RTIGER_SNP50K	Zx.0550	PN5_SID458	9	80086215	81051774	2
RTIGER_SNP50K	Zx.0550	PN5_SID458	9	81307911	121409399	1
RTIGER_SNP50K	Zx.0550	PN5_SID458	9	121448381	122335869	2
RTIGER_SNP50K	Zx.0550	PN5_SID458	9	122661088	154221707	0
RTIGER_SNP50K	Zx.0550	PN5_SID458	9	154281848	162809802	1
RTIGER_SNP50K	Zx.0550	PN5_SID458	10	183757	152276050	0
RTIGER_SNP50K	Zx.0550	PN5_SID459	1	287040	308295570	0
RTIGER_SNP50K	Zx.0550	PN5_SID459	2	131906	4915082	0
RTIGER_SNP50K	Zx.0550	PN5_SID459	2	5713142	6958284	1
RTIGER_SNP50K	Zx.0550	PN5_SID459	2	7043173	7224989	2
RTIGER_SNP50K	Zx.0550	PN5_SID459	2	7352942	181085569	0
RTIGER_SNP50K	Zx.0550	PN5_SID459	2	181319141	243662959	1
RTIGER_SNP50K	Zx.0550	PN5_SID459	3	147823	3501866	1
RTIGER_SNP50K	Zx.0550	PN5_SID459	3	3504150	163381697	0
RTIGER_SNP50K	Zx.0550	PN5_SID459	3	163615971	227228572	1
RTIGER_SNP50K	Zx.0550	PN5_SID459	3	227321174	236941170	0
RTIGER_SNP50K	Zx.0550	PN5_SID459	4	986672	208224384	0
RTIGER_SNP50K	Zx.0550	PN5_SID459	4	208332228	219638087	1
RTIGER_SNP50K	Zx.0550	PN5_SID459	4	219823585	249925783	0
RTIGER_SNP50K	Zx.0550	PN5_SID459	5	362844	79773842	0
RTIGER_SNP50K	Zx.0550	PN5_SID459	5	80010019	183657398	1
RTIGER_SNP50K	Zx.0550	PN5_SID459	5	183758276	218413601	0
RTIGER_SNP50K	Zx.0550	PN5_SID459	5	218955003	226156269	1
RTIGER_SNP50K	Zx.0550	PN5_SID459	6	6159964	181187587	0
RTIGER_SNP50K	Zx.0550	PN5_SID459	7	343733	183980739	0
RTIGER_SNP50K	Zx.0550	PN5_SID459	8	354736	182127528	0
RTIGER_SNP50K	Zx.0550	PN5_SID459	9	1749539	54878526	1
RTIGER_SNP50K	Zx.0550	PN5_SID459	9	55169422	78386806	0
RTIGER_SNP50K	Zx.0550	PN5_SID459	9	78503139	122335869	1
RTIGER_SNP50K	Zx.0550	PN5_SID459	9	123069307	162400698	0
RTIGER_SNP50K	Zx.0550	PN5_SID459	10	94302	7569154	1
RTIGER_SNP50K	Zx.0550	PN5_SID459	10	8246014	152239038	0
RTIGER_SNP50K	Zx.0550	PN5_SID460	1	289351	82690410	0
RTIGER_SNP50K	Zx.0550	PN5_SID460	1	83214101	94952579	1
RTIGER_SNP50K	Zx.0550	PN5_SID460	1	95170809	220169177	0
RTIGER_SNP50K	Zx.0550	PN5_SID460	1	220225708	226724853	1
RTIGER_SNP50K	Zx.0550	PN5_SID460	1	227461288	234639895	2
RTIGER_SNP50K	Zx.0550	PN5_SID460	1	234643314	243878935	1
RTIGER_SNP50K	Zx.0550	PN5_SID460	1	244019373	244158315	2
RTIGER_SNP50K	Zx.0550	PN5_SID460	1	244218890	248066762	1
RTIGER_SNP50K	Zx.0550	PN5_SID460	1	248255016	249567581	2
RTIGER_SNP50K	Zx.0550	PN5_SID460	1	249809764	258840209	1
RTIGER_SNP50K	Zx.0550	PN5_SID460	1	258998897	259011783	2
RTIGER_SNP50K	Zx.0550	PN5_SID460	1	259011790	303114327	0
RTIGER_SNP50K	Zx.0550	PN5_SID460	1	303440326	308423715	1
RTIGER_SNP50K	Zx.0550	PN5_SID460	2	75371	16618798	0
RTIGER_SNP50K	Zx.0550	PN5_SID460	2	16620676	21262788	1
RTIGER_SNP50K	Zx.0550	PN5_SID460	2	21355767	23319358	2
RTIGER_SNP50K	Zx.0550	PN5_SID460	2	23319375	102787879	1
RTIGER_SNP50K	Zx.0550	PN5_SID460	2	102834464	103025275	2
RTIGER_SNP50K	Zx.0550	PN5_SID460	2	103151047	122207504	1
RTIGER_SNP50K	Zx.0550	PN5_SID460	2	122530086	123315735	2
RTIGER_SNP50K	Zx.0550	PN5_SID460	2	123358935	130108090	1
RTIGER_SNP50K	Zx.0550	PN5_SID460	2	130299459	131671333	2
RTIGER_SNP50K	Zx.0550	PN5_SID460	2	131743512	135484542	1
RTIGER_SNP50K	Zx.0550	PN5_SID460	2	135750688	137370367	2
RTIGER_SNP50K	Zx.0550	PN5_SID460	2	137370984	163592925	1
RTIGER_SNP50K	Zx.0550	PN5_SID460	2	165225240	165702367	2
RTIGER_SNP50K	Zx.0550	PN5_SID460	2	165764061	184510051	1
RTIGER_SNP50K	Zx.0550	PN5_SID460	2	184556726	186249767	2
RTIGER_SNP50K	Zx.0550	PN5_SID460	2	186250611	220121357	1
RTIGER_SNP50K	Zx.0550	PN5_SID460	2	220369336	237882537	0
RTIGER_SNP50K	Zx.0550	PN5_SID460	2	237920548	238690571	1
RTIGER_SNP50K	Zx.0550	PN5_SID460	2	238719604	243552371	0
RTIGER_SNP50K	Zx.0550	PN5_SID460	3	356143	137672088	0
RTIGER_SNP50K	Zx.0550	PN5_SID460	3	138020788	138020825	2
RTIGER_SNP50K	Zx.0550	PN5_SID460	3	138035310	236941170	0
RTIGER_SNP50K	Zx.0550	PN5_SID460	4	638586	249721018	0
RTIGER_SNP50K	Zx.0550	PN5_SID460	5	336374	113913504	0
RTIGER_SNP50K	Zx.0550	PN5_SID460	5	114164650	114165472	2
RTIGER_SNP50K	Zx.0550	PN5_SID460	5	114321527	226240113	0
RTIGER_SNP50K	Zx.0550	PN5_SID460	6	5679415	31424517	0
RTIGER_SNP50K	Zx.0550	PN5_SID460	6	31574787	91223501	1
RTIGER_SNP50K	Zx.0550	PN5_SID460	6	91394741	126751185	0
RTIGER_SNP50K	Zx.0550	PN5_SID460	6	127200200	155130641	1
RTIGER_SNP50K	Zx.0550	PN5_SID460	6	156066376	181203668	0
RTIGER_SNP50K	Zx.0550	PN5_SID460	7	83761	151127130	0
RTIGER_SNP50K	Zx.0550	PN5_SID460	7	151222385	175816722	1
RTIGER_SNP50K	Zx.0550	PN5_SID460	7	176201955	177031823	2
RTIGER_SNP50K	Zx.0550	PN5_SID460	7	177218386	183884915	1
RTIGER_SNP50K	Zx.0550	PN5_SID460	8	354736	144939237	0
RTIGER_SNP50K	Zx.0550	PN5_SID460	8	145109305	169909403	1
RTIGER_SNP50K	Zx.0550	PN5_SID460	8	170017969	182232061	0
RTIGER_SNP50K	Zx.0550	PN5_SID460	9	1566009	162808411	0
RTIGER_SNP50K	Zx.0550	PN5_SID460	10	94302	152395252	0
RTIGER_SNP50K	Zx.0550	PN5_SID461	1	395660	80151966	0
RTIGER_SNP50K	Zx.0550	PN5_SID461	1	80519518	83453307	1
RTIGER_SNP50K	Zx.0550	PN5_SID461	1	83541403	84628047	2
RTIGER_SNP50K	Zx.0550	PN5_SID461	1	84628481	152315007	0
RTIGER_SNP50K	Zx.0550	PN5_SID461	1	152425405	158536334	1
RTIGER_SNP50K	Zx.0550	PN5_SID461	1	159311845	219324365	0
RTIGER_SNP50K	Zx.0550	PN5_SID461	1	219517147	254135958	1
RTIGER_SNP50K	Zx.0550	PN5_SID461	1	254198941	308427802	0
RTIGER_SNP50K	Zx.0550	PN5_SID461	2	76737	4904354	0
RTIGER_SNP50K	Zx.0550	PN5_SID461	2	5436614	6784933	1
RTIGER_SNP50K	Zx.0550	PN5_SID461	2	6951216	243347370	0
RTIGER_SNP50K	Zx.0550	PN5_SID461	3	147823	236941170	0
RTIGER_SNP50K	Zx.0550	PN5_SID461	4	255421	10939757	0
RTIGER_SNP50K	Zx.0550	PN5_SID461	4	11245751	12308354	2
RTIGER_SNP50K	Zx.0550	PN5_SID461	4	12329254	60468518	1
RTIGER_SNP50K	Zx.0550	PN5_SID461	4	60507238	62038163	2
RTIGER_SNP50K	Zx.0550	PN5_SID461	4	62114515	75330995	1
RTIGER_SNP50K	Zx.0550	PN5_SID461	4	75531087	168089260	0
RTIGER_SNP50K	Zx.0550	PN5_SID461	4	168463433	228653107	1
RTIGER_SNP50K	Zx.0550	PN5_SID461	4	228859767	229570760	2
RTIGER_SNP50K	Zx.0550	PN5_SID461	4	230025887	233837235	1
RTIGER_SNP50K	Zx.0550	PN5_SID461	4	233954331	234347099	2
RTIGER_SNP50K	Zx.0550	PN5_SID461	4	234483372	249848884	0
RTIGER_SNP50K	Zx.0550	PN5_SID461	5	375767	226039586	0
RTIGER_SNP50K	Zx.0550	PN5_SID461	6	6350228	6847912	2
RTIGER_SNP50K	Zx.0550	PN5_SID461	6	7081552	181187587	0
RTIGER_SNP50K	Zx.0550	PN5_SID461	7	419164	183951173	0
RTIGER_SNP50K	Zx.0550	PN5_SID461	8	574101	181805798	0
RTIGER_SNP50K	Zx.0550	PN5_SID461	9	1749539	162808411	0
RTIGER_SNP50K	Zx.0550	PN5_SID461	10	94302	152340819	0
RTIGER_SNP50K	Zx.0550	PN5_SID462	1	395660	7823703	0
RTIGER_SNP50K	Zx.0550	PN5_SID462	1	8232835	9996068	1
RTIGER_SNP50K	Zx.0550	PN5_SID462	1	10090726	219692239	0
RTIGER_SNP50K	Zx.0550	PN5_SID462	1	219887820	224991716	1
RTIGER_SNP50K	Zx.0550	PN5_SID462	1	225303854	230928352	2
RTIGER_SNP50K	Zx.0550	PN5_SID462	1	231249816	263377945	1
RTIGER_SNP50K	Zx.0550	PN5_SID462	1	263952729	308295570	0
RTIGER_SNP50K	Zx.0550	PN5_SID462	2	204222	57493315	0
RTIGER_SNP50K	Zx.0550	PN5_SID462	2	57493830	85723984	1
RTIGER_SNP50K	Zx.0550	PN5_SID462	2	85782984	85958130	2
RTIGER_SNP50K	Zx.0550	PN5_SID462	2	86114769	189235996	1
RTIGER_SNP50K	Zx.0550	PN5_SID462	2	189286454	190346752	2
RTIGER_SNP50K	Zx.0550	PN5_SID462	2	190508763	243347370	1
RTIGER_SNP50K	Zx.0550	PN5_SID462	3	1170028	1544245	1
RTIGER_SNP50K	Zx.0550	PN5_SID462	3	1814501	221146701	0
RTIGER_SNP50K	Zx.0550	PN5_SID462	3	221148230	236821697	1
RTIGER_SNP50K	Zx.0550	PN5_SID462	4	514639	7140738	2
RTIGER_SNP50K	Zx.0550	PN5_SID462	4	7408821	249801221	0
RTIGER_SNP50K	Zx.0550	PN5_SID462	5	336374	57325815	0
RTIGER_SNP50K	Zx.0550	PN5_SID462	5	58053908	71975811	1
RTIGER_SNP50K	Zx.0550	PN5_SID462	5	72074024	104327898	0
RTIGER_SNP50K	Zx.0550	PN5_SID462	5	104667155	110982030	1
RTIGER_SNP50K	Zx.0550	PN5_SID462	5	111021971	226156269	0
RTIGER_SNP50K	Zx.0550	PN5_SID462	6	5260376	180695783	0
RTIGER_SNP50K	Zx.0550	PN5_SID462	7	83761	183952244	0
RTIGER_SNP50K	Zx.0550	PN5_SID462	8	354736	182232061	0
RTIGER_SNP50K	Zx.0550	PN5_SID462	9	1566009	162809802	0
RTIGER_SNP50K	Zx.0550	PN5_SID462	10	94503	152395252	0
RTIGER_SNP50K	Zx.0550	PN5_SID463	1	291511	3444262	1
RTIGER_SNP50K	Zx.0550	PN5_SID463	1	3483128	308330525	0
RTIGER_SNP50K	Zx.0550	PN5_SID463	2	76737	12536372	0
RTIGER_SNP50K	Zx.0550	PN5_SID463	2	12606161	91136042	1
RTIGER_SNP50K	Zx.0550	PN5_SID463	2	91136044	100819723	0
RTIGER_SNP50K	Zx.0550	PN5_SID463	2	101512083	112430044	1
RTIGER_SNP50K	Zx.0550	PN5_SID463	2	112510989	112511027	2
RTIGER_SNP50K	Zx.0550	PN5_SID463	2	112660204	122547722	0
RTIGER_SNP50K	Zx.0550	PN5_SID463	2	122556256	152798969	1
RTIGER_SNP50K	Zx.0550	PN5_SID463	2	152994794	243522318	0
RTIGER_SNP50K	Zx.0550	PN5_SID463	3	147823	20971313	0
RTIGER_SNP50K	Zx.0550	PN5_SID463	3	21835121	26655297	1
RTIGER_SNP50K	Zx.0550	PN5_SID463	3	26678223	33611471	0
RTIGER_SNP50K	Zx.0550	PN5_SID463	3	33711837	58508669	1
RTIGER_SNP50K	Zx.0550	PN5_SID463	3	58617413	66781110	0
RTIGER_SNP50K	Zx.0550	PN5_SID463	3	66806059	71330150	1
RTIGER_SNP50K	Zx.0550	PN5_SID463	3	71531454	81438779	0
RTIGER_SNP50K	Zx.0550	PN5_SID463	3	81447424	128010935	1
RTIGER_SNP50K	Zx.0550	PN5_SID463	3	128826456	141792520	0
RTIGER_SNP50K	Zx.0550	PN5_SID463	3	142056277	196251160	1
RTIGER_SNP50K	Zx.0550	PN5_SID463	3	196327261	196510120	2
RTIGER_SNP50K	Zx.0550	PN5_SID463	3	196549016	232284362	0
RTIGER_SNP50K	Zx.0550	PN5_SID463	3	232349990	234687572	1
RTIGER_SNP50K	Zx.0550	PN5_SID463	3	234783440	236941170	0
RTIGER_SNP50K	Zx.0550	PN5_SID463	4	986672	249833858	0
RTIGER_SNP50K	Zx.0550	PN5_SID463	5	322588	226234983	0
RTIGER_SNP50K	Zx.0550	PN5_SID463	6	5260376	181186018	0
RTIGER_SNP50K	Zx.0550	PN5_SID463	7	419164	134767536	0
RTIGER_SNP50K	Zx.0550	PN5_SID463	7	134815740	135292273	2
RTIGER_SNP50K	Zx.0550	PN5_SID463	7	135580413	136884189	1
RTIGER_SNP50K	Zx.0550	PN5_SID463	7	136941126	138704722	2
RTIGER_SNP50K	Zx.0550	PN5_SID463	7	139048751	183980739	0
RTIGER_SNP50K	Zx.0550	PN5_SID463	8	354973	182232061	0
RTIGER_SNP50K	Zx.0550	PN5_SID463	9	1749539	162591532	0
RTIGER_SNP50K	Zx.0550	PN5_SID463	10	183757	1259534	1
RTIGER_SNP50K	Zx.0550	PN5_SID463	10	1259548	1263295	2
RTIGER_SNP50K	Zx.0550	PN5_SID463	10	1330159	152395252	0
RTIGER_SNP50K	Zx.0570	PN8_SID733	1	289351	275744378	0
RTIGER_SNP50K	Zx.0570	PN8_SID733	1	275841525	277692414	2
RTIGER_SNP50K	Zx.0570	PN8_SID733	1	277737137	282872508	1
RTIGER_SNP50K	Zx.0570	PN8_SID733	1	282995216	283897859	2
RTIGER_SNP50K	Zx.0570	PN8_SID733	1	284053096	305826387	1
RTIGER_SNP50K	Zx.0570	PN8_SID733	1	305981768	306122188	2
RTIGER_SNP50K	Zx.0570	PN8_SID733	1	306122220	308423715	1
RTIGER_SNP50K	Zx.0570	PN8_SID733	2	175074	9474977	1
RTIGER_SNP50K	Zx.0570	PN8_SID733	2	9808111	73677542	0
RTIGER_SNP50K	Zx.0570	PN8_SID733	2	73680821	73680842	2
RTIGER_SNP50K	Zx.0570	PN8_SID733	2	73680845	180691823	0
RTIGER_SNP50K	Zx.0570	PN8_SID733	2	180868921	181319141	2
RTIGER_SNP50K	Zx.0570	PN8_SID733	2	181333850	194856104	1
RTIGER_SNP50K	Zx.0570	PN8_SID733	2	195069997	243662959	0
RTIGER_SNP50K	Zx.0570	PN8_SID733	3	147823	220305209	0
RTIGER_SNP50K	Zx.0570	PN8_SID733	3	220388460	236941170	1
RTIGER_SNP50K	Zx.0570	PN8_SID733	4	638586	12820021	0
RTIGER_SNP50K	Zx.0570	PN8_SID733	4	12929778	13154517	2
RTIGER_SNP50K	Zx.0570	PN8_SID733	4	13459226	39431979	1
RTIGER_SNP50K	Zx.0570	PN8_SID733	4	39468093	41034619	2
RTIGER_SNP50K	Zx.0570	PN8_SID733	4	41169679	89941614	1
RTIGER_SNP50K	Zx.0570	PN8_SID733	4	90049427	90773225	2
RTIGER_SNP50K	Zx.0570	PN8_SID733	4	90781062	92899260	1
RTIGER_SNP50K	Zx.0570	PN8_SID733	4	93079254	123146585	0
RTIGER_SNP50K	Zx.0570	PN8_SID733	4	123431461	157748317	1
RTIGER_SNP50K	Zx.0570	PN8_SID733	4	157977034	249890511	0
RTIGER_SNP50K	Zx.0570	PN8_SID733	5	336374	226227487	0
RTIGER_SNP50K	Zx.0570	PN8_SID733	6	5260376	180484231	0
RTIGER_SNP50K	Zx.0570	PN8_SID733	7	83761	183979058	0
RTIGER_SNP50K	Zx.0570	PN8_SID733	8	574101	182218389	0
RTIGER_SNP50K	Zx.0570	PN8_SID733	9	1910097	151554420	0
RTIGER_SNP50K	Zx.0570	PN8_SID733	9	151587619	161197926	1
RTIGER_SNP50K	Zx.0570	PN8_SID733	9	161562426	162281774	2
RTIGER_SNP50K	Zx.0570	PN8_SID733	9	162400783	162551073	1
RTIGER_SNP50K	Zx.0570	PN8_SID733	10	183757	152327194	0
RTIGER_SNP50K	Zx.0570	PN8_SID734	1	29860	3732539	1
RTIGER_SNP50K	Zx.0570	PN8_SID734	1	3835894	199320352	0
RTIGER_SNP50K	Zx.0570	PN8_SID734	1	199480870	200013265	2
RTIGER_SNP50K	Zx.0570	PN8_SID734	1	200235925	212147218	1
RTIGER_SNP50K	Zx.0570	PN8_SID734	1	212237052	212436814	2
RTIGER_SNP50K	Zx.0570	PN8_SID734	1	213048662	246567940	1
RTIGER_SNP50K	Zx.0570	PN8_SID734	1	246568317	246588255	2
RTIGER_SNP50K	Zx.0570	PN8_SID734	1	246590443	261019304	1
RTIGER_SNP50K	Zx.0570	PN8_SID734	1	261087125	290623216	0
RTIGER_SNP50K	Zx.0570	PN8_SID734	1	290658591	290856168	2
RTIGER_SNP50K	Zx.0570	PN8_SID734	1	290917380	299917063	1
RTIGER_SNP50K	Zx.0570	PN8_SID734	1	300071491	308423715	0
RTIGER_SNP50K	Zx.0570	PN8_SID734	2	204222	193654829	0
RTIGER_SNP50K	Zx.0570	PN8_SID734	2	194017744	200125981	1
RTIGER_SNP50K	Zx.0570	PN8_SID734	2	200858799	201301425	2
RTIGER_SNP50K	Zx.0570	PN8_SID734	2	201301455	213096028	1
RTIGER_SNP50K	Zx.0570	PN8_SID734	2	213096078	213744161	2
RTIGER_SNP50K	Zx.0570	PN8_SID734	2	213904831	219118228	1
RTIGER_SNP50K	Zx.0570	PN8_SID734	2	219212720	219833974	2
RTIGER_SNP50K	Zx.0570	PN8_SID734	2	219986998	229366557	1
RTIGER_SNP50K	Zx.0570	PN8_SID734	2	229934462	231730014	2
RTIGER_SNP50K	Zx.0570	PN8_SID734	2	231788818	231900647	1
RTIGER_SNP50K	Zx.0570	PN8_SID734	2	232566058	233243677	2
RTIGER_SNP50K	Zx.0570	PN8_SID734	2	233353682	235961587	1
RTIGER_SNP50K	Zx.0570	PN8_SID734	2	236037677	236086610	2
RTIGER_SNP50K	Zx.0570	PN8_SID734	2	236165264	243479746	1
RTIGER_SNP50K	Zx.0570	PN8_SID734	3	356143	236963193	0
RTIGER_SNP50K	Zx.0570	PN8_SID734	4	425542	249925783	0
RTIGER_SNP50K	Zx.0570	PN8_SID734	5	336374	24685495	0
RTIGER_SNP50K	Zx.0570	PN8_SID734	5	24706618	24711184	2
RTIGER_SNP50K	Zx.0570	PN8_SID734	5	24711186	226240113	0
RTIGER_SNP50K	Zx.0570	PN8_SID734	6	5514944	15279911	1
RTIGER_SNP50K	Zx.0570	PN8_SID734	6	15532793	16521197	2
RTIGER_SNP50K	Zx.0570	PN8_SID734	6	20974863	40141595	1
RTIGER_SNP50K	Zx.0570	PN8_SID734	6	40284235	180701860	0
RTIGER_SNP50K	Zx.0570	PN8_SID734	7	83761	183959112	0
RTIGER_SNP50K	Zx.0570	PN8_SID734	8	354736	19883191	1
RTIGER_SNP50K	Zx.0570	PN8_SID734	8	20181457	37749793	0
RTIGER_SNP50K	Zx.0570	PN8_SID734	8	37761026	37761035	2
RTIGER_SNP50K	Zx.0570	PN8_SID734	8	37789435	42956353	1
RTIGER_SNP50K	Zx.0570	PN8_SID734	8	43167803	43633494	2
RTIGER_SNP50K	Zx.0570	PN8_SID734	8	43901381	46542580	1
RTIGER_SNP50K	Zx.0570	PN8_SID734	8	46635164	46650918	2
RTIGER_SNP50K	Zx.0570	PN8_SID734	8	46771026	61165906	1
RTIGER_SNP50K	Zx.0570	PN8_SID734	8	61186664	62649299	2
RTIGER_SNP50K	Zx.0570	PN8_SID734	8	62868760	94958055	1
RTIGER_SNP50K	Zx.0570	PN8_SID734	8	95008635	95195123	2
RTIGER_SNP50K	Zx.0570	PN8_SID734	8	95871348	103933668	1
RTIGER_SNP50K	Zx.0570	PN8_SID734	8	104170547	182172937	0
RTIGER_SNP50K	Zx.0570	PN8_SID734	9	1566009	32979493	0
RTIGER_SNP50K	Zx.0570	PN8_SID734	9	33514674	53419081	1
RTIGER_SNP50K	Zx.0570	PN8_SID734	9	55163581	55435169	2
RTIGER_SNP50K	Zx.0570	PN8_SID734	9	55457493	80440726	1
RTIGER_SNP50K	Zx.0570	PN8_SID734	9	80832280	81256041	2
RTIGER_SNP50K	Zx.0570	PN8_SID734	9	81307911	115238969	1
RTIGER_SNP50K	Zx.0570	PN8_SID734	9	115307559	117522247	2
RTIGER_SNP50K	Zx.0570	PN8_SID734	9	118751742	162267388	0
RTIGER_SNP50K	Zx.0570	PN8_SID734	10	94503	152302281	0
RTIGER_SNP50K	Zx.0570	PN8_SID735	1	425521	2300751	1
RTIGER_SNP50K	Zx.0570	PN8_SID735	1	2371475	2418340	2
RTIGER_SNP50K	Zx.0570	PN8_SID735	1	2522547	3441944	1
RTIGER_SNP50K	Zx.0570	PN8_SID735	1	3483128	79395872	0
RTIGER_SNP50K	Zx.0570	PN8_SID735	1	79468169	79468244	2
RTIGER_SNP50K	Zx.0570	PN8_SID735	1	79486137	182576118	0
RTIGER_SNP50K	Zx.0570	PN8_SID735	1	182662153	196673601	1
RTIGER_SNP50K	Zx.0570	PN8_SID735	1	197552088	197661379	2
RTIGER_SNP50K	Zx.0570	PN8_SID735	1	198333941	213541259	1
RTIGER_SNP50K	Zx.0570	PN8_SID735	1	213542430	213778193	2
RTIGER_SNP50K	Zx.0570	PN8_SID735	1	214101515	215680038	1
RTIGER_SNP50K	Zx.0570	PN8_SID735	1	215732767	216261606	2
RTIGER_SNP50K	Zx.0570	PN8_SID735	1	216267138	221767431	1
RTIGER_SNP50K	Zx.0570	PN8_SID735	1	221877546	222021880	2
RTIGER_SNP50K	Zx.0570	PN8_SID735	1	222026320	226771840	1
RTIGER_SNP50K	Zx.0570	PN8_SID735	1	227461288	227766098	2
RTIGER_SNP50K	Zx.0570	PN8_SID735	1	227820376	230831386	1
RTIGER_SNP50K	Zx.0570	PN8_SID735	1	230906997	233538762	2
RTIGER_SNP50K	Zx.0570	PN8_SID735	1	233571639	237969061	1
RTIGER_SNP50K	Zx.0570	PN8_SID735	1	237980832	240534113	2
RTIGER_SNP50K	Zx.0570	PN8_SID735	1	240615103	246485461	1
RTIGER_SNP50K	Zx.0570	PN8_SID735	1	246567940	246894509	2
RTIGER_SNP50K	Zx.0570	PN8_SID735	1	246935944	248711680	1
RTIGER_SNP50K	Zx.0570	PN8_SID735	1	248714640	249291791	2
RTIGER_SNP50K	Zx.0570	PN8_SID735	1	249294634	260224053	1
RTIGER_SNP50K	Zx.0570	PN8_SID735	1	260355895	260627166	2
RTIGER_SNP50K	Zx.0570	PN8_SID735	1	260630028	262094945	1
RTIGER_SNP50K	Zx.0570	PN8_SID735	1	262097829	263292713	2
RTIGER_SNP50K	Zx.0570	PN8_SID735	1	263952729	264835221	1
RTIGER_SNP50K	Zx.0570	PN8_SID735	1	264907424	265713496	2
RTIGER_SNP50K	Zx.0570	PN8_SID735	1	265835269	270396004	1
RTIGER_SNP50K	Zx.0570	PN8_SID735	1	270664651	308330525	0
RTIGER_SNP50K	Zx.0570	PN8_SID735	2	75371	242441298	0
RTIGER_SNP50K	Zx.0570	PN8_SID735	2	242494616	243347370	1
RTIGER_SNP50K	Zx.0570	PN8_SID735	3	147823	236646482	0
RTIGER_SNP50K	Zx.0570	PN8_SID735	4	255421	59228878	0
RTIGER_SNP50K	Zx.0570	PN8_SID735	4	59390478	159381836	1
RTIGER_SNP50K	Zx.0570	PN8_SID735	4	159999796	159999833	2
RTIGER_SNP50K	Zx.0570	PN8_SID735	4	160135859	167004563	1
RTIGER_SNP50K	Zx.0570	PN8_SID735	4	167732104	249329173	0
RTIGER_SNP50K	Zx.0570	PN8_SID735	5	322588	226234983	0
RTIGER_SNP50K	Zx.0570	PN8_SID735	6	5720392	6549201	1
RTIGER_SNP50K	Zx.0570	PN8_SID735	6	6678961	169668479	0
RTIGER_SNP50K	Zx.0570	PN8_SID735	6	169755474	170070227	2
RTIGER_SNP50K	Zx.0570	PN8_SID735	6	170160286	180693485	1
RTIGER_SNP50K	Zx.0570	PN8_SID735	7	343733	9119717	1
RTIGER_SNP50K	Zx.0570	PN8_SID735	7	9119999	40679295	0
RTIGER_SNP50K	Zx.0570	PN8_SID735	7	40679298	49120070	1
RTIGER_SNP50K	Zx.0570	PN8_SID735	7	49153543	183840022	0
RTIGER_SNP50K	Zx.0570	PN8_SID735	8	295839	5303365	1
RTIGER_SNP50K	Zx.0570	PN8_SID735	8	5366357	6797702	2
RTIGER_SNP50K	Zx.0570	PN8_SID735	8	6906255	7254042	1
RTIGER_SNP50K	Zx.0570	PN8_SID735	8	7294614	7835048	2
RTIGER_SNP50K	Zx.0570	PN8_SID735	8	8016654	8659385	1
RTIGER_SNP50K	Zx.0570	PN8_SID735	8	8695441	11070426	2
RTIGER_SNP50K	Zx.0570	PN8_SID735	8	11174559	18844946	1
RTIGER_SNP50K	Zx.0570	PN8_SID735	8	18857646	30552542	0
RTIGER_SNP50K	Zx.0570	PN8_SID735	8	30627512	38659415	1
RTIGER_SNP50K	Zx.0570	PN8_SID735	8	38716719	39162856	2
RTIGER_SNP50K	Zx.0570	PN8_SID735	8	39295107	42579223	1
RTIGER_SNP50K	Zx.0570	PN8_SID735	8	43167803	44849649	2
RTIGER_SNP50K	Zx.0570	PN8_SID735	8	44873053	49438889	1
RTIGER_SNP50K	Zx.0570	PN8_SID735	8	49831922	50031241	2
RTIGER_SNP50K	Zx.0570	PN8_SID735	8	50075249	50627554	1
RTIGER_SNP50K	Zx.0570	PN8_SID735	8	50629946	54390428	2
RTIGER_SNP50K	Zx.0570	PN8_SID735	8	54506055	60343439	1
RTIGER_SNP50K	Zx.0570	PN8_SID735	8	61012654	62083318	2
RTIGER_SNP50K	Zx.0570	PN8_SID735	8	62346809	82164269	1
RTIGER_SNP50K	Zx.0570	PN8_SID735	8	82237327	82821396	2
RTIGER_SNP50K	Zx.0570	PN8_SID735	8	83277575	103699858	1
RTIGER_SNP50K	Zx.0570	PN8_SID735	8	103892112	182232061	0
RTIGER_SNP50K	Zx.0570	PN8_SID735	9	1566009	79778589	0
RTIGER_SNP50K	Zx.0570	PN8_SID735	9	79883847	80086233	2
RTIGER_SNP50K	Zx.0570	PN8_SID735	9	80547102	81195396	1
RTIGER_SNP50K	Zx.0570	PN8_SID735	9	81256041	155491119	0
RTIGER_SNP50K	Zx.0570	PN8_SID735	9	155704311	162400783	1
RTIGER_SNP50K	Zx.0570	PN8_SID735	9	162591532	162809802	2
RTIGER_SNP50K	Zx.0570	PN8_SID735	10	94302	151638243	0
RTIGER_SNP50K	Zx.0570	PN8_SID735	10	152264841	152302281	2
RTIGER_SNP50K	Zx.0570	PN8_SID736	1	1794956	304813367	0
RTIGER_SNP50K	Zx.0570	PN8_SID736	2	2767457	242870619	0
RTIGER_SNP50K	Zx.0570	PN8_SID736	3	4502020	236170438	0
RTIGER_SNP50K	Zx.0570	PN8_SID736	4	12661945	240241744	0
RTIGER_SNP50K	Zx.0570	PN8_SID736	5	793570	226039586	0
RTIGER_SNP50K	Zx.0570	PN8_SID736	6	6137629	177340095	0
RTIGER_SNP50K	Zx.0570	PN8_SID736	7	419164	15593289	1
RTIGER_SNP50K	Zx.0570	PN8_SID736	7	33799373	182711196	0
RTIGER_SNP50K	Zx.0570	PN8_SID736	8	1280880	181331566	0
RTIGER_SNP50K	Zx.0570	PN8_SID736	9	2887966	153360012	0
RTIGER_SNP50K	Zx.0570	PN8_SID736	10	94302	150942077	0
RTIGER_SNP50K	Zx.0570	PN8_SID737	1	289351	192280232	0
RTIGER_SNP50K	Zx.0570	PN8_SID737	1	192757115	212376346	1
RTIGER_SNP50K	Zx.0570	PN8_SID737	1	212436784	212436877	2
RTIGER_SNP50K	Zx.0570	PN8_SID737	1	212555329	213579680	1
RTIGER_SNP50K	Zx.0570	PN8_SID737	1	213590126	213778193	2
RTIGER_SNP50K	Zx.0570	PN8_SID737	1	213918790	263219453	0
RTIGER_SNP50K	Zx.0570	PN8_SID737	1	263292713	264094019	2
RTIGER_SNP50K	Zx.0570	PN8_SID737	1	264233578	264910185	1
RTIGER_SNP50K	Zx.0570	PN8_SID737	1	265141847	265327975	2
RTIGER_SNP50K	Zx.0570	PN8_SID737	1	265454300	284931340	1
RTIGER_SNP50K	Zx.0570	PN8_SID737	1	284932290	308427802	0
RTIGER_SNP50K	Zx.0570	PN8_SID737	2	76737	43937886	0
RTIGER_SNP50K	Zx.0570	PN8_SID737	2	43939509	47413240	1
RTIGER_SNP50K	Zx.0570	PN8_SID737	2	47579911	47580123	2
RTIGER_SNP50K	Zx.0570	PN8_SID737	2	47783710	71668421	1
RTIGER_SNP50K	Zx.0570	PN8_SID737	2	71765841	72712716	2
RTIGER_SNP50K	Zx.0570	PN8_SID737	2	72772806	80616162	1
RTIGER_SNP50K	Zx.0570	PN8_SID737	2	80618534	80652711	2
RTIGER_SNP50K	Zx.0570	PN8_SID737	2	80723356	102117856	1
RTIGER_SNP50K	Zx.0570	PN8_SID737	2	102150456	102183584	2
RTIGER_SNP50K	Zx.0570	PN8_SID737	2	102255516	118260792	1
RTIGER_SNP50K	Zx.0570	PN8_SID737	2	118275359	122067893	2
RTIGER_SNP50K	Zx.0570	PN8_SID737	2	122067936	130108090	1
RTIGER_SNP50K	Zx.0570	PN8_SID737	2	130115815	131760652	2
RTIGER_SNP50K	Zx.0570	PN8_SID737	2	131763876	141916974	1
RTIGER_SNP50K	Zx.0570	PN8_SID737	2	141964546	142506630	2
RTIGER_SNP50K	Zx.0570	PN8_SID737	2	143275400	145709997	1
RTIGER_SNP50K	Zx.0570	PN8_SID737	2	146765190	146800632	2
RTIGER_SNP50K	Zx.0570	PN8_SID737	2	146865225	155054794	1
RTIGER_SNP50K	Zx.0570	PN8_SID737	2	155142106	156452995	2
RTIGER_SNP50K	Zx.0570	PN8_SID737	2	156500645	164596855	1
RTIGER_SNP50K	Zx.0570	PN8_SID737	2	165163731	165702367	2
RTIGER_SNP50K	Zx.0570	PN8_SID737	2	165764061	180809123	1
RTIGER_SNP50K	Zx.0570	PN8_SID737	2	180868921	181319141	2
RTIGER_SNP50K	Zx.0570	PN8_SID737	2	181580440	182709367	1
RTIGER_SNP50K	Zx.0570	PN8_SID737	2	182752266	183673327	2
RTIGER_SNP50K	Zx.0570	PN8_SID737	2	183754989	184557382	1
RTIGER_SNP50K	Zx.0570	PN8_SID737	2	184720349	185151681	2
RTIGER_SNP50K	Zx.0570	PN8_SID737	2	185398517	209467110	1
RTIGER_SNP50K	Zx.0570	PN8_SID737	2	209559561	209611267	2
RTIGER_SNP50K	Zx.0570	PN8_SID737	2	209814414	243662959	0
RTIGER_SNP50K	Zx.0570	PN8_SID737	3	147823	236939523	0
RTIGER_SNP50K	Zx.0570	PN8_SID737	4	514639	1228620	2
RTIGER_SNP50K	Zx.0570	PN8_SID737	4	1822799	7870694	1
RTIGER_SNP50K	Zx.0570	PN8_SID737	4	7950280	8316532	2
RTIGER_SNP50K	Zx.0570	PN8_SID737	4	8443900	12929778	1
RTIGER_SNP50K	Zx.0570	PN8_SID737	4	12971744	158788757	0
RTIGER_SNP50K	Zx.0570	PN8_SID737	4	159999796	159999833	2
RTIGER_SNP50K	Zx.0570	PN8_SID737	4	160135859	249848884	0
RTIGER_SNP50K	Zx.0570	PN8_SID737	5	336374	226234983	0
RTIGER_SNP50K	Zx.0570	PN8_SID737	6	5260376	104400680	0
RTIGER_SNP50K	Zx.0570	PN8_SID737	6	104541393	113554094	1
RTIGER_SNP50K	Zx.0570	PN8_SID737	6	114047868	114314530	2
RTIGER_SNP50K	Zx.0570	PN8_SID737	6	114680091	118959551	1
RTIGER_SNP50K	Zx.0570	PN8_SID737	6	119436142	181187587	0
RTIGER_SNP50K	Zx.0570	PN8_SID737	7	387430	183882190	0
RTIGER_SNP50K	Zx.0570	PN8_SID737	8	328238	182232061	0
RTIGER_SNP50K	Zx.0570	PN8_SID737	9	1567509	159070246	0
RTIGER_SNP50K	Zx.0570	PN8_SID737	9	159070254	162591532	1
RTIGER_SNP50K	Zx.0570	PN8_SID737	10	189159	152395252	0
RTIGER_SNP50K	Zx.0570	PN8_SID738	1	289351	308330525	0
RTIGER_SNP50K	Zx.0570	PN8_SID738	2	71603	1472222	1
RTIGER_SNP50K	Zx.0570	PN8_SID738	2	1474875	1571042	2
RTIGER_SNP50K	Zx.0570	PN8_SID738	2	1700167	23436190	1
RTIGER_SNP50K	Zx.0570	PN8_SID738	2	23546400	225676562	0
RTIGER_SNP50K	Zx.0570	PN8_SID738	2	225740057	226908570	1
RTIGER_SNP50K	Zx.0570	PN8_SID738	2	226976052	226976079	2
RTIGER_SNP50K	Zx.0570	PN8_SID738	2	227087192	243479746	1
RTIGER_SNP50K	Zx.0570	PN8_SID738	3	147823	236963193	0
RTIGER_SNP50K	Zx.0570	PN8_SID738	4	255421	249890511	0
RTIGER_SNP50K	Zx.0570	PN8_SID738	5	322588	2421206	0
RTIGER_SNP50K	Zx.0570	PN8_SID738	5	2634696	2669069	2
RTIGER_SNP50K	Zx.0570	PN8_SID738	5	2680284	4387371	1
RTIGER_SNP50K	Zx.0570	PN8_SID738	5	4439082	4951672	2
RTIGER_SNP50K	Zx.0570	PN8_SID738	5	5054902	226020769	0
RTIGER_SNP50K	Zx.0570	PN8_SID738	6	5514944	181203668	0
RTIGER_SNP50K	Zx.0570	PN8_SID738	7	271597	183980739	0
RTIGER_SNP50K	Zx.0570	PN8_SID738	8	354736	132403817	0
RTIGER_SNP50K	Zx.0570	PN8_SID738	8	132607629	149887956	1
RTIGER_SNP50K	Zx.0570	PN8_SID738	8	149889574	150015522	2
RTIGER_SNP50K	Zx.0570	PN8_SID738	8	150458522	182172937	0
RTIGER_SNP50K	Zx.0570	PN8_SID738	9	1749539	4440693	1
RTIGER_SNP50K	Zx.0570	PN8_SID738	9	4460655	4881125	2
RTIGER_SNP50K	Zx.0570	PN8_SID738	9	4892505	70818492	1
RTIGER_SNP50K	Zx.0570	PN8_SID738	9	70819335	162547212	0
RTIGER_SNP50K	Zx.0570	PN8_SID738	10	202385	152340819	0
RTIGER_SNP50K	Zx.0570	PN8_SID740	1	287040	5681390	0
RTIGER_SNP50K	Zx.0570	PN8_SID740	1	5835923	7630566	1
RTIGER_SNP50K	Zx.0570	PN8_SID740	1	7661590	9412008	2
RTIGER_SNP50K	Zx.0570	PN8_SID740	1	9519194	12150538	1
RTIGER_SNP50K	Zx.0570	PN8_SID740	1	12151405	163055909	0
RTIGER_SNP50K	Zx.0570	PN8_SID740	1	163218311	171745286	1
RTIGER_SNP50K	Zx.0570	PN8_SID740	1	172011068	174901277	2
RTIGER_SNP50K	Zx.0570	PN8_SID740	1	175123068	175694779	1
RTIGER_SNP50K	Zx.0570	PN8_SID740	1	175702220	177114848	2
RTIGER_SNP50K	Zx.0570	PN8_SID740	1	177387803	248830839	1
RTIGER_SNP50K	Zx.0570	PN8_SID740	1	248909658	249567581	2
RTIGER_SNP50K	Zx.0570	PN8_SID740	1	249574257	259135776	1
RTIGER_SNP50K	Zx.0570	PN8_SID740	1	259319516	308423715	0
RTIGER_SNP50K	Zx.0570	PN8_SID740	2	76737	9808111	1
RTIGER_SNP50K	Zx.0570	PN8_SID740	2	9815406	10612612	2
RTIGER_SNP50K	Zx.0570	PN8_SID740	2	10898557	15558583	1
RTIGER_SNP50K	Zx.0570	PN8_SID740	2	15634837	42351686	0
RTIGER_SNP50K	Zx.0570	PN8_SID740	2	42710054	84392380	1
RTIGER_SNP50K	Zx.0570	PN8_SID740	2	84470516	84607374	2
RTIGER_SNP50K	Zx.0570	PN8_SID740	2	84672505	99028334	1
RTIGER_SNP50K	Zx.0570	PN8_SID740	2	100047251	100454827	2
RTIGER_SNP50K	Zx.0570	PN8_SID740	2	100729077	104942793	1
RTIGER_SNP50K	Zx.0570	PN8_SID740	2	105003778	105318835	2
RTIGER_SNP50K	Zx.0570	PN8_SID740	2	105379554	118260792	1
RTIGER_SNP50K	Zx.0570	PN8_SID740	2	118315826	119350023	2
RTIGER_SNP50K	Zx.0570	PN8_SID740	2	119467104	137207196	1
RTIGER_SNP50K	Zx.0570	PN8_SID740	2	137369948	138122088	2
RTIGER_SNP50K	Zx.0570	PN8_SID740	2	138162762	141916974	1
RTIGER_SNP50K	Zx.0570	PN8_SID740	2	142835252	143031270	2
RTIGER_SNP50K	Zx.0570	PN8_SID740	2	143065591	144004948	1
RTIGER_SNP50K	Zx.0570	PN8_SID740	2	144042836	144320353	2
RTIGER_SNP50K	Zx.0570	PN8_SID740	2	144391465	146887689	1
RTIGER_SNP50K	Zx.0570	PN8_SID740	2	146907471	147142716	2
RTIGER_SNP50K	Zx.0570	PN8_SID740	2	147310425	243555257	0
RTIGER_SNP50K	Zx.0570	PN8_SID740	3	1100874	3753780	0
RTIGER_SNP50K	Zx.0570	PN8_SID740	3	3906800	3906817	2
RTIGER_SNP50K	Zx.0570	PN8_SID740	3	3911804	236941170	0
RTIGER_SNP50K	Zx.0570	PN8_SID740	4	514639	9938336	0
RTIGER_SNP50K	Zx.0570	PN8_SID740	4	9955955	20820550	1
RTIGER_SNP50K	Zx.0570	PN8_SID740	4	21041482	21041610	2
RTIGER_SNP50K	Zx.0570	PN8_SID740	4	21073050	23340502	1
RTIGER_SNP50K	Zx.0570	PN8_SID740	4	24077309	24632592	2
RTIGER_SNP50K	Zx.0570	PN8_SID740	4	24726756	25561863	1
RTIGER_SNP50K	Zx.0570	PN8_SID740	4	25562013	26546713	2
RTIGER_SNP50K	Zx.0570	PN8_SID740	4	26616897	32753451	1
RTIGER_SNP50K	Zx.0570	PN8_SID740	4	32781882	35082238	2
RTIGER_SNP50K	Zx.0570	PN8_SID740	4	35393229	35949081	1
RTIGER_SNP50K	Zx.0570	PN8_SID740	4	36046818	36147657	2
RTIGER_SNP50K	Zx.0570	PN8_SID740	4	36169655	53215861	1
RTIGER_SNP50K	Zx.0570	PN8_SID740	4	53662506	53694543	2
RTIGER_SNP50K	Zx.0570	PN8_SID740	4	53842342	55508751	1
RTIGER_SNP50K	Zx.0570	PN8_SID740	4	55680897	55942652	2
RTIGER_SNP50K	Zx.0570	PN8_SID740	4	56173949	64653974	1
RTIGER_SNP50K	Zx.0570	PN8_SID740	4	64654468	65090481	2
RTIGER_SNP50K	Zx.0570	PN8_SID740	4	65102659	70632012	1
RTIGER_SNP50K	Zx.0570	PN8_SID740	4	70868801	71403595	2
RTIGER_SNP50K	Zx.0570	PN8_SID740	4	71534982	83266765	1
RTIGER_SNP50K	Zx.0570	PN8_SID740	4	83266781	84336634	2
RTIGER_SNP50K	Zx.0570	PN8_SID740	4	84533270	99891383	1
RTIGER_SNP50K	Zx.0570	PN8_SID740	4	99979203	100318979	2
RTIGER_SNP50K	Zx.0570	PN8_SID740	4	100605511	121068894	0
RTIGER_SNP50K	Zx.0570	PN8_SID740	4	121109420	133177299	1
RTIGER_SNP50K	Zx.0570	PN8_SID740	4	133279555	137201676	2
RTIGER_SNP50K	Zx.0570	PN8_SID740	4	137351704	137446141	1
RTIGER_SNP50K	Zx.0570	PN8_SID740	4	137932069	139051462	2
RTIGER_SNP50K	Zx.0570	PN8_SID740	4	139518418	149098619	1
RTIGER_SNP50K	Zx.0570	PN8_SID740	4	149155526	152718367	2
RTIGER_SNP50K	Zx.0570	PN8_SID740	4	153024291	158733877	1
RTIGER_SNP50K	Zx.0570	PN8_SID740	4	159539982	159999833	2
RTIGER_SNP50K	Zx.0570	PN8_SID740	4	160089201	161537832	1
RTIGER_SNP50K	Zx.0570	PN8_SID740	4	161700685	162746826	2
RTIGER_SNP50K	Zx.0570	PN8_SID740	4	163007574	173804796	1
RTIGER_SNP50K	Zx.0570	PN8_SID740	4	173825135	176181579	2
RTIGER_SNP50K	Zx.0570	PN8_SID740	4	176270535	179368026	1
RTIGER_SNP50K	Zx.0570	PN8_SID740	4	179368027	181584033	2
RTIGER_SNP50K	Zx.0570	PN8_SID740	4	182336695	186663594	1
RTIGER_SNP50K	Zx.0570	PN8_SID740	4	186668548	187669850	2
RTIGER_SNP50K	Zx.0570	PN8_SID740	4	187721002	217735535	1
RTIGER_SNP50K	Zx.0570	PN8_SID740	4	218283268	249890511	0
RTIGER_SNP50K	Zx.0570	PN8_SID740	5	322588	226234983	0
RTIGER_SNP50K	Zx.0570	PN8_SID740	6	5677854	181187587	0
RTIGER_SNP50K	Zx.0570	PN8_SID740	7	83761	183980739	0
RTIGER_SNP50K	Zx.0570	PN8_SID740	8	360763	96962011	0
RTIGER_SNP50K	Zx.0570	PN8_SID740	8	96962894	106620636	1
RTIGER_SNP50K	Zx.0570	PN8_SID740	8	106630019	106773773	2
RTIGER_SNP50K	Zx.0570	PN8_SID740	8	106858880	112430639	1
RTIGER_SNP50K	Zx.0570	PN8_SID740	8	112430656	113562376	2
RTIGER_SNP50K	Zx.0570	PN8_SID740	8	113568466	116277565	1
RTIGER_SNP50K	Zx.0570	PN8_SID740	8	116472782	116983243	2
RTIGER_SNP50K	Zx.0570	PN8_SID740	8	116985222	119338578	1
RTIGER_SNP50K	Zx.0570	PN8_SID740	8	119476848	120449727	2
RTIGER_SNP50K	Zx.0570	PN8_SID740	8	120773226	176730737	0
RTIGER_SNP50K	Zx.0570	PN8_SID740	8	176807978	182232061	1
RTIGER_SNP50K	Zx.0570	PN8_SID740	9	2072866	5589666	2
RTIGER_SNP50K	Zx.0570	PN8_SID740	9	5664020	12410341	1
RTIGER_SNP50K	Zx.0570	PN8_SID740	9	12555867	14374565	2
RTIGER_SNP50K	Zx.0570	PN8_SID740	9	14374570	19430971	1
RTIGER_SNP50K	Zx.0570	PN8_SID740	9	20726517	22241476	2
RTIGER_SNP50K	Zx.0570	PN8_SID740	9	22317204	41684466	1
RTIGER_SNP50K	Zx.0570	PN8_SID740	9	41841138	42351570	2
RTIGER_SNP50K	Zx.0570	PN8_SID740	9	42748857	47599819	1
RTIGER_SNP50K	Zx.0570	PN8_SID740	9	48208335	48928108	2
RTIGER_SNP50K	Zx.0570	PN8_SID740	9	49024115	53533759	1
RTIGER_SNP50K	Zx.0570	PN8_SID740	9	53959919	55435169	2
RTIGER_SNP50K	Zx.0570	PN8_SID740	9	56201304	91821403	1
RTIGER_SNP50K	Zx.0570	PN8_SID740	9	91821462	92368140	2
RTIGER_SNP50K	Zx.0570	PN8_SID740	9	92402592	102899241	1
RTIGER_SNP50K	Zx.0570	PN8_SID740	9	102899273	162646074	0
RTIGER_SNP50K	Zx.0570	PN8_SID740	10	94302	23017557	0
RTIGER_SNP50K	Zx.0570	PN8_SID740	10	23517406	32710243	1
RTIGER_SNP50K	Zx.0570	PN8_SID740	10	32783392	55688034	0
RTIGER_SNP50K	Zx.0570	PN8_SID740	10	55892842	61288996	1
RTIGER_SNP50K	Zx.0570	PN8_SID740	10	61354702	71285974	0
RTIGER_SNP50K	Zx.0570	PN8_SID740	10	72001240	97903315	1
RTIGER_SNP50K	Zx.0570	PN8_SID740	10	97964374	98169312	2
RTIGER_SNP50K	Zx.0570	PN8_SID740	10	98436228	130784892	1
RTIGER_SNP50K	Zx.0570	PN8_SID740	10	131039615	152395252	0
RTIGER_SNP50K	Zx.0570	PN8_SID741	1	29860	33036238	0
RTIGER_SNP50K	Zx.0570	PN8_SID741	1	33278064	35393265	1
RTIGER_SNP50K	Zx.0570	PN8_SID741	1	35393532	36355924	2
RTIGER_SNP50K	Zx.0570	PN8_SID741	1	37081732	44740114	1
RTIGER_SNP50K	Zx.0570	PN8_SID741	1	44796280	46148761	2
RTIGER_SNP50K	Zx.0570	PN8_SID741	1	46243441	61798683	1
RTIGER_SNP50K	Zx.0570	PN8_SID741	1	62063892	62694085	2
RTIGER_SNP50K	Zx.0570	PN8_SID741	1	62694824	62905476	1
RTIGER_SNP50K	Zx.0570	PN8_SID741	1	63019608	63693425	2
RTIGER_SNP50K	Zx.0570	PN8_SID741	1	63699184	66369672	1
RTIGER_SNP50K	Zx.0570	PN8_SID741	1	66379606	66867150	2
RTIGER_SNP50K	Zx.0570	PN8_SID741	1	67657524	74341655	1
RTIGER_SNP50K	Zx.0570	PN8_SID741	1	74341664	74736242	2
RTIGER_SNP50K	Zx.0570	PN8_SID741	1	75130380	77753198	1
RTIGER_SNP50K	Zx.0570	PN8_SID741	1	77753216	77941750	2
RTIGER_SNP50K	Zx.0570	PN8_SID741	1	77978871	78295529	1
RTIGER_SNP50K	Zx.0570	PN8_SID741	1	78639388	79468175	2
RTIGER_SNP50K	Zx.0570	PN8_SID741	1	79484721	88756676	1
RTIGER_SNP50K	Zx.0570	PN8_SID741	1	88781848	89601629	2
RTIGER_SNP50K	Zx.0570	PN8_SID741	1	89601894	90086054	1
RTIGER_SNP50K	Zx.0570	PN8_SID741	1	90140090	92726677	2
RTIGER_SNP50K	Zx.0570	PN8_SID741	1	92789510	98205908	1
RTIGER_SNP50K	Zx.0570	PN8_SID741	1	98537936	308427802	0
RTIGER_SNP50K	Zx.0570	PN8_SID741	2	71603	2536183	0
RTIGER_SNP50K	Zx.0570	PN8_SID741	2	2543586	3332811	2
RTIGER_SNP50K	Zx.0570	PN8_SID741	2	3453267	12617547	1
RTIGER_SNP50K	Zx.0570	PN8_SID741	2	12698430	12860962	2
RTIGER_SNP50K	Zx.0570	PN8_SID741	2	12953967	26132630	1
RTIGER_SNP50K	Zx.0570	PN8_SID741	2	26265599	26475879	2
RTIGER_SNP50K	Zx.0570	PN8_SID741	2	26475886	33161374	1
RTIGER_SNP50K	Zx.0570	PN8_SID741	2	33526667	52161968	0
RTIGER_SNP50K	Zx.0570	PN8_SID741	2	52442160	79888739	1
RTIGER_SNP50K	Zx.0570	PN8_SID741	2	80057925	80864403	2
RTIGER_SNP50K	Zx.0570	PN8_SID741	2	80864405	99803230	1
RTIGER_SNP50K	Zx.0570	PN8_SID741	2	99881833	100465034	2
RTIGER_SNP50K	Zx.0570	PN8_SID741	2	100664907	107087555	1
RTIGER_SNP50K	Zx.0570	PN8_SID741	2	107087573	107319897	2
RTIGER_SNP50K	Zx.0570	PN8_SID741	2	107406472	109421275	1
RTIGER_SNP50K	Zx.0570	PN8_SID741	2	109426604	109960753	2
RTIGER_SNP50K	Zx.0570	PN8_SID741	2	109977095	115945315	1
RTIGER_SNP50K	Zx.0570	PN8_SID741	2	115947872	116435589	2
RTIGER_SNP50K	Zx.0570	PN8_SID741	2	116506217	119013799	1
RTIGER_SNP50K	Zx.0570	PN8_SID741	2	119077630	120858159	2
RTIGER_SNP50K	Zx.0570	PN8_SID741	2	121032490	125903708	1
RTIGER_SNP50K	Zx.0570	PN8_SID741	2	125927093	126006083	2
RTIGER_SNP50K	Zx.0570	PN8_SID741	2	126116938	128777206	1
RTIGER_SNP50K	Zx.0570	PN8_SID741	2	128845026	129027534	2
RTIGER_SNP50K	Zx.0570	PN8_SID741	2	129033982	131312024	1
RTIGER_SNP50K	Zx.0570	PN8_SID741	2	131623593	131761156	2
RTIGER_SNP50K	Zx.0570	PN8_SID741	2	131773467	141916974	1
RTIGER_SNP50K	Zx.0570	PN8_SID741	2	142063338	143031270	2
RTIGER_SNP50K	Zx.0570	PN8_SID741	2	143038382	143871994	1
RTIGER_SNP50K	Zx.0570	PN8_SID741	2	143985556	144320574	2
RTIGER_SNP50K	Zx.0570	PN8_SID741	2	144428627	145331525	1
RTIGER_SNP50K	Zx.0570	PN8_SID741	2	145470298	146044239	2
RTIGER_SNP50K	Zx.0570	PN8_SID741	2	146124659	155047145	1
RTIGER_SNP50K	Zx.0570	PN8_SID741	2	155142106	156554558	2
RTIGER_SNP50K	Zx.0570	PN8_SID741	2	156653505	157999768	1
RTIGER_SNP50K	Zx.0570	PN8_SID741	2	157999770	158177213	2
RTIGER_SNP50K	Zx.0570	PN8_SID741	2	158366015	159337119	1
RTIGER_SNP50K	Zx.0570	PN8_SID741	2	159372497	159993421	2
RTIGER_SNP50K	Zx.0570	PN8_SID741	2	160010792	164596855	1
RTIGER_SNP50K	Zx.0570	PN8_SID741	2	165073218	165346858	2
RTIGER_SNP50K	Zx.0570	PN8_SID741	2	165346902	182432762	1
RTIGER_SNP50K	Zx.0570	PN8_SID741	2	182480740	182507054	2
RTIGER_SNP50K	Zx.0570	PN8_SID741	2	182655793	194048181	1
RTIGER_SNP50K	Zx.0570	PN8_SID741	2	194600728	194856104	2
RTIGER_SNP50K	Zx.0570	PN8_SID741	2	195069997	202489151	1
RTIGER_SNP50K	Zx.0570	PN8_SID741	2	202578452	203189527	2
RTIGER_SNP50K	Zx.0570	PN8_SID741	2	203517391	205094995	1
RTIGER_SNP50K	Zx.0570	PN8_SID741	2	205096171	205445868	2
RTIGER_SNP50K	Zx.0570	PN8_SID741	2	205559243	208962658	1
RTIGER_SNP50K	Zx.0570	PN8_SID741	2	209182202	209618898	2
RTIGER_SNP50K	Zx.0570	PN8_SID741	2	209814414	216659009	1
RTIGER_SNP50K	Zx.0570	PN8_SID741	2	216719620	216867307	2
RTIGER_SNP50K	Zx.0570	PN8_SID741	2	216935513	222360388	1
RTIGER_SNP50K	Zx.0570	PN8_SID741	2	222443197	223329118	2
RTIGER_SNP50K	Zx.0570	PN8_SID741	2	223422325	226202062	1
RTIGER_SNP50K	Zx.0570	PN8_SID741	2	226257664	226548218	2
RTIGER_SNP50K	Zx.0570	PN8_SID741	2	226709537	226975792	1
RTIGER_SNP50K	Zx.0570	PN8_SID741	2	226976052	226976079	2
RTIGER_SNP50K	Zx.0570	PN8_SID741	2	227087192	229827899	1
RTIGER_SNP50K	Zx.0570	PN8_SID741	2	229920775	230866431	2
RTIGER_SNP50K	Zx.0570	PN8_SID741	2	230868440	243390203	1
RTIGER_SNP50K	Zx.0570	PN8_SID741	3	356143	2808734	1
RTIGER_SNP50K	Zx.0570	PN8_SID741	3	2843604	3359600	2
RTIGER_SNP50K	Zx.0570	PN8_SID741	3	3504150	3891332	1
RTIGER_SNP50K	Zx.0570	PN8_SID741	3	3906800	3912934	2
RTIGER_SNP50K	Zx.0570	PN8_SID741	3	3914102	4265882	1
RTIGER_SNP50K	Zx.0570	PN8_SID741	3	4424190	231888336	0
RTIGER_SNP50K	Zx.0570	PN8_SID741	3	232040317	232775606	2
RTIGER_SNP50K	Zx.0570	PN8_SID741	3	233001758	234161723	1
RTIGER_SNP50K	Zx.0570	PN8_SID741	3	234265970	234505237	2
RTIGER_SNP50K	Zx.0570	PN8_SID741	3	234530423	236939523	1
RTIGER_SNP50K	Zx.0570	PN8_SID741	4	425542	206817344	0
RTIGER_SNP50K	Zx.0570	PN8_SID741	4	207292655	207679352	2
RTIGER_SNP50K	Zx.0570	PN8_SID741	4	207715801	214441625	1
RTIGER_SNP50K	Zx.0570	PN8_SID741	4	214946174	214947548	2
RTIGER_SNP50K	Zx.0570	PN8_SID741	4	215104435	217735535	1
RTIGER_SNP50K	Zx.0570	PN8_SID741	4	218283268	249848884	0
RTIGER_SNP50K	Zx.0570	PN8_SID741	5	336374	223140817	0
RTIGER_SNP50K	Zx.0570	PN8_SID741	5	223416510	226240113	1
RTIGER_SNP50K	Zx.0570	PN8_SID741	6	5679415	172204416	0
RTIGER_SNP50K	Zx.0570	PN8_SID741	6	172512425	175314921	1
RTIGER_SNP50K	Zx.0570	PN8_SID741	6	175420364	176689269	2
RTIGER_SNP50K	Zx.0570	PN8_SID741	6	176735897	177421574	1
RTIGER_SNP50K	Zx.0570	PN8_SID741	6	177428222	177713117	2
RTIGER_SNP50K	Zx.0570	PN8_SID741	6	177806203	181187587	0
RTIGER_SNP50K	Zx.0570	PN8_SID741	7	343733	4519279	1
RTIGER_SNP50K	Zx.0570	PN8_SID741	7	4717790	4718683	2
RTIGER_SNP50K	Zx.0570	PN8_SID741	7	5119531	10856267	1
RTIGER_SNP50K	Zx.0570	PN8_SID741	7	10856315	183980739	0
RTIGER_SNP50K	Zx.0570	PN8_SID741	8	360763	76570227	0
RTIGER_SNP50K	Zx.0570	PN8_SID741	8	77136076	79488364	2
RTIGER_SNP50K	Zx.0570	PN8_SID741	8	79530539	90446579	1
RTIGER_SNP50K	Zx.0570	PN8_SID741	8	90915519	90930507	2
RTIGER_SNP50K	Zx.0570	PN8_SID741	8	90989135	124747393	1
RTIGER_SNP50K	Zx.0570	PN8_SID741	8	125051006	182085992	0
RTIGER_SNP50K	Zx.0570	PN8_SID741	9	2249036	5028023	2
RTIGER_SNP50K	Zx.0570	PN8_SID741	9	5143365	10860797	1
RTIGER_SNP50K	Zx.0570	PN8_SID741	9	10979544	11187016	2
RTIGER_SNP50K	Zx.0570	PN8_SID741	9	11552038	19430971	1
RTIGER_SNP50K	Zx.0570	PN8_SID741	9	20728571	21795403	2
RTIGER_SNP50K	Zx.0570	PN8_SID741	9	22064440	24969522	1
RTIGER_SNP50K	Zx.0570	PN8_SID741	9	25232635	25864844	2
RTIGER_SNP50K	Zx.0570	PN8_SID741	9	27056525	54336889	1
RTIGER_SNP50K	Zx.0570	PN8_SID741	9	54878526	55435169	2
RTIGER_SNP50K	Zx.0570	PN8_SID741	9	55457493	72207635	1
RTIGER_SNP50K	Zx.0570	PN8_SID741	9	72309415	72983218	2
RTIGER_SNP50K	Zx.0570	PN8_SID741	9	73010531	96169128	1
RTIGER_SNP50K	Zx.0570	PN8_SID741	9	96314965	162808411	0
RTIGER_SNP50K	Zx.0570	PN8_SID741	10	189654	18992297	0
RTIGER_SNP50K	Zx.0570	PN8_SID741	10	19823739	20174531	2
RTIGER_SNP50K	Zx.0570	PN8_SID741	10	20347083	21802020	1
RTIGER_SNP50K	Zx.0570	PN8_SID741	10	22005755	22462796	2
RTIGER_SNP50K	Zx.0570	PN8_SID741	10	22598763	22940867	1
RTIGER_SNP50K	Zx.0570	PN8_SID741	10	22990991	24019855	2
RTIGER_SNP50K	Zx.0570	PN8_SID741	10	24295306	31500971	1
RTIGER_SNP50K	Zx.0570	PN8_SID741	10	31552654	35029190	2
RTIGER_SNP50K	Zx.0570	PN8_SID741	10	35077174	41344372	1
RTIGER_SNP50K	Zx.0570	PN8_SID741	10	41359615	41953813	2
RTIGER_SNP50K	Zx.0570	PN8_SID741	10	42409751	54828543	1
RTIGER_SNP50K	Zx.0570	PN8_SID741	10	54879939	55236115	2
RTIGER_SNP50K	Zx.0570	PN8_SID741	10	55267287	56480381	1
RTIGER_SNP50K	Zx.0570	PN8_SID741	10	56530645	57013421	2
RTIGER_SNP50K	Zx.0570	PN8_SID741	10	57056019	59204845	1
RTIGER_SNP50K	Zx.0570	PN8_SID741	10	59211566	59974501	2
RTIGER_SNP50K	Zx.0570	PN8_SID741	10	60270161	60715274	1
RTIGER_SNP50K	Zx.0570	PN8_SID741	10	60773823	61528997	2
RTIGER_SNP50K	Zx.0570	PN8_SID741	10	61672778	71251598	1
RTIGER_SNP50K	Zx.0570	PN8_SID741	10	71303008	73741061	2
RTIGER_SNP50K	Zx.0570	PN8_SID741	10	73788979	78045801	1
RTIGER_SNP50K	Zx.0570	PN8_SID741	10	78121645	78388281	2
RTIGER_SNP50K	Zx.0570	PN8_SID741	10	78814123	92994188	1
RTIGER_SNP50K	Zx.0570	PN8_SID741	10	93208132	93360328	2
RTIGER_SNP50K	Zx.0570	PN8_SID741	10	93429579	97790379	1
RTIGER_SNP50K	Zx.0570	PN8_SID741	10	97903309	98436228	2
RTIGER_SNP50K	Zx.0570	PN8_SID741	10	98495020	98685821	1
RTIGER_SNP50K	Zx.0570	PN8_SID741	10	98924064	100474297	2
RTIGER_SNP50K	Zx.0570	PN8_SID741	10	100812875	103551340	1
RTIGER_SNP50K	Zx.0570	PN8_SID741	10	103718147	105652606	2
RTIGER_SNP50K	Zx.0570	PN8_SID741	10	105653458	106552245	1
RTIGER_SNP50K	Zx.0570	PN8_SID741	10	106563053	106999901	2
RTIGER_SNP50K	Zx.0570	PN8_SID741	10	107389698	119434061	1
RTIGER_SNP50K	Zx.0570	PN8_SID741	10	119438672	119674081	2
RTIGER_SNP50K	Zx.0570	PN8_SID741	10	119793828	124516107	1
RTIGER_SNP50K	Zx.0570	PN8_SID741	10	124637371	126381654	2
RTIGER_SNP50K	Zx.0570	PN8_SID741	10	126609745	135111332	1
RTIGER_SNP50K	Zx.0570	PN8_SID741	10	135137688	142906360	0
RTIGER_SNP50K	Zx.0570	PN8_SID741	10	143020827	145245342	1
RTIGER_SNP50K	Zx.0570	PN8_SID741	10	145407768	152276050	0
RTIGER_SNP50K	Zx.0570	PN8_SID742	1	29860	7646933	1
RTIGER_SNP50K	Zx.0570	PN8_SID742	1	7661590	8635429	2
RTIGER_SNP50K	Zx.0570	PN8_SID742	1	8635436	22212775	1
RTIGER_SNP50K	Zx.0570	PN8_SID742	1	22440213	22499244	2
RTIGER_SNP50K	Zx.0570	PN8_SID742	1	22799625	86098874	1
RTIGER_SNP50K	Zx.0570	PN8_SID742	1	86099037	86214891	2
RTIGER_SNP50K	Zx.0570	PN8_SID742	1	87059482	308330525	0
RTIGER_SNP50K	Zx.0570	PN8_SID742	2	76737	226713813	0
RTIGER_SNP50K	Zx.0570	PN8_SID742	2	226857407	226976079	2
RTIGER_SNP50K	Zx.0570	PN8_SID742	2	227087259	231859549	1
RTIGER_SNP50K	Zx.0570	PN8_SID742	2	232054447	232127684	2
RTIGER_SNP50K	Zx.0570	PN8_SID742	2	232633572	235660561	1
RTIGER_SNP50K	Zx.0570	PN8_SID742	2	235661834	237236942	2
RTIGER_SNP50K	Zx.0570	PN8_SID742	2	237317465	243347370	1
RTIGER_SNP50K	Zx.0570	PN8_SID742	3	810940	7141158	0
RTIGER_SNP50K	Zx.0570	PN8_SID742	3	7255277	7529627	2
RTIGER_SNP50K	Zx.0570	PN8_SID742	3	7531432	10472356	1
RTIGER_SNP50K	Zx.0570	PN8_SID742	3	10940118	236963193	0
RTIGER_SNP50K	Zx.0570	PN8_SID742	4	1034564	3547511	0
RTIGER_SNP50K	Zx.0570	PN8_SID742	4	3633905	6007637	1
RTIGER_SNP50K	Zx.0570	PN8_SID742	4	6213547	249925783	0
RTIGER_SNP50K	Zx.0570	PN8_SID742	5	400394	6831030	0
RTIGER_SNP50K	Zx.0570	PN8_SID742	5	6892760	21128909	1
RTIGER_SNP50K	Zx.0570	PN8_SID742	5	21734965	21735026	2
RTIGER_SNP50K	Zx.0570	PN8_SID742	5	21841153	25227274	1
RTIGER_SNP50K	Zx.0570	PN8_SID742	5	25354731	26980457	2
RTIGER_SNP50K	Zx.0570	PN8_SID742	5	27391060	27850519	1
RTIGER_SNP50K	Zx.0570	PN8_SID742	5	28125284	28208401	2
RTIGER_SNP50K	Zx.0570	PN8_SID742	5	28504324	33058540	1
RTIGER_SNP50K	Zx.0570	PN8_SID742	5	33058583	33240301	2
RTIGER_SNP50K	Zx.0570	PN8_SID742	5	33465369	34495001	1
RTIGER_SNP50K	Zx.0570	PN8_SID742	5	34495015	34903702	2
RTIGER_SNP50K	Zx.0570	PN8_SID742	5	34907605	36969197	1
RTIGER_SNP50K	Zx.0570	PN8_SID742	5	37025310	38491759	2
RTIGER_SNP50K	Zx.0570	PN8_SID742	5	38491761	41602361	1
RTIGER_SNP50K	Zx.0570	PN8_SID742	5	41901200	42307094	2
RTIGER_SNP50K	Zx.0570	PN8_SID742	5	42387333	42388026	1
RTIGER_SNP50K	Zx.0570	PN8_SID742	5	42565374	43260563	2
RTIGER_SNP50K	Zx.0570	PN8_SID742	5	43289370	57903800	1
RTIGER_SNP50K	Zx.0570	PN8_SID742	5	58053908	58317554	2
RTIGER_SNP50K	Zx.0570	PN8_SID742	5	58601108	64102598	1
RTIGER_SNP50K	Zx.0570	PN8_SID742	5	64443473	65158505	2
RTIGER_SNP50K	Zx.0570	PN8_SID742	5	65161757	66496931	1
RTIGER_SNP50K	Zx.0570	PN8_SID742	5	66702725	67069812	2
RTIGER_SNP50K	Zx.0570	PN8_SID742	5	68051978	69368321	1
RTIGER_SNP50K	Zx.0570	PN8_SID742	5	70369541	74930234	2
RTIGER_SNP50K	Zx.0570	PN8_SID742	5	75143009	84842243	1
RTIGER_SNP50K	Zx.0570	PN8_SID742	5	85090932	86041487	2
RTIGER_SNP50K	Zx.0570	PN8_SID742	5	86160202	94147331	0
RTIGER_SNP50K	Zx.0570	PN8_SID742	5	94499274	121524163	1
RTIGER_SNP50K	Zx.0570	PN8_SID742	5	121524954	121743988	2
RTIGER_SNP50K	Zx.0570	PN8_SID742	5	121772535	130568544	1
RTIGER_SNP50K	Zx.0570	PN8_SID742	5	130606208	130606373	2
RTIGER_SNP50K	Zx.0570	PN8_SID742	5	130619452	139633817	1
RTIGER_SNP50K	Zx.0570	PN8_SID742	5	139687224	139736370	2
RTIGER_SNP50K	Zx.0570	PN8_SID742	5	139778299	158908663	1
RTIGER_SNP50K	Zx.0570	PN8_SID742	5	159065339	162986700	2
RTIGER_SNP50K	Zx.0570	PN8_SID742	5	163325435	171556220	1
RTIGER_SNP50K	Zx.0570	PN8_SID742	5	171757187	226167943	0
RTIGER_SNP50K	Zx.0570	PN8_SID742	6	5677854	125414319	0
RTIGER_SNP50K	Zx.0570	PN8_SID742	6	125919735	149868621	1
RTIGER_SNP50K	Zx.0570	PN8_SID742	6	150204872	150625058	2
RTIGER_SNP50K	Zx.0570	PN8_SID742	6	150715702	160842458	1
RTIGER_SNP50K	Zx.0570	PN8_SID742	6	160992791	181186018	0
RTIGER_SNP50K	Zx.0570	PN8_SID742	7	387430	125402566	0
RTIGER_SNP50K	Zx.0570	PN8_SID742	7	125770809	140639237	1
RTIGER_SNP50K	Zx.0570	PN8_SID742	7	140804135	140804166	2
RTIGER_SNP50K	Zx.0570	PN8_SID742	7	140941140	143191142	1
RTIGER_SNP50K	Zx.0570	PN8_SID742	7	143193638	183979058	0
RTIGER_SNP50K	Zx.0570	PN8_SID742	8	328238	182127528	0
RTIGER_SNP50K	Zx.0570	PN8_SID742	9	1566009	162808411	0
RTIGER_SNP50K	Zx.0570	PN8_SID742	10	183757	148565480	0
RTIGER_SNP50K	Zx.0570	PN8_SID742	10	148569983	148570000	2
RTIGER_SNP50K	Zx.0570	PN8_SID742	10	148699884	152269051	1
RTIGER_SNP50K	Zx.0570	PN8_SID743	1	29860	14474635	1
RTIGER_SNP50K	Zx.0570	PN8_SID743	1	14549386	29232609	0
RTIGER_SNP50K	Zx.0570	PN8_SID743	1	29242432	35393265	1
RTIGER_SNP50K	Zx.0570	PN8_SID743	1	35393532	35394016	2
RTIGER_SNP50K	Zx.0570	PN8_SID743	1	35394050	37393301	1
RTIGER_SNP50K	Zx.0570	PN8_SID743	1	37653940	37971813	2
RTIGER_SNP50K	Zx.0570	PN8_SID743	1	38024713	47791238	1
RTIGER_SNP50K	Zx.0570	PN8_SID743	1	48038301	48349667	2
RTIGER_SNP50K	Zx.0570	PN8_SID743	1	48349733	49240499	1
RTIGER_SNP50K	Zx.0570	PN8_SID743	1	49446645	50151935	2
RTIGER_SNP50K	Zx.0570	PN8_SID743	1	50153984	53210787	1
RTIGER_SNP50K	Zx.0570	PN8_SID743	1	53236171	53697178	2
RTIGER_SNP50K	Zx.0570	PN8_SID743	1	54200301	63736600	1
RTIGER_SNP50K	Zx.0570	PN8_SID743	1	63776099	308423715	0
RTIGER_SNP50K	Zx.0570	PN8_SID743	2	71603	217189163	0
RTIGER_SNP50K	Zx.0570	PN8_SID743	2	217447128	220945172	2
RTIGER_SNP50K	Zx.0570	PN8_SID743	2	221350443	227491282	1
RTIGER_SNP50K	Zx.0570	PN8_SID743	2	227787088	228836161	2
RTIGER_SNP50K	Zx.0570	PN8_SID743	2	228896727	229827899	1
RTIGER_SNP50K	Zx.0570	PN8_SID743	2	229920775	230607453	2
RTIGER_SNP50K	Zx.0570	PN8_SID743	2	230693060	243522318	1
RTIGER_SNP50K	Zx.0570	PN8_SID743	3	147823	6052789	0
RTIGER_SNP50K	Zx.0570	PN8_SID743	3	6059284	72172049	1
RTIGER_SNP50K	Zx.0570	PN8_SID743	3	72353507	73855598	2
RTIGER_SNP50K	Zx.0570	PN8_SID743	3	73862916	122427466	1
RTIGER_SNP50K	Zx.0570	PN8_SID743	3	122583048	122583056	2
RTIGER_SNP50K	Zx.0570	PN8_SID743	3	122722932	189908720	1
RTIGER_SNP50K	Zx.0570	PN8_SID743	3	189920662	190793097	2
RTIGER_SNP50K	Zx.0570	PN8_SID743	3	190834619	194398885	1
RTIGER_SNP50K	Zx.0570	PN8_SID743	3	194710381	195049678	2
RTIGER_SNP50K	Zx.0570	PN8_SID743	3	195058217	209592896	1
RTIGER_SNP50K	Zx.0570	PN8_SID743	3	209592951	209818781	2
RTIGER_SNP50K	Zx.0570	PN8_SID743	3	209918429	220939454	1
RTIGER_SNP50K	Zx.0570	PN8_SID743	3	220998645	236821697	0
RTIGER_SNP50K	Zx.0570	PN8_SID743	4	425542	14236687	0
RTIGER_SNP50K	Zx.0570	PN8_SID743	4	14280504	20820550	1
RTIGER_SNP50K	Zx.0570	PN8_SID743	4	21041482	21041610	2
RTIGER_SNP50K	Zx.0570	PN8_SID743	4	21301087	34763016	1
RTIGER_SNP50K	Zx.0570	PN8_SID743	4	34768980	35191157	2
RTIGER_SNP50K	Zx.0570	PN8_SID743	4	35556280	52609911	1
RTIGER_SNP50K	Zx.0570	PN8_SID743	4	52995696	148152660	0
RTIGER_SNP50K	Zx.0570	PN8_SID743	4	148460294	148460321	2
RTIGER_SNP50K	Zx.0570	PN8_SID743	4	148778310	170734166	0
RTIGER_SNP50K	Zx.0570	PN8_SID743	4	170773516	176947859	1
RTIGER_SNP50K	Zx.0570	PN8_SID743	4	177171186	178251160	2
RTIGER_SNP50K	Zx.0570	PN8_SID743	4	178293438	183681611	1
RTIGER_SNP50K	Zx.0570	PN8_SID743	4	183935416	184759222	2
RTIGER_SNP50K	Zx.0570	PN8_SID743	4	185020240	186186668	1
RTIGER_SNP50K	Zx.0570	PN8_SID743	4	186982445	187517693	2
RTIGER_SNP50K	Zx.0570	PN8_SID743	4	187669850	192316632	1
RTIGER_SNP50K	Zx.0570	PN8_SID743	4	192359509	192870890	2
RTIGER_SNP50K	Zx.0570	PN8_SID743	4	192883588	195433888	1
RTIGER_SNP50K	Zx.0570	PN8_SID743	4	195437498	195476766	2
RTIGER_SNP50K	Zx.0570	PN8_SID743	4	195795659	249848884	0
RTIGER_SNP50K	Zx.0570	PN8_SID743	5	336374	10418007	1
RTIGER_SNP50K	Zx.0570	PN8_SID743	5	10442565	226234983	0
RTIGER_SNP50K	Zx.0570	PN8_SID743	6	5514944	122896842	0
RTIGER_SNP50K	Zx.0570	PN8_SID743	6	123611395	134125243	1
RTIGER_SNP50K	Zx.0570	PN8_SID743	6	134281216	180772064	0
RTIGER_SNP50K	Zx.0570	PN8_SID743	7	271597	183948078	0
RTIGER_SNP50K	Zx.0570	PN8_SID743	8	328238	177123337	0
RTIGER_SNP50K	Zx.0570	PN8_SID743	8	177206259	182232061	1
RTIGER_SNP50K	Zx.0570	PN8_SID743	9	1567509	162808411	0
RTIGER_SNP50K	Zx.0570	PN8_SID743	10	94503	127841026	0
RTIGER_SNP50K	Zx.0570	PN8_SID743	10	127870397	127918149	2
RTIGER_SNP50K	Zx.0570	PN8_SID743	10	127928918	145011389	1
RTIGER_SNP50K	Zx.0570	PN8_SID743	10	145025855	152340819	0
RTIGER_SNP50K	Zx.0570	PN8_SID744	1	29860	308295570	0
RTIGER_SNP50K	Zx.0570	PN8_SID744	2	75371	243662959	0
RTIGER_SNP50K	Zx.0570	PN8_SID744	3	147823	21731432	0
RTIGER_SNP50K	Zx.0570	PN8_SID744	3	21835121	21910850	2
RTIGER_SNP50K	Zx.0570	PN8_SID744	3	22006597	87269304	1
RTIGER_SNP50K	Zx.0570	PN8_SID744	3	87771219	101381562	0
RTIGER_SNP50K	Zx.0570	PN8_SID744	3	101504326	101977680	2
RTIGER_SNP50K	Zx.0570	PN8_SID744	3	102061418	110478845	1
RTIGER_SNP50K	Zx.0570	PN8_SID744	3	110497843	110652230	2
RTIGER_SNP50K	Zx.0570	PN8_SID744	3	110718362	121788678	1
RTIGER_SNP50K	Zx.0570	PN8_SID744	3	122058359	122583056	2
RTIGER_SNP50K	Zx.0570	PN8_SID744	3	122588254	188012643	1
RTIGER_SNP50K	Zx.0570	PN8_SID744	3	188431611	189923301	2
RTIGER_SNP50K	Zx.0570	PN8_SID744	3	190100979	191403116	1
RTIGER_SNP50K	Zx.0570	PN8_SID744	3	191471987	191812263	2
RTIGER_SNP50K	Zx.0570	PN8_SID744	3	192383698	199736956	1
RTIGER_SNP50K	Zx.0570	PN8_SID744	3	199752010	200184880	2
RTIGER_SNP50K	Zx.0570	PN8_SID744	3	200220451	201522209	1
RTIGER_SNP50K	Zx.0570	PN8_SID744	3	201524762	202607087	2
RTIGER_SNP50K	Zx.0570	PN8_SID744	3	202690106	236939523	0
RTIGER_SNP50K	Zx.0570	PN8_SID744	4	638586	2077606	1
RTIGER_SNP50K	Zx.0570	PN8_SID744	4	2784233	189069132	0
RTIGER_SNP50K	Zx.0570	PN8_SID744	4	189101672	189101692	2
RTIGER_SNP50K	Zx.0570	PN8_SID744	4	189363947	249801221	0
RTIGER_SNP50K	Zx.0570	PN8_SID744	5	484796	2207741	1
RTIGER_SNP50K	Zx.0570	PN8_SID744	5	2209456	226227487	0
RTIGER_SNP50K	Zx.0570	PN8_SID744	6	5514944	101884044	0
RTIGER_SNP50K	Zx.0570	PN8_SID744	6	102262675	164112337	1
RTIGER_SNP50K	Zx.0570	PN8_SID744	6	164114725	181203668	0
RTIGER_SNP50K	Zx.0570	PN8_SID744	7	387430	183265182	0
RTIGER_SNP50K	Zx.0570	PN8_SID744	7	183265190	183948078	1
RTIGER_SNP50K	Zx.0570	PN8_SID744	8	328238	182085992	0
RTIGER_SNP50K	Zx.0570	PN8_SID744	9	1749539	162551073	0
RTIGER_SNP50K	Zx.0570	PN8_SID744	10	189114	152395252	0
RTIGER_SNP50K	Zx.0570	PN8_SID745	1	29860	4209297	1
RTIGER_SNP50K	Zx.0570	PN8_SID745	1	4240368	308427802	0
RTIGER_SNP50K	Zx.0570	PN8_SID745	2	75371	243662959	0
RTIGER_SNP50K	Zx.0570	PN8_SID745	3	356143	14830393	0
RTIGER_SNP50K	Zx.0570	PN8_SID745	3	15000083	21730793	1
RTIGER_SNP50K	Zx.0570	PN8_SID745	3	21835121	21980437	2
RTIGER_SNP50K	Zx.0570	PN8_SID745	3	22006597	39778697	1
RTIGER_SNP50K	Zx.0570	PN8_SID745	3	40020471	41101849	2
RTIGER_SNP50K	Zx.0570	PN8_SID745	3	41109871	66448945	1
RTIGER_SNP50K	Zx.0570	PN8_SID745	3	66562143	66781110	2
RTIGER_SNP50K	Zx.0570	PN8_SID745	3	66921560	85181285	1
RTIGER_SNP50K	Zx.0570	PN8_SID745	3	85442101	87371938	2
RTIGER_SNP50K	Zx.0570	PN8_SID745	3	87796058	94515314	0
RTIGER_SNP50K	Zx.0570	PN8_SID745	3	94724521	94797499	2
RTIGER_SNP50K	Zx.0570	PN8_SID745	3	95185690	101355581	1
RTIGER_SNP50K	Zx.0570	PN8_SID745	3	101497354	101717655	2
RTIGER_SNP50K	Zx.0570	PN8_SID745	3	101797435	102061418	1
RTIGER_SNP50K	Zx.0570	PN8_SID745	3	102109569	102561613	2
RTIGER_SNP50K	Zx.0570	PN8_SID745	3	102611995	103242878	1
RTIGER_SNP50K	Zx.0570	PN8_SID745	3	103244345	103263764	2
RTIGER_SNP50K	Zx.0570	PN8_SID745	3	103370524	105954513	1
RTIGER_SNP50K	Zx.0570	PN8_SID745	3	106140343	106241229	2
RTIGER_SNP50K	Zx.0570	PN8_SID745	3	106867701	109548907	1
RTIGER_SNP50K	Zx.0570	PN8_SID745	3	109558140	110386418	2
RTIGER_SNP50K	Zx.0570	PN8_SID745	3	110478830	111786798	1
RTIGER_SNP50K	Zx.0570	PN8_SID745	3	111845117	112602843	2
RTIGER_SNP50K	Zx.0570	PN8_SID745	3	112612596	113273486	1
RTIGER_SNP50K	Zx.0570	PN8_SID745	3	113279937	113459935	2
RTIGER_SNP50K	Zx.0570	PN8_SID745	3	113647959	126880321	1
RTIGER_SNP50K	Zx.0570	PN8_SID745	3	126947789	127210528	2
RTIGER_SNP50K	Zx.0570	PN8_SID745	3	127210645	133900839	1
RTIGER_SNP50K	Zx.0570	PN8_SID745	3	134447299	134904049	2
RTIGER_SNP50K	Zx.0570	PN8_SID745	3	134947469	135684109	1
RTIGER_SNP50K	Zx.0570	PN8_SID745	3	135685409	136709626	2
RTIGER_SNP50K	Zx.0570	PN8_SID745	3	136739391	137144653	1
RTIGER_SNP50K	Zx.0570	PN8_SID745	3	137195143	137672088	2
RTIGER_SNP50K	Zx.0570	PN8_SID745	3	137726665	138700866	1
RTIGER_SNP50K	Zx.0570	PN8_SID745	3	138751820	139727633	2
RTIGER_SNP50K	Zx.0570	PN8_SID745	3	140024438	159112370	1
RTIGER_SNP50K	Zx.0570	PN8_SID745	3	159313721	236941170	0
RTIGER_SNP50K	Zx.0570	PN8_SID745	4	638586	2077580	1
RTIGER_SNP50K	Zx.0570	PN8_SID745	4	2150538	249721018	0
RTIGER_SNP50K	Zx.0570	PN8_SID745	5	322588	226240113	0
RTIGER_SNP50K	Zx.0570	PN8_SID745	6	5679415	181203668	0
RTIGER_SNP50K	Zx.0570	PN8_SID745	7	84081	183979047	0
RTIGER_SNP50K	Zx.0570	PN8_SID745	8	328238	181998029	0
RTIGER_SNP50K	Zx.0570	PN8_SID745	9	1566009	162809802	0
RTIGER_SNP50K	Zx.0570	PN8_SID745	10	94302	152395252	0
RTIGER_SNP50K	Zx.0570	PN8_SID746	1	287040	308330525	0
RTIGER_SNP50K	Zx.0570	PN8_SID746	2	75383	243522318	0
RTIGER_SNP50K	Zx.0570	PN8_SID746	3	356143	5730041	0
RTIGER_SNP50K	Zx.0570	PN8_SID746	3	6119406	6382281	2
RTIGER_SNP50K	Zx.0570	PN8_SID746	3	6470769	17930371	1
RTIGER_SNP50K	Zx.0570	PN8_SID746	3	18626323	236963193	0
RTIGER_SNP50K	Zx.0570	PN8_SID746	4	988744	248343619	0
RTIGER_SNP50K	Zx.0570	PN8_SID746	4	248715817	248832748	2
RTIGER_SNP50K	Zx.0570	PN8_SID746	4	249168130	249570918	1
RTIGER_SNP50K	Zx.0570	PN8_SID746	5	691132	226240113	0
RTIGER_SNP50K	Zx.0570	PN8_SID746	6	5260376	181203668	0
RTIGER_SNP50K	Zx.0570	PN8_SID746	7	84081	183980739	0
RTIGER_SNP50K	Zx.0570	PN8_SID746	8	295839	182172937	0
RTIGER_SNP50K	Zx.0570	PN8_SID746	9	1958179	158599248	0
RTIGER_SNP50K	Zx.0570	PN8_SID746	9	158654356	162808411	1
RTIGER_SNP50K	Zx.0570	PN8_SID746	10	202385	152305623	0
RTIGER_SNP50K	Zx.0570	PN8_SID747	1	29860	5491441	1
RTIGER_SNP50K	Zx.0570	PN8_SID747	1	5904582	226728114	0
RTIGER_SNP50K	Zx.0570	PN8_SID747	1	227766093	227766098	2
RTIGER_SNP50K	Zx.0570	PN8_SID747	1	227777521	308330525	0
RTIGER_SNP50K	Zx.0570	PN8_SID747	2	350690	243479746	0
RTIGER_SNP50K	Zx.0570	PN8_SID747	3	147823	181327572	0
RTIGER_SNP50K	Zx.0570	PN8_SID747	3	181842676	185085923	1
RTIGER_SNP50K	Zx.0570	PN8_SID747	3	185088067	236941170	0
RTIGER_SNP50K	Zx.0570	PN8_SID747	4	988744	249925783	0
RTIGER_SNP50K	Zx.0570	PN8_SID747	5	322588	226167943	0
RTIGER_SNP50K	Zx.0570	PN8_SID747	6	5260376	5938674	1
RTIGER_SNP50K	Zx.0570	PN8_SID747	6	6137629	6847912	2
RTIGER_SNP50K	Zx.0570	PN8_SID747	6	6946962	31424517	1
RTIGER_SNP50K	Zx.0570	PN8_SID747	6	31662917	33562649	2
RTIGER_SNP50K	Zx.0570	PN8_SID747	6	34616365	51925279	1
RTIGER_SNP50K	Zx.0570	PN8_SID747	6	52182156	62121071	0
RTIGER_SNP50K	Zx.0570	PN8_SID747	6	62198979	63146419	1
RTIGER_SNP50K	Zx.0570	PN8_SID747	6	63348512	63732068	2
RTIGER_SNP50K	Zx.0570	PN8_SID747	6	64021598	64075826	1
RTIGER_SNP50K	Zx.0570	PN8_SID747	6	64272220	67041786	2
RTIGER_SNP50K	Zx.0570	PN8_SID747	6	67543971	70004629	1
RTIGER_SNP50K	Zx.0570	PN8_SID747	6	70267437	70295740	2
RTIGER_SNP50K	Zx.0570	PN8_SID747	6	70295776	89584933	1
RTIGER_SNP50K	Zx.0570	PN8_SID747	6	89770660	90625164	2
RTIGER_SNP50K	Zx.0570	PN8_SID747	6	90625229	137553613	1
RTIGER_SNP50K	Zx.0570	PN8_SID747	6	137582971	181203668	0
RTIGER_SNP50K	Zx.0570	PN8_SID747	7	343733	7734783	1
RTIGER_SNP50K	Zx.0570	PN8_SID747	7	7749128	7917451	2
RTIGER_SNP50K	Zx.0570	PN8_SID747	7	8002645	183980739	0
RTIGER_SNP50K	Zx.0570	PN8_SID747	8	354736	182218389	0
RTIGER_SNP50K	Zx.0570	PN8_SID747	9	1749539	162692974	0
RTIGER_SNP50K	Zx.0570	PN8_SID747	10	206281	152302281	0
RTIGER_SNP50K	Zx.0570	PN8_SID748	1	287040	308330525	0
RTIGER_SNP50K	Zx.0570	PN8_SID748	2	347487	1438612	0
RTIGER_SNP50K	Zx.0570	PN8_SID748	2	1474875	1475217	2
RTIGER_SNP50K	Zx.0570	PN8_SID748	2	1818376	229521478	0
RTIGER_SNP50K	Zx.0570	PN8_SID748	2	229920775	230820443	2
RTIGER_SNP50K	Zx.0570	PN8_SID748	2	230820445	239205884	1
RTIGER_SNP50K	Zx.0570	PN8_SID748	2	239432054	239798382	2
RTIGER_SNP50K	Zx.0570	PN8_SID748	2	239812175	243662959	0
RTIGER_SNP50K	Zx.0570	PN8_SID748	3	147823	34258532	0
RTIGER_SNP50K	Zx.0570	PN8_SID748	3	34399720	36443673	1
RTIGER_SNP50K	Zx.0570	PN8_SID748	3	36994101	161873826	0
RTIGER_SNP50K	Zx.0570	PN8_SID748	3	161984822	180651711	1
RTIGER_SNP50K	Zx.0570	PN8_SID748	3	180683220	236939523	0
RTIGER_SNP50K	Zx.0570	PN8_SID748	4	255421	249925783	0
RTIGER_SNP50K	Zx.0570	PN8_SID748	5	336374	226240113	0
RTIGER_SNP50K	Zx.0570	PN8_SID748	6	5679415	165049155	0
RTIGER_SNP50K	Zx.0570	PN8_SID748	6	165059048	166341039	1
RTIGER_SNP50K	Zx.0570	PN8_SID748	6	166428871	167578886	2
RTIGER_SNP50K	Zx.0570	PN8_SID748	6	167658935	169762728	1
RTIGER_SNP50K	Zx.0570	PN8_SID748	6	169767738	170070227	2
RTIGER_SNP50K	Zx.0570	PN8_SID748	6	170160286	171699374	1
RTIGER_SNP50K	Zx.0570	PN8_SID748	6	172045913	180772064	0
RTIGER_SNP50K	Zx.0570	PN8_SID748	7	387430	183979058	0
RTIGER_SNP50K	Zx.0570	PN8_SID748	8	354736	182172937	0
RTIGER_SNP50K	Zx.0570	PN8_SID748	9	1566009	76277127	0
RTIGER_SNP50K	Zx.0570	PN8_SID748	9	76331508	76331555	2
RTIGER_SNP50K	Zx.0570	PN8_SID748	9	76631589	162808411	0
RTIGER_SNP50K	Zx.0570	PN8_SID748	10	94302	152327194	0
RTIGER_SNP50K	Zx.0570	PN8_SID749	1	289351	89059061	0
RTIGER_SNP50K	Zx.0570	PN8_SID749	1	89063587	89746529	2
RTIGER_SNP50K	Zx.0570	PN8_SID749	1	90105061	90307004	1
RTIGER_SNP50K	Zx.0570	PN8_SID749	1	90588832	93988182	2
RTIGER_SNP50K	Zx.0570	PN8_SID749	1	94104450	101711333	1
RTIGER_SNP50K	Zx.0570	PN8_SID749	1	101711350	101985576	2
RTIGER_SNP50K	Zx.0570	PN8_SID749	1	102296701	102989904	1
RTIGER_SNP50K	Zx.0570	PN8_SID749	1	103009153	103140396	2
RTIGER_SNP50K	Zx.0570	PN8_SID749	1	103273397	123707022	1
RTIGER_SNP50K	Zx.0570	PN8_SID749	1	124025271	124651959	2
RTIGER_SNP50K	Zx.0570	PN8_SID749	1	125207051	126555172	1
RTIGER_SNP50K	Zx.0570	PN8_SID749	1	126711930	128720364	2
RTIGER_SNP50K	Zx.0570	PN8_SID749	1	128839686	133576948	1
RTIGER_SNP50K	Zx.0570	PN8_SID749	1	133613517	135142556	2
RTIGER_SNP50K	Zx.0570	PN8_SID749	1	136408645	143012091	1
RTIGER_SNP50K	Zx.0570	PN8_SID749	1	143012631	143377854	2
RTIGER_SNP50K	Zx.0570	PN8_SID749	1	143513575	145314275	1
RTIGER_SNP50K	Zx.0570	PN8_SID749	1	145326514	146067804	2
RTIGER_SNP50K	Zx.0570	PN8_SID749	1	146102030	146872794	1
RTIGER_SNP50K	Zx.0570	PN8_SID749	1	147262671	149283715	2
RTIGER_SNP50K	Zx.0570	PN8_SID749	1	149284973	149614822	1
RTIGER_SNP50K	Zx.0570	PN8_SID749	1	149677711	150258698	2
RTIGER_SNP50K	Zx.0570	PN8_SID749	1	150514202	156354425	1
RTIGER_SNP50K	Zx.0570	PN8_SID749	1	156436563	156481405	2
RTIGER_SNP50K	Zx.0570	PN8_SID749	1	156621561	165865675	1
RTIGER_SNP50K	Zx.0570	PN8_SID749	1	165966517	165999030	2
RTIGER_SNP50K	Zx.0570	PN8_SID749	1	166333691	169372038	1
RTIGER_SNP50K	Zx.0570	PN8_SID749	1	169374845	175789050	2
RTIGER_SNP50K	Zx.0570	PN8_SID749	1	175860187	198821045	1
RTIGER_SNP50K	Zx.0570	PN8_SID749	1	198872227	308330525	0
RTIGER_SNP50K	Zx.0570	PN8_SID749	2	71603	19216634	0
RTIGER_SNP50K	Zx.0570	PN8_SID749	2	19288351	19288358	2
RTIGER_SNP50K	Zx.0570	PN8_SID749	2	19296444	243479746	0
RTIGER_SNP50K	Zx.0570	PN8_SID749	3	810940	236941170	0
RTIGER_SNP50K	Zx.0570	PN8_SID749	4	255421	249888371	0
RTIGER_SNP50K	Zx.0570	PN8_SID749	5	465341	16052982	0
RTIGER_SNP50K	Zx.0570	PN8_SID749	5	16163375	21128909	1
RTIGER_SNP50K	Zx.0570	PN8_SID749	5	21522985	21734984	2
RTIGER_SNP50K	Zx.0570	PN8_SID749	5	21827067	25711319	1
RTIGER_SNP50K	Zx.0570	PN8_SID749	5	26008869	27395350	2
RTIGER_SNP50K	Zx.0570	PN8_SID749	5	27725433	30494399	1
RTIGER_SNP50K	Zx.0570	PN8_SID749	5	30674143	31424813	2
RTIGER_SNP50K	Zx.0570	PN8_SID749	5	31455349	40431909	1
RTIGER_SNP50K	Zx.0570	PN8_SID749	5	40748437	42126058	2
RTIGER_SNP50K	Zx.0570	PN8_SID749	5	42387333	57862172	1
RTIGER_SNP50K	Zx.0570	PN8_SID749	5	57903800	58645800	2
RTIGER_SNP50K	Zx.0570	PN8_SID749	5	59040828	59760527	1
RTIGER_SNP50K	Zx.0570	PN8_SID749	5	59760533	62546351	2
RTIGER_SNP50K	Zx.0570	PN8_SID749	5	62637873	80075324	1
RTIGER_SNP50K	Zx.0570	PN8_SID749	5	80380545	226240113	0
RTIGER_SNP50K	Zx.0570	PN8_SID749	6	5720392	162507554	0
RTIGER_SNP50K	Zx.0570	PN8_SID749	6	162511157	162511160	2
RTIGER_SNP50K	Zx.0570	PN8_SID749	6	162627132	181024267	0
RTIGER_SNP50K	Zx.0570	PN8_SID749	7	83761	183884915	0
RTIGER_SNP50K	Zx.0570	PN8_SID749	8	360763	182218389	0
RTIGER_SNP50K	Zx.0570	PN8_SID749	9	1749539	36065522	1
RTIGER_SNP50K	Zx.0570	PN8_SID749	9	36457744	162809802	0
RTIGER_SNP50K	Zx.0570	PN8_SID749	10	94302	34854248	0
RTIGER_SNP50K	Zx.0570	PN8_SID749	10	35029170	35029190	2
RTIGER_SNP50K	Zx.0570	PN8_SID749	10	35071309	35165018	1
RTIGER_SNP50K	Zx.0570	PN8_SID749	10	35336791	152302281	0
RTIGER_SNP50K	Zx.0570	PN8_SID750	1	287040	171557542	0
RTIGER_SNP50K	Zx.0570	PN8_SID750	1	172011068	196250336	1
RTIGER_SNP50K	Zx.0570	PN8_SID750	1	196253017	301937372	0
RTIGER_SNP50K	Zx.0570	PN8_SID750	1	302190555	302508280	2
RTIGER_SNP50K	Zx.0570	PN8_SID750	1	302540924	305869555	1
RTIGER_SNP50K	Zx.0570	PN8_SID750	1	306038820	306391883	2
RTIGER_SNP50K	Zx.0570	PN8_SID750	1	306419108	308427802	0
RTIGER_SNP50K	Zx.0570	PN8_SID750	2	175074	243662959	0
RTIGER_SNP50K	Zx.0570	PN8_SID750	3	1057368	236627708	0
RTIGER_SNP50K	Zx.0570	PN8_SID750	4	425542	249925783	0
RTIGER_SNP50K	Zx.0570	PN8_SID750	5	322588	226227487	0
RTIGER_SNP50K	Zx.0570	PN8_SID750	6	5679415	181203668	0
RTIGER_SNP50K	Zx.0570	PN8_SID750	7	271597	183829029	0
RTIGER_SNP50K	Zx.0570	PN8_SID750	8	295839	182085992	0
RTIGER_SNP50K	Zx.0570	PN8_SID750	9	2119974	162809802	0
RTIGER_SNP50K	Zx.0570	PN8_SID750	10	94503	18953274	0
RTIGER_SNP50K	Zx.0570	PN8_SID750	10	19823739	34854248	1
RTIGER_SNP50K	Zx.0570	PN8_SID750	10	35017861	35029190	2
RTIGER_SNP50K	Zx.0570	PN8_SID750	10	35070851	37210858	1
RTIGER_SNP50K	Zx.0570	PN8_SID750	10	37375403	41344372	0
RTIGER_SNP50K	Zx.0570	PN8_SID750	10	41351987	59225205	1
RTIGER_SNP50K	Zx.0570	PN8_SID750	10	59591797	59977998	2
RTIGER_SNP50K	Zx.0570	PN8_SID750	10	60270161	80039611	1
RTIGER_SNP50K	Zx.0570	PN8_SID750	10	80041756	152340819	0
RTIGER_SNP50K	Zx.0570	PN8_SID752	1	287040	6477249	0
RTIGER_SNP50K	Zx.0570	PN8_SID752	1	6558440	11053534	1
RTIGER_SNP50K	Zx.0570	PN8_SID752	1	11195633	11782963	2
RTIGER_SNP50K	Zx.0570	PN8_SID752	1	11929451	12385835	1
RTIGER_SNP50K	Zx.0570	PN8_SID752	1	12485110	91982768	0
RTIGER_SNP50K	Zx.0570	PN8_SID752	1	92564180	92815079	2
RTIGER_SNP50K	Zx.0570	PN8_SID752	1	92864411	92923459	1
RTIGER_SNP50K	Zx.0570	PN8_SID752	1	93339267	93620743	2
RTIGER_SNP50K	Zx.0570	PN8_SID752	1	94104450	100495190	1
RTIGER_SNP50K	Zx.0570	PN8_SID752	1	101157964	102369361	2
RTIGER_SNP50K	Zx.0570	PN8_SID752	1	102751152	105118912	1
RTIGER_SNP50K	Zx.0570	PN8_SID752	1	105688130	107141556	2
RTIGER_SNP50K	Zx.0570	PN8_SID752	1	108548173	114457037	1
RTIGER_SNP50K	Zx.0570	PN8_SID752	1	114709130	114710204	2
RTIGER_SNP50K	Zx.0570	PN8_SID752	1	114710282	117011447	1
RTIGER_SNP50K	Zx.0570	PN8_SID752	1	117089374	120894722	2
RTIGER_SNP50K	Zx.0570	PN8_SID752	1	121147433	123908651	1
RTIGER_SNP50K	Zx.0570	PN8_SID752	1	124200572	124624133	2
RTIGER_SNP50K	Zx.0570	PN8_SID752	1	124673802	126558659	1
RTIGER_SNP50K	Zx.0570	PN8_SID752	1	126738699	128720364	2
RTIGER_SNP50K	Zx.0570	PN8_SID752	1	128756698	132288633	1
RTIGER_SNP50K	Zx.0570	PN8_SID752	1	132383727	135002202	2
RTIGER_SNP50K	Zx.0570	PN8_SID752	1	135004884	136471789	1
RTIGER_SNP50K	Zx.0570	PN8_SID752	1	136742386	140686539	2
RTIGER_SNP50K	Zx.0570	PN8_SID752	1	140779341	152091935	1
RTIGER_SNP50K	Zx.0570	PN8_SID752	1	152267570	152917703	2
RTIGER_SNP50K	Zx.0570	PN8_SID752	1	152919254	164031150	1
RTIGER_SNP50K	Zx.0570	PN8_SID752	1	164289560	164615861	2
RTIGER_SNP50K	Zx.0570	PN8_SID752	1	164688080	165850700	1
RTIGER_SNP50K	Zx.0570	PN8_SID752	1	165966517	166457933	2
RTIGER_SNP50K	Zx.0570	PN8_SID752	1	166457937	171557542	1
RTIGER_SNP50K	Zx.0570	PN8_SID752	1	172008655	172306466	2
RTIGER_SNP50K	Zx.0570	PN8_SID752	1	174038019	185028074	1
RTIGER_SNP50K	Zx.0570	PN8_SID752	1	185033433	281838356	0
RTIGER_SNP50K	Zx.0570	PN8_SID752	1	282052184	290373516	1
RTIGER_SNP50K	Zx.0570	PN8_SID752	1	290409826	296308963	2
RTIGER_SNP50K	Zx.0570	PN8_SID752	1	296334756	305869555	1
RTIGER_SNP50K	Zx.0570	PN8_SID752	1	306038820	306170212	2
RTIGER_SNP50K	Zx.0570	PN8_SID752	1	306469295	308427802	1
RTIGER_SNP50K	Zx.0570	PN8_SID752	2	204222	238690412	0
RTIGER_SNP50K	Zx.0570	PN8_SID752	2	238723615	238875008	2
RTIGER_SNP50K	Zx.0570	PN8_SID752	2	238932524	243502467	1
RTIGER_SNP50K	Zx.0570	PN8_SID752	3	356143	227225212	0
RTIGER_SNP50K	Zx.0570	PN8_SID752	3	227322229	234161005	1
RTIGER_SNP50K	Zx.0570	PN8_SID752	3	234265970	234505237	2
RTIGER_SNP50K	Zx.0570	PN8_SID752	3	234546115	236776275	1
RTIGER_SNP50K	Zx.0570	PN8_SID752	4	986672	249848884	0
RTIGER_SNP50K	Zx.0570	PN8_SID752	5	336374	226156269	0
RTIGER_SNP50K	Zx.0570	PN8_SID752	6	5514944	162362375	0
RTIGER_SNP50K	Zx.0570	PN8_SID752	6	162509804	162509806	2
RTIGER_SNP50K	Zx.0570	PN8_SID752	6	162537119	167659871	1
RTIGER_SNP50K	Zx.0570	PN8_SID752	6	167704651	180655299	0
RTIGER_SNP50K	Zx.0570	PN8_SID752	7	343733	3565808	0
RTIGER_SNP50K	Zx.0570	PN8_SID752	7	3599538	19617832	1
RTIGER_SNP50K	Zx.0570	PN8_SID752	7	19723580	19799273	2
RTIGER_SNP50K	Zx.0570	PN8_SID752	7	19933688	45017568	1
RTIGER_SNP50K	Zx.0570	PN8_SID752	7	45100091	45137261	2
RTIGER_SNP50K	Zx.0570	PN8_SID752	7	45175584	104257812	1
RTIGER_SNP50K	Zx.0570	PN8_SID752	7	104525166	105057199	2
RTIGER_SNP50K	Zx.0570	PN8_SID752	7	105057593	152399327	1
RTIGER_SNP50K	Zx.0570	PN8_SID752	7	152399347	152664105	2
RTIGER_SNP50K	Zx.0570	PN8_SID752	7	152738409	161389720	1
RTIGER_SNP50K	Zx.0570	PN8_SID752	7	161389737	183980739	0
RTIGER_SNP50K	Zx.0570	PN8_SID752	8	295839	182232061	0
RTIGER_SNP50K	Zx.0570	PN8_SID752	9	1749539	150097026	0
RTIGER_SNP50K	Zx.0570	PN8_SID752	9	150245536	162692974	1
RTIGER_SNP50K	Zx.0570	PN8_SID752	10	202385	4233399	0
RTIGER_SNP50K	Zx.0570	PN8_SID752	10	4403122	5340753	2
RTIGER_SNP50K	Zx.0570	PN8_SID752	10	5553938	152276050	0
RTIGER_SNP50K	Zx.0570	PN8_SID753	1	289351	5681678	0
RTIGER_SNP50K	Zx.0570	PN8_SID753	1	5904582	5904603	2
RTIGER_SNP50K	Zx.0570	PN8_SID753	1	6090560	19087008	1
RTIGER_SNP50K	Zx.0570	PN8_SID753	1	19146209	19146260	2
RTIGER_SNP50K	Zx.0570	PN8_SID753	1	19195506	38279835	1
RTIGER_SNP50K	Zx.0570	PN8_SID753	1	38469497	44005723	0
RTIGER_SNP50K	Zx.0570	PN8_SID753	1	44172130	44231720	2
RTIGER_SNP50K	Zx.0570	PN8_SID753	1	44231732	44979578	1
RTIGER_SNP50K	Zx.0570	PN8_SID753	1	44980905	46148761	2
RTIGER_SNP50K	Zx.0570	PN8_SID753	1	46241671	53210787	1
RTIGER_SNP50K	Zx.0570	PN8_SID753	1	53231282	54144611	2
RTIGER_SNP50K	Zx.0570	PN8_SID753	1	54144714	63775939	1
RTIGER_SNP50K	Zx.0570	PN8_SID753	1	64148703	66610877	2
RTIGER_SNP50K	Zx.0570	PN8_SID753	1	66700330	72130178	1
RTIGER_SNP50K	Zx.0570	PN8_SID753	1	72679169	72795453	2
RTIGER_SNP50K	Zx.0570	PN8_SID753	1	72907418	76593600	1
RTIGER_SNP50K	Zx.0570	PN8_SID753	1	76593602	76897955	2
RTIGER_SNP50K	Zx.0570	PN8_SID753	1	76960068	78600095	1
RTIGER_SNP50K	Zx.0570	PN8_SID753	1	78639388	79395872	2
RTIGER_SNP50K	Zx.0570	PN8_SID753	1	79484721	90307004	1
RTIGER_SNP50K	Zx.0570	PN8_SID753	1	90538581	92564180	2
RTIGER_SNP50K	Zx.0570	PN8_SID753	1	92864411	93298605	1
RTIGER_SNP50K	Zx.0570	PN8_SID753	1	93339267	93506146	2
RTIGER_SNP50K	Zx.0570	PN8_SID753	1	93608085	96074980	1
RTIGER_SNP50K	Zx.0570	PN8_SID753	1	96221379	201299170	0
RTIGER_SNP50K	Zx.0570	PN8_SID753	1	201299327	201299400	2
RTIGER_SNP50K	Zx.0570	PN8_SID753	1	201452215	212443211	0
RTIGER_SNP50K	Zx.0570	PN8_SID753	1	212659901	237296190	1
RTIGER_SNP50K	Zx.0570	PN8_SID753	1	237520689	308423715	0
RTIGER_SNP50K	Zx.0570	PN8_SID753	2	71603	24914844	0
RTIGER_SNP50K	Zx.0570	PN8_SID753	2	24921195	37338791	1
RTIGER_SNP50K	Zx.0570	PN8_SID753	2	37338853	243552371	0
RTIGER_SNP50K	Zx.0570	PN8_SID753	3	147823	236941170	0
RTIGER_SNP50K	Zx.0570	PN8_SID753	4	255421	249925783	0
RTIGER_SNP50K	Zx.0570	PN8_SID753	5	322588	226234983	0
RTIGER_SNP50K	Zx.0570	PN8_SID753	6	5260376	153468256	0
RTIGER_SNP50K	Zx.0570	PN8_SID753	6	153526247	154634656	2
RTIGER_SNP50K	Zx.0570	PN8_SID753	6	154636098	155299879	1
RTIGER_SNP50K	Zx.0570	PN8_SID753	6	155499227	155999625	2
RTIGER_SNP50K	Zx.0570	PN8_SID753	6	156620275	158289168	1
RTIGER_SNP50K	Zx.0570	PN8_SID753	6	158316896	158424640	2
RTIGER_SNP50K	Zx.0570	PN8_SID753	6	158474872	158535943	1
RTIGER_SNP50K	Zx.0570	PN8_SID753	6	158880978	159250211	2
RTIGER_SNP50K	Zx.0570	PN8_SID753	6	159795431	163937242	1
RTIGER_SNP50K	Zx.0570	PN8_SID753	6	164006595	164114731	2
RTIGER_SNP50K	Zx.0570	PN8_SID753	6	164427397	174264655	1
RTIGER_SNP50K	Zx.0570	PN8_SID753	6	175374534	180695783	0
RTIGER_SNP50K	Zx.0570	PN8_SID753	7	83761	160935889	0
RTIGER_SNP50K	Zx.0570	PN8_SID753	7	161221972	174578833	1
RTIGER_SNP50K	Zx.0570	PN8_SID753	7	174592127	183967464	0
RTIGER_SNP50K	Zx.0570	PN8_SID753	8	328238	65353206	0
RTIGER_SNP50K	Zx.0570	PN8_SID753	8	65374704	65379765	2
RTIGER_SNP50K	Zx.0570	PN8_SID753	8	65613511	182167615	0
RTIGER_SNP50K	Zx.0570	PN8_SID753	9	1749539	162808411	0
RTIGER_SNP50K	Zx.0570	PN8_SID753	10	183757	23079977	0
RTIGER_SNP50K	Zx.0570	PN8_SID753	10	23091088	34854248	1
RTIGER_SNP50K	Zx.0570	PN8_SID753	10	35017861	35017872	2
RTIGER_SNP50K	Zx.0570	PN8_SID753	10	35070184	41134290	0
RTIGER_SNP50K	Zx.0570	PN8_SID753	10	41361340	98018836	1
RTIGER_SNP50K	Zx.0570	PN8_SID753	10	98018862	98169312	2
RTIGER_SNP50K	Zx.0570	PN8_SID753	10	98170905	143450524	1
RTIGER_SNP50K	Zx.0570	PN8_SID753	10	143534851	143814921	2
RTIGER_SNP50K	Zx.0570	PN8_SID753	10	143882700	152395252	1
RTIGER_SNP50K	Zx.0570	PN8_SID754	1	555895	24558133	0
RTIGER_SNP50K	Zx.0570	PN8_SID754	1	24727363	41488889	1
RTIGER_SNP50K	Zx.0570	PN8_SID754	1	41501143	41565614	2
RTIGER_SNP50K	Zx.0570	PN8_SID754	1	42014466	44980905	1
RTIGER_SNP50K	Zx.0570	PN8_SID754	1	45063360	266727603	0
RTIGER_SNP50K	Zx.0570	PN8_SID754	1	266796584	276640060	1
RTIGER_SNP50K	Zx.0570	PN8_SID754	1	276697833	278133237	2
RTIGER_SNP50K	Zx.0570	PN8_SID754	1	278423374	279792082	1
RTIGER_SNP50K	Zx.0570	PN8_SID754	1	279978482	308427802	0
RTIGER_SNP50K	Zx.0570	PN8_SID754	2	400602	226908570	0
RTIGER_SNP50K	Zx.0570	PN8_SID754	2	226975200	227201514	2
RTIGER_SNP50K	Zx.0570	PN8_SID754	2	227232524	230868440	1
RTIGER_SNP50K	Zx.0570	PN8_SID754	2	231099045	231546058	2
RTIGER_SNP50K	Zx.0570	PN8_SID754	2	231842993	232787538	1
RTIGER_SNP50K	Zx.0570	PN8_SID754	2	233017130	235148672	2
RTIGER_SNP50K	Zx.0570	PN8_SID754	2	235316165	243533209	0
RTIGER_SNP50K	Zx.0570	PN8_SID754	3	147823	38449625	0
RTIGER_SNP50K	Zx.0570	PN8_SID754	3	38894695	72578013	1
RTIGER_SNP50K	Zx.0570	PN8_SID754	3	72612976	79917459	0
RTIGER_SNP50K	Zx.0570	PN8_SID754	3	80082398	86077871	1
RTIGER_SNP50K	Zx.0570	PN8_SID754	3	87269302	87371938	2
RTIGER_SNP50K	Zx.0570	PN8_SID754	3	87603130	94515314	0
RTIGER_SNP50K	Zx.0570	PN8_SID754	3	94699158	94754421	1
RTIGER_SNP50K	Zx.0570	PN8_SID754	3	94796896	95019911	2
RTIGER_SNP50K	Zx.0570	PN8_SID754	3	95019918	122409929	1
RTIGER_SNP50K	Zx.0570	PN8_SID754	3	122583048	122583056	2
RTIGER_SNP50K	Zx.0570	PN8_SID754	3	122816698	152079034	1
RTIGER_SNP50K	Zx.0570	PN8_SID754	3	152954375	154281985	2
RTIGER_SNP50K	Zx.0570	PN8_SID754	3	154306054	162510449	1
RTIGER_SNP50K	Zx.0570	PN8_SID754	3	162818246	163615971	2
RTIGER_SNP50K	Zx.0570	PN8_SID754	3	163766806	172181690	1
RTIGER_SNP50K	Zx.0570	PN8_SID754	3	172283075	172803753	2
RTIGER_SNP50K	Zx.0570	PN8_SID754	3	173528046	180651711	1
RTIGER_SNP50K	Zx.0570	PN8_SID754	3	180822625	233266490	0
RTIGER_SNP50K	Zx.0570	PN8_SID754	3	233366780	236939523	1
RTIGER_SNP50K	Zx.0570	PN8_SID754	4	508312	3265708	1
RTIGER_SNP50K	Zx.0570	PN8_SID754	4	3291406	3474149	2
RTIGER_SNP50K	Zx.0570	PN8_SID754	4	3544579	4704629	1
RTIGER_SNP50K	Zx.0570	PN8_SID754	4	4785069	7025360	2
RTIGER_SNP50K	Zx.0570	PN8_SID754	4	7274658	198368684	0
RTIGER_SNP50K	Zx.0570	PN8_SID754	4	198393939	198826866	2
RTIGER_SNP50K	Zx.0570	PN8_SID754	4	198859206	215463776	1
RTIGER_SNP50K	Zx.0570	PN8_SID754	4	215603245	215603292	2
RTIGER_SNP50K	Zx.0570	PN8_SID754	4	215603931	249612667	1
RTIGER_SNP50K	Zx.0570	PN8_SID754	5	506159	226039586	0
RTIGER_SNP50K	Zx.0570	PN8_SID754	6	5677854	181186018	0
RTIGER_SNP50K	Zx.0570	PN8_SID754	7	84081	170927843	0
RTIGER_SNP50K	Zx.0570	PN8_SID754	7	171109014	174596005	1
RTIGER_SNP50K	Zx.0570	PN8_SID754	7	174773238	175680754	2
RTIGER_SNP50K	Zx.0570	PN8_SID754	7	175816720	177851799	1
RTIGER_SNP50K	Zx.0570	PN8_SID754	7	177911732	178278649	2
RTIGER_SNP50K	Zx.0570	PN8_SID754	7	178868943	180931151	1
RTIGER_SNP50K	Zx.0570	PN8_SID754	7	181345930	183967464	0
RTIGER_SNP50K	Zx.0570	PN8_SID754	8	354736	182172937	0
RTIGER_SNP50K	Zx.0570	PN8_SID754	9	2249036	162808411	0
RTIGER_SNP50K	Zx.0570	PN8_SID754	10	94302	151856127	0
RTIGER_SNP50K	Zx.0570	PN8_SID755	1	287040	11090141	0
RTIGER_SNP50K	Zx.0570	PN8_SID755	1	11195633	25535403	1
RTIGER_SNP50K	Zx.0570	PN8_SID755	1	25545213	47345598	0
RTIGER_SNP50K	Zx.0570	PN8_SID755	1	47525817	53230635	1
RTIGER_SNP50K	Zx.0570	PN8_SID755	1	53327659	53746575	2
RTIGER_SNP50K	Zx.0570	PN8_SID755	1	54073136	63263602	1
RTIGER_SNP50K	Zx.0570	PN8_SID755	1	63475776	65392476	2
RTIGER_SNP50K	Zx.0570	PN8_SID755	1	65431968	66772976	1
RTIGER_SNP50K	Zx.0570	PN8_SID755	1	66867150	67723276	2
RTIGER_SNP50K	Zx.0570	PN8_SID755	1	67723790	90978597	1
RTIGER_SNP50K	Zx.0570	PN8_SID755	1	91421613	92816014	2
RTIGER_SNP50K	Zx.0570	PN8_SID755	1	92864411	96243042	1
RTIGER_SNP50K	Zx.0570	PN8_SID755	1	96444920	96444969	2
RTIGER_SNP50K	Zx.0570	PN8_SID755	1	96457138	101116521	1
RTIGER_SNP50K	Zx.0570	PN8_SID755	1	101158059	102227151	2
RTIGER_SNP50K	Zx.0570	PN8_SID755	1	102298050	102751429	1
RTIGER_SNP50K	Zx.0570	PN8_SID755	1	102772468	102919808	2
RTIGER_SNP50K	Zx.0570	PN8_SID755	1	102989904	103588075	1
RTIGER_SNP50K	Zx.0570	PN8_SID755	1	103665822	308427802	0
RTIGER_SNP50K	Zx.0570	PN8_SID755	2	350925	6040248	0
RTIGER_SNP50K	Zx.0570	PN8_SID755	2	6044023	6407960	2
RTIGER_SNP50K	Zx.0570	PN8_SID755	2	6410032	12456439	1
RTIGER_SNP50K	Zx.0570	PN8_SID755	2	12582818	13207883	2
RTIGER_SNP50K	Zx.0570	PN8_SID755	2	13847167	15682245	1
RTIGER_SNP50K	Zx.0570	PN8_SID755	2	15873826	16620676	2
RTIGER_SNP50K	Zx.0570	PN8_SID755	2	16750605	26443909	1
RTIGER_SNP50K	Zx.0570	PN8_SID755	2	26475828	26475902	2
RTIGER_SNP50K	Zx.0570	PN8_SID755	2	27215786	29642014	1
RTIGER_SNP50K	Zx.0570	PN8_SID755	2	29642138	30171492	2
RTIGER_SNP50K	Zx.0570	PN8_SID755	2	30355449	62431373	1
RTIGER_SNP50K	Zx.0570	PN8_SID755	2	62708842	62985535	2
RTIGER_SNP50K	Zx.0570	PN8_SID755	2	63186718	64740359	1
RTIGER_SNP50K	Zx.0570	PN8_SID755	2	64829661	65135716	2
RTIGER_SNP50K	Zx.0570	PN8_SID755	2	65198790	74460608	1
RTIGER_SNP50K	Zx.0570	PN8_SID755	2	74799981	243533209	0
RTIGER_SNP50K	Zx.0570	PN8_SID755	3	147823	236963193	0
RTIGER_SNP50K	Zx.0570	PN8_SID755	4	255421	656221	1
RTIGER_SNP50K	Zx.0570	PN8_SID755	4	1124359	1193017	2
RTIGER_SNP50K	Zx.0570	PN8_SID755	4	1227813	11944883	1
RTIGER_SNP50K	Zx.0570	PN8_SID755	4	11960397	12147993	2
RTIGER_SNP50K	Zx.0570	PN8_SID755	4	12192460	27076868	1
RTIGER_SNP50K	Zx.0570	PN8_SID755	4	27436530	249925783	0
RTIGER_SNP50K	Zx.0570	PN8_SID755	5	336374	226227487	0
RTIGER_SNP50K	Zx.0570	PN8_SID755	6	5679415	181186018	0
RTIGER_SNP50K	Zx.0570	PN8_SID755	7	387430	183967464	0
RTIGER_SNP50K	Zx.0570	PN8_SID755	8	328238	172061718	0
RTIGER_SNP50K	Zx.0570	PN8_SID755	8	172165392	172209876	2
RTIGER_SNP50K	Zx.0570	PN8_SID755	8	172895471	177731311	1
RTIGER_SNP50K	Zx.0570	PN8_SID755	8	177733636	178305990	2
RTIGER_SNP50K	Zx.0570	PN8_SID755	8	178793094	182085992	1
RTIGER_SNP50K	Zx.0570	PN8_SID755	9	1749539	162808411	0
RTIGER_SNP50K	Zx.0570	PN8_SID755	10	189114	6813075	0
RTIGER_SNP50K	Zx.0570	PN8_SID755	10	6814796	101932544	1
RTIGER_SNP50K	Zx.0570	PN8_SID755	10	101942453	109658799	0
RTIGER_SNP50K	Zx.0570	PN8_SID755	10	109660418	110115823	2
RTIGER_SNP50K	Zx.0570	PN8_SID755	10	110154308	140726576	1
RTIGER_SNP50K	Zx.0570	PN8_SID755	10	140729248	152395252	0
RTIGER_SNP50K	Zx.0570	PN8_SID756	1	287040	78639388	0
RTIGER_SNP50K	Zx.0570	PN8_SID756	1	78722540	78963060	2
RTIGER_SNP50K	Zx.0570	PN8_SID756	1	79281278	96226086	1
RTIGER_SNP50K	Zx.0570	PN8_SID756	1	96323218	97706217	2
RTIGER_SNP50K	Zx.0570	PN8_SID756	1	98084935	105197912	1
RTIGER_SNP50K	Zx.0570	PN8_SID756	1	105624528	108500384	2
RTIGER_SNP50K	Zx.0570	PN8_SID756	1	108548173	135168207	1
RTIGER_SNP50K	Zx.0570	PN8_SID756	1	135247773	150994297	0
RTIGER_SNP50K	Zx.0570	PN8_SID756	1	151295008	155868729	1
RTIGER_SNP50K	Zx.0570	PN8_SID756	1	155993311	165317439	0
RTIGER_SNP50K	Zx.0570	PN8_SID756	1	165711741	166374060	2
RTIGER_SNP50K	Zx.0570	PN8_SID756	1	166376000	201244831	0
RTIGER_SNP50K	Zx.0570	PN8_SID756	1	201299327	201299400	2
RTIGER_SNP50K	Zx.0570	PN8_SID756	1	201464090	308423707	0
RTIGER_SNP50K	Zx.0570	PN8_SID756	2	347487	2344871	1
RTIGER_SNP50K	Zx.0570	PN8_SID756	2	2543586	243555257	0
RTIGER_SNP50K	Zx.0570	PN8_SID756	3	356143	175321739	0
RTIGER_SNP50K	Zx.0570	PN8_SID756	3	175372044	175669623	2
RTIGER_SNP50K	Zx.0570	PN8_SID756	3	175752514	180287768	1
RTIGER_SNP50K	Zx.0570	PN8_SID756	3	180464680	180651711	2
RTIGER_SNP50K	Zx.0570	PN8_SID756	3	181327572	236941170	0
RTIGER_SNP50K	Zx.0570	PN8_SID756	4	425542	27987175	0
RTIGER_SNP50K	Zx.0570	PN8_SID756	4	28087662	31601393	1
RTIGER_SNP50K	Zx.0570	PN8_SID756	4	32004848	32009751	2
RTIGER_SNP50K	Zx.0570	PN8_SID756	4	32106568	40323456	1
RTIGER_SNP50K	Zx.0570	PN8_SID756	4	40549868	42458403	2
RTIGER_SNP50K	Zx.0570	PN8_SID756	4	43153276	89766027	1
RTIGER_SNP50K	Zx.0570	PN8_SID756	4	89922378	89939981	2
RTIGER_SNP50K	Zx.0570	PN8_SID756	4	90122136	104875219	1
RTIGER_SNP50K	Zx.0570	PN8_SID756	4	105158373	108457846	2
RTIGER_SNP50K	Zx.0570	PN8_SID756	4	109784111	110192444	1
RTIGER_SNP50K	Zx.0570	PN8_SID756	4	112414831	117685656	2
RTIGER_SNP50K	Zx.0570	PN8_SID756	4	117968179	119194888	1
RTIGER_SNP50K	Zx.0570	PN8_SID756	4	119312110	122600999	2
RTIGER_SNP50K	Zx.0570	PN8_SID756	4	123288998	125042438	1
RTIGER_SNP50K	Zx.0570	PN8_SID756	4	125312461	125793384	2
RTIGER_SNP50K	Zx.0570	PN8_SID756	4	126151855	126379688	1
RTIGER_SNP50K	Zx.0570	PN8_SID756	4	126708079	127542831	2
RTIGER_SNP50K	Zx.0570	PN8_SID756	4	128110670	150650902	1
RTIGER_SNP50K	Zx.0570	PN8_SID756	4	151565136	152280019	2
RTIGER_SNP50K	Zx.0570	PN8_SID756	4	153739667	155292374	1
RTIGER_SNP50K	Zx.0570	PN8_SID756	4	155322136	157230113	2
RTIGER_SNP50K	Zx.0570	PN8_SID756	4	157264771	171339825	1
RTIGER_SNP50K	Zx.0570	PN8_SID756	4	171443409	173648469	2
RTIGER_SNP50K	Zx.0570	PN8_SID756	4	173688245	174895604	1
RTIGER_SNP50K	Zx.0570	PN8_SID756	4	174895608	176181579	2
RTIGER_SNP50K	Zx.0570	PN8_SID756	4	176268731	180802007	1
RTIGER_SNP50K	Zx.0570	PN8_SID756	4	181098717	181311068	2
RTIGER_SNP50K	Zx.0570	PN8_SID756	4	181311277	182337223	1
RTIGER_SNP50K	Zx.0570	PN8_SID756	4	182383669	182427191	2
RTIGER_SNP50K	Zx.0570	PN8_SID756	4	182648528	183140746	1
RTIGER_SNP50K	Zx.0570	PN8_SID756	4	183140755	184760859	2
RTIGER_SNP50K	Zx.0570	PN8_SID756	4	184910620	203690353	1
RTIGER_SNP50K	Zx.0570	PN8_SID756	4	203698873	205130367	2
RTIGER_SNP50K	Zx.0570	PN8_SID756	4	205204936	206206391	1
RTIGER_SNP50K	Zx.0570	PN8_SID756	4	206262318	207292655	2
RTIGER_SNP50K	Zx.0570	PN8_SID756	4	207749675	212540773	1
RTIGER_SNP50K	Zx.0570	PN8_SID756	4	212540814	213797316	2
RTIGER_SNP50K	Zx.0570	PN8_SID756	4	213801934	214290837	1
RTIGER_SNP50K	Zx.0570	PN8_SID756	4	214329487	215603292	2
RTIGER_SNP50K	Zx.0570	PN8_SID756	4	215801046	225331436	1
RTIGER_SNP50K	Zx.0570	PN8_SID756	4	225485939	225512396	2
RTIGER_SNP50K	Zx.0570	PN8_SID756	4	225939076	226939075	1
RTIGER_SNP50K	Zx.0570	PN8_SID756	4	226998420	228336207	2
RTIGER_SNP50K	Zx.0570	PN8_SID756	4	228474337	241414901	1
RTIGER_SNP50K	Zx.0570	PN8_SID756	4	241455174	242389762	2
RTIGER_SNP50K	Zx.0570	PN8_SID756	4	242737621	244281660	1
RTIGER_SNP50K	Zx.0570	PN8_SID756	4	244330872	249801221	0
RTIGER_SNP50K	Zx.0570	PN8_SID756	5	362844	226234983	0
RTIGER_SNP50K	Zx.0570	PN8_SID756	6	6549201	181203668	0
RTIGER_SNP50K	Zx.0570	PN8_SID756	7	343733	174515267	0
RTIGER_SNP50K	Zx.0570	PN8_SID756	7	174626138	174773238	2
RTIGER_SNP50K	Zx.0570	PN8_SID756	7	174842166	183980739	1
RTIGER_SNP50K	Zx.0570	PN8_SID756	8	295839	182218389	0
RTIGER_SNP50K	Zx.0570	PN8_SID756	9	1749539	162591532	0
RTIGER_SNP50K	Zx.0570	PN8_SID756	10	189114	152290201	0
RTIGER_SNP50K	Zx.0570	PN8_SID757	1	662853	1794956	1
RTIGER_SNP50K	Zx.0570	PN8_SID757	1	1824042	2414229	2
RTIGER_SNP50K	Zx.0570	PN8_SID757	1	2550996	10466997	1
RTIGER_SNP50K	Zx.0570	PN8_SID757	1	10627914	53054165	0
RTIGER_SNP50K	Zx.0570	PN8_SID757	1	53231282	54691128	2
RTIGER_SNP50K	Zx.0570	PN8_SID757	1	55484403	126555172	1
RTIGER_SNP50K	Zx.0570	PN8_SID757	1	126738699	127034586	2
RTIGER_SNP50K	Zx.0570	PN8_SID757	1	127039355	127570733	1
RTIGER_SNP50K	Zx.0570	PN8_SID757	1	127773186	127910644	2
RTIGER_SNP50K	Zx.0570	PN8_SID757	1	128357476	169391512	1
RTIGER_SNP50K	Zx.0570	PN8_SID757	1	169792161	272289930	0
RTIGER_SNP50K	Zx.0570	PN8_SID757	1	272506051	282023536	1
RTIGER_SNP50K	Zx.0570	PN8_SID757	1	282092129	308427802	0
RTIGER_SNP50K	Zx.0570	PN8_SID757	2	299852	193347645	0
RTIGER_SNP50K	Zx.0570	PN8_SID757	2	193654829	218991638	1
RTIGER_SNP50K	Zx.0570	PN8_SID757	2	219159489	219209299	2
RTIGER_SNP50K	Zx.0570	PN8_SID757	2	219438144	226897450	1
RTIGER_SNP50K	Zx.0570	PN8_SID757	2	226975200	226976079	2
RTIGER_SNP50K	Zx.0570	PN8_SID757	2	227087192	227186821	1
RTIGER_SNP50K	Zx.0570	PN8_SID757	2	227201514	227845028	2
RTIGER_SNP50K	Zx.0570	PN8_SID757	2	228485382	237231728	1
RTIGER_SNP50K	Zx.0570	PN8_SID757	2	237236938	237263353	2
RTIGER_SNP50K	Zx.0570	PN8_SID757	2	237317465	243522232	1
RTIGER_SNP50K	Zx.0570	PN8_SID757	3	1544239	12528732	0
RTIGER_SNP50K	Zx.0570	PN8_SID757	3	13455607	27781954	1
RTIGER_SNP50K	Zx.0570	PN8_SID757	3	28078095	28473103	2
RTIGER_SNP50K	Zx.0570	PN8_SID757	3	28520671	67416401	1
RTIGER_SNP50K	Zx.0570	PN8_SID757	3	67597225	69339851	2
RTIGER_SNP50K	Zx.0570	PN8_SID757	3	69533865	80878228	1
RTIGER_SNP50K	Zx.0570	PN8_SID757	3	80895939	84740155	2
RTIGER_SNP50K	Zx.0570	PN8_SID757	3	84801368	84976282	1
RTIGER_SNP50K	Zx.0570	PN8_SID757	3	85671155	87844200	2
RTIGER_SNP50K	Zx.0570	PN8_SID757	3	87946684	94624727	0
RTIGER_SNP50K	Zx.0570	PN8_SID757	3	94743019	94796916	2
RTIGER_SNP50K	Zx.0570	PN8_SID757	3	95397637	101445897	1
RTIGER_SNP50K	Zx.0570	PN8_SID757	3	101497354	101715034	2
RTIGER_SNP50K	Zx.0570	PN8_SID757	3	101799229	102253196	1
RTIGER_SNP50K	Zx.0570	PN8_SID757	3	102254203	103386682	2
RTIGER_SNP50K	Zx.0570	PN8_SID757	3	103496616	105351260	1
RTIGER_SNP50K	Zx.0570	PN8_SID757	3	105407343	106434286	2
RTIGER_SNP50K	Zx.0570	PN8_SID757	3	106497450	109338537	1
RTIGER_SNP50K	Zx.0570	PN8_SID757	3	109645930	110728452	2
RTIGER_SNP50K	Zx.0570	PN8_SID757	3	111046776	113256859	1
RTIGER_SNP50K	Zx.0570	PN8_SID757	3	113298088	113586422	2
RTIGER_SNP50K	Zx.0570	PN8_SID757	3	113647959	120922800	1
RTIGER_SNP50K	Zx.0570	PN8_SID757	3	121052626	121442219	2
RTIGER_SNP50K	Zx.0570	PN8_SID757	3	121513905	122427466	1
RTIGER_SNP50K	Zx.0570	PN8_SID757	3	122583048	122583056	2
RTIGER_SNP50K	Zx.0570	PN8_SID757	3	122722932	125237878	1
RTIGER_SNP50K	Zx.0570	PN8_SID757	3	125239676	126944346	2
RTIGER_SNP50K	Zx.0570	PN8_SID757	3	127200968	151518154	1
RTIGER_SNP50K	Zx.0570	PN8_SID757	3	151518368	153484967	2
RTIGER_SNP50K	Zx.0570	PN8_SID757	3	153720605	154319363	1
RTIGER_SNP50K	Zx.0570	PN8_SID757	3	154635181	155303518	2
RTIGER_SNP50K	Zx.0570	PN8_SID757	3	155304464	181329044	1
RTIGER_SNP50K	Zx.0570	PN8_SID757	3	181845760	236941170	0
RTIGER_SNP50K	Zx.0570	PN8_SID757	4	656190	249848884	0
RTIGER_SNP50K	Zx.0570	PN8_SID757	5	380675	226167943	0
RTIGER_SNP50K	Zx.0570	PN8_SID757	6	5514944	162505412	0
RTIGER_SNP50K	Zx.0570	PN8_SID757	6	162511157	162511160	2
RTIGER_SNP50K	Zx.0570	PN8_SID757	6	162627132	181186018	0
RTIGER_SNP50K	Zx.0570	PN8_SID757	7	271597	182511742	0
RTIGER_SNP50K	Zx.0570	PN8_SID757	7	182611241	183948078	1
RTIGER_SNP50K	Zx.0570	PN8_SID757	8	612104	177633396	0
RTIGER_SNP50K	Zx.0570	PN8_SID757	8	177733636	177915483	2
RTIGER_SNP50K	Zx.0570	PN8_SID757	8	178013095	182232061	1
RTIGER_SNP50K	Zx.0570	PN8_SID757	9	1749539	162808411	0
RTIGER_SNP50K	Zx.0570	PN8_SID757	10	94302	152327194	0
RTIGER_SNP50K	Zx.0570	PN8_SID758	1	287040	289610037	0
RTIGER_SNP50K	Zx.0570	PN8_SID758	1	289868177	301871489	1
RTIGER_SNP50K	Zx.0570	PN8_SID758	1	301889936	302508280	2
RTIGER_SNP50K	Zx.0570	PN8_SID758	1	302540924	308423707	0
RTIGER_SNP50K	Zx.0570	PN8_SID758	2	765963	243662959	0
RTIGER_SNP50K	Zx.0570	PN8_SID758	3	356143	236963193	0
RTIGER_SNP50K	Zx.0570	PN8_SID758	4	255421	16069153	0
RTIGER_SNP50K	Zx.0570	PN8_SID758	4	16073157	16137750	2
RTIGER_SNP50K	Zx.0570	PN8_SID758	4	16311516	22114270	1
RTIGER_SNP50K	Zx.0570	PN8_SID758	4	22438661	25289695	2
RTIGER_SNP50K	Zx.0570	PN8_SID758	4	25289737	31600635	1
RTIGER_SNP50K	Zx.0570	PN8_SID758	4	31887275	32086673	2
RTIGER_SNP50K	Zx.0570	PN8_SID758	4	32344306	32486871	1
RTIGER_SNP50K	Zx.0570	PN8_SID758	4	32487038	33693395	2
RTIGER_SNP50K	Zx.0570	PN8_SID758	4	33693537	40328298	1
RTIGER_SNP50K	Zx.0570	PN8_SID758	4	40620352	40847951	2
RTIGER_SNP50K	Zx.0570	PN8_SID758	4	40847965	52609911	1
RTIGER_SNP50K	Zx.0570	PN8_SID758	4	52771766	247712837	0
RTIGER_SNP50K	Zx.0570	PN8_SID758	4	247800316	249890511	1
RTIGER_SNP50K	Zx.0570	PN8_SID758	5	336374	226240113	0
RTIGER_SNP50K	Zx.0570	PN8_SID758	6	5514944	181203668	0
RTIGER_SNP50K	Zx.0570	PN8_SID758	7	343754	34639844	1
RTIGER_SNP50K	Zx.0570	PN8_SID758	7	34639992	183888455	0
RTIGER_SNP50K	Zx.0570	PN8_SID758	8	388196	182232061	0
RTIGER_SNP50K	Zx.0570	PN8_SID758	9	1566009	162646074	0
RTIGER_SNP50K	Zx.0570	PN8_SID758	10	94302	152302281	0
RTIGER_SNP50K	Zx.0570	PN8_SID759	1	287040	188693084	0
RTIGER_SNP50K	Zx.0570	PN8_SID759	1	188762151	204187086	1
RTIGER_SNP50K	Zx.0570	PN8_SID759	1	204187284	204344663	2
RTIGER_SNP50K	Zx.0570	PN8_SID759	1	204356600	283897859	1
RTIGER_SNP50K	Zx.0570	PN8_SID759	1	283959934	308427802	0
RTIGER_SNP50K	Zx.0570	PN8_SID759	2	175074	243390203	0
RTIGER_SNP50K	Zx.0570	PN8_SID759	3	810940	236963193	0
RTIGER_SNP50K	Zx.0570	PN8_SID759	4	638586	249888371	0
RTIGER_SNP50K	Zx.0570	PN8_SID759	5	336374	226227487	0
RTIGER_SNP50K	Zx.0570	PN8_SID759	6	5260376	180695783	0
RTIGER_SNP50K	Zx.0570	PN8_SID759	7	343733	9858976	1
RTIGER_SNP50K	Zx.0570	PN8_SID759	7	10266815	10334821	2
RTIGER_SNP50K	Zx.0570	PN8_SID759	7	10376712	24770947	1
RTIGER_SNP50K	Zx.0570	PN8_SID759	7	24848048	28925023	2
RTIGER_SNP50K	Zx.0570	PN8_SID759	7	29233305	30560142	1
RTIGER_SNP50K	Zx.0570	PN8_SID759	7	30695531	31223467	2
RTIGER_SNP50K	Zx.0570	PN8_SID759	7	32107155	33649270	1
RTIGER_SNP50K	Zx.0570	PN8_SID759	7	33992435	34639844	2
RTIGER_SNP50K	Zx.0570	PN8_SID759	7	34639992	40584403	1
RTIGER_SNP50K	Zx.0570	PN8_SID759	7	40679295	40805729	2
RTIGER_SNP50K	Zx.0570	PN8_SID759	7	40812114	42476737	1
RTIGER_SNP50K	Zx.0570	PN8_SID759	7	42681695	43751667	2
RTIGER_SNP50K	Zx.0570	PN8_SID759	7	43771075	44586269	1
RTIGER_SNP50K	Zx.0570	PN8_SID759	7	44610679	45175584	2
RTIGER_SNP50K	Zx.0570	PN8_SID759	7	45282788	52568571	1
RTIGER_SNP50K	Zx.0570	PN8_SID759	7	52669246	53193459	2
RTIGER_SNP50K	Zx.0570	PN8_SID759	7	53826510	78837318	1
RTIGER_SNP50K	Zx.0570	PN8_SID759	7	78871263	79542179	2
RTIGER_SNP50K	Zx.0570	PN8_SID759	7	79612699	83740557	1
RTIGER_SNP50K	Zx.0570	PN8_SID759	7	83840885	83965235	2
RTIGER_SNP50K	Zx.0570	PN8_SID759	7	84201683	88570957	1
RTIGER_SNP50K	Zx.0570	PN8_SID759	7	88672226	88861512	2
RTIGER_SNP50K	Zx.0570	PN8_SID759	7	89057013	90232643	1
RTIGER_SNP50K	Zx.0570	PN8_SID759	7	90652357	91015365	2
RTIGER_SNP50K	Zx.0570	PN8_SID759	7	91102569	99891096	1
RTIGER_SNP50K	Zx.0570	PN8_SID759	7	99924229	100003061	2
RTIGER_SNP50K	Zx.0570	PN8_SID759	7	100392177	105602880	1
RTIGER_SNP50K	Zx.0570	PN8_SID759	7	106036151	106322802	2
RTIGER_SNP50K	Zx.0570	PN8_SID759	7	106645129	126669696	1
RTIGER_SNP50K	Zx.0570	PN8_SID759	7	126953159	128788682	2
RTIGER_SNP50K	Zx.0570	PN8_SID759	7	129055139	129055154	1
RTIGER_SNP50K	Zx.0570	PN8_SID759	7	129293149	132901509	2
RTIGER_SNP50K	Zx.0570	PN8_SID759	7	132903224	134567799	1
RTIGER_SNP50K	Zx.0570	PN8_SID759	7	134730898	134910267	2
RTIGER_SNP50K	Zx.0570	PN8_SID759	7	135193607	140618493	1
RTIGER_SNP50K	Zx.0570	PN8_SID759	7	140632925	141752300	2
RTIGER_SNP50K	Zx.0570	PN8_SID759	7	141802980	142662567	1
RTIGER_SNP50K	Zx.0570	PN8_SID759	7	142662569	145184090	2
RTIGER_SNP50K	Zx.0570	PN8_SID759	7	145603884	152664105	1
RTIGER_SNP50K	Zx.0570	PN8_SID759	7	152704908	183952244	0
RTIGER_SNP50K	Zx.0570	PN8_SID759	8	354736	388206	2
RTIGER_SNP50K	Zx.0570	PN8_SID759	8	390796	29469860	1
RTIGER_SNP50K	Zx.0570	PN8_SID759	8	29816720	30846543	2
RTIGER_SNP50K	Zx.0570	PN8_SID759	8	33551448	63300658	1
RTIGER_SNP50K	Zx.0570	PN8_SID759	8	63337050	182172937	0
RTIGER_SNP50K	Zx.0570	PN8_SID759	9	2119974	162809802	0
RTIGER_SNP50K	Zx.0570	PN8_SID759	10	94302	152395252	0
RTIGER_SNP50K	Zx.0570	PN8_SID760	1	287040	1269153	1
RTIGER_SNP50K	Zx.0570	PN8_SID760	1	1796023	2418340	2
RTIGER_SNP50K	Zx.0570	PN8_SID760	1	2765898	6198064	1
RTIGER_SNP50K	Zx.0570	PN8_SID760	1	6362484	57398984	0
RTIGER_SNP50K	Zx.0570	PN8_SID760	1	57944803	73772695	1
RTIGER_SNP50K	Zx.0570	PN8_SID760	1	74383922	75374437	2
RTIGER_SNP50K	Zx.0570	PN8_SID760	1	75395896	79391566	1
RTIGER_SNP50K	Zx.0570	PN8_SID760	1	79395872	81868656	2
RTIGER_SNP50K	Zx.0570	PN8_SID760	1	81907606	88914820	1
RTIGER_SNP50K	Zx.0570	PN8_SID760	1	89115235	92816014	2
RTIGER_SNP50K	Zx.0570	PN8_SID760	1	92923459	113159627	1
RTIGER_SNP50K	Zx.0570	PN8_SID760	1	113769456	114032463	2
RTIGER_SNP50K	Zx.0570	PN8_SID760	1	114197618	117069069	1
RTIGER_SNP50K	Zx.0570	PN8_SID760	1	117089374	117623316	2
RTIGER_SNP50K	Zx.0570	PN8_SID760	1	117893543	123816834	1
RTIGER_SNP50K	Zx.0570	PN8_SID760	1	123875762	124315824	2
RTIGER_SNP50K	Zx.0570	PN8_SID760	1	124322516	143012631	0
RTIGER_SNP50K	Zx.0570	PN8_SID760	1	143114775	144453447	1
RTIGER_SNP50K	Zx.0570	PN8_SID760	1	144518143	144918815	2
RTIGER_SNP50K	Zx.0570	PN8_SID760	1	145027010	145872384	1
RTIGER_SNP50K	Zx.0570	PN8_SID760	1	145883165	146018199	2
RTIGER_SNP50K	Zx.0570	PN8_SID760	1	146116825	146830635	1
RTIGER_SNP50K	Zx.0570	PN8_SID760	1	146927118	147652068	2
RTIGER_SNP50K	Zx.0570	PN8_SID760	1	147850132	148814133	1
RTIGER_SNP50K	Zx.0570	PN8_SID760	1	148868848	149337911	2
RTIGER_SNP50K	Zx.0570	PN8_SID760	1	149510022	149614822	1
RTIGER_SNP50K	Zx.0570	PN8_SID760	1	149771974	150489801	2
RTIGER_SNP50K	Zx.0570	PN8_SID760	1	150514202	163422657	1
RTIGER_SNP50K	Zx.0570	PN8_SID760	1	163608045	164004421	2
RTIGER_SNP50K	Zx.0570	PN8_SID760	1	164550716	192266659	0
RTIGER_SNP50K	Zx.0570	PN8_SID760	1	192267026	222171698	1
RTIGER_SNP50K	Zx.0570	PN8_SID760	1	222361648	223229486	2
RTIGER_SNP50K	Zx.0570	PN8_SID760	1	223751372	225733746	1
RTIGER_SNP50K	Zx.0570	PN8_SID760	1	225854442	281248902	0
RTIGER_SNP50K	Zx.0570	PN8_SID760	1	281582806	286759562	1
RTIGER_SNP50K	Zx.0570	PN8_SID760	1	287478002	288571755	2
RTIGER_SNP50K	Zx.0570	PN8_SID760	1	288754683	308423715	1
RTIGER_SNP50K	Zx.0570	PN8_SID760	2	299852	241724493	0
RTIGER_SNP50K	Zx.0570	PN8_SID760	2	241867146	243390203	1
RTIGER_SNP50K	Zx.0570	PN8_SID760	3	356143	236939523	0
RTIGER_SNP50K	Zx.0570	PN8_SID760	4	255421	16034012	0
RTIGER_SNP50K	Zx.0570	PN8_SID760	4	16073157	16609362	1
RTIGER_SNP50K	Zx.0570	PN8_SID760	4	16655006	17273070	2
RTIGER_SNP50K	Zx.0570	PN8_SID760	4	17383881	20263316	1
RTIGER_SNP50K	Zx.0570	PN8_SID760	4	20266139	20810411	2
RTIGER_SNP50K	Zx.0570	PN8_SID760	4	21195601	23029869	1
RTIGER_SNP50K	Zx.0570	PN8_SID760	4	23284364	25077649	2
RTIGER_SNP50K	Zx.0570	PN8_SID760	4	25341414	37306098	1
RTIGER_SNP50K	Zx.0570	PN8_SID760	4	37544140	38335794	2
RTIGER_SNP50K	Zx.0570	PN8_SID760	4	38499229	46928800	1
RTIGER_SNP50K	Zx.0570	PN8_SID760	4	47206910	47342006	2
RTIGER_SNP50K	Zx.0570	PN8_SID760	4	47342017	55508751	1
RTIGER_SNP50K	Zx.0570	PN8_SID760	4	55680897	55856806	2
RTIGER_SNP50K	Zx.0570	PN8_SID760	4	56734659	68271340	1
RTIGER_SNP50K	Zx.0570	PN8_SID760	4	68414330	68574717	2
RTIGER_SNP50K	Zx.0570	PN8_SID760	4	68847739	151274619	1
RTIGER_SNP50K	Zx.0570	PN8_SID760	4	151390046	153632125	2
RTIGER_SNP50K	Zx.0570	PN8_SID760	4	153739667	154052545	1
RTIGER_SNP50K	Zx.0570	PN8_SID760	4	154056668	155521374	2
RTIGER_SNP50K	Zx.0570	PN8_SID760	4	156044019	174380257	1
RTIGER_SNP50K	Zx.0570	PN8_SID760	4	174524805	176162591	2
RTIGER_SNP50K	Zx.0570	PN8_SID760	4	176203329	182337223	1
RTIGER_SNP50K	Zx.0570	PN8_SID760	4	182375133	184760859	2
RTIGER_SNP50K	Zx.0570	PN8_SID760	4	184910620	186668791	1
RTIGER_SNP50K	Zx.0570	PN8_SID760	4	186903423	187951660	2
RTIGER_SNP50K	Zx.0570	PN8_SID760	4	188556819	192249825	1
RTIGER_SNP50K	Zx.0570	PN8_SID760	4	192251300	194909557	2
RTIGER_SNP50K	Zx.0570	PN8_SID760	4	195132906	195273895	1
RTIGER_SNP50K	Zx.0570	PN8_SID760	4	195276536	195472361	2
RTIGER_SNP50K	Zx.0570	PN8_SID760	4	195581938	203533062	1
RTIGER_SNP50K	Zx.0570	PN8_SID760	4	203623104	203762656	2
RTIGER_SNP50K	Zx.0570	PN8_SID760	4	203775802	206206391	1
RTIGER_SNP50K	Zx.0570	PN8_SID760	4	206218614	207682495	2
RTIGER_SNP50K	Zx.0570	PN8_SID760	4	207749675	212701646	1
RTIGER_SNP50K	Zx.0570	PN8_SID760	4	212903581	213418052	2
RTIGER_SNP50K	Zx.0570	PN8_SID760	4	213485495	225154118	1
RTIGER_SNP50K	Zx.0570	PN8_SID760	4	225242999	225326769	2
RTIGER_SNP50K	Zx.0570	PN8_SID760	4	225410982	228749781	1
RTIGER_SNP50K	Zx.0570	PN8_SID760	4	228859767	230026786	2
RTIGER_SNP50K	Zx.0570	PN8_SID760	4	230321580	231737927	1
RTIGER_SNP50K	Zx.0570	PN8_SID760	4	233954331	235458673	2
RTIGER_SNP50K	Zx.0570	PN8_SID760	4	235475200	249888371	1
RTIGER_SNP50K	Zx.0570	PN8_SID760	5	380675	226167943	0
RTIGER_SNP50K	Zx.0570	PN8_SID760	6	5514944	6159988	2
RTIGER_SNP50K	Zx.0570	PN8_SID760	6	6350228	50327892	1
RTIGER_SNP50K	Zx.0570	PN8_SID760	6	50738624	52709186	2
RTIGER_SNP50K	Zx.0570	PN8_SID760	6	52912982	62276705	0
RTIGER_SNP50K	Zx.0570	PN8_SID760	6	62554273	63289558	1
RTIGER_SNP50K	Zx.0570	PN8_SID760	6	63542628	65059931	2
RTIGER_SNP50K	Zx.0570	PN8_SID760	6	65805498	66417286	1
RTIGER_SNP50K	Zx.0570	PN8_SID760	6	66894824	67653949	2
RTIGER_SNP50K	Zx.0570	PN8_SID760	6	68036134	69595753	1
RTIGER_SNP50K	Zx.0570	PN8_SID760	6	69944252	70278003	2
RTIGER_SNP50K	Zx.0570	PN8_SID760	6	70348336	75114994	1
RTIGER_SNP50K	Zx.0570	PN8_SID760	6	75171854	76408198	2
RTIGER_SNP50K	Zx.0570	PN8_SID760	6	76659990	80189835	1
RTIGER_SNP50K	Zx.0570	PN8_SID760	6	80189837	80646777	2
RTIGER_SNP50K	Zx.0570	PN8_SID760	6	80942790	81695041	1
RTIGER_SNP50K	Zx.0570	PN8_SID760	6	81695052	82568399	2
RTIGER_SNP50K	Zx.0570	PN8_SID760	6	82777142	88612109	1
RTIGER_SNP50K	Zx.0570	PN8_SID760	6	88616187	180695783	0
RTIGER_SNP50K	Zx.0570	PN8_SID760	7	419164	18668392	0
RTIGER_SNP50K	Zx.0570	PN8_SID760	7	18730933	19554968	2
RTIGER_SNP50K	Zx.0570	PN8_SID760	7	19584532	32399257	1
RTIGER_SNP50K	Zx.0570	PN8_SID760	7	32950359	33152496	2
RTIGER_SNP50K	Zx.0570	PN8_SID760	7	33189884	42269931	1
RTIGER_SNP50K	Zx.0570	PN8_SID760	7	42681695	42718164	2
RTIGER_SNP50K	Zx.0570	PN8_SID760	7	42718184	43043496	1
RTIGER_SNP50K	Zx.0570	PN8_SID760	7	43422919	43601684	2
RTIGER_SNP50K	Zx.0570	PN8_SID760	7	43625984	66488682	1
RTIGER_SNP50K	Zx.0570	PN8_SID760	7	66581407	73551623	0
RTIGER_SNP50K	Zx.0570	PN8_SID760	7	73994664	93520682	1
RTIGER_SNP50K	Zx.0570	PN8_SID760	7	94208533	94309793	2
RTIGER_SNP50K	Zx.0570	PN8_SID760	7	94386597	105976889	1
RTIGER_SNP50K	Zx.0570	PN8_SID760	7	106328494	183980739	0
RTIGER_SNP50K	Zx.0570	PN8_SID760	8	328238	182167615	0
RTIGER_SNP50K	Zx.0570	PN8_SID760	9	1566009	162809802	0
RTIGER_SNP50K	Zx.0570	PN8_SID760	10	183757	152340819	0
RTIGER_SNP50K	Zx.0570	PN8_SID761	1	29860	44979578	0
RTIGER_SNP50K	Zx.0570	PN8_SID761	1	44980905	48079709	1
RTIGER_SNP50K	Zx.0570	PN8_SID761	1	48080733	48080738	2
RTIGER_SNP50K	Zx.0570	PN8_SID761	1	48155030	72130178	1
RTIGER_SNP50K	Zx.0570	PN8_SID761	1	72679050	72819543	2
RTIGER_SNP50K	Zx.0570	PN8_SID761	1	72907418	183183084	0
RTIGER_SNP50K	Zx.0570	PN8_SID761	1	183185335	186078881	2
RTIGER_SNP50K	Zx.0570	PN8_SID761	1	186367525	188762986	1
RTIGER_SNP50K	Zx.0570	PN8_SID761	1	188766387	192269097	2
RTIGER_SNP50K	Zx.0570	PN8_SID761	1	192548489	198778526	1
RTIGER_SNP50K	Zx.0570	PN8_SID761	1	198847481	199147071	2
RTIGER_SNP50K	Zx.0570	PN8_SID761	1	199359281	204005572	1
RTIGER_SNP50K	Zx.0570	PN8_SID761	1	204187284	204441633	2
RTIGER_SNP50K	Zx.0570	PN8_SID761	1	204783488	205236339	1
RTIGER_SNP50K	Zx.0570	PN8_SID761	1	205335196	205907441	2
RTIGER_SNP50K	Zx.0570	PN8_SID761	1	206528733	217411898	0
RTIGER_SNP50K	Zx.0570	PN8_SID761	1	217438913	271080788	1
RTIGER_SNP50K	Zx.0570	PN8_SID761	1	271313139	284862288	0
RTIGER_SNP50K	Zx.0570	PN8_SID761	1	285121618	293175745	1
RTIGER_SNP50K	Zx.0570	PN8_SID761	1	293268943	293496360	2
RTIGER_SNP50K	Zx.0570	PN8_SID761	1	293517329	298665840	1
RTIGER_SNP50K	Zx.0570	PN8_SID761	1	298807750	299917063	2
RTIGER_SNP50K	Zx.0570	PN8_SID761	1	300071491	308427802	1
RTIGER_SNP50K	Zx.0570	PN8_SID761	2	75371	228296074	0
RTIGER_SNP50K	Zx.0570	PN8_SID761	2	228296282	228449875	2
RTIGER_SNP50K	Zx.0570	PN8_SID761	2	228509070	235633649	1
RTIGER_SNP50K	Zx.0570	PN8_SID761	2	235661834	237231307	2
RTIGER_SNP50K	Zx.0570	PN8_SID761	2	237232847	241502942	1
RTIGER_SNP50K	Zx.0570	PN8_SID761	2	241660101	243555257	0
RTIGER_SNP50K	Zx.0570	PN8_SID761	3	147823	38894856	0
RTIGER_SNP50K	Zx.0570	PN8_SID761	3	39106044	39106077	2
RTIGER_SNP50K	Zx.0570	PN8_SID761	3	39577021	236939523	0
RTIGER_SNP50K	Zx.0570	PN8_SID761	4	514639	36169656	0
RTIGER_SNP50K	Zx.0570	PN8_SID761	4	36173538	53845825	1
RTIGER_SNP50K	Zx.0570	PN8_SID761	4	53918454	79659595	0
RTIGER_SNP50K	Zx.0570	PN8_SID761	4	79829146	92887781	1
RTIGER_SNP50K	Zx.0570	PN8_SID761	4	93012403	102196603	0
RTIGER_SNP50K	Zx.0570	PN8_SID761	4	102309418	128602605	1
RTIGER_SNP50K	Zx.0570	PN8_SID761	4	128883323	234663097	0
RTIGER_SNP50K	Zx.0570	PN8_SID761	4	234743293	235458673	2
RTIGER_SNP50K	Zx.0570	PN8_SID761	4	235706159	237822624	1
RTIGER_SNP50K	Zx.0570	PN8_SID761	4	237840518	249848884	0
RTIGER_SNP50K	Zx.0570	PN8_SID761	5	336374	226234983	0
RTIGER_SNP50K	Zx.0570	PN8_SID761	6	5679415	14804740	1
RTIGER_SNP50K	Zx.0570	PN8_SID761	6	15096866	181203668	0
RTIGER_SNP50K	Zx.0570	PN8_SID761	7	387430	113842424	0
RTIGER_SNP50K	Zx.0570	PN8_SID761	7	114192599	152100293	1
RTIGER_SNP50K	Zx.0570	PN8_SID761	7	152262627	183979058	0
RTIGER_SNP50K	Zx.0570	PN8_SID761	8	328238	182167615	0
RTIGER_SNP50K	Zx.0570	PN8_SID761	9	1566009	162809802	0
RTIGER_SNP50K	Zx.0570	PN8_SID761	10	94302	152327194	0
RTIGER_SNP50K	Zx.0570	PN8_SID762	1	287040	177114848	0
RTIGER_SNP50K	Zx.0570	PN8_SID762	1	177469162	180767258	1
RTIGER_SNP50K	Zx.0570	PN8_SID762	1	180912986	181125174	2
RTIGER_SNP50K	Zx.0570	PN8_SID762	1	181360979	183183084	1
RTIGER_SNP50K	Zx.0570	PN8_SID762	1	183185335	187164387	2
RTIGER_SNP50K	Zx.0570	PN8_SID762	1	187301551	198778526	1
RTIGER_SNP50K	Zx.0570	PN8_SID762	1	198790087	199147065	2
RTIGER_SNP50K	Zx.0570	PN8_SID762	1	199359281	206658036	1
RTIGER_SNP50K	Zx.0570	PN8_SID762	1	207233076	207755979	2
RTIGER_SNP50K	Zx.0570	PN8_SID762	1	208176227	212131686	1
RTIGER_SNP50K	Zx.0570	PN8_SID762	1	212237052	212436814	2
RTIGER_SNP50K	Zx.0570	PN8_SID762	1	212443211	273378162	0
RTIGER_SNP50K	Zx.0570	PN8_SID762	1	273566470	274552711	1
RTIGER_SNP50K	Zx.0570	PN8_SID762	1	274715879	275455393	2
RTIGER_SNP50K	Zx.0570	PN8_SID762	1	275524270	276456328	1
RTIGER_SNP50K	Zx.0570	PN8_SID762	1	276585171	276974108	2
RTIGER_SNP50K	Zx.0570	PN8_SID762	1	277359001	290979927	1
RTIGER_SNP50K	Zx.0570	PN8_SID762	1	291490174	292009584	2
RTIGER_SNP50K	Zx.0570	PN8_SID762	1	292021861	308423715	1
RTIGER_SNP50K	Zx.0570	PN8_SID762	2	75371	243522232	0
RTIGER_SNP50K	Zx.0570	PN8_SID762	3	1057368	236821697	0
RTIGER_SNP50K	Zx.0570	PN8_SID762	4	514639	249925783	0
RTIGER_SNP50K	Zx.0570	PN8_SID762	5	384878	226167943	0
RTIGER_SNP50K	Zx.0570	PN8_SID762	6	5260376	181187587	0
RTIGER_SNP50K	Zx.0570	PN8_SID762	7	419164	176589725	0
RTIGER_SNP50K	Zx.0570	PN8_SID762	7	176679418	180609447	1
RTIGER_SNP50K	Zx.0570	PN8_SID762	7	180696990	183951173	0
RTIGER_SNP50K	Zx.0570	PN8_SID762	8	328238	153057997	0
RTIGER_SNP50K	Zx.0570	PN8_SID762	8	153109397	158125149	1
RTIGER_SNP50K	Zx.0570	PN8_SID762	8	158139949	158140622	2
RTIGER_SNP50K	Zx.0570	PN8_SID762	8	158356415	175865082	1
RTIGER_SNP50K	Zx.0570	PN8_SID762	8	176319158	182232061	0
RTIGER_SNP50K	Zx.0570	PN8_SID762	9	2208406	6835842	1
RTIGER_SNP50K	Zx.0570	PN8_SID762	9	7032645	7270454	2
RTIGER_SNP50K	Zx.0570	PN8_SID762	9	7270658	21248000	1
RTIGER_SNP50K	Zx.0570	PN8_SID762	9	21431581	22320721	2
RTIGER_SNP50K	Zx.0570	PN8_SID762	9	22463199	44590883	1
RTIGER_SNP50K	Zx.0570	PN8_SID762	9	44971242	131135688	0
RTIGER_SNP50K	Zx.0570	PN8_SID762	9	131155810	133687778	1
RTIGER_SNP50K	Zx.0570	PN8_SID762	9	133746343	134436564	2
RTIGER_SNP50K	Zx.0570	PN8_SID762	9	134469421	150555476	1
RTIGER_SNP50K	Zx.0570	PN8_SID762	9	150715128	162547212	0
RTIGER_SNP50K	Zx.0570	PN8_SID762	10	183757	152340819	0
RTIGER_SNP50K	Zx.0570	PN8_SID763	1	29860	308295570	0
RTIGER_SNP50K	Zx.0570	PN8_SID763	2	350925	29705931	0
RTIGER_SNP50K	Zx.0570	PN8_SID763	2	30151408	148713895	1
RTIGER_SNP50K	Zx.0570	PN8_SID763	2	148744325	218636551	0
RTIGER_SNP50K	Zx.0570	PN8_SID763	2	218689607	224587788	1
RTIGER_SNP50K	Zx.0570	PN8_SID763	2	224729100	226857407	2
RTIGER_SNP50K	Zx.0570	PN8_SID763	2	226975774	227196485	1
RTIGER_SNP50K	Zx.0570	PN8_SID763	2	227199393	227409953	2
RTIGER_SNP50K	Zx.0570	PN8_SID763	2	227420119	229705040	1
RTIGER_SNP50K	Zx.0570	PN8_SID763	2	229934462	230425947	2
RTIGER_SNP50K	Zx.0570	PN8_SID763	2	230425990	230693060	1
RTIGER_SNP50K	Zx.0570	PN8_SID763	2	230758815	231099045	2
RTIGER_SNP50K	Zx.0570	PN8_SID763	2	231236291	235661527	1
RTIGER_SNP50K	Zx.0570	PN8_SID763	2	235661834	236039807	2
RTIGER_SNP50K	Zx.0570	PN8_SID763	2	236062675	243212837	1
RTIGER_SNP50K	Zx.0570	PN8_SID763	2	243390203	243662959	2
RTIGER_SNP50K	Zx.0570	PN8_SID763	3	1057368	236963193	0
RTIGER_SNP50K	Zx.0570	PN8_SID763	4	255421	11699837	0
RTIGER_SNP50K	Zx.0570	PN8_SID763	4	11718003	15911851	1
RTIGER_SNP50K	Zx.0570	PN8_SID763	4	16069153	151274619	0
RTIGER_SNP50K	Zx.0570	PN8_SID763	4	151562766	154111785	2
RTIGER_SNP50K	Zx.0570	PN8_SID763	4	154400988	157977034	1
RTIGER_SNP50K	Zx.0570	PN8_SID763	4	158086888	158179581	2
RTIGER_SNP50K	Zx.0570	PN8_SID763	4	158221932	170912390	1
RTIGER_SNP50K	Zx.0570	PN8_SID763	4	171059010	249925783	0
RTIGER_SNP50K	Zx.0570	PN8_SID763	5	322588	226227487	0
RTIGER_SNP50K	Zx.0570	PN8_SID763	6	5720392	181203668	0
RTIGER_SNP50K	Zx.0570	PN8_SID763	7	83761	152738409	0
RTIGER_SNP50K	Zx.0570	PN8_SID763	7	152873201	172665463	1
RTIGER_SNP50K	Zx.0570	PN8_SID763	7	173343247	173710682	2
RTIGER_SNP50K	Zx.0570	PN8_SID763	7	173844792	176408296	1
RTIGER_SNP50K	Zx.0570	PN8_SID763	7	176668940	177031823	2
RTIGER_SNP50K	Zx.0570	PN8_SID763	7	177155660	181573004	1
RTIGER_SNP50K	Zx.0570	PN8_SID763	7	181573091	181808766	2
RTIGER_SNP50K	Zx.0570	PN8_SID763	7	181891026	183980739	0
RTIGER_SNP50K	Zx.0570	PN8_SID763	8	354973	6914799	1
RTIGER_SNP50K	Zx.0570	PN8_SID763	8	6918904	7294616	2
RTIGER_SNP50K	Zx.0570	PN8_SID763	8	7297536	43399180	1
RTIGER_SNP50K	Zx.0570	PN8_SID763	8	43565438	43706191	2
RTIGER_SNP50K	Zx.0570	PN8_SID763	8	43820726	46542580	1
RTIGER_SNP50K	Zx.0570	PN8_SID763	8	46635171	46635271	2
RTIGER_SNP50K	Zx.0570	PN8_SID763	8	46771026	81698658	1
RTIGER_SNP50K	Zx.0570	PN8_SID763	8	82053113	182218389	0
RTIGER_SNP50K	Zx.0570	PN8_SID763	9	1749539	162809802	0
RTIGER_SNP50K	Zx.0570	PN8_SID763	10	94302	152395252	0
RTIGER_SNP50K	Zx.0570	PN8_SID764	1	29860	31502544	0
RTIGER_SNP50K	Zx.0570	PN8_SID764	1	31588279	48038121	1
RTIGER_SNP50K	Zx.0570	PN8_SID764	1	48080733	48080738	2
RTIGER_SNP50K	Zx.0570	PN8_SID764	1	48349667	65501056	1
RTIGER_SNP50K	Zx.0570	PN8_SID764	1	65580223	308423715	0
RTIGER_SNP50K	Zx.0570	PN8_SID764	2	76737	219740719	0
RTIGER_SNP50K	Zx.0570	PN8_SID764	2	219833824	226713813	1
RTIGER_SNP50K	Zx.0570	PN8_SID764	2	226857407	226976079	2
RTIGER_SNP50K	Zx.0570	PN8_SID764	2	227087192	229935711	1
RTIGER_SNP50K	Zx.0570	PN8_SID764	2	230119400	231546058	2
RTIGER_SNP50K	Zx.0570	PN8_SID764	2	231844429	242291997	1
RTIGER_SNP50K	Zx.0570	PN8_SID764	2	242486458	242584751	2
RTIGER_SNP50K	Zx.0570	PN8_SID764	2	242634438	243271075	1
RTIGER_SNP50K	Zx.0570	PN8_SID764	3	356143	236740451	0
RTIGER_SNP50K	Zx.0570	PN8_SID764	4	255421	4397657	1
RTIGER_SNP50K	Zx.0570	PN8_SID764	4	4918843	5713109	2
RTIGER_SNP50K	Zx.0570	PN8_SID764	4	5713395	5849099	1
RTIGER_SNP50K	Zx.0570	PN8_SID764	4	5870431	6087697	2
RTIGER_SNP50K	Zx.0570	PN8_SID764	4	6188418	249833858	0
RTIGER_SNP50K	Zx.0570	PN8_SID764	5	322588	225652446	0
RTIGER_SNP50K	Zx.0570	PN8_SID764	6	5720392	181186018	0
RTIGER_SNP50K	Zx.0570	PN8_SID764	7	387430	166038318	0
RTIGER_SNP50K	Zx.0570	PN8_SID764	7	166509301	174799576	1
RTIGER_SNP50K	Zx.0570	PN8_SID764	7	174931860	174931891	2
RTIGER_SNP50K	Zx.0570	PN8_SID764	7	174971454	177498249	1
RTIGER_SNP50K	Zx.0570	PN8_SID764	7	177911732	177961449	2
RTIGER_SNP50K	Zx.0570	PN8_SID764	7	177964611	181573091	1
RTIGER_SNP50K	Zx.0570	PN8_SID764	7	181684049	183979058	0
RTIGER_SNP50K	Zx.0570	PN8_SID764	8	354736	105574204	0
RTIGER_SNP50K	Zx.0570	PN8_SID764	8	105665449	173570206	1
RTIGER_SNP50K	Zx.0570	PN8_SID764	8	173725885	182167615	0
RTIGER_SNP50K	Zx.0570	PN8_SID764	9	2749898	33273025	1
RTIGER_SNP50K	Zx.0570	PN8_SID764	9	33514674	33712312	2
RTIGER_SNP50K	Zx.0570	PN8_SID764	9	33854889	46511894	1
RTIGER_SNP50K	Zx.0570	PN8_SID764	9	47059159	48208372	2
RTIGER_SNP50K	Zx.0570	PN8_SID764	9	48219463	79650799	1
RTIGER_SNP50K	Zx.0570	PN8_SID764	9	80833788	82783343	2
RTIGER_SNP50K	Zx.0570	PN8_SID764	9	82931679	118896999	1
RTIGER_SNP50K	Zx.0570	PN8_SID764	9	118938313	162809802	0
RTIGER_SNP50K	Zx.0570	PN8_SID764	10	189114	149826512	0
RTIGER_SNP50K	Zx.0570	PN8_SID764	10	150132678	152276050	1
RTIGER_SNP50K	Zx.0570	PN8_SID765	1	425521	46675134	0
RTIGER_SNP50K	Zx.0570	PN8_SID765	1	46755331	80550174	1
RTIGER_SNP50K	Zx.0570	PN8_SID765	1	80915949	308330385	0
RTIGER_SNP50K	Zx.0570	PN8_SID765	2	75383	40695750	0
RTIGER_SNP50K	Zx.0570	PN8_SID765	2	41029058	73494250	1
RTIGER_SNP50K	Zx.0570	PN8_SID765	2	73548172	73867814	2
RTIGER_SNP50K	Zx.0570	PN8_SID765	2	73868973	88747259	1
RTIGER_SNP50K	Zx.0570	PN8_SID765	2	88749566	88749587	2
RTIGER_SNP50K	Zx.0570	PN8_SID765	2	88750464	91161319	1
RTIGER_SNP50K	Zx.0570	PN8_SID765	2	91170529	94258516	0
RTIGER_SNP50K	Zx.0570	PN8_SID765	2	94274075	94416075	1
RTIGER_SNP50K	Zx.0570	PN8_SID765	2	94480870	94816689	2
RTIGER_SNP50K	Zx.0570	PN8_SID765	2	94931179	100334756	1
RTIGER_SNP50K	Zx.0570	PN8_SID765	2	100454826	101600797	2
RTIGER_SNP50K	Zx.0570	PN8_SID765	2	101602483	155047145	1
RTIGER_SNP50K	Zx.0570	PN8_SID765	2	155437631	156262941	2
RTIGER_SNP50K	Zx.0570	PN8_SID765	2	156366491	190114002	1
RTIGER_SNP50K	Zx.0570	PN8_SID765	2	190143725	243522232	0
RTIGER_SNP50K	Zx.0570	PN8_SID765	3	147823	236963193	0
RTIGER_SNP50K	Zx.0570	PN8_SID765	4	514639	198055755	0
RTIGER_SNP50K	Zx.0570	PN8_SID765	4	198128746	215166624	1
RTIGER_SNP50K	Zx.0570	PN8_SID765	4	215191343	215194795	2
RTIGER_SNP50K	Zx.0570	PN8_SID765	4	215195893	237069622	1
RTIGER_SNP50K	Zx.0570	PN8_SID765	4	237077211	237077297	2
RTIGER_SNP50K	Zx.0570	PN8_SID765	4	237176249	249801221	0
RTIGER_SNP50K	Zx.0570	PN8_SID765	5	336374	226227487	0
RTIGER_SNP50K	Zx.0570	PN8_SID765	6	5514944	181187587	0
RTIGER_SNP50K	Zx.0570	PN8_SID765	7	271597	147688548	0
RTIGER_SNP50K	Zx.0570	PN8_SID765	7	147734489	154077019	1
RTIGER_SNP50K	Zx.0570	PN8_SID765	7	154100166	170868893	0
RTIGER_SNP50K	Zx.0570	PN8_SID765	7	170898195	181520420	1
RTIGER_SNP50K	Zx.0570	PN8_SID765	7	181680919	181680937	2
RTIGER_SNP50K	Zx.0570	PN8_SID765	7	181684049	182466238	1
RTIGER_SNP50K	Zx.0570	PN8_SID765	7	182522748	183967464	0
RTIGER_SNP50K	Zx.0570	PN8_SID765	8	355021	182232061	0
RTIGER_SNP50K	Zx.0570	PN8_SID765	9	1566009	162808411	0
RTIGER_SNP50K	Zx.0570	PN8_SID765	10	183757	152276050	0
RTIGER_SNP50K	Zx.0570	PN8_SID766	1	287040	39587230	0
RTIGER_SNP50K	Zx.0570	PN8_SID766	1	39621739	44668861	1
RTIGER_SNP50K	Zx.0570	PN8_SID766	1	44849111	45013850	2
RTIGER_SNP50K	Zx.0570	PN8_SID766	1	45063360	308330525	0
RTIGER_SNP50K	Zx.0570	PN8_SID766	2	75371	7849611	0
RTIGER_SNP50K	Zx.0570	PN8_SID766	2	8942696	9808111	1
RTIGER_SNP50K	Zx.0570	PN8_SID766	2	9815406	10450061	2
RTIGER_SNP50K	Zx.0570	PN8_SID766	2	10489712	214213596	0
RTIGER_SNP50K	Zx.0570	PN8_SID766	2	214583310	234487402	1
RTIGER_SNP50K	Zx.0570	PN8_SID766	2	234490607	243522232	0
RTIGER_SNP50K	Zx.0570	PN8_SID766	3	147823	236963193	0
RTIGER_SNP50K	Zx.0570	PN8_SID766	4	425542	11245768	0
RTIGER_SNP50K	Zx.0570	PN8_SID766	4	11271101	33819413	1
RTIGER_SNP50K	Zx.0570	PN8_SID766	4	33819556	34590747	2
RTIGER_SNP50K	Zx.0570	PN8_SID766	4	34755102	40620352	1
RTIGER_SNP50K	Zx.0570	PN8_SID766	4	40756503	40847951	2
RTIGER_SNP50K	Zx.0570	PN8_SID766	4	40847965	57292272	1
RTIGER_SNP50K	Zx.0570	PN8_SID766	4	57447093	77574155	0
RTIGER_SNP50K	Zx.0570	PN8_SID766	4	77666076	159415981	1
RTIGER_SNP50K	Zx.0570	PN8_SID766	4	159999796	159999833	2
RTIGER_SNP50K	Zx.0570	PN8_SID766	4	160135859	174670767	1
RTIGER_SNP50K	Zx.0570	PN8_SID766	4	174853899	176196000	2
RTIGER_SNP50K	Zx.0570	PN8_SID766	4	176419946	176573600	1
RTIGER_SNP50K	Zx.0570	PN8_SID766	4	176573654	176939447	2
RTIGER_SNP50K	Zx.0570	PN8_SID766	4	178106724	180802007	1
RTIGER_SNP50K	Zx.0570	PN8_SID766	4	181098717	181853574	2
RTIGER_SNP50K	Zx.0570	PN8_SID766	4	181853611	183693179	1
RTIGER_SNP50K	Zx.0570	PN8_SID766	4	183935416	184590130	2
RTIGER_SNP50K	Zx.0570	PN8_SID766	4	184752129	186663594	1
RTIGER_SNP50K	Zx.0570	PN8_SID766	4	186668548	188078999	2
RTIGER_SNP50K	Zx.0570	PN8_SID766	4	188254535	190869402	1
RTIGER_SNP50K	Zx.0570	PN8_SID766	4	190937956	191266696	2
RTIGER_SNP50K	Zx.0570	PN8_SID766	4	191432801	192316462	1
RTIGER_SNP50K	Zx.0570	PN8_SID766	4	192339295	193135311	2
RTIGER_SNP50K	Zx.0570	PN8_SID766	4	193420824	202113706	1
RTIGER_SNP50K	Zx.0570	PN8_SID766	4	202128078	249612667	0
RTIGER_SNP50K	Zx.0570	PN8_SID766	5	690135	1169349	1
RTIGER_SNP50K	Zx.0570	PN8_SID766	5	1173277	1441168	2
RTIGER_SNP50K	Zx.0570	PN8_SID766	5	1628749	226240113	0
RTIGER_SNP50K	Zx.0570	PN8_SID766	6	5514944	180695783	0
RTIGER_SNP50K	Zx.0570	PN8_SID766	7	469873	148886526	0
RTIGER_SNP50K	Zx.0570	PN8_SID766	7	148971524	149168185	1
RTIGER_SNP50K	Zx.0570	PN8_SID766	7	149210028	149477410	2
RTIGER_SNP50K	Zx.0570	PN8_SID766	7	149542651	161810252	1
RTIGER_SNP50K	Zx.0570	PN8_SID766	7	161838173	162465451	2
RTIGER_SNP50K	Zx.0570	PN8_SID766	7	162763354	174373572	1
RTIGER_SNP50K	Zx.0570	PN8_SID766	7	174436766	174626138	2
RTIGER_SNP50K	Zx.0570	PN8_SID766	7	174905892	176408296	1
RTIGER_SNP50K	Zx.0570	PN8_SID766	7	176589722	177639843	2
RTIGER_SNP50K	Zx.0570	PN8_SID766	7	177740682	183956162	1
RTIGER_SNP50K	Zx.0570	PN8_SID766	8	295839	182172937	0
RTIGER_SNP50K	Zx.0570	PN8_SID766	9	1749539	162591532	0
RTIGER_SNP50K	Zx.0570	PN8_SID766	10	207867	152276050	0
RTIGER_SNP50K	Zx.0570	PN8_SID767	1	29860	1763991	1
RTIGER_SNP50K	Zx.0570	PN8_SID767	1	1793921	2490248	2
RTIGER_SNP50K	Zx.0570	PN8_SID767	1	2522547	3375285	1
RTIGER_SNP50K	Zx.0570	PN8_SID767	1	3441944	4295731	2
RTIGER_SNP50K	Zx.0570	PN8_SID767	1	4446827	4847349	1
RTIGER_SNP50K	Zx.0570	PN8_SID767	1	4921687	6186963	2
RTIGER_SNP50K	Zx.0570	PN8_SID767	1	6243510	6477249	1
RTIGER_SNP50K	Zx.0570	PN8_SID767	1	6558440	7010498	2
RTIGER_SNP50K	Zx.0570	PN8_SID767	1	7128436	8726274	1
RTIGER_SNP50K	Zx.0570	PN8_SID767	1	8727304	9414192	2
RTIGER_SNP50K	Zx.0570	PN8_SID767	1	9414198	14965731	1
RTIGER_SNP50K	Zx.0570	PN8_SID767	1	15403370	308427802	0
RTIGER_SNP50K	Zx.0570	PN8_SID767	2	347487	216935513	0
RTIGER_SNP50K	Zx.0570	PN8_SID767	2	216945665	226054328	1
RTIGER_SNP50K	Zx.0570	PN8_SID767	2	226482850	226975218	2
RTIGER_SNP50K	Zx.0570	PN8_SID767	2	227087259	230425990	1
RTIGER_SNP50K	Zx.0570	PN8_SID767	2	230487740	231246433	2
RTIGER_SNP50K	Zx.0570	PN8_SID767	2	231788818	231844429	1
RTIGER_SNP50K	Zx.0570	PN8_SID767	2	231974826	232327775	2
RTIGER_SNP50K	Zx.0570	PN8_SID767	2	232558577	243555257	1
RTIGER_SNP50K	Zx.0570	PN8_SID767	3	147823	236963193	0
RTIGER_SNP50K	Zx.0570	PN8_SID767	4	556297	12013900	0
RTIGER_SNP50K	Zx.0570	PN8_SID767	4	12146717	12192460	2
RTIGER_SNP50K	Zx.0570	PN8_SID767	4	12328043	13443324	1
RTIGER_SNP50K	Zx.0570	PN8_SID767	4	13459226	161495597	0
RTIGER_SNP50K	Zx.0570	PN8_SID767	4	161793050	173808022	1
RTIGER_SNP50K	Zx.0570	PN8_SID767	4	173825135	176181579	2
RTIGER_SNP50K	Zx.0570	PN8_SID767	4	176267575	210838576	1
RTIGER_SNP50K	Zx.0570	PN8_SID767	4	210889239	233954334	0
RTIGER_SNP50K	Zx.0570	PN8_SID767	4	233962054	249925783	1
RTIGER_SNP50K	Zx.0570	PN8_SID767	5	322588	226227487	0
RTIGER_SNP50K	Zx.0570	PN8_SID767	6	5514944	180126569	0
RTIGER_SNP50K	Zx.0570	PN8_SID767	7	84081	147883376	0
RTIGER_SNP50K	Zx.0570	PN8_SID767	7	147974685	161928356	1
RTIGER_SNP50K	Zx.0570	PN8_SID767	7	161942879	162465451	2
RTIGER_SNP50K	Zx.0570	PN8_SID767	7	162831037	172068517	1
RTIGER_SNP50K	Zx.0570	PN8_SID767	7	172424242	183979058	0
RTIGER_SNP50K	Zx.0570	PN8_SID767	8	328238	182172937	0
RTIGER_SNP50K	Zx.0570	PN8_SID767	9	1749539	162692974	0
RTIGER_SNP50K	Zx.0570	PN8_SID767	10	183757	145213089	0
RTIGER_SNP50K	Zx.0570	PN8_SID767	10	145245342	150635185	1
RTIGER_SNP50K	Zx.0570	PN8_SID767	10	150655484	152282672	0
RTIGER_SNP50K	Zx.0570	PN8_SID768	1	287040	308290679	0
RTIGER_SNP50K	Zx.0570	PN8_SID768	2	76737	3714671	1
RTIGER_SNP50K	Zx.0570	PN8_SID768	2	3819003	4212869	2
RTIGER_SNP50K	Zx.0570	PN8_SID768	2	4589774	5719200	1
RTIGER_SNP50K	Zx.0570	PN8_SID768	2	5764632	6260180	2
RTIGER_SNP50K	Zx.0570	PN8_SID768	2	6393774	243662959	0
RTIGER_SNP50K	Zx.0570	PN8_SID768	3	147823	236941170	0
RTIGER_SNP50K	Zx.0570	PN8_SID768	4	1124359	239978416	0
RTIGER_SNP50K	Zx.0570	PN8_SID768	4	240030874	241612970	1
RTIGER_SNP50K	Zx.0570	PN8_SID768	4	241911802	242389762	2
RTIGER_SNP50K	Zx.0570	PN8_SID768	4	242422523	249925783	0
RTIGER_SNP50K	Zx.0570	PN8_SID768	5	434522	226020769	0
RTIGER_SNP50K	Zx.0570	PN8_SID768	6	5677854	103443081	0
RTIGER_SNP50K	Zx.0570	PN8_SID768	6	104284607	110564540	1
RTIGER_SNP50K	Zx.0570	PN8_SID768	6	110855178	181024267	0
RTIGER_SNP50K	Zx.0570	PN8_SID768	7	343733	183952244	0
RTIGER_SNP50K	Zx.0570	PN8_SID768	8	354973	182127528	0
RTIGER_SNP50K	Zx.0570	PN8_SID768	9	1566009	162591532	0
RTIGER_SNP50K	Zx.0570	PN8_SID768	10	94302	10324971	0
RTIGER_SNP50K	Zx.0570	PN8_SID768	10	10514979	14593788	1
RTIGER_SNP50K	Zx.0570	PN8_SID768	10	14593834	17619468	2
RTIGER_SNP50K	Zx.0570	PN8_SID768	10	17690806	18616670	1
RTIGER_SNP50K	Zx.0570	PN8_SID768	10	18938344	21038897	2
RTIGER_SNP50K	Zx.0570	PN8_SID768	10	21274432	25677320	1
RTIGER_SNP50K	Zx.0570	PN8_SID768	10	26489487	29925025	2
RTIGER_SNP50K	Zx.0570	PN8_SID768	10	30800225	31831285	1
RTIGER_SNP50K	Zx.0570	PN8_SID768	10	32316609	35017872	2
RTIGER_SNP50K	Zx.0570	PN8_SID768	10	35077174	43354181	1
RTIGER_SNP50K	Zx.0570	PN8_SID768	10	43531433	43948717	2
RTIGER_SNP50K	Zx.0570	PN8_SID768	10	44154924	55267293	1
RTIGER_SNP50K	Zx.0570	PN8_SID768	10	55280462	55313644	2
RTIGER_SNP50K	Zx.0570	PN8_SID768	10	55331506	56770743	1
RTIGER_SNP50K	Zx.0570	PN8_SID768	10	56998600	57484406	2
RTIGER_SNP50K	Zx.0570	PN8_SID768	10	57883487	62868548	1
RTIGER_SNP50K	Zx.0570	PN8_SID768	10	63076524	63999018	2
RTIGER_SNP50K	Zx.0570	PN8_SID768	10	64578065	67155459	1
RTIGER_SNP50K	Zx.0570	PN8_SID768	10	67263962	67759223	2
RTIGER_SNP50K	Zx.0570	PN8_SID768	10	67982120	72624303	1
RTIGER_SNP50K	Zx.0570	PN8_SID768	10	72671739	73741061	2
RTIGER_SNP50K	Zx.0570	PN8_SID768	10	73771396	77493374	1
RTIGER_SNP50K	Zx.0570	PN8_SID768	10	77686931	78825952	2
RTIGER_SNP50K	Zx.0570	PN8_SID768	10	79035867	86468844	1
RTIGER_SNP50K	Zx.0570	PN8_SID768	10	86524322	87140857	2
RTIGER_SNP50K	Zx.0570	PN8_SID768	10	87177705	93281117	1
RTIGER_SNP50K	Zx.0570	PN8_SID768	10	93319022	93648737	2
RTIGER_SNP50K	Zx.0570	PN8_SID768	10	93736217	97762563	1
RTIGER_SNP50K	Zx.0570	PN8_SID768	10	97790334	100969570	2
RTIGER_SNP50K	Zx.0570	PN8_SID768	10	101014816	104451291	1
RTIGER_SNP50K	Zx.0570	PN8_SID768	10	104591599	107353995	2
RTIGER_SNP50K	Zx.0570	PN8_SID768	10	107389698	115360778	1
RTIGER_SNP50K	Zx.0570	PN8_SID768	10	115410718	115738824	2
RTIGER_SNP50K	Zx.0570	PN8_SID768	10	116332713	123864985	1
RTIGER_SNP50K	Zx.0570	PN8_SID768	10	123927314	125488768	2
RTIGER_SNP50K	Zx.0570	PN8_SID768	10	125781266	152340819	0
RTIGER_SNP50K	Zx.0570	PN9_SID769	1	29860	3022203	1
RTIGER_SNP50K	Zx.0570	PN9_SID769	1	3028465	3107565	2
RTIGER_SNP50K	Zx.0570	PN9_SID769	1	3122811	4078902	1
RTIGER_SNP50K	Zx.0570	PN9_SID769	1	4206189	4665715	2
RTIGER_SNP50K	Zx.0570	PN9_SID769	1	4786109	6477249	1
RTIGER_SNP50K	Zx.0570	PN9_SID769	1	6558440	308427802	0
RTIGER_SNP50K	Zx.0570	PN9_SID769	2	71603	243662959	0
RTIGER_SNP50K	Zx.0570	PN9_SID769	3	147823	236963193	0
RTIGER_SNP50K	Zx.0570	PN9_SID769	4	425542	16082545	0
RTIGER_SNP50K	Zx.0570	PN9_SID769	4	16111355	48733668	1
RTIGER_SNP50K	Zx.0570	PN9_SID769	4	48895066	239950731	0
RTIGER_SNP50K	Zx.0570	PN9_SID769	4	240820000	245510697	1
RTIGER_SNP50K	Zx.0570	PN9_SID769	4	245510774	246094324	2
RTIGER_SNP50K	Zx.0570	PN9_SID769	4	246221263	249925783	0
RTIGER_SNP50K	Zx.0570	PN9_SID769	5	336374	226240113	0
RTIGER_SNP50K	Zx.0570	PN9_SID769	6	5677854	6159988	2
RTIGER_SNP50K	Zx.0570	PN9_SID769	6	6350815	14795478	1
RTIGER_SNP50K	Zx.0570	PN9_SID769	6	15096866	24444709	2
RTIGER_SNP50K	Zx.0570	PN9_SID769	6	24561683	31574979	1
RTIGER_SNP50K	Zx.0570	PN9_SID769	6	31663808	36351164	2
RTIGER_SNP50K	Zx.0570	PN9_SID769	6	36445733	37903218	1
RTIGER_SNP50K	Zx.0570	PN9_SID769	6	38616535	39125742	2
RTIGER_SNP50K	Zx.0570	PN9_SID769	6	39434587	181024267	0
RTIGER_SNP50K	Zx.0570	PN9_SID769	7	84081	183980739	0
RTIGER_SNP50K	Zx.0570	PN9_SID769	8	417179	178135627	0
RTIGER_SNP50K	Zx.0570	PN9_SID769	8	178148467	182232061	1
RTIGER_SNP50K	Zx.0570	PN9_SID769	9	1566009	162547212	0
RTIGER_SNP50K	Zx.0570	PN9_SID769	10	94302	10407759	0
RTIGER_SNP50K	Zx.0570	PN9_SID769	10	10914827	98861786	1
RTIGER_SNP50K	Zx.0570	PN9_SID769	10	99189630	99413940	2
RTIGER_SNP50K	Zx.0570	PN9_SID769	10	99466547	105168968	1
RTIGER_SNP50K	Zx.0570	PN9_SID769	10	105196079	105347998	2
RTIGER_SNP50K	Zx.0570	PN9_SID769	10	105741483	127211583	1
RTIGER_SNP50K	Zx.0570	PN9_SID769	10	127717133	127830648	2
RTIGER_SNP50K	Zx.0570	PN9_SID769	10	127942907	135511056	1
RTIGER_SNP50K	Zx.0570	PN9_SID769	10	135775856	147994345	0
RTIGER_SNP50K	Zx.0570	PN9_SID769	10	147994501	152276050	1
RTIGER_SNP50K	Zx.0570	PN9_SID770	1	395660	308295570	0
RTIGER_SNP50K	Zx.0570	PN9_SID770	2	75371	4189872	1
RTIGER_SNP50K	Zx.0570	PN9_SID770	2	4490607	243662959	0
RTIGER_SNP50K	Zx.0570	PN9_SID770	3	147823	236821697	0
RTIGER_SNP50K	Zx.0570	PN9_SID770	4	425542	249890511	0
RTIGER_SNP50K	Zx.0570	PN9_SID770	5	384878	2634696	1
RTIGER_SNP50K	Zx.0570	PN9_SID770	5	2654200	226234983	0
RTIGER_SNP50K	Zx.0570	PN9_SID770	6	5514944	7081131	2
RTIGER_SNP50K	Zx.0570	PN9_SID770	6	7081552	64021672	1
RTIGER_SNP50K	Zx.0570	PN9_SID770	6	64021761	64891965	2
RTIGER_SNP50K	Zx.0570	PN9_SID770	6	64908270	83687368	1
RTIGER_SNP50K	Zx.0570	PN9_SID770	6	83745172	84102104	2
RTIGER_SNP50K	Zx.0570	PN9_SID770	6	84128800	106234420	1
RTIGER_SNP50K	Zx.0570	PN9_SID770	6	106282332	108841637	2
RTIGER_SNP50K	Zx.0570	PN9_SID770	6	108997757	109099348	1
RTIGER_SNP50K	Zx.0570	PN9_SID770	6	109983631	181187587	0
RTIGER_SNP50K	Zx.0570	PN9_SID770	7	84081	183980739	0
RTIGER_SNP50K	Zx.0570	PN9_SID770	8	388196	182232061	0
RTIGER_SNP50K	Zx.0570	PN9_SID770	9	1566009	162692974	0
RTIGER_SNP50K	Zx.0570	PN9_SID770	10	94302	148150894	0
RTIGER_SNP50K	Zx.0570	PN9_SID770	10	148341844	152340819	1
RTIGER_SNP50K	Zx.0570	PN9_SID771	1	287040	46371218	0
RTIGER_SNP50K	Zx.0570	PN9_SID771	1	46388582	49202904	1
RTIGER_SNP50K	Zx.0570	PN9_SID771	1	49240499	49891933	2
RTIGER_SNP50K	Zx.0570	PN9_SID771	1	50151935	51953149	1
RTIGER_SNP50K	Zx.0570	PN9_SID771	1	51981150	308330525	0
RTIGER_SNP50K	Zx.0570	PN9_SID771	2	299852	238705039	0
RTIGER_SNP50K	Zx.0570	PN9_SID771	2	238723615	243533209	1
RTIGER_SNP50K	Zx.0570	PN9_SID771	3	147823	228935273	0
RTIGER_SNP50K	Zx.0570	PN9_SID771	3	229362567	236776275	1
RTIGER_SNP50K	Zx.0570	PN9_SID771	4	638586	249890511	0
RTIGER_SNP50K	Zx.0570	PN9_SID771	5	322588	226240113	0
RTIGER_SNP50K	Zx.0570	PN9_SID771	6	6137629	136658240	0
RTIGER_SNP50K	Zx.0570	PN9_SID771	6	136742495	172107638	1
RTIGER_SNP50K	Zx.0570	PN9_SID771	6	172117174	172687843	2
RTIGER_SNP50K	Zx.0570	PN9_SID771	6	172910051	181203668	0
RTIGER_SNP50K	Zx.0570	PN9_SID771	7	343733	183980739	0
RTIGER_SNP50K	Zx.0570	PN9_SID771	8	354973	176807978	0
RTIGER_SNP50K	Zx.0570	PN9_SID771	8	176830738	181980311	1
RTIGER_SNP50K	Zx.0570	PN9_SID771	9	2249036	3591204	1
RTIGER_SNP50K	Zx.0570	PN9_SID771	9	3950725	5028023	2
RTIGER_SNP50K	Zx.0570	PN9_SID771	9	5205805	35406359	1
RTIGER_SNP50K	Zx.0570	PN9_SID771	9	35424978	53533759	0
RTIGER_SNP50K	Zx.0570	PN9_SID771	9	53842341	85828503	1
RTIGER_SNP50K	Zx.0570	PN9_SID771	9	86132137	86132160	2
RTIGER_SNP50K	Zx.0570	PN9_SID771	9	86133238	101011160	0
RTIGER_SNP50K	Zx.0570	PN9_SID771	9	101329876	109376668	1
RTIGER_SNP50K	Zx.0570	PN9_SID771	9	110295278	111192963	2
RTIGER_SNP50K	Zx.0570	PN9_SID771	9	111889698	121448392	1
RTIGER_SNP50K	Zx.0570	PN9_SID771	9	122284642	124834954	2
RTIGER_SNP50K	Zx.0570	PN9_SID771	9	124992591	162809802	1
RTIGER_SNP50K	Zx.0570	PN9_SID771	10	94503	152302281	0
RTIGER_SNP50K	Zx.0570	PN9_SID772	1	395660	72096139	0
RTIGER_SNP50K	Zx.0570	PN9_SID772	1	72679050	72688625	2
RTIGER_SNP50K	Zx.0570	PN9_SID772	1	72702221	88914820	1
RTIGER_SNP50K	Zx.0570	PN9_SID772	1	89057808	92569894	2
RTIGER_SNP50K	Zx.0570	PN9_SID772	1	92789510	92923459	1
RTIGER_SNP50K	Zx.0570	PN9_SID772	1	93339267	93620743	2
RTIGER_SNP50K	Zx.0570	PN9_SID772	1	93620988	95254952	1
RTIGER_SNP50K	Zx.0570	PN9_SID772	1	96055487	96444969	2
RTIGER_SNP50K	Zx.0570	PN9_SID772	1	97288903	101452502	1
RTIGER_SNP50K	Zx.0570	PN9_SID772	1	101664645	101985576	2
RTIGER_SNP50K	Zx.0570	PN9_SID772	1	102517889	105165150	1
RTIGER_SNP50K	Zx.0570	PN9_SID772	1	105613823	106946328	2
RTIGER_SNP50K	Zx.0570	PN9_SID772	1	106976510	113627963	1
RTIGER_SNP50K	Zx.0570	PN9_SID772	1	113769456	114032463	2
RTIGER_SNP50K	Zx.0570	PN9_SID772	1	114051909	123908651	1
RTIGER_SNP50K	Zx.0570	PN9_SID772	1	124171319	124651959	2
RTIGER_SNP50K	Zx.0570	PN9_SID772	1	124673802	127440064	1
RTIGER_SNP50K	Zx.0570	PN9_SID772	1	127530364	128701078	2
RTIGER_SNP50K	Zx.0570	PN9_SID772	1	128713815	132749703	1
RTIGER_SNP50K	Zx.0570	PN9_SID772	1	132848950	134866797	2
RTIGER_SNP50K	Zx.0570	PN9_SID772	1	136410191	136471789	1
RTIGER_SNP50K	Zx.0570	PN9_SID772	1	136611104	139213332	2
RTIGER_SNP50K	Zx.0570	PN9_SID772	1	139301593	140917285	1
RTIGER_SNP50K	Zx.0570	PN9_SID772	1	140979090	142121458	2
RTIGER_SNP50K	Zx.0570	PN9_SID772	1	142288425	145027021	1
RTIGER_SNP50K	Zx.0570	PN9_SID772	1	145130171	145401000	2
RTIGER_SNP50K	Zx.0570	PN9_SID772	1	145575349	147034636	1
RTIGER_SNP50K	Zx.0570	PN9_SID772	1	147039728	148606219	2
RTIGER_SNP50K	Zx.0570	PN9_SID772	1	148814131	154662955	1
RTIGER_SNP50K	Zx.0570	PN9_SID772	1	154963017	157690426	2
RTIGER_SNP50K	Zx.0570	PN9_SID772	1	157846988	158056119	1
RTIGER_SNP50K	Zx.0570	PN9_SID772	1	158216121	158337594	2
RTIGER_SNP50K	Zx.0570	PN9_SID772	1	158353851	164463411	1
RTIGER_SNP50K	Zx.0570	PN9_SID772	1	165176219	201230717	0
RTIGER_SNP50K	Zx.0570	PN9_SID772	1	201299327	201299400	2
RTIGER_SNP50K	Zx.0570	PN9_SID772	1	201324001	280697152	0
RTIGER_SNP50K	Zx.0570	PN9_SID772	1	281234022	283818523	1
RTIGER_SNP50K	Zx.0570	PN9_SID772	1	283874822	284228263	2
RTIGER_SNP50K	Zx.0570	PN9_SID772	1	284308659	285936561	1
RTIGER_SNP50K	Zx.0570	PN9_SID772	1	286177859	308290679	0
RTIGER_SNP50K	Zx.0570	PN9_SID772	2	71603	232072193	0
RTIGER_SNP50K	Zx.0570	PN9_SID772	2	232327775	238160031	1
RTIGER_SNP50K	Zx.0570	PN9_SID772	2	238326954	238750342	2
RTIGER_SNP50K	Zx.0570	PN9_SID772	2	238872772	240477844	1
RTIGER_SNP50K	Zx.0570	PN9_SID772	2	240577061	240766864	2
RTIGER_SNP50K	Zx.0570	PN9_SID772	2	241079367	243522318	1
RTIGER_SNP50K	Zx.0570	PN9_SID772	3	147823	228402852	0
RTIGER_SNP50K	Zx.0570	PN9_SID772	3	228411663	231869821	1
RTIGER_SNP50K	Zx.0570	PN9_SID772	3	232040317	232284362	2
RTIGER_SNP50K	Zx.0570	PN9_SID772	3	232286494	236776275	1
RTIGER_SNP50K	Zx.0570	PN9_SID772	4	255421	249888371	0
RTIGER_SNP50K	Zx.0570	PN9_SID772	5	460404	226227487	0
RTIGER_SNP50K	Zx.0570	PN9_SID772	6	5844167	162955982	0
RTIGER_SNP50K	Zx.0570	PN9_SID772	6	162983159	163655202	2
RTIGER_SNP50K	Zx.0570	PN9_SID772	6	163799743	163937242	1
RTIGER_SNP50K	Zx.0570	PN9_SID772	6	164006794	164112337	2
RTIGER_SNP50K	Zx.0570	PN9_SID772	6	164116800	176546586	1
RTIGER_SNP50K	Zx.0570	PN9_SID772	6	176548581	181187587	0
RTIGER_SNP50K	Zx.0570	PN9_SID772	7	271597	183980739	0
RTIGER_SNP50K	Zx.0570	PN9_SID772	8	389200	74117797	0
RTIGER_SNP50K	Zx.0570	PN9_SID772	8	74511517	97560924	1
RTIGER_SNP50K	Zx.0570	PN9_SID772	8	97725346	182218389	0
RTIGER_SNP50K	Zx.0570	PN9_SID772	9	1958125	162809802	0
RTIGER_SNP50K	Zx.0570	PN9_SID772	10	94302	152340819	0
RTIGER_SNP50K	Zx.0570	PN9_SID773	1	29860	277359001	0
RTIGER_SNP50K	Zx.0570	PN9_SID773	1	277660542	290373516	1
RTIGER_SNP50K	Zx.0570	PN9_SID773	1	290409826	290856168	2
RTIGER_SNP50K	Zx.0570	PN9_SID773	1	290979927	308051223	1
RTIGER_SNP50K	Zx.0570	PN9_SID773	2	75371	243555257	0
RTIGER_SNP50K	Zx.0570	PN9_SID773	3	1223150	236740451	0
RTIGER_SNP50K	Zx.0570	PN9_SID773	4	425542	249925783	0
RTIGER_SNP50K	Zx.0570	PN9_SID773	5	362844	226167943	0
RTIGER_SNP50K	Zx.0570	PN9_SID773	6	5514944	181203668	0
RTIGER_SNP50K	Zx.0570	PN9_SID773	7	271597	183979058	0
RTIGER_SNP50K	Zx.0570	PN9_SID773	8	354736	115774774	0
RTIGER_SNP50K	Zx.0570	PN9_SID773	8	115809827	122024939	1
RTIGER_SNP50K	Zx.0570	PN9_SID773	8	122125058	123313914	2
RTIGER_SNP50K	Zx.0570	PN9_SID773	8	123363865	132981789	1
RTIGER_SNP50K	Zx.0570	PN9_SID773	8	133017639	133974134	2
RTIGER_SNP50K	Zx.0570	PN9_SID773	8	134100475	134838924	1
RTIGER_SNP50K	Zx.0570	PN9_SID773	8	135087908	135120057	2
RTIGER_SNP50K	Zx.0570	PN9_SID773	8	135184840	135986408	1
RTIGER_SNP50K	Zx.0570	PN9_SID773	8	136179321	136179523	2
RTIGER_SNP50K	Zx.0570	PN9_SID773	8	136179552	145109305	1
RTIGER_SNP50K	Zx.0570	PN9_SID773	8	145308079	147237986	2
RTIGER_SNP50K	Zx.0570	PN9_SID773	8	147283721	158076679	1
RTIGER_SNP50K	Zx.0570	PN9_SID773	8	158125149	158350849	2
RTIGER_SNP50K	Zx.0570	PN9_SID773	8	158570810	167611139	1
RTIGER_SNP50K	Zx.0570	PN9_SID773	8	167739189	182232061	0
RTIGER_SNP50K	Zx.0570	PN9_SID773	9	1958179	162809802	0
RTIGER_SNP50K	Zx.0570	PN9_SID773	10	94302	152340819	0
RTIGER_SNP50K	Zx.0570	PN9_SID774	1	363429	199818530	0
RTIGER_SNP50K	Zx.0570	PN9_SID774	1	200010052	200515987	1
RTIGER_SNP50K	Zx.0570	PN9_SID774	1	200531280	201946262	2
RTIGER_SNP50K	Zx.0570	PN9_SID774	1	202059204	210793901	1
RTIGER_SNP50K	Zx.0570	PN9_SID774	1	211135679	211203495	2
RTIGER_SNP50K	Zx.0570	PN9_SID774	1	211437757	222485304	1
RTIGER_SNP50K	Zx.0570	PN9_SID774	1	222489095	223331800	2
RTIGER_SNP50K	Zx.0570	PN9_SID774	1	223891501	227818758	1
RTIGER_SNP50K	Zx.0570	PN9_SID774	1	227820376	229775564	2
RTIGER_SNP50K	Zx.0570	PN9_SID774	1	230077126	230464972	1
RTIGER_SNP50K	Zx.0570	PN9_SID774	1	230547779	235004973	2
RTIGER_SNP50K	Zx.0570	PN9_SID774	1	235397119	237969061	1
RTIGER_SNP50K	Zx.0570	PN9_SID774	1	237980832	239663573	2
RTIGER_SNP50K	Zx.0570	PN9_SID774	1	239758193	246526714	1
RTIGER_SNP50K	Zx.0570	PN9_SID774	1	246567940	246894509	2
RTIGER_SNP50K	Zx.0570	PN9_SID774	1	246928483	248079241	1
RTIGER_SNP50K	Zx.0570	PN9_SID774	1	248102849	248456027	2
RTIGER_SNP50K	Zx.0570	PN9_SID774	1	248504577	249023042	1
RTIGER_SNP50K	Zx.0570	PN9_SID774	1	249163349	249264830	2
RTIGER_SNP50K	Zx.0570	PN9_SID774	1	249294634	250836947	1
RTIGER_SNP50K	Zx.0570	PN9_SID774	1	250884423	251279445	2
RTIGER_SNP50K	Zx.0570	PN9_SID774	1	251452864	252116324	1
RTIGER_SNP50K	Zx.0570	PN9_SID774	1	252319301	253310767	2
RTIGER_SNP50K	Zx.0570	PN9_SID774	1	253692599	297137774	1
RTIGER_SNP50K	Zx.0570	PN9_SID774	1	297502640	308423715	0
RTIGER_SNP50K	Zx.0570	PN9_SID774	2	131906	10377280	0
RTIGER_SNP50K	Zx.0570	PN9_SID774	2	10594089	10612612	2
RTIGER_SNP50K	Zx.0570	PN9_SID774	2	10770023	11661700	1
RTIGER_SNP50K	Zx.0570	PN9_SID774	2	11890455	243533209	0
RTIGER_SNP50K	Zx.0570	PN9_SID774	3	810940	236963193	0
RTIGER_SNP50K	Zx.0570	PN9_SID774	4	255421	49057411	0
RTIGER_SNP50K	Zx.0570	PN9_SID774	4	49097177	49097195	2
RTIGER_SNP50K	Zx.0570	PN9_SID774	4	49302957	249848884	0
RTIGER_SNP50K	Zx.0570	PN9_SID774	5	362844	226234983	0
RTIGER_SNP50K	Zx.0570	PN9_SID774	6	5260376	181203668	0
RTIGER_SNP50K	Zx.0570	PN9_SID774	7	343733	2685515	1
RTIGER_SNP50K	Zx.0570	PN9_SID774	7	2685898	3158563	2
RTIGER_SNP50K	Zx.0570	PN9_SID774	7	3677976	7917451	1
RTIGER_SNP50K	Zx.0570	PN9_SID774	7	8366847	8641644	2
RTIGER_SNP50K	Zx.0570	PN9_SID774	7	8680042	27374864	1
RTIGER_SNP50K	Zx.0570	PN9_SID774	7	27380435	27380505	2
RTIGER_SNP50K	Zx.0570	PN9_SID774	7	27862301	37095461	1
RTIGER_SNP50K	Zx.0570	PN9_SID774	7	37322451	72625079	0
RTIGER_SNP50K	Zx.0570	PN9_SID774	7	72628826	79634833	1
RTIGER_SNP50K	Zx.0570	PN9_SID774	7	79637952	88672226	0
RTIGER_SNP50K	Zx.0570	PN9_SID774	7	88818272	130660433	1
RTIGER_SNP50K	Zx.0570	PN9_SID774	7	130762846	136286215	0
RTIGER_SNP50K	Zx.0570	PN9_SID774	7	136524307	137455058	1
RTIGER_SNP50K	Zx.0570	PN9_SID774	7	137575951	139252183	2
RTIGER_SNP50K	Zx.0570	PN9_SID774	7	139259461	140618493	1
RTIGER_SNP50K	Zx.0570	PN9_SID774	7	140639193	142862214	2
RTIGER_SNP50K	Zx.0570	PN9_SID774	7	143327553	147318378	1
RTIGER_SNP50K	Zx.0570	PN9_SID774	7	147363936	147610055	2
RTIGER_SNP50K	Zx.0570	PN9_SID774	7	148046360	183980739	0
RTIGER_SNP50K	Zx.0570	PN9_SID774	8	360763	181967661	0
RTIGER_SNP50K	Zx.0570	PN9_SID774	9	1749539	162510021	0
RTIGER_SNP50K	Zx.0570	PN9_SID774	10	94302	152305623	0
RTIGER_SNP50K	Zx.0570	PN9_SID775	1	29860	1489106	1
RTIGER_SNP50K	Zx.0570	PN9_SID775	1	1678610	2490248	2
RTIGER_SNP50K	Zx.0570	PN9_SID775	1	2522547	2765898	1
RTIGER_SNP50K	Zx.0570	PN9_SID775	1	2802938	2807453	2
RTIGER_SNP50K	Zx.0570	PN9_SID775	1	2959219	7646933	1
RTIGER_SNP50K	Zx.0570	PN9_SID775	1	7661590	7661611	2
RTIGER_SNP50K	Zx.0570	PN9_SID775	1	7823703	14097711	1
RTIGER_SNP50K	Zx.0570	PN9_SID775	1	14101746	14447270	2
RTIGER_SNP50K	Zx.0570	PN9_SID775	1	14684143	24834479	1
RTIGER_SNP50K	Zx.0570	PN9_SID775	1	24848903	25535403	2
RTIGER_SNP50K	Zx.0570	PN9_SID775	1	25540863	29593483	1
RTIGER_SNP50K	Zx.0570	PN9_SID775	1	30060632	30671701	2
RTIGER_SNP50K	Zx.0570	PN9_SID775	1	31383139	49201539	1
RTIGER_SNP50K	Zx.0570	PN9_SID775	1	49240499	50346752	2
RTIGER_SNP50K	Zx.0570	PN9_SID775	1	50562275	53045502	1
RTIGER_SNP50K	Zx.0570	PN9_SID775	1	53231282	53327672	2
RTIGER_SNP50K	Zx.0570	PN9_SID775	1	53697178	66196953	1
RTIGER_SNP50K	Zx.0570	PN9_SID775	1	66369661	66369672	2
RTIGER_SNP50K	Zx.0570	PN9_SID775	1	66610877	308295570	0
RTIGER_SNP50K	Zx.0570	PN9_SID775	2	71603	6823784	1
RTIGER_SNP50K	Zx.0570	PN9_SID775	2	6958284	36061571	0
RTIGER_SNP50K	Zx.0570	PN9_SID775	2	36292299	88741659	1
RTIGER_SNP50K	Zx.0570	PN9_SID775	2	88749566	88749587	2
RTIGER_SNP50K	Zx.0570	PN9_SID775	2	88851318	89582711	1
RTIGER_SNP50K	Zx.0570	PN9_SID775	2	89944460	94288813	0
RTIGER_SNP50K	Zx.0570	PN9_SID775	2	94300626	204726655	1
RTIGER_SNP50K	Zx.0570	PN9_SID775	2	204819413	243552371	0
RTIGER_SNP50K	Zx.0570	PN9_SID775	3	810940	191403116	0
RTIGER_SNP50K	Zx.0570	PN9_SID775	3	191595461	216167607	1
RTIGER_SNP50K	Zx.0570	PN9_SID775	3	216348398	217300117	2
RTIGER_SNP50K	Zx.0570	PN9_SID775	3	217390497	221412143	1
RTIGER_SNP50K	Zx.0570	PN9_SID775	3	221420859	221710984	2
RTIGER_SNP50K	Zx.0570	PN9_SID775	3	221725813	234783440	1
RTIGER_SNP50K	Zx.0570	PN9_SID775	3	234907113	236263350	2
RTIGER_SNP50K	Zx.0570	PN9_SID775	3	236280776	236941170	1
RTIGER_SNP50K	Zx.0570	PN9_SID775	4	255421	249848884	0
RTIGER_SNP50K	Zx.0570	PN9_SID775	5	336374	226240113	0
RTIGER_SNP50K	Zx.0570	PN9_SID775	6	5791226	181203668	0
RTIGER_SNP50K	Zx.0570	PN9_SID775	7	271597	183980739	0
RTIGER_SNP50K	Zx.0570	PN9_SID775	8	295839	182218389	0
RTIGER_SNP50K	Zx.0570	PN9_SID775	9	2072866	162809802	0
RTIGER_SNP50K	Zx.0570	PN9_SID775	10	94503	152305623	0
RTIGER_SNP50K	Zx.0570	PN9_SID776	1	29860	6605055	1
RTIGER_SNP50K	Zx.0570	PN9_SID776	1	6727761	146412490	0
RTIGER_SNP50K	Zx.0570	PN9_SID776	1	146472235	149284973	1
RTIGER_SNP50K	Zx.0570	PN9_SID776	1	149421788	222491811	0
RTIGER_SNP50K	Zx.0570	PN9_SID776	1	222497785	246928483	1
RTIGER_SNP50K	Zx.0570	PN9_SID776	1	246935944	247145945	2
RTIGER_SNP50K	Zx.0570	PN9_SID776	1	247156255	254541724	1
RTIGER_SNP50K	Zx.0570	PN9_SID776	1	254591628	308330525	0
RTIGER_SNP50K	Zx.0570	PN9_SID776	2	75371	243662959	0
RTIGER_SNP50K	Zx.0570	PN9_SID776	3	356143	236941170	0
RTIGER_SNP50K	Zx.0570	PN9_SID776	4	988744	249925783	0
RTIGER_SNP50K	Zx.0570	PN9_SID776	5	322588	226240113	0
RTIGER_SNP50K	Zx.0570	PN9_SID776	6	5514944	181203668	0
RTIGER_SNP50K	Zx.0570	PN9_SID776	7	387430	5268873	0
RTIGER_SNP50K	Zx.0570	PN9_SID776	7	5375218	13948809	1
RTIGER_SNP50K	Zx.0570	PN9_SID776	7	14302490	183956162	0
RTIGER_SNP50K	Zx.0570	PN9_SID776	8	295839	30407803	0
RTIGER_SNP50K	Zx.0570	PN9_SID776	8	30410931	30411007	2
RTIGER_SNP50K	Zx.0570	PN9_SID776	8	30552542	158076679	0
RTIGER_SNP50K	Zx.0570	PN9_SID776	8	158125149	158140622	2
RTIGER_SNP50K	Zx.0570	PN9_SID776	8	158356415	182218389	0
RTIGER_SNP50K	Zx.0570	PN9_SID776	9	1567509	162808411	0
RTIGER_SNP50K	Zx.0570	PN9_SID776	10	94302	152395252	0
RTIGER_SNP50K	Zx.0570	PN9_SID777	1	29860	24115746	0
RTIGER_SNP50K	Zx.0570	PN9_SID777	1	24727363	27024114	2
RTIGER_SNP50K	Zx.0570	PN9_SID777	1	27330391	35697455	1
RTIGER_SNP50K	Zx.0570	PN9_SID777	1	36774776	37968151	2
RTIGER_SNP50K	Zx.0570	PN9_SID777	1	38024713	47833718	1
RTIGER_SNP50K	Zx.0570	PN9_SID777	1	48038301	56344773	2
RTIGER_SNP50K	Zx.0570	PN9_SID777	1	57097744	65186515	1
RTIGER_SNP50K	Zx.0570	PN9_SID777	1	65257861	308330525	0
RTIGER_SNP50K	Zx.0570	PN9_SID777	2	71603	11813307	0
RTIGER_SNP50K	Zx.0570	PN9_SID777	2	11868346	15175304	1
RTIGER_SNP50K	Zx.0570	PN9_SID777	2	15313771	16853405	2
RTIGER_SNP50K	Zx.0570	PN9_SID777	2	17169175	85782984	1
RTIGER_SNP50K	Zx.0570	PN9_SID777	2	85824091	86057288	2
RTIGER_SNP50K	Zx.0570	PN9_SID777	2	86228143	99936388	1
RTIGER_SNP50K	Zx.0570	PN9_SID777	2	100067707	100345569	2
RTIGER_SNP50K	Zx.0570	PN9_SID777	2	100356693	189611690	1
RTIGER_SNP50K	Zx.0570	PN9_SID777	2	189612457	190532681	2
RTIGER_SNP50K	Zx.0570	PN9_SID777	2	190598917	243555257	0
RTIGER_SNP50K	Zx.0570	PN9_SID777	3	1069691	3429518	1
RTIGER_SNP50K	Zx.0570	PN9_SID777	3	3600301	208086217	0
RTIGER_SNP50K	Zx.0570	PN9_SID777	3	208893796	236574015	1
RTIGER_SNP50K	Zx.0570	PN9_SID777	4	988744	249682991	0
RTIGER_SNP50K	Zx.0570	PN9_SID777	5	375767	226234983	0
RTIGER_SNP50K	Zx.0570	PN9_SID777	6	5260376	181024267	0
RTIGER_SNP50K	Zx.0570	PN9_SID777	7	728256	183951173	0
RTIGER_SNP50K	Zx.0570	PN9_SID777	8	460894	134476897	0
RTIGER_SNP50K	Zx.0570	PN9_SID777	8	135087908	158938628	1
RTIGER_SNP50K	Zx.0570	PN9_SID777	8	159425537	182172937	0
RTIGER_SNP50K	Zx.0570	PN9_SID777	9	2634217	162646074	0
RTIGER_SNP50K	Zx.0570	PN9_SID777	10	183757	152327194	0
RTIGER_SNP50K	Zx.0570	PN9_SID778	1	287040	209774851	0
RTIGER_SNP50K	Zx.0570	PN9_SID778	1	209895598	221790944	1
RTIGER_SNP50K	Zx.0570	PN9_SID778	1	221877546	222021880	2
RTIGER_SNP50K	Zx.0570	PN9_SID778	1	222026320	225007132	1
RTIGER_SNP50K	Zx.0570	PN9_SID778	1	225014554	225350819	2
RTIGER_SNP50K	Zx.0570	PN9_SID778	1	225375474	256444283	1
RTIGER_SNP50K	Zx.0570	PN9_SID778	1	256598438	308330385	0
RTIGER_SNP50K	Zx.0570	PN9_SID778	2	204222	7552910	1
RTIGER_SNP50K	Zx.0570	PN9_SID778	2	8076407	8945262	2
RTIGER_SNP50K	Zx.0570	PN9_SID778	2	9191651	19216634	1
RTIGER_SNP50K	Zx.0570	PN9_SID778	2	19284550	243552371	0
RTIGER_SNP50K	Zx.0570	PN9_SID778	3	147823	236740451	0
RTIGER_SNP50K	Zx.0570	PN9_SID778	4	255421	249925783	0
RTIGER_SNP50K	Zx.0570	PN9_SID778	5	322588	2656469	0
RTIGER_SNP50K	Zx.0570	PN9_SID778	5	2702460	3602027	1
RTIGER_SNP50K	Zx.0570	PN9_SID778	5	3658055	4237572	2
RTIGER_SNP50K	Zx.0570	PN9_SID778	5	4355032	4919212	1
RTIGER_SNP50K	Zx.0570	PN9_SID778	5	4951659	226167943	0
RTIGER_SNP50K	Zx.0570	PN9_SID778	6	5679415	72911957	0
RTIGER_SNP50K	Zx.0570	PN9_SID778	6	73119034	74273270	2
RTIGER_SNP50K	Zx.0570	PN9_SID778	6	74307096	91394741	1
RTIGER_SNP50K	Zx.0570	PN9_SID778	6	91394745	91404600	2
RTIGER_SNP50K	Zx.0570	PN9_SID778	6	91536933	118959551	1
RTIGER_SNP50K	Zx.0570	PN9_SID778	6	118987890	148211870	0
RTIGER_SNP50K	Zx.0570	PN9_SID778	6	148341316	161091523	1
RTIGER_SNP50K	Zx.0570	PN9_SID778	6	161275637	180772064	0
RTIGER_SNP50K	Zx.0570	PN9_SID778	7	343733	178868943	0
RTIGER_SNP50K	Zx.0570	PN9_SID778	7	178916119	183980739	1
RTIGER_SNP50K	Zx.0570	PN9_SID778	8	354736	121608889	0
RTIGER_SNP50K	Zx.0570	PN9_SID778	8	121938488	122487775	2
RTIGER_SNP50K	Zx.0570	PN9_SID778	8	122487825	148963606	1
RTIGER_SNP50K	Zx.0570	PN9_SID778	8	149042260	150015522	2
RTIGER_SNP50K	Zx.0570	PN9_SID778	8	150307667	158019070	1
RTIGER_SNP50K	Zx.0570	PN9_SID778	8	158056103	158350849	2
RTIGER_SNP50K	Zx.0570	PN9_SID778	8	158356415	172923721	1
RTIGER_SNP50K	Zx.0570	PN9_SID778	8	172928475	173326224	2
RTIGER_SNP50K	Zx.0570	PN9_SID778	8	173499411	176478105	1
RTIGER_SNP50K	Zx.0570	PN9_SID778	8	176584807	182172937	0
RTIGER_SNP50K	Zx.0570	PN9_SID778	9	2319884	10735682	1
RTIGER_SNP50K	Zx.0570	PN9_SID778	9	10771356	16986538	2
RTIGER_SNP50K	Zx.0570	PN9_SID778	9	17023081	21244118	1
RTIGER_SNP50K	Zx.0570	PN9_SID778	9	21431581	21897671	2
RTIGER_SNP50K	Zx.0570	PN9_SID778	9	22317293	35557159	1
RTIGER_SNP50K	Zx.0570	PN9_SID778	9	35698362	37314246	2
RTIGER_SNP50K	Zx.0570	PN9_SID778	9	37341041	50618189	1
RTIGER_SNP50K	Zx.0570	PN9_SID778	9	51024387	52619729	2
RTIGER_SNP50K	Zx.0570	PN9_SID778	9	52938954	53842351	1
RTIGER_SNP50K	Zx.0570	PN9_SID778	9	53842358	55435169	2
RTIGER_SNP50K	Zx.0570	PN9_SID778	9	56201304	61400235	1
RTIGER_SNP50K	Zx.0570	PN9_SID778	9	61439505	61922919	2
RTIGER_SNP50K	Zx.0570	PN9_SID778	9	61997411	62838067	1
RTIGER_SNP50K	Zx.0570	PN9_SID778	9	62982269	65161770	2
RTIGER_SNP50K	Zx.0570	PN9_SID778	9	65804415	70905864	1
RTIGER_SNP50K	Zx.0570	PN9_SID778	9	70922940	71918265	2
RTIGER_SNP50K	Zx.0570	PN9_SID778	9	71921282	80261387	1
RTIGER_SNP50K	Zx.0570	PN9_SID778	9	80832280	80851047	2
RTIGER_SNP50K	Zx.0570	PN9_SID778	9	81191219	101399891	1
RTIGER_SNP50K	Zx.0570	PN9_SID778	9	101487700	158076218	0
RTIGER_SNP50K	Zx.0570	PN9_SID778	9	158547879	159041166	2
RTIGER_SNP50K	Zx.0570	PN9_SID778	9	159218055	162646074	1
RTIGER_SNP50K	Zx.0570	PN9_SID778	10	264458	152276050	0
RTIGER_SNP50K	Zx.0580	PN7_SID630	1	287040	50582624	0
RTIGER_SNP50K	Zx.0580	PN7_SID630	1	50594211	50594224	2
RTIGER_SNP50K	Zx.0580	PN7_SID630	1	50624797	260709848	0
RTIGER_SNP50K	Zx.0580	PN7_SID630	1	260840246	261364834	2
RTIGER_SNP50K	Zx.0580	PN7_SID630	1	261453303	299955483	1
RTIGER_SNP50K	Zx.0580	PN7_SID630	1	300016254	308427802	0
RTIGER_SNP50K	Zx.0580	PN7_SID630	2	131906	125926536	0
RTIGER_SNP50K	Zx.0580	PN7_SID630	2	125951054	131067474	1
RTIGER_SNP50K	Zx.0580	PN7_SID630	2	131134007	174892586	0
RTIGER_SNP50K	Zx.0580	PN7_SID630	2	175155185	186168983	1
RTIGER_SNP50K	Zx.0580	PN7_SID630	2	186249661	186249767	2
RTIGER_SNP50K	Zx.0580	PN7_SID630	2	186628988	243522232	0
RTIGER_SNP50K	Zx.0580	PN7_SID630	3	147823	195343403	0
RTIGER_SNP50K	Zx.0580	PN7_SID630	3	195676603	234198607	1
RTIGER_SNP50K	Zx.0580	PN7_SID630	3	234417230	236941170	0
RTIGER_SNP50K	Zx.0580	PN7_SID630	4	255421	249925783	0
RTIGER_SNP50K	Zx.0580	PN7_SID630	5	362844	4543854	0
RTIGER_SNP50K	Zx.0580	PN7_SID630	5	4595346	21128909	1
RTIGER_SNP50K	Zx.0580	PN7_SID630	5	21129526	21735026	2
RTIGER_SNP50K	Zx.0580	PN7_SID630	5	21740241	41958982	1
RTIGER_SNP50K	Zx.0580	PN7_SID630	5	41997565	42045146	2
RTIGER_SNP50K	Zx.0580	PN7_SID630	5	42126058	47948351	1
RTIGER_SNP50K	Zx.0580	PN7_SID630	5	48076682	48751683	2
RTIGER_SNP50K	Zx.0580	PN7_SID630	5	48754025	59296575	1
RTIGER_SNP50K	Zx.0580	PN7_SID630	5	59662663	59668788	2
RTIGER_SNP50K	Zx.0580	PN7_SID630	5	59677994	69690224	1
RTIGER_SNP50K	Zx.0580	PN7_SID630	5	69947961	226234983	0
RTIGER_SNP50K	Zx.0580	PN7_SID630	6	5791226	181186018	0
RTIGER_SNP50K	Zx.0580	PN7_SID630	7	549416	3288631	1
RTIGER_SNP50K	Zx.0580	PN7_SID630	7	3710456	183979047	0
RTIGER_SNP50K	Zx.0580	PN7_SID630	8	328238	172110844	0
RTIGER_SNP50K	Zx.0580	PN7_SID630	8	172201365	181998029	1
RTIGER_SNP50K	Zx.0580	PN7_SID630	9	1910097	162809802	0
RTIGER_SNP50K	Zx.0580	PN7_SID630	10	94302	152340819	0
RTIGER_SNP50K	Zx.0580	PN7_SID631	1	29860	259779690	0
RTIGER_SNP50K	Zx.0580	PN7_SID631	1	259782596	278792793	1
RTIGER_SNP50K	Zx.0580	PN7_SID631	1	278983436	279558186	2
RTIGER_SNP50K	Zx.0580	PN7_SID631	1	279866224	283837988	1
RTIGER_SNP50K	Zx.0580	PN7_SID631	1	283842872	284228362	2
RTIGER_SNP50K	Zx.0580	PN7_SID631	1	284862288	299416174	1
RTIGER_SNP50K	Zx.0580	PN7_SID631	1	299661851	299917063	2
RTIGER_SNP50K	Zx.0580	PN7_SID631	1	300081042	308330525	0
RTIGER_SNP50K	Zx.0580	PN7_SID631	2	131906	243555257	0
RTIGER_SNP50K	Zx.0580	PN7_SID631	3	147823	236963193	0
RTIGER_SNP50K	Zx.0580	PN7_SID631	4	556297	249848884	0
RTIGER_SNP50K	Zx.0580	PN7_SID631	5	336374	7120648	0
RTIGER_SNP50K	Zx.0580	PN7_SID631	5	7120663	21522985	1
RTIGER_SNP50K	Zx.0580	PN7_SID631	5	21734965	21924430	2
RTIGER_SNP50K	Zx.0580	PN7_SID631	5	22091210	28552400	1
RTIGER_SNP50K	Zx.0580	PN7_SID631	5	28632617	226240113	0
RTIGER_SNP50K	Zx.0580	PN7_SID631	6	5260376	181203668	0
RTIGER_SNP50K	Zx.0580	PN7_SID631	7	271597	183956162	0
RTIGER_SNP50K	Zx.0580	PN7_SID631	8	328238	97539362	0
RTIGER_SNP50K	Zx.0580	PN7_SID631	8	97859577	98899768	2
RTIGER_SNP50K	Zx.0580	PN7_SID631	8	100585491	116922392	1
RTIGER_SNP50K	Zx.0580	PN7_SID631	8	116976300	117174226	2
RTIGER_SNP50K	Zx.0580	PN7_SID631	8	117267397	120450987	1
RTIGER_SNP50K	Zx.0580	PN7_SID631	8	121164439	122382478	2
RTIGER_SNP50K	Zx.0580	PN7_SID631	8	122508437	132992201	1
RTIGER_SNP50K	Zx.0580	PN7_SID631	8	133017639	134179571	2
RTIGER_SNP50K	Zx.0580	PN7_SID631	8	134348231	137516382	1
RTIGER_SNP50K	Zx.0580	PN7_SID631	8	137575788	139117839	2
RTIGER_SNP50K	Zx.0580	PN7_SID631	8	139229449	178677135	1
RTIGER_SNP50K	Zx.0580	PN7_SID631	8	178774465	178804458	2
RTIGER_SNP50K	Zx.0580	PN7_SID631	8	178916519	182232061	1
RTIGER_SNP50K	Zx.0580	PN7_SID631	9	1958125	4535165	1
RTIGER_SNP50K	Zx.0580	PN7_SID631	9	4615517	4894181	2
RTIGER_SNP50K	Zx.0580	PN7_SID631	9	5145943	79559736	1
RTIGER_SNP50K	Zx.0580	PN7_SID631	9	79559807	80086233	2
RTIGER_SNP50K	Zx.0580	PN7_SID631	9	80261387	86258721	1
RTIGER_SNP50K	Zx.0580	PN7_SID631	9	86847159	87421540	2
RTIGER_SNP50K	Zx.0580	PN7_SID631	9	87529344	91821403	1
RTIGER_SNP50K	Zx.0580	PN7_SID631	9	91821462	92299777	2
RTIGER_SNP50K	Zx.0580	PN7_SID631	9	92402592	109376668	1
RTIGER_SNP50K	Zx.0580	PN7_SID631	9	109775867	112617499	2
RTIGER_SNP50K	Zx.0580	PN7_SID631	9	112618395	162692974	1
RTIGER_SNP50K	Zx.0580	PN7_SID631	10	94302	152395252	0
RTIGER_SNP50K	Zx.0580	PN7_SID632	1	289351	280488859	0
RTIGER_SNP50K	Zx.0580	PN7_SID632	1	281234022	282432259	1
RTIGER_SNP50K	Zx.0580	PN7_SID632	1	282630738	284111999	2
RTIGER_SNP50K	Zx.0580	PN7_SID632	1	284308659	292021861	1
RTIGER_SNP50K	Zx.0580	PN7_SID632	1	292316397	294531929	2
RTIGER_SNP50K	Zx.0580	PN7_SID632	1	294569118	299955483	1
RTIGER_SNP50K	Zx.0580	PN7_SID632	1	299955590	308427802	0
RTIGER_SNP50K	Zx.0580	PN7_SID632	2	131906	242288382	0
RTIGER_SNP50K	Zx.0580	PN7_SID632	2	242291997	242413295	2
RTIGER_SNP50K	Zx.0580	PN7_SID632	2	242634423	243552371	1
RTIGER_SNP50K	Zx.0580	PN7_SID632	3	147823	236939523	0
RTIGER_SNP50K	Zx.0580	PN7_SID632	4	508312	3128175	1
RTIGER_SNP50K	Zx.0580	PN7_SID632	4	3332984	196972100	0
RTIGER_SNP50K	Zx.0580	PN7_SID632	4	197336213	205794176	1
RTIGER_SNP50K	Zx.0580	PN7_SID632	4	205869449	206327484	2
RTIGER_SNP50K	Zx.0580	PN7_SID632	4	206401567	213484113	1
RTIGER_SNP50K	Zx.0580	PN7_SID632	4	213496152	213675024	2
RTIGER_SNP50K	Zx.0580	PN7_SID632	4	213803479	216316928	1
RTIGER_SNP50K	Zx.0580	PN7_SID632	4	216358624	218319927	2
RTIGER_SNP50K	Zx.0580	PN7_SID632	4	218478141	218512301	1
RTIGER_SNP50K	Zx.0580	PN7_SID632	4	218573786	219568669	2
RTIGER_SNP50K	Zx.0580	PN7_SID632	4	219662247	230873137	1
RTIGER_SNP50K	Zx.0580	PN7_SID632	4	230888728	231737927	2
RTIGER_SNP50K	Zx.0580	PN7_SID632	4	232158534	239978416	1
RTIGER_SNP50K	Zx.0580	PN7_SID632	4	240030874	241241194	2
RTIGER_SNP50K	Zx.0580	PN7_SID632	4	241343396	249890511	1
RTIGER_SNP50K	Zx.0580	PN7_SID632	5	375767	24019093	1
RTIGER_SNP50K	Zx.0580	PN7_SID632	5	24082270	24308432	2
RTIGER_SNP50K	Zx.0580	PN7_SID632	5	24413797	40987569	1
RTIGER_SNP50K	Zx.0580	PN7_SID632	5	41366495	43200744	2
RTIGER_SNP50K	Zx.0580	PN7_SID632	5	43287156	58201094	1
RTIGER_SNP50K	Zx.0580	PN7_SID632	5	58331453	59668788	2
RTIGER_SNP50K	Zx.0580	PN7_SID632	5	59677994	65259919	1
RTIGER_SNP50K	Zx.0580	PN7_SID632	5	65259949	66366196	2
RTIGER_SNP50K	Zx.0580	PN7_SID632	5	66495621	68373047	1
RTIGER_SNP50K	Zx.0580	PN7_SID632	5	68674274	226234983	0
RTIGER_SNP50K	Zx.0580	PN7_SID632	6	5720392	181024267	0
RTIGER_SNP50K	Zx.0580	PN7_SID632	7	83761	15293726	0
RTIGER_SNP50K	Zx.0580	PN7_SID632	7	15430605	15881421	2
RTIGER_SNP50K	Zx.0580	PN7_SID632	7	16208468	43275983	1
RTIGER_SNP50K	Zx.0580	PN7_SID632	7	43422600	43625984	2
RTIGER_SNP50K	Zx.0580	PN7_SID632	7	43751667	45134890	1
RTIGER_SNP50K	Zx.0580	PN7_SID632	7	45175584	45269454	2
RTIGER_SNP50K	Zx.0580	PN7_SID632	7	45295777	72575943	0
RTIGER_SNP50K	Zx.0580	PN7_SID632	7	72621709	72776084	2
RTIGER_SNP50K	Zx.0580	PN7_SID632	7	72778218	160878686	1
RTIGER_SNP50K	Zx.0580	PN7_SID632	7	160910861	160935889	2
RTIGER_SNP50K	Zx.0580	PN7_SID632	7	161221972	167994759	1
RTIGER_SNP50K	Zx.0580	PN7_SID632	7	167994760	168170818	2
RTIGER_SNP50K	Zx.0580	PN7_SID632	7	168318089	173937314	1
RTIGER_SNP50K	Zx.0580	PN7_SID632	7	174064706	174931891	2
RTIGER_SNP50K	Zx.0580	PN7_SID632	7	174987820	179540052	1
RTIGER_SNP50K	Zx.0580	PN7_SID632	7	179768436	183959112	0
RTIGER_SNP50K	Zx.0580	PN7_SID632	8	354736	182218389	0
RTIGER_SNP50K	Zx.0580	PN7_SID632	9	1749539	162646074	0
RTIGER_SNP50K	Zx.0580	PN7_SID632	10	94302	152340819	0
RTIGER_SNP50K	Zx.0580	PN7_SID633	1	29860	259503314	0
RTIGER_SNP50K	Zx.0580	PN7_SID633	1	259503332	260781041	1
RTIGER_SNP50K	Zx.0580	PN7_SID633	1	260785723	261364834	2
RTIGER_SNP50K	Zx.0580	PN7_SID633	1	261388142	266560044	1
RTIGER_SNP50K	Zx.0580	PN7_SID633	1	266796584	308427802	0
RTIGER_SNP50K	Zx.0580	PN7_SID633	2	76737	243555257	0
RTIGER_SNP50K	Zx.0580	PN7_SID633	3	147823	236963193	0
RTIGER_SNP50K	Zx.0580	PN7_SID633	4	508312	161817828	0
RTIGER_SNP50K	Zx.0580	PN7_SID633	4	161817845	163541585	2
RTIGER_SNP50K	Zx.0580	PN7_SID633	4	163691064	174841567	1
RTIGER_SNP50K	Zx.0580	PN7_SID633	4	174853899	175594790	2
RTIGER_SNP50K	Zx.0580	PN7_SID633	4	176270487	177171204	1
RTIGER_SNP50K	Zx.0580	PN7_SID633	4	177352678	178293462	2
RTIGER_SNP50K	Zx.0580	PN7_SID633	4	178691902	183140746	1
RTIGER_SNP50K	Zx.0580	PN7_SID633	4	183140755	183298665	2
RTIGER_SNP50K	Zx.0580	PN7_SID633	4	183681611	208158403	1
RTIGER_SNP50K	Zx.0580	PN7_SID633	4	208212640	209738097	2
RTIGER_SNP50K	Zx.0580	PN7_SID633	4	209776430	210055096	1
RTIGER_SNP50K	Zx.0580	PN7_SID633	4	210055997	210384493	2
RTIGER_SNP50K	Zx.0580	PN7_SID633	4	210396394	212540773	1
RTIGER_SNP50K	Zx.0580	PN7_SID633	4	212540814	213418052	2
RTIGER_SNP50K	Zx.0580	PN7_SID633	4	213435616	225310130	1
RTIGER_SNP50K	Zx.0580	PN7_SID633	4	225463531	225513645	2
RTIGER_SNP50K	Zx.0580	PN7_SID633	4	225515892	230873137	1
RTIGER_SNP50K	Zx.0580	PN7_SID633	4	230888728	231067104	2
RTIGER_SNP50K	Zx.0580	PN7_SID633	4	231405613	249890511	0
RTIGER_SNP50K	Zx.0580	PN7_SID633	5	375767	27861788	0
RTIGER_SNP50K	Zx.0580	PN7_SID633	5	27879817	28125291	2
RTIGER_SNP50K	Zx.0580	PN7_SID633	5	28217038	41143317	1
RTIGER_SNP50K	Zx.0580	PN7_SID633	5	41366495	41901200	2
RTIGER_SNP50K	Zx.0580	PN7_SID633	5	41958939	41978941	1
RTIGER_SNP50K	Zx.0580	PN7_SID633	5	41997565	42309777	2
RTIGER_SNP50K	Zx.0580	PN7_SID633	5	42387333	45337322	1
RTIGER_SNP50K	Zx.0580	PN7_SID633	5	45441830	47335144	2
RTIGER_SNP50K	Zx.0580	PN7_SID633	5	47435827	48786814	1
RTIGER_SNP50K	Zx.0580	PN7_SID633	5	48788307	50385919	2
RTIGER_SNP50K	Zx.0580	PN7_SID633	5	50779292	65161757	1
RTIGER_SNP50K	Zx.0580	PN7_SID633	5	65428234	65544146	2
RTIGER_SNP50K	Zx.0580	PN7_SID633	5	65606017	68373047	1
RTIGER_SNP50K	Zx.0580	PN7_SID633	5	68674274	226234983	0
RTIGER_SNP50K	Zx.0580	PN7_SID633	6	5514944	181186018	0
RTIGER_SNP50K	Zx.0580	PN7_SID633	7	83761	183980739	0
RTIGER_SNP50K	Zx.0580	PN7_SID633	8	328238	182218389	0
RTIGER_SNP50K	Zx.0580	PN7_SID633	9	1566009	161135683	0
RTIGER_SNP50K	Zx.0580	PN7_SID633	9	161136440	162808411	1
RTIGER_SNP50K	Zx.0580	PN7_SID633	10	183757	152340819	0
RTIGER_SNP50K	Zx.0580	PN7_SID634	1	29860	192267026	0
RTIGER_SNP50K	Zx.0580	PN7_SID634	1	192269097	198921217	1
RTIGER_SNP50K	Zx.0580	PN7_SID634	1	199818530	308330525	0
RTIGER_SNP50K	Zx.0580	PN7_SID634	2	71603	14430616	1
RTIGER_SNP50K	Zx.0580	PN7_SID634	2	14489814	14537760	2
RTIGER_SNP50K	Zx.0580	PN7_SID634	2	14627256	43847341	1
RTIGER_SNP50K	Zx.0580	PN7_SID634	2	43882067	43939509	2
RTIGER_SNP50K	Zx.0580	PN7_SID634	2	44147783	66240309	1
RTIGER_SNP50K	Zx.0580	PN7_SID634	2	66533322	66549401	2
RTIGER_SNP50K	Zx.0580	PN7_SID634	2	66602852	243662959	0
RTIGER_SNP50K	Zx.0580	PN7_SID634	3	147823	230560750	0
RTIGER_SNP50K	Zx.0580	PN7_SID634	3	230581022	234346308	1
RTIGER_SNP50K	Zx.0580	PN7_SID634	3	234395401	234687572	2
RTIGER_SNP50K	Zx.0580	PN7_SID634	3	234766975	236941170	1
RTIGER_SNP50K	Zx.0580	PN7_SID634	4	255421	3544579	0
RTIGER_SNP50K	Zx.0580	PN7_SID634	4	3707831	11043977	1
RTIGER_SNP50K	Zx.0580	PN7_SID634	4	11288729	86879138	0
RTIGER_SNP50K	Zx.0580	PN7_SID634	4	87374704	97382239	1
RTIGER_SNP50K	Zx.0580	PN7_SID634	4	98018697	98126180	2
RTIGER_SNP50K	Zx.0580	PN7_SID634	4	98282970	100313765	1
RTIGER_SNP50K	Zx.0580	PN7_SID634	4	100314494	101794189	2
RTIGER_SNP50K	Zx.0580	PN7_SID634	4	101935353	105444648	1
RTIGER_SNP50K	Zx.0580	PN7_SID634	4	105633193	106956964	2
RTIGER_SNP50K	Zx.0580	PN7_SID634	4	107037791	107385807	1
RTIGER_SNP50K	Zx.0580	PN7_SID634	4	107875331	112529527	2
RTIGER_SNP50K	Zx.0580	PN7_SID634	4	112684936	113239470	1
RTIGER_SNP50K	Zx.0580	PN7_SID634	4	113257301	119867636	2
RTIGER_SNP50K	Zx.0580	PN7_SID634	4	119923561	120183673	1
RTIGER_SNP50K	Zx.0580	PN7_SID634	4	120186911	121237724	2
RTIGER_SNP50K	Zx.0580	PN7_SID634	4	121453712	125037635	1
RTIGER_SNP50K	Zx.0580	PN7_SID634	4	125312461	128489731	2
RTIGER_SNP50K	Zx.0580	PN7_SID634	4	128491858	138253761	1
RTIGER_SNP50K	Zx.0580	PN7_SID634	4	138392976	139051462	2
RTIGER_SNP50K	Zx.0580	PN7_SID634	4	139518418	151334998	1
RTIGER_SNP50K	Zx.0580	PN7_SID634	4	151565136	153597661	2
RTIGER_SNP50K	Zx.0580	PN7_SID634	4	153739667	159422426	1
RTIGER_SNP50K	Zx.0580	PN7_SID634	4	159999796	159999833	2
RTIGER_SNP50K	Zx.0580	PN7_SID634	4	160135859	174380257	1
RTIGER_SNP50K	Zx.0580	PN7_SID634	4	174418920	176196000	2
RTIGER_SNP50K	Zx.0580	PN7_SID634	4	176270456	180560602	1
RTIGER_SNP50K	Zx.0580	PN7_SID634	4	181054173	181264807	2
RTIGER_SNP50K	Zx.0580	PN7_SID634	4	181311536	183140746	1
RTIGER_SNP50K	Zx.0580	PN7_SID634	4	183140755	184760859	2
RTIGER_SNP50K	Zx.0580	PN7_SID634	4	184910620	185471670	1
RTIGER_SNP50K	Zx.0580	PN7_SID634	4	185488362	187509737	2
RTIGER_SNP50K	Zx.0580	PN7_SID634	4	187830568	192316632	1
RTIGER_SNP50K	Zx.0580	PN7_SID634	4	192359509	192870890	2
RTIGER_SNP50K	Zx.0580	PN7_SID634	4	192883588	194375809	1
RTIGER_SNP50K	Zx.0580	PN7_SID634	4	194392526	194604076	2
RTIGER_SNP50K	Zx.0580	PN7_SID634	4	194909557	208726636	1
RTIGER_SNP50K	Zx.0580	PN7_SID634	4	209052500	209454724	2
RTIGER_SNP50K	Zx.0580	PN7_SID634	4	209663744	225362392	1
RTIGER_SNP50K	Zx.0580	PN7_SID634	4	225485939	225523162	2
RTIGER_SNP50K	Zx.0580	PN7_SID634	4	225523675	226168380	1
RTIGER_SNP50K	Zx.0580	PN7_SID634	4	226345658	247486022	0
RTIGER_SNP50K	Zx.0580	PN7_SID634	4	247486930	249259525	1
RTIGER_SNP50K	Zx.0580	PN7_SID634	5	434522	226240113	0
RTIGER_SNP50K	Zx.0580	PN7_SID634	6	5720392	181203668	0
RTIGER_SNP50K	Zx.0580	PN7_SID634	7	343733	183226952	0
RTIGER_SNP50K	Zx.0580	PN7_SID634	7	183240338	183980739	1
RTIGER_SNP50K	Zx.0580	PN7_SID634	8	360763	182218389	0
RTIGER_SNP50K	Zx.0580	PN7_SID634	9	1566009	70905864	1
RTIGER_SNP50K	Zx.0580	PN7_SID634	9	70922940	71098640	2
RTIGER_SNP50K	Zx.0580	PN7_SID634	9	71188925	122986876	1
RTIGER_SNP50K	Zx.0580	PN7_SID634	9	123069307	123069323	2
RTIGER_SNP50K	Zx.0580	PN7_SID634	9	123110826	162510021	0
RTIGER_SNP50K	Zx.0580	PN7_SID634	10	94302	4005537	0
RTIGER_SNP50K	Zx.0580	PN7_SID634	10	4224798	7456618	1
RTIGER_SNP50K	Zx.0580	PN7_SID634	10	7523438	152276050	0
RTIGER_SNP50K	Zx.0580	PN7_SID635	1	289351	213564655	0
RTIGER_SNP50K	Zx.0580	PN7_SID635	1	213590126	237016613	1
RTIGER_SNP50K	Zx.0580	PN7_SID635	1	237031190	237520689	2
RTIGER_SNP50K	Zx.0580	PN7_SID635	1	237980832	264031790	1
RTIGER_SNP50K	Zx.0580	PN7_SID635	1	264093951	264094019	2
RTIGER_SNP50K	Zx.0580	PN7_SID635	1	264331270	266370061	1
RTIGER_SNP50K	Zx.0580	PN7_SID635	1	266796584	267989175	2
RTIGER_SNP50K	Zx.0580	PN7_SID635	1	267989178	270031103	1
RTIGER_SNP50K	Zx.0580	PN7_SID635	1	270132262	308288109	0
RTIGER_SNP50K	Zx.0580	PN7_SID635	2	76737	17541987	1
RTIGER_SNP50K	Zx.0580	PN7_SID635	2	17890561	243555257	0
RTIGER_SNP50K	Zx.0580	PN7_SID635	3	147823	236963193	0
RTIGER_SNP50K	Zx.0580	PN7_SID635	4	514639	208538518	0
RTIGER_SNP50K	Zx.0580	PN7_SID635	4	208782346	209459987	2
RTIGER_SNP50K	Zx.0580	PN7_SID635	4	209672513	225786099	1
RTIGER_SNP50K	Zx.0580	PN7_SID635	4	225848047	249890511	0
RTIGER_SNP50K	Zx.0580	PN7_SID635	5	322588	226227487	0
RTIGER_SNP50K	Zx.0580	PN7_SID635	6	5260376	181187587	0
RTIGER_SNP50K	Zx.0580	PN7_SID635	7	419164	183959112	0
RTIGER_SNP50K	Zx.0580	PN7_SID635	8	295839	172164317	0
RTIGER_SNP50K	Zx.0580	PN7_SID635	8	172209876	182232061	1
RTIGER_SNP50K	Zx.0580	PN7_SID635	9	1749539	162809802	0
RTIGER_SNP50K	Zx.0580	PN7_SID635	10	183757	78814123	0
RTIGER_SNP50K	Zx.0580	PN7_SID635	10	78825952	140323253	1
RTIGER_SNP50K	Zx.0580	PN7_SID635	10	140416209	152327194	0
RTIGER_SNP50K	Zx.0580	PN7_SID636	1	291511	308427802	0
RTIGER_SNP50K	Zx.0580	PN7_SID636	2	71603	6393796	1
RTIGER_SNP50K	Zx.0580	PN7_SID636	2	6533603	223422325	0
RTIGER_SNP50K	Zx.0580	PN7_SID636	2	223601115	226824851	1
RTIGER_SNP50K	Zx.0580	PN7_SID636	2	226857407	227228492	2
RTIGER_SNP50K	Zx.0580	PN7_SID636	2	227232524	243552371	1
RTIGER_SNP50K	Zx.0580	PN7_SID636	3	147823	236963193	0
RTIGER_SNP50K	Zx.0580	PN7_SID636	4	255421	249925783	0
RTIGER_SNP50K	Zx.0580	PN7_SID636	5	336374	7781959	1
RTIGER_SNP50K	Zx.0580	PN7_SID636	5	7898311	226240113	0
RTIGER_SNP50K	Zx.0580	PN7_SID636	6	5514944	181186018	0
RTIGER_SNP50K	Zx.0580	PN7_SID636	7	271597	2649943	0
RTIGER_SNP50K	Zx.0580	PN7_SID636	7	2868254	3158563	2
RTIGER_SNP50K	Zx.0580	PN7_SID636	7	3163045	6138505	1
RTIGER_SNP50K	Zx.0580	PN7_SID636	7	6164816	183980739	0
RTIGER_SNP50K	Zx.0580	PN7_SID636	8	295839	182167615	0
RTIGER_SNP50K	Zx.0580	PN7_SID636	9	1958125	2759024	1
RTIGER_SNP50K	Zx.0580	PN7_SID636	9	2826938	5028023	2
RTIGER_SNP50K	Zx.0580	PN7_SID636	9	5145943	5402420	1
RTIGER_SNP50K	Zx.0580	PN7_SID636	9	5589666	7545436	2
RTIGER_SNP50K	Zx.0580	PN7_SID636	9	7688737	13447360	1
RTIGER_SNP50K	Zx.0580	PN7_SID636	9	13787719	15327087	2
RTIGER_SNP50K	Zx.0580	PN7_SID636	9	16295126	33386711	1
RTIGER_SNP50K	Zx.0580	PN7_SID636	9	33392355	33712312	2
RTIGER_SNP50K	Zx.0580	PN7_SID636	9	33853437	85828503	1
RTIGER_SNP50K	Zx.0580	PN7_SID636	9	86104772	86132160	2
RTIGER_SNP50K	Zx.0580	PN7_SID636	9	86133238	109242028	1
RTIGER_SNP50K	Zx.0580	PN7_SID636	9	109775867	111683985	2
RTIGER_SNP50K	Zx.0580	PN7_SID636	9	111889698	150092677	1
RTIGER_SNP50K	Zx.0580	PN7_SID636	9	150241398	162809802	0
RTIGER_SNP50K	Zx.0580	PN7_SID636	10	202385	152276050	0
RTIGER_SNP50K	Zx.0580	PN7_SID637	1	289351	161953250	0
RTIGER_SNP50K	Zx.0580	PN7_SID637	1	162008182	162657137	1
RTIGER_SNP50K	Zx.0580	PN7_SID637	1	162726617	308330525	0
RTIGER_SNP50K	Zx.0580	PN7_SID637	2	131906	102588140	0
RTIGER_SNP50K	Zx.0580	PN7_SID637	2	102627104	102627129	2
RTIGER_SNP50K	Zx.0580	PN7_SID637	2	102691570	243533209	0
RTIGER_SNP50K	Zx.0580	PN7_SID637	3	147823	236939523	0
RTIGER_SNP50K	Zx.0580	PN7_SID637	4	508312	7510368	0
RTIGER_SNP50K	Zx.0580	PN7_SID637	4	7516055	7602542	2
RTIGER_SNP50K	Zx.0580	PN7_SID637	4	8087339	10119756	1
RTIGER_SNP50K	Zx.0580	PN7_SID637	4	10449464	11043963	2
RTIGER_SNP50K	Zx.0580	PN7_SID637	4	11079984	14310787	1
RTIGER_SNP50K	Zx.0580	PN7_SID637	4	14785199	14818050	2
RTIGER_SNP50K	Zx.0580	PN7_SID637	4	14845696	17238933	1
RTIGER_SNP50K	Zx.0580	PN7_SID637	4	17264128	17273070	2
RTIGER_SNP50K	Zx.0580	PN7_SID637	4	17343403	20820550	1
RTIGER_SNP50K	Zx.0580	PN7_SID637	4	20823004	21301101	2
RTIGER_SNP50K	Zx.0580	PN7_SID637	4	21547305	33819413	1
RTIGER_SNP50K	Zx.0580	PN7_SID637	4	34755102	249848884	0
RTIGER_SNP50K	Zx.0580	PN7_SID637	5	380675	226167943	0
RTIGER_SNP50K	Zx.0580	PN7_SID637	6	5677854	180695783	0
RTIGER_SNP50K	Zx.0580	PN7_SID637	7	84081	183980739	0
RTIGER_SNP50K	Zx.0580	PN7_SID637	8	328238	10636168	0
RTIGER_SNP50K	Zx.0580	PN7_SID637	8	11070426	16970887	1
RTIGER_SNP50K	Zx.0580	PN7_SID637	8	16970922	182167615	0
RTIGER_SNP50K	Zx.0580	PN7_SID637	9	1567509	162809802	0
RTIGER_SNP50K	Zx.0580	PN7_SID637	10	183757	1581624	0
RTIGER_SNP50K	Zx.0580	PN7_SID637	10	1677414	4593163	1
RTIGER_SNP50K	Zx.0580	PN7_SID637	10	5365048	5671638	2
RTIGER_SNP50K	Zx.0580	PN7_SID637	10	5814373	17200907	1
RTIGER_SNP50K	Zx.0580	PN7_SID637	10	17202017	18376639	2
RTIGER_SNP50K	Zx.0580	PN7_SID637	10	18606380	34609985	1
RTIGER_SNP50K	Zx.0580	PN7_SID637	10	34623682	35336791	2
RTIGER_SNP50K	Zx.0580	PN7_SID637	10	35337422	36631534	1
RTIGER_SNP50K	Zx.0580	PN7_SID637	10	36741523	37375418	2
RTIGER_SNP50K	Zx.0580	PN7_SID637	10	37517412	40501421	1
RTIGER_SNP50K	Zx.0580	PN7_SID637	10	40511093	45636080	2
RTIGER_SNP50K	Zx.0580	PN7_SID637	10	45774598	61455331	1
RTIGER_SNP50K	Zx.0580	PN7_SID637	10	61619067	62673776	2
RTIGER_SNP50K	Zx.0580	PN7_SID637	10	62692781	66130492	1
RTIGER_SNP50K	Zx.0580	PN7_SID637	10	66183962	73741061	2
RTIGER_SNP50K	Zx.0580	PN7_SID637	10	74079823	74086522	1
RTIGER_SNP50K	Zx.0580	PN7_SID637	10	74175131	77956275	2
RTIGER_SNP50K	Zx.0580	PN7_SID637	10	78121645	85709457	1
RTIGER_SNP50K	Zx.0580	PN7_SID637	10	85726864	87038618	2
RTIGER_SNP50K	Zx.0580	PN7_SID637	10	87038638	103107124	1
RTIGER_SNP50K	Zx.0580	PN7_SID637	10	103109116	104740344	2
RTIGER_SNP50K	Zx.0580	PN7_SID637	10	105090750	105347998	1
RTIGER_SNP50K	Zx.0580	PN7_SID637	10	105400829	107315222	2
RTIGER_SNP50K	Zx.0580	PN7_SID637	10	107353995	133654197	1
RTIGER_SNP50K	Zx.0580	PN7_SID637	10	133654230	152340819	0
RTIGER_SNP50K	Zx.0580	PN7_SID639	1	287040	259779690	0
RTIGER_SNP50K	Zx.0580	PN7_SID639	1	259853110	263377945	1
RTIGER_SNP50K	Zx.0580	PN7_SID639	1	264093951	264093976	2
RTIGER_SNP50K	Zx.0580	PN7_SID639	1	264190047	285758364	1
RTIGER_SNP50K	Zx.0580	PN7_SID639	1	286059441	308423707	0
RTIGER_SNP50K	Zx.0580	PN7_SID639	2	76737	18586345	0
RTIGER_SNP50K	Zx.0580	PN7_SID639	2	18683653	52450272	1
RTIGER_SNP50K	Zx.0580	PN7_SID639	2	52735028	53072282	2
RTIGER_SNP50K	Zx.0580	PN7_SID639	2	53119919	66355723	1
RTIGER_SNP50K	Zx.0580	PN7_SID639	2	66533322	66552864	2
RTIGER_SNP50K	Zx.0580	PN7_SID639	2	66552963	75544177	1
RTIGER_SNP50K	Zx.0580	PN7_SID639	2	75686298	76011077	2
RTIGER_SNP50K	Zx.0580	PN7_SID639	2	76081742	85723984	1
RTIGER_SNP50K	Zx.0580	PN7_SID639	2	85782984	86363229	2
RTIGER_SNP50K	Zx.0580	PN7_SID639	2	86834074	102183584	1
RTIGER_SNP50K	Zx.0580	PN7_SID639	2	102183943	102534675	2
RTIGER_SNP50K	Zx.0580	PN7_SID639	2	102753601	104942793	1
RTIGER_SNP50K	Zx.0580	PN7_SID639	2	105022366	105140579	2
RTIGER_SNP50K	Zx.0580	PN7_SID639	2	105181821	109421275	1
RTIGER_SNP50K	Zx.0580	PN7_SID639	2	109426604	110050683	2
RTIGER_SNP50K	Zx.0580	PN7_SID639	2	110362087	126369443	1
RTIGER_SNP50K	Zx.0580	PN7_SID639	2	126481575	126871620	2
RTIGER_SNP50K	Zx.0580	PN7_SID639	2	126926298	127457921	1
RTIGER_SNP50K	Zx.0580	PN7_SID639	2	127458084	127517093	2
RTIGER_SNP50K	Zx.0580	PN7_SID639	2	127735585	143885731	1
RTIGER_SNP50K	Zx.0580	PN7_SID639	2	144042836	144106734	2
RTIGER_SNP50K	Zx.0580	PN7_SID639	2	144129318	150418052	1
RTIGER_SNP50K	Zx.0580	PN7_SID639	2	150764431	151295342	2
RTIGER_SNP50K	Zx.0580	PN7_SID639	2	151362028	158498919	1
RTIGER_SNP50K	Zx.0580	PN7_SID639	2	158792811	159958444	2
RTIGER_SNP50K	Zx.0580	PN7_SID639	2	160010792	160625777	1
RTIGER_SNP50K	Zx.0580	PN7_SID639	2	160627095	162828717	2
RTIGER_SNP50K	Zx.0580	PN7_SID639	2	162932925	164998602	1
RTIGER_SNP50K	Zx.0580	PN7_SID639	2	165073218	165702367	2
RTIGER_SNP50K	Zx.0580	PN7_SID639	2	165764061	190719043	1
RTIGER_SNP50K	Zx.0580	PN7_SID639	2	190722756	191294564	2
RTIGER_SNP50K	Zx.0580	PN7_SID639	2	191313983	209467110	1
RTIGER_SNP50K	Zx.0580	PN7_SID639	2	209559551	209611267	2
RTIGER_SNP50K	Zx.0580	PN7_SID639	2	210149380	212911863	1
RTIGER_SNP50K	Zx.0580	PN7_SID639	2	213032232	213744161	2
RTIGER_SNP50K	Zx.0580	PN7_SID639	2	213831899	243662959	0
RTIGER_SNP50K	Zx.0580	PN7_SID639	3	147823	236941170	0
RTIGER_SNP50K	Zx.0580	PN7_SID639	4	514639	3408724	0
RTIGER_SNP50K	Zx.0580	PN7_SID639	4	3411128	6047582	1
RTIGER_SNP50K	Zx.0580	PN7_SID639	4	6087697	249801221	0
RTIGER_SNP50K	Zx.0580	PN7_SID639	5	322588	221403017	0
RTIGER_SNP50K	Zx.0580	PN7_SID639	5	221444702	222495487	2
RTIGER_SNP50K	Zx.0580	PN7_SID639	5	222517704	222738770	1
RTIGER_SNP50K	Zx.0580	PN7_SID639	5	223058013	224130394	2
RTIGER_SNP50K	Zx.0580	PN7_SID639	5	224331042	226240113	0
RTIGER_SNP50K	Zx.0580	PN7_SID639	6	5679415	181187587	0
RTIGER_SNP50K	Zx.0580	PN7_SID639	7	343733	183980739	0
RTIGER_SNP50K	Zx.0580	PN7_SID639	8	355021	182232061	0
RTIGER_SNP50K	Zx.0580	PN7_SID639	9	1567509	162808411	0
RTIGER_SNP50K	Zx.0580	PN7_SID639	10	94302	10854813	0
RTIGER_SNP50K	Zx.0580	PN7_SID639	10	10917547	112560926	1
RTIGER_SNP50K	Zx.0580	PN7_SID639	10	112691355	113585567	2
RTIGER_SNP50K	Zx.0580	PN7_SID639	10	113585740	134591513	1
RTIGER_SNP50K	Zx.0580	PN7_SID639	10	134674533	152302281	0
RTIGER_SNP50K	Zx.0580	PN7_SID640	1	287040	284226971	0
RTIGER_SNP50K	Zx.0580	PN7_SID640	1	284228263	300030381	1
RTIGER_SNP50K	Zx.0580	PN7_SID640	1	300071491	308423715	0
RTIGER_SNP50K	Zx.0580	PN7_SID640	2	71603	15164179	0
RTIGER_SNP50K	Zx.0580	PN7_SID640	2	15313771	26443909	1
RTIGER_SNP50K	Zx.0580	PN7_SID640	2	26475837	26475902	2
RTIGER_SNP50K	Zx.0580	PN7_SID640	2	27245230	66394184	1
RTIGER_SNP50K	Zx.0580	PN7_SID640	2	66533322	66549401	2
RTIGER_SNP50K	Zx.0580	PN7_SID640	2	66568891	81797029	1
RTIGER_SNP50K	Zx.0580	PN7_SID640	2	81807752	81957872	2
RTIGER_SNP50K	Zx.0580	PN7_SID640	2	82324149	87847288	1
RTIGER_SNP50K	Zx.0580	PN7_SID640	2	87874470	88046719	2
RTIGER_SNP50K	Zx.0580	PN7_SID640	2	88052801	94386097	1
RTIGER_SNP50K	Zx.0580	PN7_SID640	2	94445202	96864550	2
RTIGER_SNP50K	Zx.0580	PN7_SID640	2	96923482	125629814	1
RTIGER_SNP50K	Zx.0580	PN7_SID640	2	125647120	125860984	2
RTIGER_SNP50K	Zx.0580	PN7_SID640	2	125896882	127415023	1
RTIGER_SNP50K	Zx.0580	PN7_SID640	2	127415159	127484994	2
RTIGER_SNP50K	Zx.0580	PN7_SID640	2	127562348	130776300	1
RTIGER_SNP50K	Zx.0580	PN7_SID640	2	130886397	131521767	2
RTIGER_SNP50K	Zx.0580	PN7_SID640	2	131521786	134261288	1
RTIGER_SNP50K	Zx.0580	PN7_SID640	2	134358725	134757804	2
RTIGER_SNP50K	Zx.0580	PN7_SID640	2	134892441	155047145	1
RTIGER_SNP50K	Zx.0580	PN7_SID640	2	155142106	155449997	2
RTIGER_SNP50K	Zx.0580	PN7_SID640	2	155451421	164597324	1
RTIGER_SNP50K	Zx.0580	PN7_SID640	2	165060291	165228570	2
RTIGER_SNP50K	Zx.0580	PN7_SID640	2	165765926	166325558	1
RTIGER_SNP50K	Zx.0580	PN7_SID640	2	166375399	167008970	2
RTIGER_SNP50K	Zx.0580	PN7_SID640	2	167066711	187830337	1
RTIGER_SNP50K	Zx.0580	PN7_SID640	2	188005520	188641044	2
RTIGER_SNP50K	Zx.0580	PN7_SID640	2	189111167	212629225	1
RTIGER_SNP50K	Zx.0580	PN7_SID640	2	212692290	216114956	2
RTIGER_SNP50K	Zx.0580	PN7_SID640	2	216182208	226202062	1
RTIGER_SNP50K	Zx.0580	PN7_SID640	2	226257664	226548218	2
RTIGER_SNP50K	Zx.0580	PN7_SID640	2	226614463	230114899	1
RTIGER_SNP50K	Zx.0580	PN7_SID640	2	230251624	243555257	0
RTIGER_SNP50K	Zx.0580	PN7_SID640	3	1028746	236963193	0
RTIGER_SNP50K	Zx.0580	PN7_SID640	4	514639	249848884	0
RTIGER_SNP50K	Zx.0580	PN7_SID640	5	322588	221377194	0
RTIGER_SNP50K	Zx.0580	PN7_SID640	5	221444702	222749553	1
RTIGER_SNP50K	Zx.0580	PN7_SID640	5	223309248	226167943	0
RTIGER_SNP50K	Zx.0580	PN7_SID640	6	5677854	181203668	0
RTIGER_SNP50K	Zx.0580	PN7_SID640	7	83761	2685901	1
RTIGER_SNP50K	Zx.0580	PN7_SID640	7	2948172	3599538	2
RTIGER_SNP50K	Zx.0580	PN7_SID640	7	3677976	5465542	1
RTIGER_SNP50K	Zx.0580	PN7_SID640	7	5511883	177113779	0
RTIGER_SNP50K	Zx.0580	PN7_SID640	7	177315730	183980739	1
RTIGER_SNP50K	Zx.0580	PN7_SID640	8	295839	182232061	0
RTIGER_SNP50K	Zx.0580	PN7_SID640	9	2072866	2749898	2
RTIGER_SNP50K	Zx.0580	PN7_SID640	9	2749908	10860797	1
RTIGER_SNP50K	Zx.0580	PN7_SID640	9	10979544	17308882	2
RTIGER_SNP50K	Zx.0580	PN7_SID640	9	17966666	54344208	1
RTIGER_SNP50K	Zx.0580	PN7_SID640	9	54869699	55163599	2
RTIGER_SNP50K	Zx.0580	PN7_SID640	9	55169422	80070332	1
RTIGER_SNP50K	Zx.0580	PN7_SID640	9	80086215	80148730	2
RTIGER_SNP50K	Zx.0580	PN7_SID640	9	80665772	109575118	1
RTIGER_SNP50K	Zx.0580	PN7_SID640	9	109775867	112217415	2
RTIGER_SNP50K	Zx.0580	PN7_SID640	9	112219018	121448392	1
RTIGER_SNP50K	Zx.0580	PN7_SID640	9	122284642	123069323	2
RTIGER_SNP50K	Zx.0580	PN7_SID640	9	124244661	162692974	0
RTIGER_SNP50K	Zx.0580	PN7_SID640	10	189114	144071907	0
RTIGER_SNP50K	Zx.0580	PN7_SID640	10	144217700	152327194	1
RTIGER_SNP50K	Zx.0580	PN7_SID641	1	287040	210942794	0
RTIGER_SNP50K	Zx.0580	PN7_SID641	1	212028026	229895760	1
RTIGER_SNP50K	Zx.0580	PN7_SID641	1	230077126	274697246	0
RTIGER_SNP50K	Zx.0580	PN7_SID641	1	274715879	276341664	1
RTIGER_SNP50K	Zx.0580	PN7_SID641	1	276450616	278412435	2
RTIGER_SNP50K	Zx.0580	PN7_SID641	1	278424646	305762116	1
RTIGER_SNP50K	Zx.0580	PN7_SID641	1	306038820	308330525	0
RTIGER_SNP50K	Zx.0580	PN7_SID641	2	350690	36982884	0
RTIGER_SNP50K	Zx.0580	PN7_SID641	2	37062703	37135769	2
RTIGER_SNP50K	Zx.0580	PN7_SID641	2	37179334	45574587	1
RTIGER_SNP50K	Zx.0580	PN7_SID641	2	46188638	222889795	0
RTIGER_SNP50K	Zx.0580	PN7_SID641	2	223232908	232023890	1
RTIGER_SNP50K	Zx.0580	PN7_SID641	2	232054447	232072193	2
RTIGER_SNP50K	Zx.0580	PN7_SID641	2	232094858	243522318	1
RTIGER_SNP50K	Zx.0580	PN7_SID641	3	810940	236963193	0
RTIGER_SNP50K	Zx.0580	PN7_SID641	4	425542	4427687	1
RTIGER_SNP50K	Zx.0580	PN7_SID641	4	4456516	6047582	2
RTIGER_SNP50K	Zx.0580	PN7_SID641	4	6217702	248106932	0
RTIGER_SNP50K	Zx.0580	PN7_SID641	4	248322095	249801221	1
RTIGER_SNP50K	Zx.0580	PN7_SID641	5	336374	226039586	0
RTIGER_SNP50K	Zx.0580	PN7_SID641	6	5514944	181024267	0
RTIGER_SNP50K	Zx.0580	PN7_SID641	7	271597	183959112	0
RTIGER_SNP50K	Zx.0580	PN7_SID641	8	295839	152827124	0
RTIGER_SNP50K	Zx.0580	PN7_SID641	8	152937643	182172937	1
RTIGER_SNP50K	Zx.0580	PN7_SID641	9	1749539	162808411	0
RTIGER_SNP50K	Zx.0580	PN7_SID641	10	189159	9833421	0
RTIGER_SNP50K	Zx.0580	PN7_SID641	10	9989701	13330559	2
RTIGER_SNP50K	Zx.0580	PN7_SID641	10	13906484	30906890	1
RTIGER_SNP50K	Zx.0580	PN7_SID641	10	30912510	31028116	2
RTIGER_SNP50K	Zx.0580	PN7_SID641	10	31336858	34331219	1
RTIGER_SNP50K	Zx.0580	PN7_SID641	10	34337370	35717332	2
RTIGER_SNP50K	Zx.0580	PN7_SID641	10	35735079	41121214	1
RTIGER_SNP50K	Zx.0580	PN7_SID641	10	41344092	41359615	2
RTIGER_SNP50K	Zx.0580	PN7_SID641	10	41720628	46935733	1
RTIGER_SNP50K	Zx.0580	PN7_SID641	10	46958448	47494922	2
RTIGER_SNP50K	Zx.0580	PN7_SID641	10	48017739	49128226	1
RTIGER_SNP50K	Zx.0580	PN7_SID641	10	49154805	49579733	2
RTIGER_SNP50K	Zx.0580	PN7_SID641	10	49782150	55280673	1
RTIGER_SNP50K	Zx.0580	PN7_SID641	10	55281036	58007785	2
RTIGER_SNP50K	Zx.0580	PN7_SID641	10	58112627	61619084	1
RTIGER_SNP50K	Zx.0580	PN7_SID641	10	61672778	63563897	2
RTIGER_SNP50K	Zx.0580	PN7_SID641	10	63837684	65028805	1
RTIGER_SNP50K	Zx.0580	PN7_SID641	10	65388407	66499044	2
RTIGER_SNP50K	Zx.0580	PN7_SID641	10	66499130	87481818	1
RTIGER_SNP50K	Zx.0580	PN7_SID641	10	88038872	88725498	2
RTIGER_SNP50K	Zx.0580	PN7_SID641	10	88773869	93319022	1
RTIGER_SNP50K	Zx.0580	PN7_SID641	10	93399514	95172520	2
RTIGER_SNP50K	Zx.0580	PN7_SID641	10	95173109	96418919	1
RTIGER_SNP50K	Zx.0580	PN7_SID641	10	96418927	98434744	2
RTIGER_SNP50K	Zx.0580	PN7_SID641	10	98495020	98697619	1
RTIGER_SNP50K	Zx.0580	PN7_SID641	10	99203063	100013545	2
RTIGER_SNP50K	Zx.0580	PN7_SID641	10	100271491	102347200	1
RTIGER_SNP50K	Zx.0580	PN7_SID641	10	102393522	103107080	2
RTIGER_SNP50K	Zx.0580	PN7_SID641	10	103107124	103507340	1
RTIGER_SNP50K	Zx.0580	PN7_SID641	10	103718147	105923382	2
RTIGER_SNP50K	Zx.0580	PN7_SID641	10	105972317	119018216	1
RTIGER_SNP50K	Zx.0580	PN7_SID641	10	119084997	119791856	2
RTIGER_SNP50K	Zx.0580	PN7_SID641	10	119793828	123942310	1
RTIGER_SNP50K	Zx.0580	PN7_SID641	10	124099517	125490798	2
RTIGER_SNP50K	Zx.0580	PN7_SID641	10	125735276	134454432	1
RTIGER_SNP50K	Zx.0580	PN7_SID641	10	134526567	135806219	2
RTIGER_SNP50K	Zx.0580	PN7_SID641	10	135868057	150504474	1
RTIGER_SNP50K	Zx.0580	PN7_SID641	10	150655484	152290201	0
RTIGER_SNP50K	Zx.0580	PN7_SID642	1	287040	6075972	1
RTIGER_SNP50K	Zx.0580	PN7_SID642	1	6090560	6477240	2
RTIGER_SNP50K	Zx.0580	PN7_SID642	1	6477249	308427802	0
RTIGER_SNP50K	Zx.0580	PN7_SID642	2	71603	19285314	0
RTIGER_SNP50K	Zx.0580	PN7_SID642	2	19296444	22217195	1
RTIGER_SNP50K	Zx.0580	PN7_SID642	2	22261612	23259987	2
RTIGER_SNP50K	Zx.0580	PN7_SID642	2	23319358	30790835	1
RTIGER_SNP50K	Zx.0580	PN7_SID642	2	30873800	31103187	2
RTIGER_SNP50K	Zx.0580	PN7_SID642	2	31353081	37966113	1
RTIGER_SNP50K	Zx.0580	PN7_SID642	2	37995705	39765526	2
RTIGER_SNP50K	Zx.0580	PN7_SID642	2	39904111	52382719	1
RTIGER_SNP50K	Zx.0580	PN7_SID642	2	52442160	53072282	2
RTIGER_SNP50K	Zx.0580	PN7_SID642	2	53183362	64829194	1
RTIGER_SNP50K	Zx.0580	PN7_SID642	2	64829210	65070918	2
RTIGER_SNP50K	Zx.0580	PN7_SID642	2	65128769	75008529	1
RTIGER_SNP50K	Zx.0580	PN7_SID642	2	75113229	76229328	2
RTIGER_SNP50K	Zx.0580	PN7_SID642	2	76239839	84431947	1
RTIGER_SNP50K	Zx.0580	PN7_SID642	2	84461214	84519267	2
RTIGER_SNP50K	Zx.0580	PN7_SID642	2	84553747	87747716	1
RTIGER_SNP50K	Zx.0580	PN7_SID642	2	87748217	87875470	2
RTIGER_SNP50K	Zx.0580	PN7_SID642	2	87877961	94383691	1
RTIGER_SNP50K	Zx.0580	PN7_SID642	2	94416075	94833260	2
RTIGER_SNP50K	Zx.0580	PN7_SID642	2	94848367	97850155	1
RTIGER_SNP50K	Zx.0580	PN7_SID642	2	98036448	99152564	2
RTIGER_SNP50K	Zx.0580	PN7_SID642	2	99180613	101972910	1
RTIGER_SNP50K	Zx.0580	PN7_SID642	2	101999125	102081994	2
RTIGER_SNP50K	Zx.0580	PN7_SID642	2	102161296	102185136	1
RTIGER_SNP50K	Zx.0580	PN7_SID642	2	102245225	102249455	2
RTIGER_SNP50K	Zx.0580	PN7_SID642	2	102323101	104942793	1
RTIGER_SNP50K	Zx.0580	PN7_SID642	2	105003996	105094822	2
RTIGER_SNP50K	Zx.0580	PN7_SID642	2	105185465	108082661	1
RTIGER_SNP50K	Zx.0580	PN7_SID642	2	108529451	108696897	2
RTIGER_SNP50K	Zx.0580	PN7_SID642	2	108796642	124136096	1
RTIGER_SNP50K	Zx.0580	PN7_SID642	2	124139813	124738967	2
RTIGER_SNP50K	Zx.0580	PN7_SID642	2	124743980	125903708	1
RTIGER_SNP50K	Zx.0580	PN7_SID642	2	125951054	126120330	2
RTIGER_SNP50K	Zx.0580	PN7_SID642	2	126134971	127457921	1
RTIGER_SNP50K	Zx.0580	PN7_SID642	2	127458084	127575803	2
RTIGER_SNP50K	Zx.0580	PN7_SID642	2	128060731	130333623	1
RTIGER_SNP50K	Zx.0580	PN7_SID642	2	130595650	130631662	2
RTIGER_SNP50K	Zx.0580	PN7_SID642	2	130642088	130824588	1
RTIGER_SNP50K	Zx.0580	PN7_SID642	2	130886397	131662206	2
RTIGER_SNP50K	Zx.0580	PN7_SID642	2	131671333	134952616	1
RTIGER_SNP50K	Zx.0580	PN7_SID642	2	135077072	135393275	2
RTIGER_SNP50K	Zx.0580	PN7_SID642	2	135425310	135780462	1
RTIGER_SNP50K	Zx.0580	PN7_SID642	2	135784052	136250753	2
RTIGER_SNP50K	Zx.0580	PN7_SID642	2	136979667	150627021	1
RTIGER_SNP50K	Zx.0580	PN7_SID642	2	150764431	151224757	2
RTIGER_SNP50K	Zx.0580	PN7_SID642	2	151264878	159337119	1
RTIGER_SNP50K	Zx.0580	PN7_SID642	2	159348674	159997924	2
RTIGER_SNP50K	Zx.0580	PN7_SID642	2	160343064	160454250	1
RTIGER_SNP50K	Zx.0580	PN7_SID642	2	160466632	160837380	2
RTIGER_SNP50K	Zx.0580	PN7_SID642	2	160839782	162884756	1
RTIGER_SNP50K	Zx.0580	PN7_SID642	2	163056584	163870946	2
RTIGER_SNP50K	Zx.0580	PN7_SID642	2	164511298	164998602	1
RTIGER_SNP50K	Zx.0580	PN7_SID642	2	165060291	165459343	2
RTIGER_SNP50K	Zx.0580	PN7_SID642	2	165684070	219209299	1
RTIGER_SNP50K	Zx.0580	PN7_SID642	2	219212720	243662959	0
RTIGER_SNP50K	Zx.0580	PN7_SID642	3	1028746	10999326	0
RTIGER_SNP50K	Zx.0580	PN7_SID642	3	11015485	16581560	1
RTIGER_SNP50K	Zx.0580	PN7_SID642	3	16597823	16921489	2
RTIGER_SNP50K	Zx.0580	PN7_SID642	3	16958582	113469547	0
RTIGER_SNP50K	Zx.0580	PN7_SID642	3	113649980	188431731	1
RTIGER_SNP50K	Zx.0580	PN7_SID642	3	188488676	200393608	0
RTIGER_SNP50K	Zx.0580	PN7_SID642	3	200490395	214187033	1
RTIGER_SNP50K	Zx.0580	PN7_SID642	3	214205575	236941170	0
RTIGER_SNP50K	Zx.0580	PN7_SID642	4	255421	246415898	0
RTIGER_SNP50K	Zx.0580	PN7_SID642	4	246488236	249925783	1
RTIGER_SNP50K	Zx.0580	PN7_SID642	5	380675	221690344	0
RTIGER_SNP50K	Zx.0580	PN7_SID642	5	221999421	222485932	2
RTIGER_SNP50K	Zx.0580	PN7_SID642	5	222488024	223309254	1
RTIGER_SNP50K	Zx.0580	PN7_SID642	5	223313497	223441873	2
RTIGER_SNP50K	Zx.0580	PN7_SID642	5	223541599	226227487	0
RTIGER_SNP50K	Zx.0580	PN7_SID642	6	5260376	180701860	0
RTIGER_SNP50K	Zx.0580	PN7_SID642	7	83761	183980739	0
RTIGER_SNP50K	Zx.0580	PN7_SID642	8	295839	181998029	0
RTIGER_SNP50K	Zx.0580	PN7_SID642	9	2072866	3073866	2
RTIGER_SNP50K	Zx.0580	PN7_SID642	9	3308714	10860797	1
RTIGER_SNP50K	Zx.0580	PN7_SID642	9	10972359	12302163	2
RTIGER_SNP50K	Zx.0580	PN7_SID642	9	12410341	21785386	1
RTIGER_SNP50K	Zx.0580	PN7_SID642	9	21795403	22320721	2
RTIGER_SNP50K	Zx.0580	PN7_SID642	9	22463199	33273015	1
RTIGER_SNP50K	Zx.0580	PN7_SID642	9	33273025	36065522	2
RTIGER_SNP50K	Zx.0580	PN7_SID642	9	36069751	53809004	1
RTIGER_SNP50K	Zx.0580	PN7_SID642	9	54869699	55135716	2
RTIGER_SNP50K	Zx.0580	PN7_SID642	9	55169422	88156732	1
RTIGER_SNP50K	Zx.0580	PN7_SID642	9	88324497	88473085	2
RTIGER_SNP50K	Zx.0580	PN7_SID642	9	88654478	91854067	1
RTIGER_SNP50K	Zx.0580	PN7_SID642	9	91944361	92368140	2
RTIGER_SNP50K	Zx.0580	PN7_SID642	9	92467063	123102572	1
RTIGER_SNP50K	Zx.0580	PN7_SID642	9	123237239	162808411	0
RTIGER_SNP50K	Zx.0580	PN7_SID642	10	94302	152395252	0
RTIGER_SNP50K	Zx.0580	PN7_SID643	1	291511	308330525	0
RTIGER_SNP50K	Zx.0580	PN7_SID643	2	76737	6076984	1
RTIGER_SNP50K	Zx.0580	PN7_SID643	2	6144672	6338214	2
RTIGER_SNP50K	Zx.0580	PN7_SID643	2	6410032	6784933	1
RTIGER_SNP50K	Zx.0580	PN7_SID643	2	6837508	37319025	0
RTIGER_SNP50K	Zx.0580	PN7_SID643	2	37338791	55514642	1
RTIGER_SNP50K	Zx.0580	PN7_SID643	2	55514688	243390203	0
RTIGER_SNP50K	Zx.0580	PN7_SID643	3	356143	10414316	0
RTIGER_SNP50K	Zx.0580	PN7_SID643	3	10444825	21730630	1
RTIGER_SNP50K	Zx.0580	PN7_SID643	3	21835121	22620293	2
RTIGER_SNP50K	Zx.0580	PN7_SID643	3	22721822	26129731	1
RTIGER_SNP50K	Zx.0580	PN7_SID643	3	26433829	28687420	2
RTIGER_SNP50K	Zx.0580	PN7_SID643	3	28743195	54604189	1
RTIGER_SNP50K	Zx.0580	PN7_SID643	3	54654522	55598510	2
RTIGER_SNP50K	Zx.0580	PN7_SID643	3	55612639	60887641	1
RTIGER_SNP50K	Zx.0580	PN7_SID643	3	61139091	63219931	2
RTIGER_SNP50K	Zx.0580	PN7_SID643	3	63244545	68610571	1
RTIGER_SNP50K	Zx.0580	PN7_SID643	3	68658637	69094177	2
RTIGER_SNP50K	Zx.0580	PN7_SID643	3	69187948	71330150	1
RTIGER_SNP50K	Zx.0580	PN7_SID643	3	71450712	94624727	0
RTIGER_SNP50K	Zx.0580	PN7_SID643	3	94738058	96080326	1
RTIGER_SNP50K	Zx.0580	PN7_SID643	3	96249259	97016626	2
RTIGER_SNP50K	Zx.0580	PN7_SID643	3	97204140	105351260	1
RTIGER_SNP50K	Zx.0580	PN7_SID643	3	105407343	106800591	2
RTIGER_SNP50K	Zx.0580	PN7_SID643	3	107102784	109325265	1
RTIGER_SNP50K	Zx.0580	PN7_SID643	3	109558140	111171744	2
RTIGER_SNP50K	Zx.0580	PN7_SID643	3	111245607	117921382	1
RTIGER_SNP50K	Zx.0580	PN7_SID643	3	118024001	118390994	2
RTIGER_SNP50K	Zx.0580	PN7_SID643	3	118391184	126947789	1
RTIGER_SNP50K	Zx.0580	PN7_SID643	3	127188172	128010935	2
RTIGER_SNP50K	Zx.0580	PN7_SID643	3	128515498	206292096	1
RTIGER_SNP50K	Zx.0580	PN7_SID643	3	206427591	207303702	2
RTIGER_SNP50K	Zx.0580	PN7_SID643	3	207339870	208240811	1
RTIGER_SNP50K	Zx.0580	PN7_SID643	3	208392148	208491592	2
RTIGER_SNP50K	Zx.0580	PN7_SID643	3	208751690	223055438	1
RTIGER_SNP50K	Zx.0580	PN7_SID643	3	223158702	236963193	0
RTIGER_SNP50K	Zx.0580	PN7_SID643	4	638586	247864148	0
RTIGER_SNP50K	Zx.0580	PN7_SID643	4	247905777	249925783	1
RTIGER_SNP50K	Zx.0580	PN7_SID643	5	699604	226127101	0
RTIGER_SNP50K	Zx.0580	PN7_SID643	6	5514944	181024267	0
RTIGER_SNP50K	Zx.0580	PN7_SID643	7	419164	183959112	0
RTIGER_SNP50K	Zx.0580	PN7_SID643	8	295839	182232061	0
RTIGER_SNP50K	Zx.0580	PN7_SID643	9	1566009	145851088	0
RTIGER_SNP50K	Zx.0580	PN7_SID643	9	146130906	148312492	1
RTIGER_SNP50K	Zx.0580	PN7_SID643	9	148314637	162646074	0
RTIGER_SNP50K	Zx.0580	PN7_SID643	10	94302	152395252	0
RTIGER_SNP50K	Zx.0580	PN7_SID644	1	29860	308427802	0
RTIGER_SNP50K	Zx.0580	PN7_SID644	2	75371	7849611	1
RTIGER_SNP50K	Zx.0580	PN7_SID644	2	8076407	9073854	2
RTIGER_SNP50K	Zx.0580	PN7_SID644	2	9174186	14430602	1
RTIGER_SNP50K	Zx.0580	PN7_SID644	2	14489814	14537760	2
RTIGER_SNP50K	Zx.0580	PN7_SID644	2	14653557	22391676	1
RTIGER_SNP50K	Zx.0580	PN7_SID644	2	22844015	23259987	2
RTIGER_SNP50K	Zx.0580	PN7_SID644	2	23319375	26443909	1
RTIGER_SNP50K	Zx.0580	PN7_SID644	2	26444829	26475902	2
RTIGER_SNP50K	Zx.0580	PN7_SID644	2	27523487	30350001	1
RTIGER_SNP50K	Zx.0580	PN7_SID644	2	30350017	31103187	2
RTIGER_SNP50K	Zx.0580	PN7_SID644	2	31154520	62786349	1
RTIGER_SNP50K	Zx.0580	PN7_SID644	2	62816627	243552371	0
RTIGER_SNP50K	Zx.0580	PN7_SID644	3	356143	236963193	0
RTIGER_SNP50K	Zx.0580	PN7_SID644	4	508312	246689038	0
RTIGER_SNP50K	Zx.0580	PN7_SID644	4	247213695	248714248	1
RTIGER_SNP50K	Zx.0580	PN7_SID644	4	248714391	248952846	2
RTIGER_SNP50K	Zx.0580	PN7_SID644	4	249682991	249925783	1
RTIGER_SNP50K	Zx.0580	PN7_SID644	5	336374	226020769	0
RTIGER_SNP50K	Zx.0580	PN7_SID644	6	5260376	181203668	0
RTIGER_SNP50K	Zx.0580	PN7_SID644	7	83761	183959112	0
RTIGER_SNP50K	Zx.0580	PN7_SID644	8	416910	159336103	0
RTIGER_SNP50K	Zx.0580	PN7_SID644	8	159336504	165670799	1
RTIGER_SNP50K	Zx.0580	PN7_SID644	8	165717629	182232061	0
RTIGER_SNP50K	Zx.0580	PN7_SID644	9	1566009	162809802	0
RTIGER_SNP50K	Zx.0580	PN7_SID644	10	94503	152327194	0
RTIGER_SNP50K	Zx.0580	PN7_SID645	1	29860	3434357	1
RTIGER_SNP50K	Zx.0580	PN7_SID645	1	3437007	3484473	2
RTIGER_SNP50K	Zx.0580	PN7_SID645	1	3519591	6253271	1
RTIGER_SNP50K	Zx.0580	PN7_SID645	1	6362484	308427802	0
RTIGER_SNP50K	Zx.0580	PN7_SID645	2	71603	204222	2
RTIGER_SNP50K	Zx.0580	PN7_SID645	2	204231	10910940	1
RTIGER_SNP50K	Zx.0580	PN7_SID645	2	10949680	11326503	2
RTIGER_SNP50K	Zx.0580	PN7_SID645	2	11411504	31820296	1
RTIGER_SNP50K	Zx.0580	PN7_SID645	2	31821165	36365759	0
RTIGER_SNP50K	Zx.0580	PN7_SID645	2	36533032	65513476	1
RTIGER_SNP50K	Zx.0580	PN7_SID645	2	65521487	74823307	0
RTIGER_SNP50K	Zx.0580	PN7_SID645	2	75113229	130729087	1
RTIGER_SNP50K	Zx.0580	PN7_SID645	2	130731911	135126329	0
RTIGER_SNP50K	Zx.0580	PN7_SID645	2	135220765	169861753	1
RTIGER_SNP50K	Zx.0580	PN7_SID645	2	169982272	175057360	0
RTIGER_SNP50K	Zx.0580	PN7_SID645	2	175472192	190347109	1
RTIGER_SNP50K	Zx.0580	PN7_SID645	2	190418705	219631113	0
RTIGER_SNP50K	Zx.0580	PN7_SID645	2	219869284	226054328	1
RTIGER_SNP50K	Zx.0580	PN7_SID645	2	226129299	243662959	0
RTIGER_SNP50K	Zx.0580	PN7_SID645	3	147823	9286146	0
RTIGER_SNP50K	Zx.0580	PN7_SID645	3	9434732	27257498	1
RTIGER_SNP50K	Zx.0580	PN7_SID645	3	27257524	27546940	2
RTIGER_SNP50K	Zx.0580	PN7_SID645	3	27921549	36087534	1
RTIGER_SNP50K	Zx.0580	PN7_SID645	3	36393692	36443673	2
RTIGER_SNP50K	Zx.0580	PN7_SID645	3	36485960	68653125	1
RTIGER_SNP50K	Zx.0580	PN7_SID645	3	68658637	69611790	2
RTIGER_SNP50K	Zx.0580	PN7_SID645	3	69621797	74930847	1
RTIGER_SNP50K	Zx.0580	PN7_SID645	3	75077224	93964365	0
RTIGER_SNP50K	Zx.0580	PN7_SID645	3	94063667	96552654	1
RTIGER_SNP50K	Zx.0580	PN7_SID645	3	96571394	97016626	2
RTIGER_SNP50K	Zx.0580	PN7_SID645	3	97377017	102253196	1
RTIGER_SNP50K	Zx.0580	PN7_SID645	3	102254203	102264005	2
RTIGER_SNP50K	Zx.0580	PN7_SID645	3	102346928	102736328	1
RTIGER_SNP50K	Zx.0580	PN7_SID645	3	102898614	103397742	2
RTIGER_SNP50K	Zx.0580	PN7_SID645	3	103409028	104594232	1
RTIGER_SNP50K	Zx.0580	PN7_SID645	3	104764089	105743832	2
RTIGER_SNP50K	Zx.0580	PN7_SID645	3	105778851	109325265	1
RTIGER_SNP50K	Zx.0580	PN7_SID645	3	109333562	109666959	2
RTIGER_SNP50K	Zx.0580	PN7_SID645	3	109834994	124172005	1
RTIGER_SNP50K	Zx.0580	PN7_SID645	3	124683636	124841767	2
RTIGER_SNP50K	Zx.0580	PN7_SID645	3	124878107	127171192	1
RTIGER_SNP50K	Zx.0580	PN7_SID645	3	127176271	127210528	2
RTIGER_SNP50K	Zx.0580	PN7_SID645	3	127989629	148925234	1
RTIGER_SNP50K	Zx.0580	PN7_SID645	3	148927970	236939523	0
RTIGER_SNP50K	Zx.0580	PN7_SID645	4	255421	249890511	0
RTIGER_SNP50K	Zx.0580	PN7_SID645	5	322588	222485932	0
RTIGER_SNP50K	Zx.0580	PN7_SID645	5	222495487	226234983	1
RTIGER_SNP50K	Zx.0580	PN7_SID645	6	5514944	181186018	0
RTIGER_SNP50K	Zx.0580	PN7_SID645	7	83761	183980739	0
RTIGER_SNP50K	Zx.0580	PN7_SID645	8	388196	182218389	0
RTIGER_SNP50K	Zx.0580	PN7_SID645	9	1567509	162809802	0
RTIGER_SNP50K	Zx.0580	PN7_SID645	10	94302	152302281	0
RTIGER_SNP50K	Zx.0580	PN7_SID646	1	29860	14813332	1
RTIGER_SNP50K	Zx.0580	PN7_SID646	1	14817578	308258072	0
RTIGER_SNP50K	Zx.0580	PN7_SID646	2	75371	243555257	0
RTIGER_SNP50K	Zx.0580	PN7_SID646	3	1028746	8160578	1
RTIGER_SNP50K	Zx.0580	PN7_SID646	3	8242610	236963193	0
RTIGER_SNP50K	Zx.0580	PN7_SID646	4	508312	154858187	0
RTIGER_SNP50K	Zx.0580	PN7_SID646	4	154935804	159422426	1
RTIGER_SNP50K	Zx.0580	PN7_SID646	4	159999796	161383004	2
RTIGER_SNP50K	Zx.0580	PN7_SID646	4	161394030	189680954	1
RTIGER_SNP50K	Zx.0580	PN7_SID646	4	189680993	249801221	0
RTIGER_SNP50K	Zx.0580	PN7_SID646	5	384878	226167943	0
RTIGER_SNP50K	Zx.0580	PN7_SID646	6	5720392	122710139	0
RTIGER_SNP50K	Zx.0580	PN7_SID646	6	122912480	145790480	1
RTIGER_SNP50K	Zx.0580	PN7_SID646	6	145905753	181203668	0
RTIGER_SNP50K	Zx.0580	PN7_SID646	7	387430	183979058	0
RTIGER_SNP50K	Zx.0580	PN7_SID646	8	328238	182232061	0
RTIGER_SNP50K	Zx.0580	PN7_SID646	9	1567509	162809802	0
RTIGER_SNP50K	Zx.0580	PN7_SID646	10	94503	152340819	0
RTIGER_SNP50K	Zx.0580	PN7_SID647	1	29860	5491441	1
RTIGER_SNP50K	Zx.0580	PN7_SID647	1	5548338	46691686	0
RTIGER_SNP50K	Zx.0580	PN7_SID647	1	46755331	53230635	1
RTIGER_SNP50K	Zx.0580	PN7_SID647	1	53236171	58336538	2
RTIGER_SNP50K	Zx.0580	PN7_SID647	1	58569892	66379606	1
RTIGER_SNP50K	Zx.0580	PN7_SID647	1	66568477	308423715	0
RTIGER_SNP50K	Zx.0580	PN7_SID647	2	75371	243555257	0
RTIGER_SNP50K	Zx.0580	PN7_SID647	3	147823	236963193	0
RTIGER_SNP50K	Zx.0580	PN7_SID647	4	508312	244271066	0
RTIGER_SNP50K	Zx.0580	PN7_SID647	4	244281660	249890511	1
RTIGER_SNP50K	Zx.0580	PN7_SID647	5	362844	226240113	0
RTIGER_SNP50K	Zx.0580	PN7_SID647	6	5677854	52897122	1
RTIGER_SNP50K	Zx.0580	PN7_SID647	6	52908794	53556680	2
RTIGER_SNP50K	Zx.0580	PN7_SID647	6	53869710	61224534	1
RTIGER_SNP50K	Zx.0580	PN7_SID647	6	61384540	66456265	2
RTIGER_SNP50K	Zx.0580	PN7_SID647	6	66699188	89648106	1
RTIGER_SNP50K	Zx.0580	PN7_SID647	6	89901580	90486792	2
RTIGER_SNP50K	Zx.0580	PN7_SID647	6	90584837	91969753	1
RTIGER_SNP50K	Zx.0580	PN7_SID647	6	92878540	94057420	2
RTIGER_SNP50K	Zx.0580	PN7_SID647	6	94207027	96398661	1
RTIGER_SNP50K	Zx.0580	PN7_SID647	6	96713339	97382136	2
RTIGER_SNP50K	Zx.0580	PN7_SID647	6	97400294	101554448	1
RTIGER_SNP50K	Zx.0580	PN7_SID647	6	101884036	101884044	2
RTIGER_SNP50K	Zx.0580	PN7_SID647	6	102898747	145790480	1
RTIGER_SNP50K	Zx.0580	PN7_SID647	6	145846770	181203668	0
RTIGER_SNP50K	Zx.0580	PN7_SID647	7	83761	5276150	0
RTIGER_SNP50K	Zx.0580	PN7_SID647	7	5312373	5360343	2
RTIGER_SNP50K	Zx.0580	PN7_SID647	7	5397690	5747355	1
RTIGER_SNP50K	Zx.0580	PN7_SID647	7	5916790	183967464	0
RTIGER_SNP50K	Zx.0580	PN7_SID647	8	328238	182232061	0
RTIGER_SNP50K	Zx.0580	PN7_SID647	9	1566009	156218040	0
RTIGER_SNP50K	Zx.0580	PN7_SID647	9	156596821	162809802	1
RTIGER_SNP50K	Zx.0580	PN7_SID647	10	189654	152305623	0
RTIGER_SNP50K	Zx.0580	PN7_SID648	1	395660	308290679	0
RTIGER_SNP50K	Zx.0580	PN7_SID648	2	75371	243502467	0
RTIGER_SNP50K	Zx.0580	PN7_SID648	3	147823	143181838	0
RTIGER_SNP50K	Zx.0580	PN7_SID648	3	143273407	150466886	1
RTIGER_SNP50K	Zx.0580	PN7_SID648	3	150475384	236963193	0
RTIGER_SNP50K	Zx.0580	PN7_SID648	4	556297	10411392	1
RTIGER_SNP50K	Zx.0580	PN7_SID648	4	10450594	203775802	0
RTIGER_SNP50K	Zx.0580	PN7_SID648	4	204044996	204045027	2
RTIGER_SNP50K	Zx.0580	PN7_SID648	4	204166012	245944611	1
RTIGER_SNP50K	Zx.0580	PN7_SID648	4	246116239	249925783	0
RTIGER_SNP50K	Zx.0580	PN7_SID648	5	322588	226240113	0
RTIGER_SNP50K	Zx.0580	PN7_SID648	6	5514944	107155561	1
RTIGER_SNP50K	Zx.0580	PN7_SID648	6	107512719	108752683	2
RTIGER_SNP50K	Zx.0580	PN7_SID648	6	108815475	181203668	0
RTIGER_SNP50K	Zx.0580	PN7_SID648	7	83761	5307072	1
RTIGER_SNP50K	Zx.0580	PN7_SID648	7	5312373	5997961	2
RTIGER_SNP50K	Zx.0580	PN7_SID648	7	6114109	44868524	1
RTIGER_SNP50K	Zx.0580	PN7_SID648	7	45100091	45269454	2
RTIGER_SNP50K	Zx.0580	PN7_SID648	7	45282788	48586870	1
RTIGER_SNP50K	Zx.0580	PN7_SID648	7	48720434	72747056	0
RTIGER_SNP50K	Zx.0580	PN7_SID648	7	72776063	94032904	1
RTIGER_SNP50K	Zx.0580	PN7_SID648	7	94208533	94435278	2
RTIGER_SNP50K	Zx.0580	PN7_SID648	7	95136331	121746590	1
RTIGER_SNP50K	Zx.0580	PN7_SID648	7	122392426	123744565	2
RTIGER_SNP50K	Zx.0580	PN7_SID648	7	123790092	146636348	1
RTIGER_SNP50K	Zx.0580	PN7_SID648	7	147000541	147264680	2
RTIGER_SNP50K	Zx.0580	PN7_SID648	7	147318378	173725251	0
RTIGER_SNP50K	Zx.0580	PN7_SID648	7	173844792	180833016	1
RTIGER_SNP50K	Zx.0580	PN7_SID648	7	180891084	183980739	0
RTIGER_SNP50K	Zx.0580	PN7_SID648	8	328238	182218389	0
RTIGER_SNP50K	Zx.0580	PN7_SID648	9	1567509	162510021	0
RTIGER_SNP50K	Zx.0580	PN7_SID648	10	189114	152395252	0
RTIGER_SNP50K	Zx.0580	PN7_SID649	1	29860	308423715	0
RTIGER_SNP50K	Zx.0580	PN7_SID649	2	204222	243662959	0
RTIGER_SNP50K	Zx.0580	PN7_SID649	3	147823	236963193	0
RTIGER_SNP50K	Zx.0580	PN7_SID649	4	556297	249848884	0
RTIGER_SNP50K	Zx.0580	PN7_SID649	5	322588	226240113	0
RTIGER_SNP50K	Zx.0580	PN7_SID649	6	5260376	181203668	0
RTIGER_SNP50K	Zx.0580	PN7_SID649	7	84081	183572072	0
RTIGER_SNP50K	Zx.0580	PN7_SID649	8	354973	182167615	0
RTIGER_SNP50K	Zx.0580	PN7_SID649	9	1567509	162646074	0
RTIGER_SNP50K	Zx.0580	PN7_SID649	10	94302	152327194	0
RTIGER_SNP50K	Zx.0580	PN7_SID650	1	287040	287102230	0
RTIGER_SNP50K	Zx.0580	PN7_SID650	1	287113783	287521688	1
RTIGER_SNP50K	Zx.0580	PN7_SID650	1	288280994	288281291	2
RTIGER_SNP50K	Zx.0580	PN7_SID650	1	288571746	305651740	1
RTIGER_SNP50K	Zx.0580	PN7_SID650	1	305660115	308295570	0
RTIGER_SNP50K	Zx.0580	PN7_SID650	2	75371	214976324	0
RTIGER_SNP50K	Zx.0580	PN7_SID650	2	215030895	232062620	1
RTIGER_SNP50K	Zx.0580	PN7_SID650	2	232327775	243533209	0
RTIGER_SNP50K	Zx.0580	PN7_SID650	3	810940	138182775	0
RTIGER_SNP50K	Zx.0580	PN7_SID650	3	138244363	161873826	1
RTIGER_SNP50K	Zx.0580	PN7_SID650	3	162260299	236963193	0
RTIGER_SNP50K	Zx.0580	PN7_SID650	4	255421	249629974	0
RTIGER_SNP50K	Zx.0580	PN7_SID650	5	400394	226156269	0
RTIGER_SNP50K	Zx.0580	PN7_SID650	6	5260376	181203668	0
RTIGER_SNP50K	Zx.0580	PN7_SID650	7	83761	183967464	0
RTIGER_SNP50K	Zx.0580	PN7_SID650	8	295839	177899353	0
RTIGER_SNP50K	Zx.0580	PN7_SID650	8	177903558	182232061	1
RTIGER_SNP50K	Zx.0580	PN7_SID650	9	1567509	162808411	0
RTIGER_SNP50K	Zx.0580	PN7_SID650	10	206281	152302281	0
RTIGER_SNP50K	Zx.0580	PN7_SID651	1	287040	285692264	0
RTIGER_SNP50K	Zx.0580	PN7_SID651	1	285936561	288109616	1
RTIGER_SNP50K	Zx.0580	PN7_SID651	1	288280994	288439652	2
RTIGER_SNP50K	Zx.0580	PN7_SID651	1	288448002	292348040	1
RTIGER_SNP50K	Zx.0580	PN7_SID651	1	292614737	293413560	2
RTIGER_SNP50K	Zx.0580	PN7_SID651	1	293517329	305762116	1
RTIGER_SNP50K	Zx.0580	PN7_SID651	1	305826387	308330525	0
RTIGER_SNP50K	Zx.0580	PN7_SID651	2	765963	198352077	0
RTIGER_SNP50K	Zx.0580	PN7_SID651	2	198352097	208358964	1
RTIGER_SNP50K	Zx.0580	PN7_SID651	2	208399926	209559561	2
RTIGER_SNP50K	Zx.0580	PN7_SID651	2	209935183	243533209	0
RTIGER_SNP50K	Zx.0580	PN7_SID651	3	147823	231393256	0
RTIGER_SNP50K	Zx.0580	PN7_SID651	3	231440264	236941170	1
RTIGER_SNP50K	Zx.0580	PN7_SID651	4	255421	249848884	0
RTIGER_SNP50K	Zx.0580	PN7_SID651	5	336374	226240113	0
RTIGER_SNP50K	Zx.0580	PN7_SID651	6	5791226	32297692	1
RTIGER_SNP50K	Zx.0580	PN7_SID651	6	32318270	181186018	0
RTIGER_SNP50K	Zx.0580	PN7_SID651	7	271597	183979058	0
RTIGER_SNP50K	Zx.0580	PN7_SID651	8	360763	155530979	0
RTIGER_SNP50K	Zx.0580	PN7_SID651	8	155671297	181505667	1
RTIGER_SNP50K	Zx.0580	PN7_SID651	8	181523765	181771411	2
RTIGER_SNP50K	Zx.0580	PN7_SID651	8	181805798	182218389	1
RTIGER_SNP50K	Zx.0580	PN7_SID651	9	1749539	162809802	0
RTIGER_SNP50K	Zx.0580	PN7_SID651	10	94503	152276050	0
RTIGER_SNP50K	Zx.0580	PN7_SID652	1	287040	308423715	0
RTIGER_SNP50K	Zx.0580	PN7_SID652	2	71603	16210955	0
RTIGER_SNP50K	Zx.0580	PN7_SID652	2	16211233	23259987	1
RTIGER_SNP50K	Zx.0580	PN7_SID652	2	23515983	243555257	0
RTIGER_SNP50K	Zx.0580	PN7_SID652	3	147823	149474268	0
RTIGER_SNP50K	Zx.0580	PN7_SID652	3	149480788	158186089	1
RTIGER_SNP50K	Zx.0580	PN7_SID652	3	158186090	229262989	0
RTIGER_SNP50K	Zx.0580	PN7_SID652	3	229291359	232775606	1
RTIGER_SNP50K	Zx.0580	PN7_SID652	3	232859147	236963193	0
RTIGER_SNP50K	Zx.0580	PN7_SID652	4	255421	249890511	0
RTIGER_SNP50K	Zx.0580	PN7_SID652	5	375767	222045643	0
RTIGER_SNP50K	Zx.0580	PN7_SID652	5	222047767	222557274	1
RTIGER_SNP50K	Zx.0580	PN7_SID652	5	222573060	224105662	2
RTIGER_SNP50K	Zx.0580	PN7_SID652	5	224189276	226156269	1
RTIGER_SNP50K	Zx.0580	PN7_SID652	6	5260376	181024267	0
RTIGER_SNP50K	Zx.0580	PN7_SID652	7	84081	156312062	0
RTIGER_SNP50K	Zx.0580	PN7_SID652	7	156360250	162626167	1
RTIGER_SNP50K	Zx.0580	PN7_SID652	7	162955290	183980739	0
RTIGER_SNP50K	Zx.0580	PN7_SID652	8	328238	177464535	0
RTIGER_SNP50K	Zx.0580	PN7_SID652	8	177574081	178749352	1
RTIGER_SNP50K	Zx.0580	PN7_SID652	8	178796701	179115579	2
RTIGER_SNP50K	Zx.0580	PN7_SID652	8	179365434	182218389	1
RTIGER_SNP50K	Zx.0580	PN7_SID652	9	1566009	162808411	0
RTIGER_SNP50K	Zx.0580	PN7_SID652	10	94302	152395252	0
RTIGER_SNP50K	Zx.0580	PN7_SID653	1	29860	285692264	0
RTIGER_SNP50K	Zx.0580	PN7_SID653	1	285758364	287263739	2
RTIGER_SNP50K	Zx.0580	PN7_SID653	1	287279961	297570189	1
RTIGER_SNP50K	Zx.0580	PN7_SID653	1	297573044	297827365	2
RTIGER_SNP50K	Zx.0580	PN7_SID653	1	298130233	299540164	1
RTIGER_SNP50K	Zx.0580	PN7_SID653	1	299544526	299917063	2
RTIGER_SNP50K	Zx.0580	PN7_SID653	1	299955590	306606771	1
RTIGER_SNP50K	Zx.0580	PN7_SID653	1	306901240	308423715	0
RTIGER_SNP50K	Zx.0580	PN7_SID653	2	76737	2040531	1
RTIGER_SNP50K	Zx.0580	PN7_SID653	2	2247115	25328360	0
RTIGER_SNP50K	Zx.0580	PN7_SID653	2	25369231	29642014	1
RTIGER_SNP50K	Zx.0580	PN7_SID653	2	30151408	31821165	2
RTIGER_SNP50K	Zx.0580	PN7_SID653	2	31821220	45250201	1
RTIGER_SNP50K	Zx.0580	PN7_SID653	2	45299101	45969933	2
RTIGER_SNP50K	Zx.0580	PN7_SID653	2	46136907	52924807	1
RTIGER_SNP50K	Zx.0580	PN7_SID653	2	53055080	53224572	2
RTIGER_SNP50K	Zx.0580	PN7_SID653	2	53245332	64206593	1
RTIGER_SNP50K	Zx.0580	PN7_SID653	2	64276333	65525576	2
RTIGER_SNP50K	Zx.0580	PN7_SID653	2	65542235	74799981	1
RTIGER_SNP50K	Zx.0580	PN7_SID653	2	75113229	77751835	2
RTIGER_SNP50K	Zx.0580	PN7_SID653	2	77954865	88357291	1
RTIGER_SNP50K	Zx.0580	PN7_SID653	2	88448427	88773456	2
RTIGER_SNP50K	Zx.0580	PN7_SID653	2	88904210	98595937	1
RTIGER_SNP50K	Zx.0580	PN7_SID653	2	98710164	99152564	2
RTIGER_SNP50K	Zx.0580	PN7_SID653	2	99319065	102862073	1
RTIGER_SNP50K	Zx.0580	PN7_SID653	2	102956881	103530087	2
RTIGER_SNP50K	Zx.0580	PN7_SID653	2	103530207	107406472	1
RTIGER_SNP50K	Zx.0580	PN7_SID653	2	107410716	107825934	2
RTIGER_SNP50K	Zx.0580	PN7_SID653	2	107884722	108099681	1
RTIGER_SNP50K	Zx.0580	PN7_SID653	2	108529451	108696897	2
RTIGER_SNP50K	Zx.0580	PN7_SID653	2	108842461	113353020	1
RTIGER_SNP50K	Zx.0580	PN7_SID653	2	113638405	114668998	2
RTIGER_SNP50K	Zx.0580	PN7_SID653	2	114758286	127415023	1
RTIGER_SNP50K	Zx.0580	PN7_SID653	2	127415159	127484994	2
RTIGER_SNP50K	Zx.0580	PN7_SID653	2	127562348	130975543	1
RTIGER_SNP50K	Zx.0580	PN7_SID653	2	130975566	131760652	2
RTIGER_SNP50K	Zx.0580	PN7_SID653	2	131761127	141916974	1
RTIGER_SNP50K	Zx.0580	PN7_SID653	2	141964546	143032367	2
RTIGER_SNP50K	Zx.0580	PN7_SID653	2	143065591	185100977	1
RTIGER_SNP50K	Zx.0580	PN7_SID653	2	185136048	186341249	2
RTIGER_SNP50K	Zx.0580	PN7_SID653	2	187115839	190007971	1
RTIGER_SNP50K	Zx.0580	PN7_SID653	2	190143725	243555257	0
RTIGER_SNP50K	Zx.0580	PN7_SID653	3	147823	8496623	0
RTIGER_SNP50K	Zx.0580	PN7_SID653	3	8569696	26126878	1
RTIGER_SNP50K	Zx.0580	PN7_SID653	3	26511280	27745270	2
RTIGER_SNP50K	Zx.0580	PN7_SID653	3	27921549	57634237	1
RTIGER_SNP50K	Zx.0580	PN7_SID653	3	57684003	57905980	2
RTIGER_SNP50K	Zx.0580	PN7_SID653	3	57911446	69340764	1
RTIGER_SNP50K	Zx.0580	PN7_SID653	3	69428427	70596280	2
RTIGER_SNP50K	Zx.0580	PN7_SID653	3	70776383	72956602	1
RTIGER_SNP50K	Zx.0580	PN7_SID653	3	72962098	93963404	0
RTIGER_SNP50K	Zx.0580	PN7_SID653	3	94063667	95409183	1
RTIGER_SNP50K	Zx.0580	PN7_SID653	3	95411988	95861355	2
RTIGER_SNP50K	Zx.0580	PN7_SID653	3	95995942	96095237	1
RTIGER_SNP50K	Zx.0580	PN7_SID653	3	96095240	96513297	2
RTIGER_SNP50K	Zx.0580	PN7_SID653	3	96531690	102252296	1
RTIGER_SNP50K	Zx.0580	PN7_SID653	3	102277848	103263764	2
RTIGER_SNP50K	Zx.0580	PN7_SID653	3	103370524	104822136	1
RTIGER_SNP50K	Zx.0580	PN7_SID653	3	105215918	106800591	2
RTIGER_SNP50K	Zx.0580	PN7_SID653	3	106977521	110478845	1
RTIGER_SNP50K	Zx.0580	PN7_SID653	3	110497843	110728452	2
RTIGER_SNP50K	Zx.0580	PN7_SID653	3	110966043	123823577	1
RTIGER_SNP50K	Zx.0580	PN7_SID653	3	123926763	124837621	2
RTIGER_SNP50K	Zx.0580	PN7_SID653	3	124900133	130374307	1
RTIGER_SNP50K	Zx.0580	PN7_SID653	3	130386351	130653794	2
RTIGER_SNP50K	Zx.0580	PN7_SID653	3	130664651	135552785	1
RTIGER_SNP50K	Zx.0580	PN7_SID653	3	135619403	136566321	2
RTIGER_SNP50K	Zx.0580	PN7_SID653	3	136615637	153483077	1
RTIGER_SNP50K	Zx.0580	PN7_SID653	3	154099621	155303518	2
RTIGER_SNP50K	Zx.0580	PN7_SID653	3	155365318	161669504	1
RTIGER_SNP50K	Zx.0580	PN7_SID653	3	161873820	162451463	2
RTIGER_SNP50K	Zx.0580	PN7_SID653	3	162510365	236627708	0
RTIGER_SNP50K	Zx.0580	PN7_SID653	4	425542	249833858	0
RTIGER_SNP50K	Zx.0580	PN7_SID653	5	375767	226167943	0
RTIGER_SNP50K	Zx.0580	PN7_SID653	6	5260376	181203668	0
RTIGER_SNP50K	Zx.0580	PN7_SID653	7	271597	183980739	0
RTIGER_SNP50K	Zx.0580	PN7_SID653	8	390796	155279463	0
RTIGER_SNP50K	Zx.0580	PN7_SID653	8	155378006	172201365	1
RTIGER_SNP50K	Zx.0580	PN7_SID653	8	172275006	182232061	0
RTIGER_SNP50K	Zx.0580	PN7_SID653	9	1749539	162692974	0
RTIGER_SNP50K	Zx.0580	PN7_SID653	10	94302	152327194	0
RTIGER_SNP50K	Zx.0580	PN7_SID654	1	287040	308427802	0
RTIGER_SNP50K	Zx.0580	PN7_SID654	2	75371	14537760	1
RTIGER_SNP50K	Zx.0580	PN7_SID654	2	14651275	191813673	0
RTIGER_SNP50K	Zx.0580	PN7_SID654	2	191879523	211824344	1
RTIGER_SNP50K	Zx.0580	PN7_SID654	2	212561170	213431719	2
RTIGER_SNP50K	Zx.0580	PN7_SID654	2	213831899	233390332	1
RTIGER_SNP50K	Zx.0580	PN7_SID654	2	233446538	243662959	0
RTIGER_SNP50K	Zx.0580	PN7_SID654	3	1028746	236941170	0
RTIGER_SNP50K	Zx.0580	PN7_SID654	4	255421	249329350	0
RTIGER_SNP50K	Zx.0580	PN7_SID654	5	322588	226234983	0
RTIGER_SNP50K	Zx.0580	PN7_SID654	6	5679415	181024267	0
RTIGER_SNP50K	Zx.0580	PN7_SID654	7	84081	168941312	0
RTIGER_SNP50K	Zx.0580	PN7_SID654	7	169081787	181779056	1
RTIGER_SNP50K	Zx.0580	PN7_SID654	7	181829426	183979058	0
RTIGER_SNP50K	Zx.0580	PN7_SID654	8	360763	182167615	0
RTIGER_SNP50K	Zx.0580	PN7_SID654	9	1567509	162551073	0
RTIGER_SNP50K	Zx.0580	PN7_SID654	10	94302	147714278	0
RTIGER_SNP50K	Zx.0580	PN7_SID654	10	148422806	152395252	1
RTIGER_SNP50K	Zx.0580	PN7_SID655	1	291511	308427802	0
RTIGER_SNP50K	Zx.0580	PN7_SID655	2	71603	350690	1
RTIGER_SNP50K	Zx.0580	PN7_SID655	2	842026	1307526	2
RTIGER_SNP50K	Zx.0580	PN7_SID655	2	1355305	2626082	1
RTIGER_SNP50K	Zx.0580	PN7_SID655	2	2632560	189761813	0
RTIGER_SNP50K	Zx.0580	PN7_SID655	2	190007971	237552905	1
RTIGER_SNP50K	Zx.0580	PN7_SID655	2	237866499	243522318	0
RTIGER_SNP50K	Zx.0580	PN7_SID655	3	1028746	3363467	0
RTIGER_SNP50K	Zx.0580	PN7_SID655	3	3451072	4502020	2
RTIGER_SNP50K	Zx.0580	PN7_SID655	3	4502082	18896550	1
RTIGER_SNP50K	Zx.0580	PN7_SID655	3	19316290	236963193	0
RTIGER_SNP50K	Zx.0580	PN7_SID655	4	255421	7581650	0
RTIGER_SNP50K	Zx.0580	PN7_SID655	4	7747408	11235926	1
RTIGER_SNP50K	Zx.0580	PN7_SID655	4	11271101	11718003	2
RTIGER_SNP50K	Zx.0580	PN7_SID655	4	11791671	249890511	0
RTIGER_SNP50K	Zx.0580	PN7_SID655	5	322588	226234983	0
RTIGER_SNP50K	Zx.0580	PN7_SID655	6	5514944	180695783	0
RTIGER_SNP50K	Zx.0580	PN7_SID655	7	83761	6721942	1
RTIGER_SNP50K	Zx.0580	PN7_SID655	7	6733138	6958216	2
RTIGER_SNP50K	Zx.0580	PN7_SID655	7	6958274	24770947	1
RTIGER_SNP50K	Zx.0580	PN7_SID655	7	24848048	28559600	2
RTIGER_SNP50K	Zx.0580	PN7_SID655	7	28580170	44868524	1
RTIGER_SNP50K	Zx.0580	PN7_SID655	7	44963251	45100091	2
RTIGER_SNP50K	Zx.0580	PN7_SID655	7	45108117	100789479	1
RTIGER_SNP50K	Zx.0580	PN7_SID655	7	100916271	101630986	2
RTIGER_SNP50K	Zx.0580	PN7_SID655	7	101682187	122826344	1
RTIGER_SNP50K	Zx.0580	PN7_SID655	7	122864139	123544737	2
RTIGER_SNP50K	Zx.0580	PN7_SID655	7	124078093	129055304	1
RTIGER_SNP50K	Zx.0580	PN7_SID655	7	129056509	129118572	2
RTIGER_SNP50K	Zx.0580	PN7_SID655	7	129118862	132536257	1
RTIGER_SNP50K	Zx.0580	PN7_SID655	7	132536438	133883322	2
RTIGER_SNP50K	Zx.0580	PN7_SID655	7	133883345	159211861	1
RTIGER_SNP50K	Zx.0580	PN7_SID655	7	159211880	161400955	2
RTIGER_SNP50K	Zx.0580	PN7_SID655	7	161447141	178094018	1
RTIGER_SNP50K	Zx.0580	PN7_SID655	7	178198934	183980739	0
RTIGER_SNP50K	Zx.0580	PN7_SID655	8	354973	182218389	0
RTIGER_SNP50K	Zx.0580	PN7_SID655	9	1749539	162692974	0
RTIGER_SNP50K	Zx.0580	PN7_SID655	10	94302	152327194	0
RTIGER_SNP50K	Zx.0580	PN7_SID656	1	29860	185033188	0
RTIGER_SNP50K	Zx.0580	PN7_SID656	1	185917011	192079371	1
RTIGER_SNP50K	Zx.0580	PN7_SID656	1	192280232	308427802	0
RTIGER_SNP50K	Zx.0580	PN7_SID656	2	204222	220182194	0
RTIGER_SNP50K	Zx.0580	PN7_SID656	2	220359923	227181362	1
RTIGER_SNP50K	Zx.0580	PN7_SID656	2	227198946	227224011	2
RTIGER_SNP50K	Zx.0580	PN7_SID656	2	227330797	234554531	1
RTIGER_SNP50K	Zx.0580	PN7_SID656	2	234785226	243662959	0
RTIGER_SNP50K	Zx.0580	PN7_SID656	3	147823	236941170	0
RTIGER_SNP50K	Zx.0580	PN7_SID656	4	508312	249925783	0
RTIGER_SNP50K	Zx.0580	PN7_SID656	5	322588	183645099	0
RTIGER_SNP50K	Zx.0580	PN7_SID656	5	183657398	187548642	1
RTIGER_SNP50K	Zx.0580	PN7_SID656	5	187949797	188028301	2
RTIGER_SNP50K	Zx.0580	PN7_SID656	5	188028331	204705803	1
RTIGER_SNP50K	Zx.0580	PN7_SID656	5	204705837	221310818	0
RTIGER_SNP50K	Zx.0580	PN7_SID656	5	221444702	222485932	2
RTIGER_SNP50K	Zx.0580	PN7_SID656	5	222517704	226156269	1
RTIGER_SNP50K	Zx.0580	PN7_SID656	6	5260376	181203668	0
RTIGER_SNP50K	Zx.0580	PN7_SID656	7	343733	3045477	1
RTIGER_SNP50K	Zx.0580	PN7_SID656	7	3085911	3350557	2
RTIGER_SNP50K	Zx.0580	PN7_SID656	7	3677976	183979058	0
RTIGER_SNP50K	Zx.0580	PN7_SID656	8	354736	182232061	0
RTIGER_SNP50K	Zx.0580	PN7_SID656	9	2491103	79559807	1
RTIGER_SNP50K	Zx.0580	PN7_SID656	9	79623220	162809802	0
RTIGER_SNP50K	Zx.0580	PN7_SID656	10	94503	143711905	0
RTIGER_SNP50K	Zx.0580	PN7_SID656	10	143814921	144329291	2
RTIGER_SNP50K	Zx.0580	PN7_SID656	10	144329715	152340819	1
RTIGER_SNP50K	Zx.0580	PN7_SID657	1	287040	308330525	0
RTIGER_SNP50K	Zx.0580	PN7_SID657	2	131906	47803934	0
RTIGER_SNP50K	Zx.0580	PN7_SID657	2	47896609	66240309	1
RTIGER_SNP50K	Zx.0580	PN7_SID657	2	66547132	66549401	2
RTIGER_SNP50K	Zx.0580	PN7_SID657	2	66568891	183267033	1
RTIGER_SNP50K	Zx.0580	PN7_SID657	2	183609251	243662959	0
RTIGER_SNP50K	Zx.0580	PN7_SID657	3	147823	236963193	0
RTIGER_SNP50K	Zx.0580	PN7_SID657	4	1367440	4918843	0
RTIGER_SNP50K	Zx.0580	PN7_SID657	4	5042225	8468382	1
RTIGER_SNP50K	Zx.0580	PN7_SID657	4	9594945	249925783	0
RTIGER_SNP50K	Zx.0580	PN7_SID657	5	336374	2421206	1
RTIGER_SNP50K	Zx.0580	PN7_SID657	5	2577517	2654200	2
RTIGER_SNP50K	Zx.0580	PN7_SID657	5	2680284	155551084	0
RTIGER_SNP50K	Zx.0580	PN7_SID657	5	155829894	226127101	1
RTIGER_SNP50K	Zx.0580	PN7_SID657	6	5932634	181187587	0
RTIGER_SNP50K	Zx.0580	PN7_SID657	7	343733	9703090	0
RTIGER_SNP50K	Zx.0580	PN7_SID657	7	9839153	10334821	2
RTIGER_SNP50K	Zx.0580	PN7_SID657	7	10729695	15744101	1
RTIGER_SNP50K	Zx.0580	PN7_SID657	7	15744135	15881421	2
RTIGER_SNP50K	Zx.0580	PN7_SID657	7	16208468	47044100	1
RTIGER_SNP50K	Zx.0580	PN7_SID657	7	47359581	69419038	0
RTIGER_SNP50K	Zx.0580	PN7_SID657	7	69468829	100003061	1
RTIGER_SNP50K	Zx.0580	PN7_SID657	7	100008982	100077423	2
RTIGER_SNP50K	Zx.0580	PN7_SID657	7	100280535	125038553	1
RTIGER_SNP50K	Zx.0580	PN7_SID657	7	125042335	176772026	0
RTIGER_SNP50K	Zx.0580	PN7_SID657	7	177031823	177155660	2
RTIGER_SNP50K	Zx.0580	PN7_SID657	7	177214269	179947276	1
RTIGER_SNP50K	Zx.0580	PN7_SID657	7	179952743	183948078	0
RTIGER_SNP50K	Zx.0580	PN7_SID657	8	295839	182167615	0
RTIGER_SNP50K	Zx.0580	PN7_SID657	9	1566009	61254666	1
RTIGER_SNP50K	Zx.0580	PN7_SID657	9	61464739	62342663	2
RTIGER_SNP50K	Zx.0580	PN7_SID657	9	62356242	78397454	1
RTIGER_SNP50K	Zx.0580	PN7_SID657	9	78661164	91155142	0
RTIGER_SNP50K	Zx.0580	PN7_SID657	9	92032911	133687778	1
RTIGER_SNP50K	Zx.0580	PN7_SID657	9	133746343	133916785	2
RTIGER_SNP50K	Zx.0580	PN7_SID657	9	133993559	145377990	1
RTIGER_SNP50K	Zx.0580	PN7_SID657	9	145637305	162646074	0
RTIGER_SNP50K	Zx.0580	PN7_SID657	10	94302	143450524	0
RTIGER_SNP50K	Zx.0580	PN7_SID657	10	143608625	152327194	1
RTIGER_SNP50K	Zx.0580	PN7_SID658	1	29860	308330525	0
RTIGER_SNP50K	Zx.0580	PN7_SID658	2	204222	228896729	0
RTIGER_SNP50K	Zx.0580	PN7_SID658	2	229142218	231859549	1
RTIGER_SNP50K	Zx.0580	PN7_SID658	2	232062620	232327775	2
RTIGER_SNP50K	Zx.0580	PN7_SID658	2	232532109	238234298	1
RTIGER_SNP50K	Zx.0580	PN7_SID658	2	238341559	243552371	0
RTIGER_SNP50K	Zx.0580	PN7_SID658	3	147823	236963193	0
RTIGER_SNP50K	Zx.0580	PN7_SID658	4	638586	244191953	0
RTIGER_SNP50K	Zx.0580	PN7_SID658	4	244204886	244979708	2
RTIGER_SNP50K	Zx.0580	PN7_SID658	4	245491433	246560813	1
RTIGER_SNP50K	Zx.0580	PN7_SID658	4	247213695	249888371	2
RTIGER_SNP50K	Zx.0580	PN7_SID658	5	400394	48786814	1
RTIGER_SNP50K	Zx.0580	PN7_SID658	5	48788307	50378858	2
RTIGER_SNP50K	Zx.0580	PN7_SID658	5	50774715	60326501	1
RTIGER_SNP50K	Zx.0580	PN7_SID658	5	61575576	64881064	2
RTIGER_SNP50K	Zx.0580	PN7_SID658	5	65042225	76450779	1
RTIGER_SNP50K	Zx.0580	PN7_SID658	5	77045301	226227487	0
RTIGER_SNP50K	Zx.0580	PN7_SID658	6	5677854	135117273	0
RTIGER_SNP50K	Zx.0580	PN7_SID658	6	136026544	150378066	1
RTIGER_SNP50K	Zx.0580	PN7_SID658	6	150543935	180693485	0
RTIGER_SNP50K	Zx.0580	PN7_SID658	7	84081	43625984	1
RTIGER_SNP50K	Zx.0580	PN7_SID658	7	43800016	139048776	0
RTIGER_SNP50K	Zx.0580	PN7_SID658	7	139252183	160365236	1
RTIGER_SNP50K	Zx.0580	PN7_SID658	7	160432734	162626167	2
RTIGER_SNP50K	Zx.0580	PN7_SID658	7	162896323	173844792	1
RTIGER_SNP50K	Zx.0580	PN7_SID658	7	173927950	183888455	0
RTIGER_SNP50K	Zx.0580	PN7_SID658	8	389200	181980311	0
RTIGER_SNP50K	Zx.0580	PN7_SID658	9	1567509	48194434	0
RTIGER_SNP50K	Zx.0580	PN7_SID658	9	48208335	73512909	1
RTIGER_SNP50K	Zx.0580	PN7_SID658	9	73643627	162808411	0
RTIGER_SNP50K	Zx.0580	PN7_SID658	10	183757	152305623	0
RTIGER_SNP50K	Zx.0580	PN7_SID659	1	287040	308427802	0
RTIGER_SNP50K	Zx.0580	PN7_SID659	2	76737	2085422	1
RTIGER_SNP50K	Zx.0580	PN7_SID659	2	2187688	243662959	0
RTIGER_SNP50K	Zx.0580	PN7_SID659	3	1028746	182093923	0
RTIGER_SNP50K	Zx.0580	PN7_SID659	3	182095525	209773164	1
RTIGER_SNP50K	Zx.0580	PN7_SID659	3	209797674	236963193	0
RTIGER_SNP50K	Zx.0580	PN7_SID659	4	425542	4458574	0
RTIGER_SNP50K	Zx.0580	PN7_SID659	4	4573922	5710763	1
RTIGER_SNP50K	Zx.0580	PN7_SID659	4	5713109	5897647	2
RTIGER_SNP50K	Zx.0580	PN7_SID659	4	6016598	14689171	1
RTIGER_SNP50K	Zx.0580	PN7_SID659	4	14732066	150214100	0
RTIGER_SNP50K	Zx.0580	PN7_SID659	4	151081686	160538521	1
RTIGER_SNP50K	Zx.0580	PN7_SID659	4	161830564	246221263	0
RTIGER_SNP50K	Zx.0580	PN7_SID659	4	246488236	249925783	1
RTIGER_SNP50K	Zx.0580	PN7_SID659	5	322588	10513298	1
RTIGER_SNP50K	Zx.0580	PN7_SID659	5	10880967	155551084	0
RTIGER_SNP50K	Zx.0580	PN7_SID659	5	155551246	205635783	1
RTIGER_SNP50K	Zx.0580	PN7_SID659	5	205882712	226234983	0
RTIGER_SNP50K	Zx.0580	PN7_SID659	6	5844167	63732501	0
RTIGER_SNP50K	Zx.0580	PN7_SID659	6	63889297	63889321	2
RTIGER_SNP50K	Zx.0580	PN7_SID659	6	64021598	181203668	0
RTIGER_SNP50K	Zx.0580	PN7_SID659	7	83761	18580197	0
RTIGER_SNP50K	Zx.0580	PN7_SID659	7	18696675	26985134	1
RTIGER_SNP50K	Zx.0580	PN7_SID659	7	27004658	30516388	2
RTIGER_SNP50K	Zx.0580	PN7_SID659	7	30696271	31181257	1
RTIGER_SNP50K	Zx.0580	PN7_SID659	7	31223443	31750239	2
RTIGER_SNP50K	Zx.0580	PN7_SID659	7	32400781	32749748	1
RTIGER_SNP50K	Zx.0580	PN7_SID659	7	32950359	33030311	2
RTIGER_SNP50K	Zx.0580	PN7_SID659	7	33108465	34800583	1
RTIGER_SNP50K	Zx.0580	PN7_SID659	7	35131245	35497349	2
RTIGER_SNP50K	Zx.0580	PN7_SID659	7	35517922	72725497	1
RTIGER_SNP50K	Zx.0580	PN7_SID659	7	72776063	75052767	2
RTIGER_SNP50K	Zx.0580	PN7_SID659	7	75054417	75131847	1
RTIGER_SNP50K	Zx.0580	PN7_SID659	7	75147992	75187204	2
RTIGER_SNP50K	Zx.0580	PN7_SID659	7	75194902	75517610	1
RTIGER_SNP50K	Zx.0580	PN7_SID659	7	75785538	79541377	2
RTIGER_SNP50K	Zx.0580	PN7_SID659	7	79581477	82434715	1
RTIGER_SNP50K	Zx.0580	PN7_SID659	7	82457011	82843678	2
RTIGER_SNP50K	Zx.0580	PN7_SID659	7	82947630	99888644	1
RTIGER_SNP50K	Zx.0580	PN7_SID659	7	100008982	100077424	2
RTIGER_SNP50K	Zx.0580	PN7_SID659	7	100293811	101130998	1
RTIGER_SNP50K	Zx.0580	PN7_SID659	7	101173085	101669775	2
RTIGER_SNP50K	Zx.0580	PN7_SID659	7	101682187	135291614	1
RTIGER_SNP50K	Zx.0580	PN7_SID659	7	135292273	135686066	2
RTIGER_SNP50K	Zx.0580	PN7_SID659	7	136577500	183980739	0
RTIGER_SNP50K	Zx.0580	PN7_SID659	8	295839	182127528	0
RTIGER_SNP50K	Zx.0580	PN7_SID659	9	2072866	68527774	1
RTIGER_SNP50K	Zx.0580	PN7_SID659	9	68761820	131135688	0
RTIGER_SNP50K	Zx.0580	PN7_SID659	9	131155810	150092677	1
RTIGER_SNP50K	Zx.0580	PN7_SID659	9	150097026	162809802	0
RTIGER_SNP50K	Zx.0580	PN7_SID659	10	94302	152290201	0
RTIGER_SNP50K	Zx.0580	PN7_SID660	1	395660	11195633	0
RTIGER_SNP50K	Zx.0580	PN7_SID660	1	11301610	33278578	1
RTIGER_SNP50K	Zx.0580	PN7_SID660	1	33373509	306391795	0
RTIGER_SNP50K	Zx.0580	PN7_SID660	1	306391883	308295570	1
RTIGER_SNP50K	Zx.0580	PN7_SID660	2	76737	14488694	0
RTIGER_SNP50K	Zx.0580	PN7_SID660	2	14537760	131913075	1
RTIGER_SNP50K	Zx.0580	PN7_SID660	2	132146667	176306649	0
RTIGER_SNP50K	Zx.0580	PN7_SID660	2	176445382	183613277	1
RTIGER_SNP50K	Zx.0580	PN7_SID660	2	183673327	229135426	0
RTIGER_SNP50K	Zx.0580	PN7_SID660	2	229137194	243662959	1
RTIGER_SNP50K	Zx.0580	PN7_SID660	3	147823	219135774	0
RTIGER_SNP50K	Zx.0580	PN7_SID660	3	219150798	233406517	1
RTIGER_SNP50K	Zx.0580	PN7_SID660	3	233543123	236963193	0
RTIGER_SNP50K	Zx.0580	PN7_SID660	4	1798974	14280504	1
RTIGER_SNP50K	Zx.0580	PN7_SID660	4	14295026	249925783	0
RTIGER_SNP50K	Zx.0580	PN7_SID660	5	336374	23522681	0
RTIGER_SNP50K	Zx.0580	PN7_SID660	5	23605880	105118880	1
RTIGER_SNP50K	Zx.0580	PN7_SID660	5	105198975	107415849	2
RTIGER_SNP50K	Zx.0580	PN7_SID660	5	107428643	112586632	1
RTIGER_SNP50K	Zx.0580	PN7_SID660	5	113669496	113679235	2
RTIGER_SNP50K	Zx.0580	PN7_SID660	5	113820509	125940927	0
RTIGER_SNP50K	Zx.0580	PN7_SID660	5	126106120	130568544	1
RTIGER_SNP50K	Zx.0580	PN7_SID660	5	130606208	131197735	2
RTIGER_SNP50K	Zx.0580	PN7_SID660	5	132459540	155551265	1
RTIGER_SNP50K	Zx.0580	PN7_SID660	5	155829894	226234983	0
RTIGER_SNP50K	Zx.0580	PN7_SID660	6	5679415	12258792	1
RTIGER_SNP50K	Zx.0580	PN7_SID660	6	12971775	181203668	0
RTIGER_SNP50K	Zx.0580	PN7_SID660	7	419211	31181257	1
RTIGER_SNP50K	Zx.0580	PN7_SID660	7	31223443	31991082	2
RTIGER_SNP50K	Zx.0580	PN7_SID660	7	32128845	88672226	1
RTIGER_SNP50K	Zx.0580	PN7_SID660	7	88861507	90154031	2
RTIGER_SNP50K	Zx.0580	PN7_SID660	7	90231748	95728940	1
RTIGER_SNP50K	Zx.0580	PN7_SID660	7	96322267	183927659	0
RTIGER_SNP50K	Zx.0580	PN7_SID660	8	354973	182218389	0
RTIGER_SNP50K	Zx.0580	PN7_SID660	9	2072866	108899685	1
RTIGER_SNP50K	Zx.0580	PN7_SID660	9	109775867	110113987	2
RTIGER_SNP50K	Zx.0580	PN7_SID660	9	110113990	156718212	1
RTIGER_SNP50K	Zx.0580	PN7_SID660	9	157592521	162808411	0
RTIGER_SNP50K	Zx.0580	PN7_SID660	10	202385	152117448	0
RTIGER_SNP50K	Zx.0580	PN7_SID661	1	29860	308290679	0
RTIGER_SNP50K	Zx.0580	PN7_SID661	2	131906	19285314	0
RTIGER_SNP50K	Zx.0580	PN7_SID661	2	19296444	26265599	1
RTIGER_SNP50K	Zx.0580	PN7_SID661	2	26441061	26475902	2
RTIGER_SNP50K	Zx.0580	PN7_SID661	2	27215786	47705024	1
RTIGER_SNP50K	Zx.0580	PN7_SID661	2	47896609	48619581	2
RTIGER_SNP50K	Zx.0580	PN7_SID661	2	48702783	58994965	1
RTIGER_SNP50K	Zx.0580	PN7_SID661	2	59065756	59308196	2
RTIGER_SNP50K	Zx.0580	PN7_SID661	2	59604514	66240309	1
RTIGER_SNP50K	Zx.0580	PN7_SID661	2	66533322	66552864	2
RTIGER_SNP50K	Zx.0580	PN7_SID661	2	66552963	85845915	1
RTIGER_SNP50K	Zx.0580	PN7_SID661	2	86056674	86772216	2
RTIGER_SNP50K	Zx.0580	PN7_SID661	2	86810120	88745692	1
RTIGER_SNP50K	Zx.0580	PN7_SID661	2	88749566	89380259	2
RTIGER_SNP50K	Zx.0580	PN7_SID661	2	89380260	93297608	1
RTIGER_SNP50K	Zx.0580	PN7_SID661	2	93509673	94274075	2
RTIGER_SNP50K	Zx.0580	PN7_SID661	2	94293123	97850155	1
RTIGER_SNP50K	Zx.0580	PN7_SID661	2	98134575	100729077	2
RTIGER_SNP50K	Zx.0580	PN7_SID661	2	100734094	102866334	1
RTIGER_SNP50K	Zx.0580	PN7_SID661	2	102881580	103030680	2
RTIGER_SNP50K	Zx.0580	PN7_SID661	2	103174342	119545499	1
RTIGER_SNP50K	Zx.0580	PN7_SID661	2	119575684	120984468	2
RTIGER_SNP50K	Zx.0580	PN7_SID661	2	121021383	126369443	1
RTIGER_SNP50K	Zx.0580	PN7_SID661	2	126481575	126877664	2
RTIGER_SNP50K	Zx.0580	PN7_SID661	2	126877682	127415023	1
RTIGER_SNP50K	Zx.0580	PN7_SID661	2	127415159	127795634	2
RTIGER_SNP50K	Zx.0580	PN7_SID661	2	128099370	131028590	1
RTIGER_SNP50K	Zx.0580	PN7_SID661	2	131067461	131521767	2
RTIGER_SNP50K	Zx.0580	PN7_SID661	2	131521786	154875362	1
RTIGER_SNP50K	Zx.0580	PN7_SID661	2	155142106	155449997	2
RTIGER_SNP50K	Zx.0580	PN7_SID661	2	155451421	160639517	1
RTIGER_SNP50K	Zx.0580	PN7_SID661	2	160703252	165692015	2
RTIGER_SNP50K	Zx.0580	PN7_SID661	2	165764061	186341249	1
RTIGER_SNP50K	Zx.0580	PN7_SID661	2	186711981	223774190	0
RTIGER_SNP50K	Zx.0580	PN7_SID661	2	223794438	235961587	1
RTIGER_SNP50K	Zx.0580	PN7_SID661	2	236165264	243502467	0
RTIGER_SNP50K	Zx.0580	PN7_SID661	3	147823	217427208	0
RTIGER_SNP50K	Zx.0580	PN7_SID661	3	217450189	219910350	1
RTIGER_SNP50K	Zx.0580	PN7_SID661	3	220000901	221266060	2
RTIGER_SNP50K	Zx.0580	PN7_SID661	3	221295446	232659478	1
RTIGER_SNP50K	Zx.0580	PN7_SID661	3	233203329	236941170	0
RTIGER_SNP50K	Zx.0580	PN7_SID661	4	638586	249890511	0
RTIGER_SNP50K	Zx.0580	PN7_SID661	5	322588	7710771	0
RTIGER_SNP50K	Zx.0580	PN7_SID661	5	7736232	21173900	1
RTIGER_SNP50K	Zx.0580	PN7_SID661	5	21522985	21735026	2
RTIGER_SNP50K	Zx.0580	PN7_SID661	5	21827067	83704441	0
RTIGER_SNP50K	Zx.0580	PN7_SID661	5	83704497	84014149	2
RTIGER_SNP50K	Zx.0580	PN7_SID661	5	84014150	111531714	1
RTIGER_SNP50K	Zx.0580	PN7_SID661	5	111612699	113163798	2
RTIGER_SNP50K	Zx.0580	PN7_SID661	5	113618760	115573111	1
RTIGER_SNP50K	Zx.0580	PN7_SID661	5	115638863	126690222	0
RTIGER_SNP50K	Zx.0580	PN7_SID661	5	126690320	127358523	2
RTIGER_SNP50K	Zx.0580	PN7_SID661	5	128297035	130568671	1
RTIGER_SNP50K	Zx.0580	PN7_SID661	5	130606208	136430331	2
RTIGER_SNP50K	Zx.0580	PN7_SID661	5	136537023	138177908	1
RTIGER_SNP50K	Zx.0580	PN7_SID661	5	139075305	139848031	2
RTIGER_SNP50K	Zx.0580	PN7_SID661	5	140532967	213522563	1
RTIGER_SNP50K	Zx.0580	PN7_SID661	5	213549680	213600486	2
RTIGER_SNP50K	Zx.0580	PN7_SID661	5	214044552	226039586	1
RTIGER_SNP50K	Zx.0580	PN7_SID661	6	6137629	35694925	0
RTIGER_SNP50K	Zx.0580	PN7_SID661	6	36358966	52926689	1
RTIGER_SNP50K	Zx.0580	PN7_SID661	6	52937267	53556680	2
RTIGER_SNP50K	Zx.0580	PN7_SID661	6	53869710	54720032	1
RTIGER_SNP50K	Zx.0580	PN7_SID661	6	54726826	55368929	2
RTIGER_SNP50K	Zx.0580	PN7_SID661	6	55567419	63056894	1
RTIGER_SNP50K	Zx.0580	PN7_SID661	6	63423573	67064905	2
RTIGER_SNP50K	Zx.0580	PN7_SID661	6	67653949	89584933	1
RTIGER_SNP50K	Zx.0580	PN7_SID661	6	89649717	89901789	2
RTIGER_SNP50K	Zx.0580	PN7_SID661	6	90073858	92528653	1
RTIGER_SNP50K	Zx.0580	PN7_SID661	6	93549568	93877652	2
RTIGER_SNP50K	Zx.0580	PN7_SID661	6	93967165	101554448	1
RTIGER_SNP50K	Zx.0580	PN7_SID661	6	101884036	108783729	2
RTIGER_SNP50K	Zx.0580	PN7_SID661	6	108873913	119884066	1
RTIGER_SNP50K	Zx.0580	PN7_SID661	6	119935714	181186018	0
RTIGER_SNP50K	Zx.0580	PN7_SID661	7	83761	153029366	0
RTIGER_SNP50K	Zx.0580	PN7_SID661	7	153029452	160221142	1
RTIGER_SNP50K	Zx.0580	PN7_SID661	7	160221206	160937278	2
RTIGER_SNP50K	Zx.0580	PN7_SID661	7	161006116	165196515	1
RTIGER_SNP50K	Zx.0580	PN7_SID661	7	165736646	167091676	2
RTIGER_SNP50K	Zx.0580	PN7_SID661	7	167182241	177522441	1
RTIGER_SNP50K	Zx.0580	PN7_SID661	7	177599035	183980739	0
RTIGER_SNP50K	Zx.0580	PN7_SID661	8	295839	182085992	0
RTIGER_SNP50K	Zx.0580	PN7_SID661	9	2319884	4145120	1
RTIGER_SNP50K	Zx.0580	PN7_SID661	9	4457712	5028023	2
RTIGER_SNP50K	Zx.0580	PN7_SID661	9	5143365	13447360	1
RTIGER_SNP50K	Zx.0580	PN7_SID661	9	13787719	14374570	2
RTIGER_SNP50K	Zx.0580	PN7_SID661	9	14461416	53927711	1
RTIGER_SNP50K	Zx.0580	PN7_SID661	9	53959919	57052716	2
RTIGER_SNP50K	Zx.0580	PN7_SID661	9	57472750	95037965	1
RTIGER_SNP50K	Zx.0580	PN7_SID661	9	95218150	95703846	2
RTIGER_SNP50K	Zx.0580	PN7_SID661	9	95824018	162809802	0
RTIGER_SNP50K	Zx.0580	PN7_SID661	10	189114	152290201	0
RTIGER_SNP50K	Zx.0580	PN7_SID662	1	287040	308295570	0
RTIGER_SNP50K	Zx.0580	PN7_SID662	2	131906	243662959	0
RTIGER_SNP50K	Zx.0580	PN7_SID662	3	147823	222010268	0
RTIGER_SNP50K	Zx.0580	PN7_SID662	3	222451548	224966311	1
RTIGER_SNP50K	Zx.0580	PN7_SID662	3	224966692	236740451	0
RTIGER_SNP50K	Zx.0580	PN7_SID662	4	255421	33373426	0
RTIGER_SNP50K	Zx.0580	PN7_SID662	4	33463638	177171204	1
RTIGER_SNP50K	Zx.0580	PN7_SID662	4	177672635	178293462	2
RTIGER_SNP50K	Zx.0580	PN7_SID662	4	178691902	183232663	1
RTIGER_SNP50K	Zx.0580	PN7_SID662	4	183298607	183298665	2
RTIGER_SNP50K	Zx.0580	PN7_SID662	4	183438063	205209070	1
RTIGER_SNP50K	Zx.0580	PN7_SID662	4	205313718	249925783	0
RTIGER_SNP50K	Zx.0580	PN7_SID662	5	336374	226039586	0
RTIGER_SNP50K	Zx.0580	PN7_SID662	6	5260376	180772064	0
RTIGER_SNP50K	Zx.0580	PN7_SID662	7	83761	183979058	0
RTIGER_SNP50K	Zx.0580	PN7_SID662	8	354736	90794472	0
RTIGER_SNP50K	Zx.0580	PN7_SID662	8	91031556	116083465	1
RTIGER_SNP50K	Zx.0580	PN7_SID662	8	116472782	181998029	0
RTIGER_SNP50K	Zx.0580	PN7_SID662	9	1567509	156218040	0
RTIGER_SNP50K	Zx.0580	PN7_SID662	9	156596821	162692974	1
RTIGER_SNP50K	Zx.0580	PN7_SID662	10	94302	43012915	1
RTIGER_SNP50K	Zx.0580	PN7_SID662	10	43187729	44101230	2
RTIGER_SNP50K	Zx.0580	PN7_SID662	10	44372101	127207950	1
RTIGER_SNP50K	Zx.0580	PN7_SID662	10	127804172	128047187	2
RTIGER_SNP50K	Zx.0580	PN7_SID662	10	128397347	134526228	1
RTIGER_SNP50K	Zx.0580	PN7_SID662	10	134526235	135502038	2
RTIGER_SNP50K	Zx.0580	PN7_SID662	10	135896568	144415133	1
RTIGER_SNP50K	Zx.0580	PN7_SID662	10	144432692	152340819	0
RTIGER_SNP50K	Zx.0580	PN7_SID663	1	287040	19507061	0
RTIGER_SNP50K	Zx.0580	PN7_SID663	1	19570656	30428996	1
RTIGER_SNP50K	Zx.0580	PN7_SID663	1	30671701	308427802	0
RTIGER_SNP50K	Zx.0580	PN7_SID663	2	76737	243522318	0
RTIGER_SNP50K	Zx.0580	PN7_SID663	3	147823	236939523	0
RTIGER_SNP50K	Zx.0580	PN7_SID663	4	514639	249890511	0
RTIGER_SNP50K	Zx.0580	PN7_SID663	5	384878	226234983	0
RTIGER_SNP50K	Zx.0580	PN7_SID663	6	5677854	24339531	0
RTIGER_SNP50K	Zx.0580	PN7_SID663	6	24348836	36536829	1
RTIGER_SNP50K	Zx.0580	PN7_SID663	6	36728658	181186018	0
RTIGER_SNP50K	Zx.0580	PN7_SID663	7	271597	2085643	1
RTIGER_SNP50K	Zx.0580	PN7_SID663	7	2087814	2101029	2
RTIGER_SNP50K	Zx.0580	PN7_SID663	7	2127075	183979058	0
RTIGER_SNP50K	Zx.0580	PN7_SID663	8	295839	182232061	0
RTIGER_SNP50K	Zx.0580	PN7_SID663	9	1567509	152111858	0
RTIGER_SNP50K	Zx.0580	PN7_SID663	9	152446879	162400698	1
RTIGER_SNP50K	Zx.0580	PN7_SID663	9	162591532	162809802	2
RTIGER_SNP50K	Zx.0580	PN7_SID663	10	94302	82051359	1
RTIGER_SNP50K	Zx.0580	PN7_SID663	10	82262546	83315411	2
RTIGER_SNP50K	Zx.0580	PN7_SID663	10	83378355	152340819	0
RTIGER_SNP50K	Zx.0580	PN7_SID664	1	289351	19146260	0
RTIGER_SNP50K	Zx.0580	PN7_SID664	1	19570656	29232609	1
RTIGER_SNP50K	Zx.0580	PN7_SID664	1	29232833	30278993	2
RTIGER_SNP50K	Zx.0580	PN7_SID664	1	30282330	41488406	1
RTIGER_SNP50K	Zx.0580	PN7_SID664	1	41501143	42335164	2
RTIGER_SNP50K	Zx.0580	PN7_SID664	1	42336803	52914949	1
RTIGER_SNP50K	Zx.0580	PN7_SID664	1	53231282	54707238	2
RTIGER_SNP50K	Zx.0580	PN7_SID664	1	55377076	56685078	1
RTIGER_SNP50K	Zx.0580	PN7_SID664	1	56704869	58336538	2
RTIGER_SNP50K	Zx.0580	PN7_SID664	1	58516122	59909788	1
RTIGER_SNP50K	Zx.0580	PN7_SID664	1	60248918	60407041	2
RTIGER_SNP50K	Zx.0580	PN7_SID664	1	60458358	61096902	1
RTIGER_SNP50K	Zx.0580	PN7_SID664	1	61098202	308290679	0
RTIGER_SNP50K	Zx.0580	PN7_SID664	2	75371	30790310	1
RTIGER_SNP50K	Zx.0580	PN7_SID664	2	30873800	31821165	2
RTIGER_SNP50K	Zx.0580	PN7_SID664	2	31821220	66355723	1
RTIGER_SNP50K	Zx.0580	PN7_SID664	2	66533322	66549401	2
RTIGER_SNP50K	Zx.0580	PN7_SID664	2	66552293	76458766	1
RTIGER_SNP50K	Zx.0580	PN7_SID664	2	76503469	77667209	2
RTIGER_SNP50K	Zx.0580	PN7_SID664	2	77670007	88747259	1
RTIGER_SNP50K	Zx.0580	PN7_SID664	2	88749566	89377807	2
RTIGER_SNP50K	Zx.0580	PN7_SID664	2	89446192	94386097	1
RTIGER_SNP50K	Zx.0580	PN7_SID664	2	94416075	94782777	2
RTIGER_SNP50K	Zx.0580	PN7_SID664	2	94833260	99935781	1
RTIGER_SNP50K	Zx.0580	PN7_SID664	2	100067707	100664907	2
RTIGER_SNP50K	Zx.0580	PN7_SID664	2	100734094	102752035	1
RTIGER_SNP50K	Zx.0580	PN7_SID664	2	102862541	103175214	2
RTIGER_SNP50K	Zx.0580	PN7_SID664	2	103201375	103843238	1
RTIGER_SNP50K	Zx.0580	PN7_SID664	2	103859040	104295715	2
RTIGER_SNP50K	Zx.0580	PN7_SID664	2	104339815	117652236	1
RTIGER_SNP50K	Zx.0580	PN7_SID664	2	117843710	118186313	2
RTIGER_SNP50K	Zx.0580	PN7_SID664	2	118240411	126369443	1
RTIGER_SNP50K	Zx.0580	PN7_SID664	2	126508820	127544348	2
RTIGER_SNP50K	Zx.0580	PN7_SID664	2	127735585	130148235	1
RTIGER_SNP50K	Zx.0580	PN7_SID664	2	130217707	131472219	2
RTIGER_SNP50K	Zx.0580	PN7_SID664	2	131623593	136017086	1
RTIGER_SNP50K	Zx.0580	PN7_SID664	2	136123099	137142202	2
RTIGER_SNP50K	Zx.0580	PN7_SID664	2	137142249	150459181	1
RTIGER_SNP50K	Zx.0580	PN7_SID664	2	150764431	151224757	2
RTIGER_SNP50K	Zx.0580	PN7_SID664	2	151264878	159179212	1
RTIGER_SNP50K	Zx.0580	PN7_SID664	2	159238837	159958444	2
RTIGER_SNP50K	Zx.0580	PN7_SID664	2	160010792	164596855	1
RTIGER_SNP50K	Zx.0580	PN7_SID664	2	165225240	165692015	2
RTIGER_SNP50K	Zx.0580	PN7_SID664	2	165767995	182432183	1
RTIGER_SNP50K	Zx.0580	PN7_SID664	2	182506903	183265991	2
RTIGER_SNP50K	Zx.0580	PN7_SID664	2	183266866	183880090	1
RTIGER_SNP50K	Zx.0580	PN7_SID664	2	183926270	184315651	2
RTIGER_SNP50K	Zx.0580	PN7_SID664	2	184355580	184682688	1
RTIGER_SNP50K	Zx.0580	PN7_SID664	2	184867476	186105570	2
RTIGER_SNP50K	Zx.0580	PN7_SID664	2	186250611	221236923	0
RTIGER_SNP50K	Zx.0580	PN7_SID664	2	221657317	227196485	1
RTIGER_SNP50K	Zx.0580	PN7_SID664	2	227198946	243502467	0
RTIGER_SNP50K	Zx.0580	PN7_SID664	3	147823	220998645	0
RTIGER_SNP50K	Zx.0580	PN7_SID664	3	221001440	221725813	1
RTIGER_SNP50K	Zx.0580	PN7_SID664	3	221903638	222598325	2
RTIGER_SNP50K	Zx.0580	PN7_SID664	3	222766134	229616329	1
RTIGER_SNP50K	Zx.0580	PN7_SID664	3	229624902	236941170	0
RTIGER_SNP50K	Zx.0580	PN7_SID664	4	425542	249925783	0
RTIGER_SNP50K	Zx.0580	PN7_SID664	5	362844	226234983	0
RTIGER_SNP50K	Zx.0580	PN7_SID664	6	5514944	16392740	0
RTIGER_SNP50K	Zx.0580	PN7_SID664	6	16504090	63528417	1
RTIGER_SNP50K	Zx.0580	PN7_SID664	6	63541370	63541504	2
RTIGER_SNP50K	Zx.0580	PN7_SID664	6	63542628	104414743	1
RTIGER_SNP50K	Zx.0580	PN7_SID664	6	104541393	105427580	2
RTIGER_SNP50K	Zx.0580	PN7_SID664	6	105432996	106234420	1
RTIGER_SNP50K	Zx.0580	PN7_SID664	6	106416809	181203668	0
RTIGER_SNP50K	Zx.0580	PN7_SID664	7	271597	183952244	0
RTIGER_SNP50K	Zx.0580	PN7_SID664	8	328238	182085992	0
RTIGER_SNP50K	Zx.0580	PN7_SID664	9	1958125	162808411	0
RTIGER_SNP50K	Zx.0580	PN7_SID664	10	94503	115360778	0
RTIGER_SNP50K	Zx.0580	PN7_SID664	10	115679962	139783963	1
RTIGER_SNP50K	Zx.0580	PN7_SID664	10	139948329	152327194	0
RTIGER_SNP50K	Zx.0580	PN7_SID665	1	29860	306940470	0
RTIGER_SNP50K	Zx.0580	PN7_SID665	1	307011794	308427802	1
RTIGER_SNP50K	Zx.0580	PN7_SID665	2	76737	4212869	0
RTIGER_SNP50K	Zx.0580	PN7_SID665	2	4440108	45011727	1
RTIGER_SNP50K	Zx.0580	PN7_SID665	2	45478262	45969933	2
RTIGER_SNP50K	Zx.0580	PN7_SID665	2	46136907	47783710	1
RTIGER_SNP50K	Zx.0580	PN7_SID665	2	47896609	48597048	2
RTIGER_SNP50K	Zx.0580	PN7_SID665	2	48620170	73699925	1
RTIGER_SNP50K	Zx.0580	PN7_SID665	2	73867798	74049310	2
RTIGER_SNP50K	Zx.0580	PN7_SID665	2	74201277	76458766	1
RTIGER_SNP50K	Zx.0580	PN7_SID665	2	76503469	76993970	2
RTIGER_SNP50K	Zx.0580	PN7_SID665	2	77047023	88484413	1
RTIGER_SNP50K	Zx.0580	PN7_SID665	2	88484430	89380259	2
RTIGER_SNP50K	Zx.0580	PN7_SID665	2	89380260	107087555	1
RTIGER_SNP50K	Zx.0580	PN7_SID665	2	107087573	107087722	2
RTIGER_SNP50K	Zx.0580	PN7_SID665	2	107087972	126256487	1
RTIGER_SNP50K	Zx.0580	PN7_SID665	2	126334404	126871620	2
RTIGER_SNP50K	Zx.0580	PN7_SID665	2	126877682	131028590	1
RTIGER_SNP50K	Zx.0580	PN7_SID665	2	131062817	131475585	2
RTIGER_SNP50K	Zx.0580	PN7_SID665	2	131529922	132834467	1
RTIGER_SNP50K	Zx.0580	PN7_SID665	2	132911941	132970461	2
RTIGER_SNP50K	Zx.0580	PN7_SID665	2	132982763	144310231	1
RTIGER_SNP50K	Zx.0580	PN7_SID665	2	144320574	144536842	2
RTIGER_SNP50K	Zx.0580	PN7_SID665	2	144583805	164998602	1
RTIGER_SNP50K	Zx.0580	PN7_SID665	2	165225240	165702367	2
RTIGER_SNP50K	Zx.0580	PN7_SID665	2	165764061	208949101	1
RTIGER_SNP50K	Zx.0580	PN7_SID665	2	209182202	209618898	2
RTIGER_SNP50K	Zx.0580	PN7_SID665	2	210246795	226975792	1
RTIGER_SNP50K	Zx.0580	PN7_SID665	2	226976052	226976079	2
RTIGER_SNP50K	Zx.0580	PN7_SID665	2	227087192	227199393	1
RTIGER_SNP50K	Zx.0580	PN7_SID665	2	227224011	243533209	0
RTIGER_SNP50K	Zx.0580	PN7_SID665	3	356143	220998645	0
RTIGER_SNP50K	Zx.0580	PN7_SID665	3	221050526	236941170	1
RTIGER_SNP50K	Zx.0580	PN7_SID665	4	508312	249890511	0
RTIGER_SNP50K	Zx.0580	PN7_SID665	5	322588	226227487	0
RTIGER_SNP50K	Zx.0580	PN7_SID665	6	6137629	24379993	1
RTIGER_SNP50K	Zx.0580	PN7_SID665	6	24444707	25501624	2
RTIGER_SNP50K	Zx.0580	PN7_SID665	6	25505235	42025019	1
RTIGER_SNP50K	Zx.0580	PN7_SID665	6	42427595	43911130	2
RTIGER_SNP50K	Zx.0580	PN7_SID665	6	44982186	49846600	1
RTIGER_SNP50K	Zx.0580	PN7_SID665	6	49855271	49992103	2
RTIGER_SNP50K	Zx.0580	PN7_SID665	6	50158440	60499835	1
RTIGER_SNP50K	Zx.0580	PN7_SID665	6	60520786	60896213	2
RTIGER_SNP50K	Zx.0580	PN7_SID665	6	60901391	63528417	1
RTIGER_SNP50K	Zx.0580	PN7_SID665	6	63541541	65805498	2
RTIGER_SNP50K	Zx.0580	PN7_SID665	6	65814712	66109287	1
RTIGER_SNP50K	Zx.0580	PN7_SID665	6	66125344	66571664	2
RTIGER_SNP50K	Zx.0580	PN7_SID665	6	66676020	83275149	1
RTIGER_SNP50K	Zx.0580	PN7_SID665	6	83404307	84607776	2
RTIGER_SNP50K	Zx.0580	PN7_SID665	6	84789909	89632570	1
RTIGER_SNP50K	Zx.0580	PN7_SID665	6	89632580	89784438	2
RTIGER_SNP50K	Zx.0580	PN7_SID665	6	90295502	100531004	1
RTIGER_SNP50K	Zx.0580	PN7_SID665	6	100534860	105427580	2
RTIGER_SNP50K	Zx.0580	PN7_SID665	6	105432996	109105826	1
RTIGER_SNP50K	Zx.0580	PN7_SID665	6	109132572	138187856	0
RTIGER_SNP50K	Zx.0580	PN7_SID665	6	138388396	141518850	1
RTIGER_SNP50K	Zx.0580	PN7_SID665	6	142329389	155719853	0
RTIGER_SNP50K	Zx.0580	PN7_SID665	6	155751746	167088812	1
RTIGER_SNP50K	Zx.0580	PN7_SID665	6	167088839	180695783	0
RTIGER_SNP50K	Zx.0580	PN7_SID665	7	84081	183967464	0
RTIGER_SNP50K	Zx.0580	PN7_SID665	8	295839	181323173	0
RTIGER_SNP50K	Zx.0580	PN7_SID665	8	181468649	182218389	1
RTIGER_SNP50K	Zx.0580	PN7_SID665	9	1749539	162809802	0
RTIGER_SNP50K	Zx.0580	PN7_SID665	10	278090	141016222	0
RTIGER_SNP50K	Zx.0580	PN7_SID665	10	141418057	144550833	1
RTIGER_SNP50K	Zx.0580	PN7_SID665	10	144594404	152340819	0
RTIGER_SNP50K	Zx.0580	PN7_SID666	1	395660	308427802	0
RTIGER_SNP50K	Zx.0580	PN7_SID666	2	75371	2626082	1
RTIGER_SNP50K	Zx.0580	PN7_SID666	2	2632560	30350001	0
RTIGER_SNP50K	Zx.0580	PN7_SID666	2	30350017	31100895	1
RTIGER_SNP50K	Zx.0580	PN7_SID666	2	31103142	31150890	2
RTIGER_SNP50K	Zx.0580	PN7_SID666	2	31154520	32875424	1
RTIGER_SNP50K	Zx.0580	PN7_SID666	2	33002623	44613155	0
RTIGER_SNP50K	Zx.0580	PN7_SID666	2	44880151	85776326	1
RTIGER_SNP50K	Zx.0580	PN7_SID666	2	85824091	86056674	2
RTIGER_SNP50K	Zx.0580	PN7_SID666	2	86114769	146907680	1
RTIGER_SNP50K	Zx.0580	PN7_SID666	2	146909893	147931291	2
RTIGER_SNP50K	Zx.0580	PN7_SID666	2	147931429	159173012	1
RTIGER_SNP50K	Zx.0580	PN7_SID666	2	159337119	159993421	2
RTIGER_SNP50K	Zx.0580	PN7_SID666	2	160010792	186906544	1
RTIGER_SNP50K	Zx.0580	PN7_SID666	2	187115935	188235289	2
RTIGER_SNP50K	Zx.0580	PN7_SID666	2	189166352	207375331	1
RTIGER_SNP50K	Zx.0580	PN7_SID666	2	207896606	208435588	2
RTIGER_SNP50K	Zx.0580	PN7_SID666	2	208803502	243662959	0
RTIGER_SNP50K	Zx.0580	PN7_SID666	3	147823	58071785	0
RTIGER_SNP50K	Zx.0580	PN7_SID666	3	58082466	69651137	1
RTIGER_SNP50K	Zx.0580	PN7_SID666	3	69841572	70596280	2
RTIGER_SNP50K	Zx.0580	PN7_SID666	3	70636882	74930847	1
RTIGER_SNP50K	Zx.0580	PN7_SID666	3	74964029	93748337	0
RTIGER_SNP50K	Zx.0580	PN7_SID666	3	94063667	96080326	1
RTIGER_SNP50K	Zx.0580	PN7_SID666	3	96095237	97263052	2
RTIGER_SNP50K	Zx.0580	PN7_SID666	3	97373665	109338537	1
RTIGER_SNP50K	Zx.0580	PN7_SID666	3	109434377	110391681	2
RTIGER_SNP50K	Zx.0580	PN7_SID666	3	110478830	124100905	1
RTIGER_SNP50K	Zx.0580	PN7_SID666	3	124118833	124841767	2
RTIGER_SNP50K	Zx.0580	PN7_SID666	3	125024584	153471458	1
RTIGER_SNP50K	Zx.0580	PN7_SID666	3	153483077	153836953	2
RTIGER_SNP50K	Zx.0580	PN7_SID666	3	154099621	185050274	1
RTIGER_SNP50K	Zx.0580	PN7_SID666	3	185085922	236963193	0
RTIGER_SNP50K	Zx.0580	PN7_SID666	4	508312	6047582	1
RTIGER_SNP50K	Zx.0580	PN7_SID666	4	6087697	16024824	0
RTIGER_SNP50K	Zx.0580	PN7_SID666	4	16034012	22068305	1
RTIGER_SNP50K	Zx.0580	PN7_SID666	4	22216122	249925783	0
RTIGER_SNP50K	Zx.0580	PN7_SID666	5	506159	5513718	0
RTIGER_SNP50K	Zx.0580	PN7_SID666	5	5826352	59296575	1
RTIGER_SNP50K	Zx.0580	PN7_SID666	5	59319760	59668788	2
RTIGER_SNP50K	Zx.0580	PN7_SID666	5	59669167	76502433	1
RTIGER_SNP50K	Zx.0580	PN7_SID666	5	76502492	212786583	0
RTIGER_SNP50K	Zx.0580	PN7_SID666	5	212800130	212800157	2
RTIGER_SNP50K	Zx.0580	PN7_SID666	5	212862865	226234983	0
RTIGER_SNP50K	Zx.0580	PN7_SID666	6	5514944	12328713	1
RTIGER_SNP50K	Zx.0580	PN7_SID666	6	12332124	12439773	2
RTIGER_SNP50K	Zx.0580	PN7_SID666	6	13188447	180031624	0
RTIGER_SNP50K	Zx.0580	PN7_SID666	6	180037212	180095524	2
RTIGER_SNP50K	Zx.0580	PN7_SID666	6	180120661	180484231	1
RTIGER_SNP50K	Zx.0580	PN7_SID666	7	83761	183980739	0
RTIGER_SNP50K	Zx.0580	PN7_SID666	8	390796	87421958	1
RTIGER_SNP50K	Zx.0580	PN7_SID666	8	87592743	88477226	2
RTIGER_SNP50K	Zx.0580	PN7_SID666	8	88494840	94886320	1
RTIGER_SNP50K	Zx.0580	PN7_SID666	8	95138834	95144133	2
RTIGER_SNP50K	Zx.0580	PN7_SID666	8	95387255	103481610	1
RTIGER_SNP50K	Zx.0580	PN7_SID666	8	103892112	182167615	0
RTIGER_SNP50K	Zx.0580	PN7_SID666	9	2634217	161193459	0
RTIGER_SNP50K	Zx.0580	PN7_SID666	9	161193801	162808411	1
RTIGER_SNP50K	Zx.0580	PN7_SID666	10	189114	152282672	0
RTIGER_SNP50K	Zx.0580	PN7_SID667	1	29860	308427802	0
RTIGER_SNP50K	Zx.0580	PN7_SID667	2	175074	15682245	1
RTIGER_SNP50K	Zx.0580	PN7_SID667	2	16106377	16543351	2
RTIGER_SNP50K	Zx.0580	PN7_SID667	2	16661005	30790835	1
RTIGER_SNP50K	Zx.0580	PN7_SID667	2	31060762	31103187	2
RTIGER_SNP50K	Zx.0580	PN7_SID667	2	31154520	36036474	1
RTIGER_SNP50K	Zx.0580	PN7_SID667	2	36036501	36292305	2
RTIGER_SNP50K	Zx.0580	PN7_SID667	2	36365759	78078562	1
RTIGER_SNP50K	Zx.0580	PN7_SID667	2	78393265	83877418	0
RTIGER_SNP50K	Zx.0580	PN7_SID667	2	84108820	170439725	1
RTIGER_SNP50K	Zx.0580	PN7_SID667	2	170509325	243662959	0
RTIGER_SNP50K	Zx.0580	PN7_SID667	3	147823	236963193	0
RTIGER_SNP50K	Zx.0580	PN7_SID667	4	255421	249888371	0
RTIGER_SNP50K	Zx.0580	PN7_SID667	5	322588	7781801	0
RTIGER_SNP50K	Zx.0580	PN7_SID667	5	7781959	10418007	1
RTIGER_SNP50K	Zx.0580	PN7_SID667	5	10513298	195901829	0
RTIGER_SNP50K	Zx.0580	PN7_SID667	5	196228938	196837589	2
RTIGER_SNP50K	Zx.0580	PN7_SID667	5	196926819	198486537	1
RTIGER_SNP50K	Zx.0580	PN7_SID667	5	203376972	226127101	0
RTIGER_SNP50K	Zx.0580	PN7_SID667	6	5260376	181186018	0
RTIGER_SNP50K	Zx.0580	PN7_SID667	7	84081	183979058	0
RTIGER_SNP50K	Zx.0580	PN7_SID667	8	354736	73265927	0
RTIGER_SNP50K	Zx.0580	PN7_SID667	8	73321496	101549382	1
RTIGER_SNP50K	Zx.0580	PN7_SID667	8	101695811	102185929	2
RTIGER_SNP50K	Zx.0580	PN7_SID667	8	102561753	105797834	1
RTIGER_SNP50K	Zx.0580	PN7_SID667	8	105991448	182172937	0
RTIGER_SNP50K	Zx.0580	PN7_SID667	9	1910097	162809802	0
RTIGER_SNP50K	Zx.0580	PN7_SID667	10	189654	152276050	0
RTIGER_SNP50K	Zx.0580	PN7_SID668	1	289351	308295570	0
RTIGER_SNP50K	Zx.0580	PN7_SID668	2	71603	243662959	0
RTIGER_SNP50K	Zx.0580	PN7_SID668	3	1057368	236963193	0
RTIGER_SNP50K	Zx.0580	PN7_SID668	4	255421	249925783	0
RTIGER_SNP50K	Zx.0580	PN7_SID668	5	322588	226167943	0
RTIGER_SNP50K	Zx.0580	PN7_SID668	6	5260376	181024267	0
RTIGER_SNP50K	Zx.0580	PN7_SID668	7	83761	183967464	0
RTIGER_SNP50K	Zx.0580	PN7_SID668	8	295839	37765529	0
RTIGER_SNP50K	Zx.0580	PN7_SID668	8	37789435	85636571	1
RTIGER_SNP50K	Zx.0580	PN7_SID668	8	86072023	86620921	2
RTIGER_SNP50K	Zx.0580	PN7_SID668	8	86855853	95008635	1
RTIGER_SNP50K	Zx.0580	PN7_SID668	8	95138834	95144133	2
RTIGER_SNP50K	Zx.0580	PN7_SID668	8	95425364	104565372	1
RTIGER_SNP50K	Zx.0580	PN7_SID668	8	105068170	182218389	0
RTIGER_SNP50K	Zx.0580	PN7_SID668	9	1566009	162591532	0
RTIGER_SNP50K	Zx.0580	PN7_SID668	10	183757	84774052	0
RTIGER_SNP50K	Zx.0580	PN7_SID668	10	84859126	84859135	2
RTIGER_SNP50K	Zx.0580	PN7_SID668	10	85298226	152305623	0
RTIGER_SNP50K	Zx.0580	PN7_SID669	1	287040	308286372	0
RTIGER_SNP50K	Zx.0580	PN7_SID669	2	75371	14430616	1
RTIGER_SNP50K	Zx.0580	PN7_SID669	2	14489795	14537760	2
RTIGER_SNP50K	Zx.0580	PN7_SID669	2	14651275	22714494	0
RTIGER_SNP50K	Zx.0580	PN7_SID669	2	22731814	23436190	2
RTIGER_SNP50K	Zx.0580	PN7_SID669	2	23611585	25144675	1
RTIGER_SNP50K	Zx.0580	PN7_SID669	2	25175883	25369233	2
RTIGER_SNP50K	Zx.0580	PN7_SID669	2	25395154	62641610	1
RTIGER_SNP50K	Zx.0580	PN7_SID669	2	63355598	243555257	0
RTIGER_SNP50K	Zx.0580	PN7_SID669	3	1540211	236939523	0
RTIGER_SNP50K	Zx.0580	PN7_SID669	4	255421	4061865	0
RTIGER_SNP50K	Zx.0580	PN7_SID669	4	4456516	5849099	2
RTIGER_SNP50K	Zx.0580	PN7_SID669	4	5892536	12259817	1
RTIGER_SNP50K	Zx.0580	PN7_SID669	4	12329254	249607164	0
RTIGER_SNP50K	Zx.0580	PN7_SID669	5	322588	12971004	0
RTIGER_SNP50K	Zx.0580	PN7_SID669	5	13069382	36065470	1
RTIGER_SNP50K	Zx.0580	PN7_SID669	5	36183307	36921343	2
RTIGER_SNP50K	Zx.0580	PN7_SID669	5	36969197	101906499	1
RTIGER_SNP50K	Zx.0580	PN7_SID669	5	102049940	102188974	2
RTIGER_SNP50K	Zx.0580	PN7_SID669	5	102396148	179716791	1
RTIGER_SNP50K	Zx.0580	PN7_SID669	5	179754379	226167943	0
RTIGER_SNP50K	Zx.0580	PN7_SID669	6	5679415	108718562	1
RTIGER_SNP50K	Zx.0580	PN7_SID669	6	108815475	181024267	0
RTIGER_SNP50K	Zx.0580	PN7_SID669	7	83761	183979058	0
RTIGER_SNP50K	Zx.0580	PN7_SID669	8	295839	28562836	1
RTIGER_SNP50K	Zx.0580	PN7_SID669	8	28851301	30846543	2
RTIGER_SNP50K	Zx.0580	PN7_SID669	8	33551448	35061517	1
RTIGER_SNP50K	Zx.0580	PN7_SID669	8	35184731	35210514	2
RTIGER_SNP50K	Zx.0580	PN7_SID669	8	36129227	46544076	1
RTIGER_SNP50K	Zx.0580	PN7_SID669	8	46635164	46635271	2
RTIGER_SNP50K	Zx.0580	PN7_SID669	8	46673290	48173693	1
RTIGER_SNP50K	Zx.0580	PN7_SID669	8	48173701	49031004	2
RTIGER_SNP50K	Zx.0580	PN7_SID669	8	49057145	72030809	1
RTIGER_SNP50K	Zx.0580	PN7_SID669	8	72253047	75309005	2
RTIGER_SNP50K	Zx.0580	PN7_SID669	8	75536798	77177793	1
RTIGER_SNP50K	Zx.0580	PN7_SID669	8	77177794	78809034	2
RTIGER_SNP50K	Zx.0580	PN7_SID669	8	78876226	106446796	1
RTIGER_SNP50K	Zx.0580	PN7_SID669	8	106950462	182232061	0
RTIGER_SNP50K	Zx.0580	PN7_SID669	9	1749539	147467669	0
RTIGER_SNP50K	Zx.0580	PN7_SID669	9	147830760	162809802	1
RTIGER_SNP50K	Zx.0580	PN7_SID669	10	189114	152290201	0
RTIGER_SNP50K	Zx.0580	PN7_SID670	1	287040	17203163	0
RTIGER_SNP50K	Zx.0580	PN7_SID670	1	17212741	19146227	2
RTIGER_SNP50K	Zx.0580	PN7_SID670	1	19146244	55484403	1
RTIGER_SNP50K	Zx.0580	PN7_SID670	1	55601858	57089214	2
RTIGER_SNP50K	Zx.0580	PN7_SID670	1	57097744	101711333	1
RTIGER_SNP50K	Zx.0580	PN7_SID670	1	101711350	101985576	2
RTIGER_SNP50K	Zx.0580	PN7_SID670	1	102086376	106428427	1
RTIGER_SNP50K	Zx.0580	PN7_SID670	1	106722448	106842527	2
RTIGER_SNP50K	Zx.0580	PN7_SID670	1	106843964	123635314	1
RTIGER_SNP50K	Zx.0580	PN7_SID670	1	123687180	144518143	0
RTIGER_SNP50K	Zx.0580	PN7_SID670	1	144631040	149242259	1
RTIGER_SNP50K	Zx.0580	PN7_SID670	1	149243377	158589031	0
RTIGER_SNP50K	Zx.0580	PN7_SID670	1	158756152	209895322	1
RTIGER_SNP50K	Zx.0580	PN7_SID670	1	209895598	252000068	0
RTIGER_SNP50K	Zx.0580	PN7_SID670	1	252116324	252319301	2
RTIGER_SNP50K	Zx.0580	PN7_SID670	1	252330346	258323867	1
RTIGER_SNP50K	Zx.0580	PN7_SID670	1	258335534	308290679	0
RTIGER_SNP50K	Zx.0580	PN7_SID670	2	75371	29076507	0
RTIGER_SNP50K	Zx.0580	PN7_SID670	2	29088815	62816627	1
RTIGER_SNP50K	Zx.0580	PN7_SID670	2	62816851	212911863	0
RTIGER_SNP50K	Zx.0580	PN7_SID670	2	213032232	213740157	2
RTIGER_SNP50K	Zx.0580	PN7_SID670	2	213743871	243533209	0
RTIGER_SNP50K	Zx.0580	PN7_SID670	3	147823	7009843	0
RTIGER_SNP50K	Zx.0580	PN7_SID670	3	7222190	15000083	1
RTIGER_SNP50K	Zx.0580	PN7_SID670	3	15414749	210357346	0
RTIGER_SNP50K	Zx.0580	PN7_SID670	3	210640733	211307051	1
RTIGER_SNP50K	Zx.0580	PN7_SID670	3	211307303	212155516	2
RTIGER_SNP50K	Zx.0580	PN7_SID670	3	212155576	224966311	1
RTIGER_SNP50K	Zx.0580	PN7_SID670	3	225437327	236963193	0
RTIGER_SNP50K	Zx.0580	PN7_SID670	4	508312	248714248	0
RTIGER_SNP50K	Zx.0580	PN7_SID670	4	248730713	248952846	2
RTIGER_SNP50K	Zx.0580	PN7_SID670	4	249215558	249721018	1
RTIGER_SNP50K	Zx.0580	PN7_SID670	5	336374	226234983	0
RTIGER_SNP50K	Zx.0580	PN7_SID670	6	5677854	181203668	0
RTIGER_SNP50K	Zx.0580	PN7_SID670	7	83761	6028625	0
RTIGER_SNP50K	Zx.0580	PN7_SID670	7	6114193	53399111	1
RTIGER_SNP50K	Zx.0580	PN7_SID670	7	53415541	72109408	0
RTIGER_SNP50K	Zx.0580	PN7_SID670	7	72167847	123325015	1
RTIGER_SNP50K	Zx.0580	PN7_SID670	7	123441519	124098230	2
RTIGER_SNP50K	Zx.0580	PN7_SID670	7	124616299	135292273	1
RTIGER_SNP50K	Zx.0580	PN7_SID670	7	135309314	183952244	0
RTIGER_SNP50K	Zx.0580	PN7_SID670	8	354736	182167615	0
RTIGER_SNP50K	Zx.0580	PN7_SID670	9	1566009	162809802	0
RTIGER_SNP50K	Zx.0580	PN7_SID670	10	183757	152395252	0
RTIGER_SNP50K	Zx.0580	PN7_SID671	1	29860	308295570	0
RTIGER_SNP50K	Zx.0580	PN7_SID671	2	75371	12703276	0
RTIGER_SNP50K	Zx.0580	PN7_SID671	2	12809038	16211522	1
RTIGER_SNP50K	Zx.0580	PN7_SID671	2	16331776	16991100	2
RTIGER_SNP50K	Zx.0580	PN7_SID671	2	17169175	19790688	1
RTIGER_SNP50K	Zx.0580	PN7_SID671	2	20027613	20803294	2
RTIGER_SNP50K	Zx.0580	PN7_SID671	2	20858661	30386124	1
RTIGER_SNP50K	Zx.0580	PN7_SID671	2	30386385	243662959	0
RTIGER_SNP50K	Zx.0580	PN7_SID671	3	1069691	25926639	0
RTIGER_SNP50K	Zx.0580	PN7_SID671	3	25970486	40627716	1
RTIGER_SNP50K	Zx.0580	PN7_SID671	3	40903437	100008228	0
RTIGER_SNP50K	Zx.0580	PN7_SID671	3	100119928	123823577	1
RTIGER_SNP50K	Zx.0580	PN7_SID671	3	123926763	124837621	2
RTIGER_SNP50K	Zx.0580	PN7_SID671	3	124878107	133244590	1
RTIGER_SNP50K	Zx.0580	PN7_SID671	3	133431358	134225585	2
RTIGER_SNP50K	Zx.0580	PN7_SID671	3	134439673	150637561	1
RTIGER_SNP50K	Zx.0580	PN7_SID671	3	151181672	155303518	2
RTIGER_SNP50K	Zx.0580	PN7_SID671	3	156002538	160805814	1
RTIGER_SNP50K	Zx.0580	PN7_SID671	3	161082464	236963193	0
RTIGER_SNP50K	Zx.0580	PN7_SID671	4	425542	249888371	0
RTIGER_SNP50K	Zx.0580	PN7_SID671	5	375767	217335642	0
RTIGER_SNP50K	Zx.0580	PN7_SID671	5	217394063	223058013	1
RTIGER_SNP50K	Zx.0580	PN7_SID671	5	223309248	226234983	0
RTIGER_SNP50K	Zx.0580	PN7_SID671	6	5514944	181186018	0
RTIGER_SNP50K	Zx.0580	PN7_SID671	7	84081	183979058	0
RTIGER_SNP50K	Zx.0580	PN7_SID671	8	328238	127981823	0
RTIGER_SNP50K	Zx.0580	PN7_SID671	8	128590033	144147790	1
RTIGER_SNP50K	Zx.0580	PN7_SID671	8	144214714	156727541	0
RTIGER_SNP50K	Zx.0580	PN7_SID671	8	156732912	168153303	1
RTIGER_SNP50K	Zx.0580	PN7_SID671	8	168316384	182218389	0
RTIGER_SNP50K	Zx.0580	PN7_SID671	9	1749539	162692974	0
RTIGER_SNP50K	Zx.0580	PN7_SID671	10	94503	152340819	0
RTIGER_SNP50K	Zx.0580	PN7_SID672	1	291511	193832147	0
RTIGER_SNP50K	Zx.0580	PN7_SID672	1	193995647	264031790	1
RTIGER_SNP50K	Zx.0580	PN7_SID672	1	264093951	264094019	2
RTIGER_SNP50K	Zx.0580	PN7_SID672	1	264186992	264890490	1
RTIGER_SNP50K	Zx.0580	PN7_SID672	1	265141847	266957024	2
RTIGER_SNP50K	Zx.0580	PN7_SID672	1	267106938	272031328	1
RTIGER_SNP50K	Zx.0580	PN7_SID672	1	272167733	272289925	2
RTIGER_SNP50K	Zx.0580	PN7_SID672	1	272289930	273745519	1
RTIGER_SNP50K	Zx.0580	PN7_SID672	1	274194298	274779266	2
RTIGER_SNP50K	Zx.0580	PN7_SID672	1	275455393	308427802	0
RTIGER_SNP50K	Zx.0580	PN7_SID672	2	175074	12536372	0
RTIGER_SNP50K	Zx.0580	PN7_SID672	2	12582818	21466966	1
RTIGER_SNP50K	Zx.0580	PN7_SID672	2	21864079	23436190	2
RTIGER_SNP50K	Zx.0580	PN7_SID672	2	23515983	25144675	1
RTIGER_SNP50K	Zx.0580	PN7_SID672	2	25175883	25461722	2
RTIGER_SNP50K	Zx.0580	PN7_SID672	2	25725715	30790310	1
RTIGER_SNP50K	Zx.0580	PN7_SID672	2	31095060	32101118	2
RTIGER_SNP50K	Zx.0580	PN7_SID672	2	32125222	66413820	1
RTIGER_SNP50K	Zx.0580	PN7_SID672	2	66533322	66549401	2
RTIGER_SNP50K	Zx.0580	PN7_SID672	2	66552864	103843238	1
RTIGER_SNP50K	Zx.0580	PN7_SID672	2	103970610	104248442	2
RTIGER_SNP50K	Zx.0580	PN7_SID672	2	104441081	126121273	1
RTIGER_SNP50K	Zx.0580	PN7_SID672	2	126131778	126153603	2
RTIGER_SNP50K	Zx.0580	PN7_SID672	2	126194352	132843870	1
RTIGER_SNP50K	Zx.0580	PN7_SID672	2	132871477	132982763	2
RTIGER_SNP50K	Zx.0580	PN7_SID672	2	133151963	162645546	1
RTIGER_SNP50K	Zx.0580	PN7_SID672	2	162828717	163867861	2
RTIGER_SNP50K	Zx.0580	PN7_SID672	2	163871110	164597324	1
RTIGER_SNP50K	Zx.0580	PN7_SID672	2	165060291	165346902	2
RTIGER_SNP50K	Zx.0580	PN7_SID672	2	165684070	210257602	1
RTIGER_SNP50K	Zx.0580	PN7_SID672	2	210443015	243662959	0
RTIGER_SNP50K	Zx.0580	PN7_SID672	3	147823	236939523	0
RTIGER_SNP50K	Zx.0580	PN7_SID672	4	556297	249925783	0
RTIGER_SNP50K	Zx.0580	PN7_SID672	5	322588	226167943	0
RTIGER_SNP50K	Zx.0580	PN7_SID672	6	5514944	181203668	0
RTIGER_SNP50K	Zx.0580	PN7_SID672	7	469873	131734487	0
RTIGER_SNP50K	Zx.0580	PN7_SID672	7	131751857	145603884	1
RTIGER_SNP50K	Zx.0580	PN7_SID672	7	146300771	183980739	0
RTIGER_SNP50K	Zx.0580	PN7_SID672	8	295839	114109629	0
RTIGER_SNP50K	Zx.0580	PN7_SID672	8	114353661	114926565	2
RTIGER_SNP50K	Zx.0580	PN7_SID672	8	114935569	127391855	1
RTIGER_SNP50K	Zx.0580	PN7_SID672	8	127453657	127453674	2
RTIGER_SNP50K	Zx.0580	PN7_SID672	8	127453677	128982757	1
RTIGER_SNP50K	Zx.0580	PN7_SID672	8	128982761	129231158	2
RTIGER_SNP50K	Zx.0580	PN7_SID672	8	129351907	133719345	1
RTIGER_SNP50K	Zx.0580	PN7_SID672	8	133843517	133974126	2
RTIGER_SNP50K	Zx.0580	PN7_SID672	8	134100475	141890350	1
RTIGER_SNP50K	Zx.0580	PN7_SID672	8	141965763	142859700	2
RTIGER_SNP50K	Zx.0580	PN7_SID672	8	143005608	182218389	1
RTIGER_SNP50K	Zx.0580	PN7_SID672	9	1567509	30291743	1
RTIGER_SNP50K	Zx.0580	PN7_SID672	9	30384874	31228065	2
RTIGER_SNP50K	Zx.0580	PN7_SID672	9	31821643	53927711	1
RTIGER_SNP50K	Zx.0580	PN7_SID672	9	55163581	55530993	2
RTIGER_SNP50K	Zx.0580	PN7_SID672	9	56201304	101662021	1
RTIGER_SNP50K	Zx.0580	PN7_SID672	9	101667395	158076218	0
RTIGER_SNP50K	Zx.0580	PN7_SID672	9	158654356	162809802	1
RTIGER_SNP50K	Zx.0580	PN7_SID672	10	94503	152305623	0
RTIGER_SNP50K	Zx.0580	PN8_SID673	1	29860	225221827	0
RTIGER_SNP50K	Zx.0580	PN8_SID673	1	225305508	274194298	1
RTIGER_SNP50K	Zx.0580	PN8_SID673	1	274194744	308423715	0
RTIGER_SNP50K	Zx.0580	PN8_SID673	2	175074	56555978	0
RTIGER_SNP50K	Zx.0580	PN8_SID673	2	57309051	61306050	1
RTIGER_SNP50K	Zx.0580	PN8_SID673	2	61385343	243522232	0
RTIGER_SNP50K	Zx.0580	PN8_SID673	3	147823	236941170	0
RTIGER_SNP50K	Zx.0580	PN8_SID673	4	255421	249833858	0
RTIGER_SNP50K	Zx.0580	PN8_SID673	5	322588	226234983	0
RTIGER_SNP50K	Zx.0580	PN8_SID673	6	5514944	181187587	0
RTIGER_SNP50K	Zx.0580	PN8_SID673	7	271597	183980739	0
RTIGER_SNP50K	Zx.0580	PN8_SID673	8	328238	182232061	0
RTIGER_SNP50K	Zx.0580	PN8_SID673	9	2249036	2749898	2
RTIGER_SNP50K	Zx.0580	PN8_SID673	9	2749908	13120737	1
RTIGER_SNP50K	Zx.0580	PN8_SID673	9	13127625	22320721	2
RTIGER_SNP50K	Zx.0580	PN8_SID673	9	22720344	33273025	1
RTIGER_SNP50K	Zx.0580	PN8_SID673	9	33386711	162809802	0
RTIGER_SNP50K	Zx.0580	PN8_SID673	10	183757	152340819	0
RTIGER_SNP50K	Zx.0580	PN8_SID674	1	287040	46675134	0
RTIGER_SNP50K	Zx.0580	PN8_SID674	1	46680871	68708145	1
RTIGER_SNP50K	Zx.0580	PN8_SID674	1	68708161	68753696	2
RTIGER_SNP50K	Zx.0580	PN8_SID674	1	68880835	89063587	1
RTIGER_SNP50K	Zx.0580	PN8_SID674	1	89115235	157589470	0
RTIGER_SNP50K	Zx.0580	PN8_SID674	1	157843604	174297965	1
RTIGER_SNP50K	Zx.0580	PN8_SID674	1	174900361	175789050	2
RTIGER_SNP50K	Zx.0580	PN8_SID674	1	176178400	191867347	1
RTIGER_SNP50K	Zx.0580	PN8_SID674	1	192548489	308427802	0
RTIGER_SNP50K	Zx.0580	PN8_SID674	2	71603	75383	2
RTIGER_SNP50K	Zx.0580	PN8_SID674	2	76737	4440108	1
RTIGER_SNP50K	Zx.0580	PN8_SID674	2	4490607	222461789	0
RTIGER_SNP50K	Zx.0580	PN8_SID674	2	222889795	243533209	1
RTIGER_SNP50K	Zx.0580	PN8_SID674	3	147823	236939523	0
RTIGER_SNP50K	Zx.0580	PN8_SID674	4	255421	39119743	0
RTIGER_SNP50K	Zx.0580	PN8_SID674	4	39159903	40328298	1
RTIGER_SNP50K	Zx.0580	PN8_SID674	4	40549868	41034619	2
RTIGER_SNP50K	Zx.0580	PN8_SID674	4	41169679	53610454	1
RTIGER_SNP50K	Zx.0580	PN8_SID674	4	53694500	53694549	2
RTIGER_SNP50K	Zx.0580	PN8_SID674	4	53770224	55942652	1
RTIGER_SNP50K	Zx.0580	PN8_SID674	4	56173949	60906734	0
RTIGER_SNP50K	Zx.0580	PN8_SID674	4	61071063	77574155	1
RTIGER_SNP50K	Zx.0580	PN8_SID674	4	77596871	82081704	2
RTIGER_SNP50K	Zx.0580	PN8_SID674	4	82081721	85141097	1
RTIGER_SNP50K	Zx.0580	PN8_SID674	4	85161452	85500909	2
RTIGER_SNP50K	Zx.0580	PN8_SID674	4	85631067	99972842	1
RTIGER_SNP50K	Zx.0580	PN8_SID674	4	99979203	102921650	2
RTIGER_SNP50K	Zx.0580	PN8_SID674	4	103179827	105158373	1
RTIGER_SNP50K	Zx.0580	PN8_SID674	4	105632970	111803437	2
RTIGER_SNP50K	Zx.0580	PN8_SID674	4	112405792	112405818	1
RTIGER_SNP50K	Zx.0580	PN8_SID674	4	112414831	114020488	2
RTIGER_SNP50K	Zx.0580	PN8_SID674	4	114711390	114861119	1
RTIGER_SNP50K	Zx.0580	PN8_SID674	4	114995420	117618899	2
RTIGER_SNP50K	Zx.0580	PN8_SID674	4	117734678	117897992	1
RTIGER_SNP50K	Zx.0580	PN8_SID674	4	117968179	121259601	2
RTIGER_SNP50K	Zx.0580	PN8_SID674	4	121616116	121673993	1
RTIGER_SNP50K	Zx.0580	PN8_SID674	4	121842880	123991359	2
RTIGER_SNP50K	Zx.0580	PN8_SID674	4	124262015	125005491	1
RTIGER_SNP50K	Zx.0580	PN8_SID674	4	125312461	125793384	2
RTIGER_SNP50K	Zx.0580	PN8_SID674	4	126223457	126223517	1
RTIGER_SNP50K	Zx.0580	PN8_SID674	4	126325182	127681213	2
RTIGER_SNP50K	Zx.0580	PN8_SID674	4	128287324	136423076	1
RTIGER_SNP50K	Zx.0580	PN8_SID674	4	136433840	139051462	2
RTIGER_SNP50K	Zx.0580	PN8_SID674	4	139505586	159422426	1
RTIGER_SNP50K	Zx.0580	PN8_SID674	4	159999796	160538521	2
RTIGER_SNP50K	Zx.0580	PN8_SID674	4	160673114	161817828	1
RTIGER_SNP50K	Zx.0580	PN8_SID674	4	161817845	163012806	2
RTIGER_SNP50K	Zx.0580	PN8_SID674	4	163570472	179579905	1
RTIGER_SNP50K	Zx.0580	PN8_SID674	4	180048339	181302969	2
RTIGER_SNP50K	Zx.0580	PN8_SID674	4	181311536	183140755	1
RTIGER_SNP50K	Zx.0580	PN8_SID674	4	183232663	185449765	2
RTIGER_SNP50K	Zx.0580	PN8_SID674	4	185471670	204620585	1
RTIGER_SNP50K	Zx.0580	PN8_SID674	4	204695485	205293237	2
RTIGER_SNP50K	Zx.0580	PN8_SID674	4	205313718	208728659	1
RTIGER_SNP50K	Zx.0580	PN8_SID674	4	208752355	209459987	2
RTIGER_SNP50K	Zx.0580	PN8_SID674	4	209570062	214328526	1
RTIGER_SNP50K	Zx.0580	PN8_SID674	4	214946174	214967565	2
RTIGER_SNP50K	Zx.0580	PN8_SID674	4	215104435	223220953	1
RTIGER_SNP50K	Zx.0580	PN8_SID674	4	223255882	223463665	2
RTIGER_SNP50K	Zx.0580	PN8_SID674	4	223529648	243217406	1
RTIGER_SNP50K	Zx.0580	PN8_SID674	4	243377622	245471207	2
RTIGER_SNP50K	Zx.0580	PN8_SID674	4	245491433	249848884	0
RTIGER_SNP50K	Zx.0580	PN8_SID674	5	322588	226156269	0
RTIGER_SNP50K	Zx.0580	PN8_SID674	6	5791226	168471509	0
RTIGER_SNP50K	Zx.0580	PN8_SID674	6	168757631	178500049	1
RTIGER_SNP50K	Zx.0580	PN8_SID674	6	178519729	181203668	0
RTIGER_SNP50K	Zx.0580	PN8_SID674	7	387430	6028625	1
RTIGER_SNP50K	Zx.0580	PN8_SID674	7	6200636	183980739	0
RTIGER_SNP50K	Zx.0580	PN8_SID674	8	354973	182085992	0
RTIGER_SNP50K	Zx.0580	PN8_SID674	9	1958125	162809802	0
RTIGER_SNP50K	Zx.0580	PN8_SID674	10	94302	152290201	0
RTIGER_SNP50K	Zx.0580	PN8_SID675	1	29860	308330385	0
RTIGER_SNP50K	Zx.0580	PN8_SID675	2	71603	225411280	0
RTIGER_SNP50K	Zx.0580	PN8_SID675	2	225425267	229137194	1
RTIGER_SNP50K	Zx.0580	PN8_SID675	2	229275222	243522318	0
RTIGER_SNP50K	Zx.0580	PN8_SID675	3	147823	236963193	0
RTIGER_SNP50K	Zx.0580	PN8_SID675	4	638586	11654939	0
RTIGER_SNP50K	Zx.0580	PN8_SID675	4	11668121	32788151	1
RTIGER_SNP50K	Zx.0580	PN8_SID675	4	32791453	87259769	0
RTIGER_SNP50K	Zx.0580	PN8_SID675	4	87374704	159415981	1
RTIGER_SNP50K	Zx.0580	PN8_SID675	4	159999796	159999833	2
RTIGER_SNP50K	Zx.0580	PN8_SID675	4	160277547	175782991	1
RTIGER_SNP50K	Zx.0580	PN8_SID675	4	175952446	176930500	2
RTIGER_SNP50K	Zx.0580	PN8_SID675	4	176936872	182381441	1
RTIGER_SNP50K	Zx.0580	PN8_SID675	4	182383669	184524160	2
RTIGER_SNP50K	Zx.0580	PN8_SID675	4	184560171	185471670	1
RTIGER_SNP50K	Zx.0580	PN8_SID675	4	185488362	187976410	2
RTIGER_SNP50K	Zx.0580	PN8_SID675	4	188074430	205313718	1
RTIGER_SNP50K	Zx.0580	PN8_SID675	4	205346296	205930475	2
RTIGER_SNP50K	Zx.0580	PN8_SID675	4	205930479	208728659	1
RTIGER_SNP50K	Zx.0580	PN8_SID675	4	208752355	210384493	2
RTIGER_SNP50K	Zx.0580	PN8_SID675	4	210396394	212540773	1
RTIGER_SNP50K	Zx.0580	PN8_SID675	4	212540814	213418052	2
RTIGER_SNP50K	Zx.0580	PN8_SID675	4	213484113	220038217	1
RTIGER_SNP50K	Zx.0580	PN8_SID675	4	220194513	220831935	2
RTIGER_SNP50K	Zx.0580	PN8_SID675	4	221198932	225362392	1
RTIGER_SNP50K	Zx.0580	PN8_SID675	4	225423468	225510167	2
RTIGER_SNP50K	Zx.0580	PN8_SID675	4	225565587	230873137	1
RTIGER_SNP50K	Zx.0580	PN8_SID675	4	230888728	231685948	2
RTIGER_SNP50K	Zx.0580	PN8_SID675	4	232158534	244657171	1
RTIGER_SNP50K	Zx.0580	PN8_SID675	4	244676615	244790284	2
RTIGER_SNP50K	Zx.0580	PN8_SID675	4	245148281	245460799	1
RTIGER_SNP50K	Zx.0580	PN8_SID675	4	245491433	249890511	0
RTIGER_SNP50K	Zx.0580	PN8_SID675	5	400394	226227487	0
RTIGER_SNP50K	Zx.0580	PN8_SID675	6	5679415	8594163	1
RTIGER_SNP50K	Zx.0580	PN8_SID675	6	8939200	117469956	0
RTIGER_SNP50K	Zx.0580	PN8_SID675	6	118041707	120312980	1
RTIGER_SNP50K	Zx.0580	PN8_SID675	6	120338399	120716388	2
RTIGER_SNP50K	Zx.0580	PN8_SID675	6	120800485	124712499	1
RTIGER_SNP50K	Zx.0580	PN8_SID675	6	125017815	125919735	2
RTIGER_SNP50K	Zx.0580	PN8_SID675	6	126082833	138187856	1
RTIGER_SNP50K	Zx.0580	PN8_SID675	6	138700498	141262590	2
RTIGER_SNP50K	Zx.0580	PN8_SID675	6	141335072	141722277	1
RTIGER_SNP50K	Zx.0580	PN8_SID675	6	141819118	143322920	2
RTIGER_SNP50K	Zx.0580	PN8_SID675	6	143340596	144904585	1
RTIGER_SNP50K	Zx.0580	PN8_SID675	6	145042464	146035413	2
RTIGER_SNP50K	Zx.0580	PN8_SID675	6	146168034	178521294	1
RTIGER_SNP50K	Zx.0580	PN8_SID675	6	178631659	181203668	0
RTIGER_SNP50K	Zx.0580	PN8_SID675	7	838967	10087600	1
RTIGER_SNP50K	Zx.0580	PN8_SID675	7	10160801	10267387	2
RTIGER_SNP50K	Zx.0580	PN8_SID675	7	10729695	20504398	1
RTIGER_SNP50K	Zx.0580	PN8_SID675	7	20918111	173928060	0
RTIGER_SNP50K	Zx.0580	PN8_SID675	7	174326885	183952244	1
RTIGER_SNP50K	Zx.0580	PN8_SID675	8	328238	182232061	0
RTIGER_SNP50K	Zx.0580	PN8_SID675	9	1567509	162809802	0
RTIGER_SNP50K	Zx.0580	PN8_SID675	10	94302	152276050	0
RTIGER_SNP50K	Zx.0580	PN8_SID676	1	29860	2088308	1
RTIGER_SNP50K	Zx.0580	PN8_SID676	1	2109480	308330385	0
RTIGER_SNP50K	Zx.0580	PN8_SID676	2	75371	243555257	0
RTIGER_SNP50K	Zx.0580	PN8_SID676	3	147823	236776275	0
RTIGER_SNP50K	Zx.0580	PN8_SID676	4	255421	249890511	0
RTIGER_SNP50K	Zx.0580	PN8_SID676	5	336374	226227487	0
RTIGER_SNP50K	Zx.0580	PN8_SID676	6	5677854	162955982	0
RTIGER_SNP50K	Zx.0580	PN8_SID676	6	162983159	175656023	1
RTIGER_SNP50K	Zx.0580	PN8_SID676	6	175656070	176025770	2
RTIGER_SNP50K	Zx.0580	PN8_SID676	6	176133197	181203668	0
RTIGER_SNP50K	Zx.0580	PN8_SID676	7	83761	183948078	0
RTIGER_SNP50K	Zx.0580	PN8_SID676	8	422253	181967661	0
RTIGER_SNP50K	Zx.0580	PN8_SID676	9	1910097	108090857	0
RTIGER_SNP50K	Zx.0580	PN8_SID676	9	108345276	134436564	1
RTIGER_SNP50K	Zx.0580	PN8_SID676	9	134469441	162808411	0
RTIGER_SNP50K	Zx.0580	PN8_SID676	10	94503	152327194	0
RTIGER_SNP50K	Zx.0580	PN8_SID677	1	29860	277227236	0
RTIGER_SNP50K	Zx.0580	PN8_SID677	1	277372454	278065219	1
RTIGER_SNP50K	Zx.0580	PN8_SID677	1	278133234	279404667	2
RTIGER_SNP50K	Zx.0580	PN8_SID677	1	279488890	284913957	1
RTIGER_SNP50K	Zx.0580	PN8_SID677	1	284931332	285299386	2
RTIGER_SNP50K	Zx.0580	PN8_SID677	1	285477604	287102230	1
RTIGER_SNP50K	Zx.0580	PN8_SID677	1	287263739	289858176	2
RTIGER_SNP50K	Zx.0580	PN8_SID677	1	289971554	301859042	1
RTIGER_SNP50K	Zx.0580	PN8_SID677	1	302065822	308330525	0
RTIGER_SNP50K	Zx.0580	PN8_SID677	2	75371	192534622	0
RTIGER_SNP50K	Zx.0580	PN8_SID677	2	192786532	213744161	1
RTIGER_SNP50K	Zx.0580	PN8_SID677	2	214213596	243662959	0
RTIGER_SNP50K	Zx.0580	PN8_SID677	3	1100874	183564604	0
RTIGER_SNP50K	Zx.0580	PN8_SID677	3	183815341	191812263	1
RTIGER_SNP50K	Zx.0580	PN8_SID677	3	191860037	236776275	0
RTIGER_SNP50K	Zx.0580	PN8_SID677	4	508312	14891003	0
RTIGER_SNP50K	Zx.0580	PN8_SID677	4	15358474	74961696	1
RTIGER_SNP50K	Zx.0580	PN8_SID677	4	75064671	75518715	2
RTIGER_SNP50K	Zx.0580	PN8_SID677	4	75531087	138576052	1
RTIGER_SNP50K	Zx.0580	PN8_SID677	4	138759797	249801221	0
RTIGER_SNP50K	Zx.0580	PN8_SID677	5	362844	190003683	0
RTIGER_SNP50K	Zx.0580	PN8_SID677	5	190161140	190161146	2
RTIGER_SNP50K	Zx.0580	PN8_SID677	5	190443284	207435064	1
RTIGER_SNP50K	Zx.0580	PN8_SID677	5	207822709	226240113	0
RTIGER_SNP50K	Zx.0580	PN8_SID677	6	5679415	15416136	1
RTIGER_SNP50K	Zx.0580	PN8_SID677	6	16392728	24489745	2
RTIGER_SNP50K	Zx.0580	PN8_SID677	6	24561683	39137537	1
RTIGER_SNP50K	Zx.0580	PN8_SID677	6	39719027	43811372	2
RTIGER_SNP50K	Zx.0580	PN8_SID677	6	44364532	64908270	1
RTIGER_SNP50K	Zx.0580	PN8_SID677	6	65129171	66571664	2
RTIGER_SNP50K	Zx.0580	PN8_SID677	6	66774921	76690885	1
RTIGER_SNP50K	Zx.0580	PN8_SID677	6	77304239	181203668	0
RTIGER_SNP50K	Zx.0580	PN8_SID677	7	469873	183952244	0
RTIGER_SNP50K	Zx.0580	PN8_SID677	8	328238	182172937	0
RTIGER_SNP50K	Zx.0580	PN8_SID677	9	1749539	162646074	0
RTIGER_SNP50K	Zx.0580	PN8_SID677	10	94302	142906360	0
RTIGER_SNP50K	Zx.0580	PN8_SID677	10	143020827	152340819	1
RTIGER_SNP50K	Zx.0580	PN8_SID679	1	29860	15647731	0
RTIGER_SNP50K	Zx.0580	PN8_SID679	1	15686041	17203101	1
RTIGER_SNP50K	Zx.0580	PN8_SID679	1	17203163	17328369	2
RTIGER_SNP50K	Zx.0580	PN8_SID679	1	17505205	30671701	0
RTIGER_SNP50K	Zx.0580	PN8_SID679	1	30904835	31424299	2
RTIGER_SNP50K	Zx.0580	PN8_SID679	1	31442910	35785993	1
RTIGER_SNP50K	Zx.0580	PN8_SID679	1	35838360	35838375	2
RTIGER_SNP50K	Zx.0580	PN8_SID679	1	36282891	166231537	0
RTIGER_SNP50K	Zx.0580	PN8_SID679	1	166376000	191525217	1
RTIGER_SNP50K	Zx.0580	PN8_SID679	1	191777473	246590443	0
RTIGER_SNP50K	Zx.0580	PN8_SID679	1	246893098	293525985	1
RTIGER_SNP50K	Zx.0580	PN8_SID679	1	293832289	308330525	0
RTIGER_SNP50K	Zx.0580	PN8_SID679	2	131906	162911288	0
RTIGER_SNP50K	Zx.0580	PN8_SID679	2	163056584	177553546	1
RTIGER_SNP50K	Zx.0580	PN8_SID679	2	178079021	243522232	0
RTIGER_SNP50K	Zx.0580	PN8_SID679	3	147823	121605498	0
RTIGER_SNP50K	Zx.0580	PN8_SID679	3	121615973	164934142	1
RTIGER_SNP50K	Zx.0580	PN8_SID679	3	164991673	181763919	0
RTIGER_SNP50K	Zx.0580	PN8_SID679	3	181763966	204275393	1
RTIGER_SNP50K	Zx.0580	PN8_SID679	3	204337346	236963193	0
RTIGER_SNP50K	Zx.0580	PN8_SID679	4	514639	249925783	0
RTIGER_SNP50K	Zx.0580	PN8_SID679	5	362844	6831030	0
RTIGER_SNP50K	Zx.0580	PN8_SID679	5	6983763	44514196	1
RTIGER_SNP50K	Zx.0580	PN8_SID679	5	44550341	226039586	0
RTIGER_SNP50K	Zx.0580	PN8_SID679	6	5260376	181203668	0
RTIGER_SNP50K	Zx.0580	PN8_SID679	7	83761	183980739	0
RTIGER_SNP50K	Zx.0580	PN8_SID679	8	354736	6478039	0
RTIGER_SNP50K	Zx.0580	PN8_SID679	8	6512945	8321126	1
RTIGER_SNP50K	Zx.0580	PN8_SID679	8	8409026	182218389	0
RTIGER_SNP50K	Zx.0580	PN8_SID679	9	1910097	117585328	1
RTIGER_SNP50K	Zx.0580	PN8_SID679	9	117585350	162646074	0
RTIGER_SNP50K	Zx.0580	PN8_SID679	10	94302	144456910	0
RTIGER_SNP50K	Zx.0580	PN8_SID679	10	144599553	152305623	1
RTIGER_SNP50K	Zx.0580	PN8_SID680	1	291511	5616884	0
RTIGER_SNP50K	Zx.0580	PN8_SID680	1	5904582	5904603	2
RTIGER_SNP50K	Zx.0580	PN8_SID680	1	6004209	12783290	1
RTIGER_SNP50K	Zx.0580	PN8_SID680	1	12819003	251278063	0
RTIGER_SNP50K	Zx.0580	PN8_SID680	1	251302962	269722516	1
RTIGER_SNP50K	Zx.0580	PN8_SID680	1	269794063	270545384	2
RTIGER_SNP50K	Zx.0580	PN8_SID680	1	270664651	285253173	1
RTIGER_SNP50K	Zx.0580	PN8_SID680	1	285289655	285512557	2
RTIGER_SNP50K	Zx.0580	PN8_SID680	1	285687814	302396124	1
RTIGER_SNP50K	Zx.0580	PN8_SID680	1	302439297	308330385	0
RTIGER_SNP50K	Zx.0580	PN8_SID680	2	71603	225792570	0
RTIGER_SNP50K	Zx.0580	PN8_SID680	2	226380517	243533209	1
RTIGER_SNP50K	Zx.0580	PN8_SID680	3	810940	9204393	0
RTIGER_SNP50K	Zx.0580	PN8_SID680	3	9272483	27558266	1
RTIGER_SNP50K	Zx.0580	PN8_SID680	3	27703221	27745270	2
RTIGER_SNP50K	Zx.0580	PN8_SID680	3	27921549	121287775	0
RTIGER_SNP50K	Zx.0580	PN8_SID680	3	121424077	129274041	1
RTIGER_SNP50K	Zx.0580	PN8_SID680	3	129358165	141792520	0
RTIGER_SNP50K	Zx.0580	PN8_SID680	3	142056277	162260299	1
RTIGER_SNP50K	Zx.0580	PN8_SID680	3	162451463	180464680	0
RTIGER_SNP50K	Zx.0580	PN8_SID680	3	180474741	204349040	1
RTIGER_SNP50K	Zx.0580	PN8_SID680	3	204478838	225571824	0
RTIGER_SNP50K	Zx.0580	PN8_SID680	3	226096817	227713628	1
RTIGER_SNP50K	Zx.0580	PN8_SID680	3	228052228	228402852	2
RTIGER_SNP50K	Zx.0580	PN8_SID680	3	228520127	236941170	1
RTIGER_SNP50K	Zx.0580	PN8_SID680	4	514639	24309983	0
RTIGER_SNP50K	Zx.0580	PN8_SID680	4	24642838	25160180	1
RTIGER_SNP50K	Zx.0580	PN8_SID680	4	25160200	25222276	2
RTIGER_SNP50K	Zx.0580	PN8_SID680	4	25247725	37786716	1
RTIGER_SNP50K	Zx.0580	PN8_SID680	4	37809173	70016631	0
RTIGER_SNP50K	Zx.0580	PN8_SID680	4	70167229	95990163	1
RTIGER_SNP50K	Zx.0580	PN8_SID680	4	96451625	135580470	0
RTIGER_SNP50K	Zx.0580	PN8_SID680	4	135700330	142995094	1
RTIGER_SNP50K	Zx.0580	PN8_SID680	4	143087705	146399701	2
RTIGER_SNP50K	Zx.0580	PN8_SID680	4	146536537	180445822	1
RTIGER_SNP50K	Zx.0580	PN8_SID680	4	180801910	223938917	0
RTIGER_SNP50K	Zx.0580	PN8_SID680	4	224067101	244139784	1
RTIGER_SNP50K	Zx.0580	PN8_SID680	4	244150997	249848884	0
RTIGER_SNP50K	Zx.0580	PN8_SID680	5	322588	14200553	1
RTIGER_SNP50K	Zx.0580	PN8_SID680	5	14258366	226167943	0
RTIGER_SNP50K	Zx.0580	PN8_SID680	6	5514944	181187587	0
RTIGER_SNP50K	Zx.0580	PN8_SID680	7	387430	178999839	0
RTIGER_SNP50K	Zx.0580	PN8_SID680	7	179117855	180939099	1
RTIGER_SNP50K	Zx.0580	PN8_SID680	7	181179722	183967464	0
RTIGER_SNP50K	Zx.0580	PN8_SID680	8	360763	182127528	0
RTIGER_SNP50K	Zx.0580	PN8_SID680	9	1567509	162809802	0
RTIGER_SNP50K	Zx.0580	PN8_SID680	10	94302	145710286	0
RTIGER_SNP50K	Zx.0580	PN8_SID680	10	145836343	152340819	1
