pos	QUAL	DP	called_on_zealgt_crams
104839	565.0	39	1
104858	333.0	38	1
104867	380.0	38	1
104902	313.0	31	1
105155	160.0	30	1
105254	69.0	21	1
105271	298.0	21	0
105762	349.0	33	0
105809	322.0	30	0
108565	62.0	22	0
108718	328.0	25	0
108763	128.0	28	0
108770	349.0	30	0
108780	417.0	31	0
108837	210.0	33	0
108848	212.0	30	0
109167	147.0	25	0
109254	198.0	9	1
109313	210.0	22	0
123345	137.0	37	0
123354	233.0	29	1
123356	291.0	30	0
123361	233.0	30	0
123388	388.0	27	0
123393	388.0	27	0
126156	97.0	25	1
126180	107.0	25	1
126219	277.0	36	1
126240	276.0	33	1
126241	260.0	33	0
126303	234.0	21	1
128258	274.0	35	0
128292	186.0	25	0
128353	366.0	10	1
128509	291.0	44	1
128549	324.0	42	1
128550	396.0	44	1
128630	392.0	25	0
128646	372.0	43	1
128712	599.0	30	1
128729	175.0	24	1
128741	471.0	25	1
128743	488.0	24	1
129546	236.0	16	0
130336	119.0	22	0
131540	294.0	35	1
131647	242.0	26	1
134084	57.0	16	0
134816	87.0	23	0
134845	256.0	24	1
135622	394.0	32	1
135655	436.0	33	1
137104	346.0	26	0
188226	386.0	22	0
218524	89.0	26	0
218526	45.0	25	0
218539	339.0	35	0
218916	613.0	21	1
218961	446.0	28	0
218979	52.0	25	0
219097	59.0	36	0
219132	61.0	33	0
219379	333.0	28	1
220271	392.0	21	1
262843	407.0	35	0
262858	372.0	29	1
263147	97.0	22	1
263184	130.0	16	1
263203	185.0	19	1
263234	57.0	12	0
263292	83.0	24	0
263329	204.0	23	0
263345	215.0	18	0
263346	236.0	17	0
263358	253.0	16	1
265463	323.0	29	0
265464	340.0	29	0
265503	442.0	25	0
265613	246.0	25	0
265682	390.0	53	1
265691	347.0	53	1
265693	331.0	53	1
265710	179.0	48	0
265770	273.0	38	1
267631	301.0	62	1
267648	95.0	62	0
267665	123.0	66	1
267672	364.0	60	1
267675	123.0	61	1
267694	126.0	51	1
267737	201.0	46	1
267754	182.0	50	1
267755	199.0	50	1
267846	109.0	39	0
267925	35.0	28	1
267927	122.0	28	1
267940	62.0	33	1
267968	447.0	39	1
268012	490.0	43	1
268042	387.0	56	1
268044	56.0	59	0
268153	251.0	38	1
268667	156.0	15	0
268727	233.0	21	0
269908	296.0	28	1
269911	107.0	28	1
270660	288.0	32	1
270675	276.0	32	0
270707	344.0	31	0
270892	59.0	18	0
271198	411.0	17	1
271473	417.0	31	0
271514	122.0	30	0
271584	161.0	35	0
271627	375.0	32	0
272036	279.0	21	1
315689	342.0	42	1
315762	147.0	26	1
315770	143.0	30	1
316037	85.0	35	0
316066	98.0	33	1
316132	105.0	23	1
316250	274.0	22	0
316447	403.0	24	0
316517	61.0	19	0
316541	267.0	15	1
399700	326.0	27	0
399711	379.0	30	0
399745	408.0	30	0
399786	234.0	29	0
399789	52.0	28	1
399798	240.0	25	1
399819	272.0	23	1
399824	59.0	20	0
399853	323.0	20	1
399878	309.0	17	1
399913	306.0	16	0
400098	317.0	25	0
464006	201.0	37	0
464041	155.0	33	0
464070	286.0	24	0
464114	250.0	21	1
464137	203.0	18	1
475478	475.0	31	0
475658	289.0	22	1
476019	163.0	38	0
476635	349.0	22	1
476679	226.0	10	0
477128	168.0	39	0
522582	86.0	33	0
522951	344.0	49	1
523047	284.0	28	1
523054	237.0	31	1
523141	58.0	27	0
530403	594.0	27	0
530454	298.0	14	1
530468	554.0	14	1
530506	59.0	20	0
530534	89.0	18	0
559058	471.0	36	1
559110	91.0	20	0
559134	468.0	26	1
559144	444.0	26	1
559199	59.0	21	0
559615	179.0	29	0
560561	418.0	32	1
564453	300.0	29	0
564476	201.0	27	0
564508	269.0	30	0
575467	369.0	27	0
575514	174.0	22	0
575543	404.0	25	1
575579	183.0	20	1
575592	191.0	17	0
575632	73.0	19	0
575659	236.0	22	0
575727	364.0	28	0
575816	359.0	25	0
577788	121.0	35	0
577803	294.0	34	0
577836	211.0	28	0
577848	132.0	32	1
577869	258.0	31	1
577871	87.0	27	1
577880	56.0	26	1
577898	90.0	22	0
577899	90.0	21	0
577913	108.0	17	0
577918	97.0	18	0
577986	210.0	16	0
577996	120.0	10	0
578023	93.0	17	0
578063	130.0	17	0
580633	44.0	24	0
580668	31.0	29	1
580674	42.0	29	0
581159	133.0	47	0
581293	212.0	33	1
581378	444.0	14	1
581541	426.0	32	1
581579	511.0	38	1
581643	236.0	47	0
581645	230.0	48	0
581659	288.0	53	1
581716	496.0	39	1
581754	405.0	36	1
581782	223.0	39	1
581783	549.0	39	1
581801	261.0	30	1
581805	232.0	26	1
581829	505.0	24	1
581846	223.0	28	1
581860	344.0	26	1
581875	819.0	23	1
581876	255.0	26	1
581932	635.0	22	1
581936	912.0	23	1
581939	634.0	24	1
582091	161.0	29	0
582103	177.0	27	1
582105	177.0	27	1
582108	178.0	26	1
582751	61.0	46	0
582865	58.0	25	0
649104	258.0	38	1
649126	222.0	39	1
649128	297.0	41	1
649129	227.0	40	1
649141	59.0	39	0
649151	126.0	40	1
649741	584.0	35	0
649861	343.0	17	0
649930	292.0	24	1
650003	57.0	21	0
650384	62.0	57	0
650484	58.0	39	0
650575	44.0	39	0
650590	60.0	42	0
650696	547.0	66	1
650716	536.0	63	1
650723	58.0	63	0
650767	411.0	33	1
650845	370.0	27	1
650857	392.0	25	1
650858	358.0	24	1
650930	56.0	21	0
650947	257.0	14	1
659727	181.0	39	1
659835	178.0	30	1
660289	62.0	12	0
663207	250.0	46	1
663391	124.0	20	1
663398	108.0	20	0
665098	56.0	39	0
665111	57.0	37	0
666869	91.0	41	0
666924	62.0	25	0
666964	115.0	20	1
666978	118.0	17	0
667907	201.0	18	0
668158	60.0	21	0
671527	300.0	29	0
671560	48.0	36	0
671563	293.0	36	1
671578	338.0	34	1
671598	112.0	34	1
672530	218.0	21	0
673289	353.0	18	1
673506	61.0	36	0
673539	122.0	36	1
673628	228.0	9	1
673650	178.0	10	0
693401	56.0	36	0
693544	60.0	21	0
786284	209.0	38	0
786290	227.0	41	0
786668	25.0	31	0
787512	58.0	22	0
787572	124.0	40	1
787696	288.0	18	1
787716	86.0	16	1
787719	57.0	15	0
787853	59.0	23	0
788120	368.0	30	1
788361	58.0	13	0
788650	482.0	94	1
788664	100.0	90	1
788671	397.0	88	1
788688	60.0	92	0
788719	152.0	65	1
788881	89.0	12	0
788975	26.0	30	1
789024	46.0	24	1
792423	183.0	20	1
792433	183.0	19	1
798056	90.0	43	1
798084	93.0	33	1
798088	93.0	31	1
806623	62.0	27	0
806838	185.0	51	0
806977	62.0	34	0
807149	216.0	19	1
807158	219.0	14	1
807210	193.0	13	1
821659	754.0	30	1
821664	392.0	33	1
821668	863.0	35	1
821675	1381.0	33	1
821727	294.0	30	1
821740	440.0	30	1
821745	440.0	29	1
821781	282.0	31	1
821795	137.0	31	1
821801	481.0	29	1
821818	429.0	23	1
821876	328.0	23	1
821895	330.0	18	0
821975	20.0	27	0
821984	57.0	28	0
822032	297.0	22	0
822414	287.0	33	1
822499	417.0	31	1
822517	320.0	30	1
822534	133.0	27	0
822546	221.0	20	0
822570	34.0	18	1
822791	98.0	32	0
822851	263.0	38	1
822899	217.0	34	0
822915	200.0	33	0
822945	420.0	46	1
822977	103.0	39	1
822992	335.0	34	1
823000	202.0	32	1
823012	754.0	30	1
823042	60.0	32	0
823046	90.0	27	1
823087	118.0	16	1
823096	118.0	22	1
823103	119.0	20	1
823106	331.0	18	1
823115	119.0	18	1
823156	164.0	11	1
824820	254.0	30	0
824892	73.0	32	0
824926	197.0	32	1
824930	27.0	28	0
824998	92.0	22	1
825177	62.0	24	0
856754	65.0	64	1
856806	155.0	64	1
856808	58.0	64	1
856969	97.0	33	1
911132	308.0	23	0
911357	207.0	18	0
911383	166.0	16	0
911390	164.0	20	0
911391	179.0	20	0
911487	59.0	31	0
911685	91.0	12	0
911689	123.0	11	1
911706	196.0	12	1
911713	120.0	12	1
911724	230.0	11	1
911738	186.0	11	0
915721	94.0	35	1
915741	27.0	42	0
915756	288.0	37	1
917268	432.0	53	1
917352	321.0	33	0
917385	62.0	13	0
917511	104.0	25	1
917514	323.0	28	1
917646	366.0	15	0
919781	57.0	22	0
922390	57.0	19	0
923418	58.0	21	0
924719	168.0	36	1
924755	206.0	27	1
924759	89.0	27	1
924774	202.0	23	0
925085	171.0	27	1
925162	78.0	15	1
925167	152.0	13	1
925198	256.0	13	1
931905	475.0	17	0
931911	157.0	28	0
931922	334.0	22	1
931927	207.0	21	1
931928	642.0	21	1
931937	205.0	23	1
931939	180.0	21	0
931940	68.0	20	1
931945	181.0	20	1
931962	186.0	21	1
931965	337.0	21	1
931966	514.0	21	1
931969	181.0	22	0
931973	335.0	22	1
1007628	438.0	29	1
1007642	404.0	31	1
1007670	324.0	30	1
1007744	191.0	29	1
1008586	272.0	32	1
1008595	71.0	38	0
1009386	41.0	18	0
1009399	201.0	23	1
1009405	203.0	21	1
1010180	88.0	26	0
1010354	172.0	23	0
1012104	38.0	37	0
1012144	483.0	36	1
1014110	34.0	37	1
1014124	116.0	37	0
1014337	60.0	31	0
1014350	99.0	31	1
1014440	99.0	13	1
1014462	117.0	10	1
1057392	62.0	28	0
1057510	76.0	26	1
1058019	59.0	40	0
1063000	63.0	39	1
1063003	62.0	39	1
1063038	109.0	31	1
1063148	413.0	65	1
1063190	109.0	35	1
1063272	559.0	94	1
1063275	95.0	94	1
1063345	57.0	99	0
1063399	60.0	32	1
1063595	105.0	22	0
1063599	55.0	27	1
1063648	399.0	35	1
1063669	148.0	39	0
1073427	124.0	13	0
1073435	25.0	16	0
1073469	181.0	24	1
1073580	226.0	38	0
1074164	286.0	27	0
1074194	242.0	19	0
1074206	186.0	19	0
1074245	98.0	20	0
1077026	95.0	28	0
1077071	88.0	30	0
1077168	93.0	53	0
1077494	97.0	45	0
1197946	162.0	32	1
1197956	459.0	32	0
1197985	416.0	39	1
1197993	191.0	46	0
1200069	334.0	26	0
1201289	314.0	23	0
1201306	361.0	25	0
1201486	160.0	32	1
1202081	247.0	45	0
1202092	712.0	54	1
1202124	145.0	67	0
1202132	174.0	65	0
1202135	146.0	65	0
1202176	84.0	49	1
1202199	228.0	41	0
1204715	95.0	26	0
1204735	116.0	29	1
1205801	58.0	30	0
1207656	526.0	51	1
1207900	120.0	24	1
1207932	416.0	20	1
1208990	57.0	24	0
1209065	150.0	20	0
1209083	58.0	21	0
1225099	121.0	43	0
1225149	173.0	35	1
1225155	202.0	39	1
1225164	207.0	38	1
1225340	96.0	16	1
1225366	148.0	10	1
1225372	148.0	10	1
1225373	133.0	10	1
1225404	61.0	17	0
1244198	68.0	35	0
1244356	44.0	30	0
1244471	59.0	37	0
1244483	90.0	39	0
1244880	121.0	36	1
1244892	122.0	35	0
1244946	162.0	33	0
1245000	314.0	29	1
1245019	275.0	29	0
1245148	60.0	58	0
1245367	150.0	19	1
1247256	308.0	25	1
1247271	377.0	28	1
1248130	74.0	32	0
1248147	123.0	41	0
1248189	94.0	34	0
1248919	186.0	22	1
1248921	189.0	21	0
1249237	62.0	15	1
1249247	76.0	16	0
1249250	75.0	18	1
1249354	88.0	41	0
1249362	228.0	41	1
1249392	194.0	30	1
1249397	193.0	31	1
1249408	208.0	30	1
1249417	190.0	30	1
1249428	205.0	27	1
1249441	179.0	22	1
1251275	253.0	19	1
1251508	99.0	36	0
1251509	83.0	35	0
1251517	99.0	36	0
1251522	203.0	36	1
1251547	325.0	38	1
1251571	439.0	49	1
1251667	319.0	29	1
1251692	94.0	20	0
1252114	216.0	38	1
1252115	141.0	39	1
1252130	143.0	33	1
1252137	337.0	31	1
1253134	552.0	19	0
1253149	290.0	22	0
1253154	290.0	22	1
1253156	127.0	24	1
1253159	289.0	23	1
1254421	163.0	23	1
1254440	52.0	18	1
1255258	22.0	43	1
1255414	114.0	36	1
1255509	75.0	17	1
1255550	56.0	17	0
1255552	58.0	15	1
1255581	212.0	10	1
1255783	130.0	30	1
1255899	287.0	31	1
1256107	370.0	24	0
1256120	1001.0	24	0
1256123	469.0	26	0
1256137	103.0	29	1
1256148	123.0	29	0
1256170	520.0	42	1
1256185	1178.0	54	1
1256190	1227.0	54	1
1256197	1913.0	51	1
1256211	2313.0	47	1
1256225	115.0	47	0
1256247	2069.0	48	1
1256256	101.0	53	1
1256276	1370.0	44	1
1256277	2407.0	50	1
1256284	1114.0	57	1
1256301	135.0	38	1
1256305	136.0	46	1
1256315	1077.0	40	1
1256324	1896.0	39	1
1256341	1089.0	42	1
1256347	579.0	43	1
1256358	392.0	36	1
1256359	763.0	38	1
1256364	808.0	37	1
1256365	1242.0	38	1
1256389	1659.0	33	1
1256398	230.0	31	1
1256399	750.0	31	1
1256412	1611.0	28	1
1256419	1607.0	28	1
1256421	1329.0	27	1
1256425	1189.0	28	1
1256443	1566.0	33	1
1256457	298.0	32	1
1256476	68.0	34	0
1256478	554.0	33	1
1256480	1697.0	32	1
1256490	93.0	28	1
1256499	206.0	27	1
1256511	898.0	22	1
1256517	1094.0	24	1
1256522	112.0	26	0
1256524	892.0	26	1
1256541	88.0	20	0
1256553	234.0	23	1
1256559	164.0	23	1
1256571	190.0	28	1
1256580	255.0	26	1
1256583	223.0	26	1
1256591	312.0	23	1
1256609	192.0	23	1
1256678	195.0	20	1
1256679	349.0	20	1
1256680	410.0	20	1
1256693	88.0	21	1
1256697	333.0	21	1
1256699	469.0	21	1
1256705	94.0	20	1
1256721	152.0	20	1
1256895	263.0	23	0
1256897	615.0	23	0
1256908	298.0	22	0
1256955	118.0	24	1
1256960	117.0	26	0
1256964	142.0	25	1
1256978	494.0	25	0
1256979	137.0	23	0
1256984	329.0	24	1
1257007	655.0	24	0
1257013	975.0	18	0
1257016	87.0	19	0
1257048	367.0	17	0
1257450	768.0	22	0
1257456	605.0	18	0
1257486	191.0	18	0
1257523	655.0	18	1
1257525	118.0	15	0
1257699	118.0	27	0
1258635	317.0	22	0
1258700	21.0	22	0
1258911	211.0	28	0
1258933	193.0	31	0
1258937	178.0	31	0
1258939	176.0	31	0
1259027	120.0	24	0
1259223	125.0	33	0
1259288	87.0	21	0
1259327	59.0	21	1
1259339	42.0	19	1
1260045	237.0	19	0
1260087	253.0	18	0
1261509	73.0	14	1
1262203	60.0	23	0
1262281	76.0	20	1
1262924	549.0	20	0
1262925	547.0	20	0
1305041	43.0	29	0
1305627	61.0	23	0
1305983	82.0	15	0
1321087	60.0	31	0
1321509	73.0	25	0
1331013	127.0	38	0
1331227	59.0	18	1
1331234	93.0	17	1
1331276	85.0	13	1
1331286	61.0	13	0
1331734	191.0	28	1
1331931	222.0	23	1
1332011	241.0	33	1
1332200	223.0	22	1
1332204	83.0	23	0
1332258	286.0	26	1
1332264	307.0	26	1
1335731	483.0	21	1
1335754	81.0	32	0
1335768	317.0	31	0
1337516	153.0	18	0
1351983	281.0	60	0
1352050	54.0	74	0
1352094	535.0	34	1
1352099	37.0	32	0
1352107	479.0	29	1
1352112	437.0	31	1
1352195	59.0	11	0
1352296	135.0	18	1
1354297	40.0	39	1
1354479	25.0	12	1
1407386	98.0	21	0
1407561	259.0	21	1
1407827	187.0	19	1
1407861	22.0	24	0
1407894	167.0	42	0
1407925	228.0	56	0
1407937	569.0	68	1
1408005	90.0	43	1
1408054	315.0	32	1
1408110	93.0	11	0
1408111	224.0	11	1
1408155	244.0	15	1
1408184	29.0	13	1
1408200	121.0	12	1
1408873	368.0	38	1
1408932	126.0	26	1
1408946	225.0	26	1
1408953	40.0	26	0
1408973	370.0	32	1
1409075	323.0	42	1
1409076	308.0	46	1
1409093	116.0	42	1
1409412	59.0	22	1
1410869	218.0	26	1
1410884	49.0	35	1
1410887	108.0	39	1
1410920	104.0	34	1
1410930	189.0	37	1
1411019	72.0	31	0
1411410	194.0	38	0
1411416	61.0	38	0
1411448	153.0	28	0
1411458	129.0	28	1
1411492	238.0	26	1
1411563	57.0	29	0
1411576	30.0	26	1
1411613	322.0	27	1
1412308	63.0	38	0
1412347	57.0	41	0
1413104	93.0	80	0
1413157	160.0	55	1
1413227	182.0	31	1
1413251	235.0	24	1
1413296	83.0	23	1
1413325	196.0	31	1
1413355	68.0	23	1
1416841	134.0	19	0
1419318	39.0	41	0
1419336	225.0	39	1
1419409	43.0	29	0
1419448	23.0	21	0
1419521	89.0	17	0
1421786	368.0	26	0
1421863	440.0	18	1
1422040	183.0	22	1
1422048	152.0	42	1
1422104	159.0	42	1
1422120	187.0	46	1
1422149	213.0	53	1
1422255	32.0	29	0
1422289	221.0	34	1
1422293	256.0	37	1
1422305	270.0	45	1
1422467	171.0	9	1
1422515	56.0	9	0
1422554	99.0	27	0
1424668	166.0	46	1
1431094	104.0	24	1
1431585	185.0	20	0
1432484	323.0	18	1
1432521	507.0	31	1
1432531	433.0	27	1
1432535	459.0	30	1
1432555	468.0	32	0
1432564	238.0	27	1
1432621	335.0	22	1
1432640	334.0	19	1
1432697	203.0	20	1
1432699	60.0	19	1
1432708	169.0	16	1
1432712	199.0	16	1
1432747	309.0	14	1
1432760	281.0	16	1
1432774	174.0	17	0
1432792	160.0	13	0
1432841	305.0	30	0
1432888	309.0	31	0
1432901	328.0	32	0
1432908	285.0	33	0
1432933	205.0	34	1
1432943	168.0	33	1
1437590	165.0	30	1
1437634	232.0	23	1
1437754	324.0	15	0
1442432	93.0	33	1
1447400	87.0	37	1
1447420	89.0	42	0
1447499	57.0	34	0
1447554	377.0	28	1
1447817	56.0	23	0
1447875	57.0	22	0
1448007	57.0	37	0
1449626	40.0	23	0
1449787	83.0	30	1
1449844	62.0	25	0
1451266	323.0	27	1
1451268	357.0	27	1
1451269	356.0	27	1
1451285	305.0	24	1
1453112	256.0	25	1
1453130	288.0	22	1
1458454	319.0	36	1
1458461	159.0	38	1
1458464	159.0	38	1
1458515	125.0	33	0
1458528	124.0	30	0
1458578	119.0	27	1
1458580	119.0	28	1
1458587	48.0	20	1
1458589	174.0	26	1
1458765	398.0	31	1
1460005	275.0	45	1
1460009	54.0	42	1
1460149	58.0	19	0
1462764	129.0	32	1
1462767	104.0	29	0
1462769	153.0	33	1
1462780	140.0	30	1
1463290	224.0	49	1
1463315	163.0	54	1
1463321	163.0	47	1
1463323	163.0	49	1
1463327	465.0	49	1
1463368	120.0	41	1
1463377	303.0	48	1
1463391	672.0	48	1
1463430	93.0	32	1
1463432	93.0	30	1
1463443	335.0	24	1
1463448	32.0	22	1
1463813	89.0	25	0
1463923	432.0	28	1
1463949	286.0	31	1
1463951	568.0	30	1
1463963	239.0	28	1
1463973	798.0	27	1
1463976	234.0	27	1
1463985	312.0	26	1
1464008	176.0	35	1
1464045	479.0	32	1
1464052	869.0	30	1
1464072	117.0	33	0
1464095	222.0	30	1
1464106	98.0	33	1
1464110	876.0	31	1
1464123	247.0	31	1
1464133	964.0	33	1
1464160	537.0	27	1
1464163	233.0	23	1
1464177	223.0	26	1
1464192	165.0	24	1
1464198	602.0	23	0
1464206	567.0	26	1
1464294	472.0	27	1
1464305	441.0	27	1
1464309	85.0	30	0
1464326	335.0	25	1
1464332	96.0	28	1
1464402	451.0	29	1
1464490	535.0	32	1
1464507	576.0	30	1
1464825	122.0	30	1
1464835	59.0	31	1
1464837	137.0	33	1
1464838	125.0	30	0
1464925	58.0	28	0
1464963	314.0	25	1
1464981	87.0	17	0
1464984	35.0	15	1
1464992	102.0	13	1
1465032	46.0	14	1
1465154	678.0	60	1
1465183	166.0	35	1
1465209	417.0	39	1
1465271	313.0	20	1
1465355	273.0	5	1
1465979	300.0	33	1
1465986	261.0	32	1
1465988	310.0	33	1
1466026	40.0	36	0
1466046	49.0	35	0
1466055	396.0	33	0
1466083	29.0	30	0
1466115	237.0	25	1
1466117	263.0	24	0
1466120	155.0	23	0
1467225	347.0	42	1
1467280	388.0	48	1
1467299	286.0	50	1
1467305	34.0	49	1
1467337	120.0	42	1
1467339	120.0	42	1
1467349	34.0	39	1
1467498	62.0	18	0
1467636	113.0	44	0
1468325	108.0	25	0
1468351	167.0	22	1
1468816	63.0	32	0
1470613	88.0	40	0
1470655	59.0	34	1
1470678	164.0	31	0
1470689	131.0	25	0
1470712	255.0	27	1
1470714	59.0	25	1
1470734	131.0	23	0
1470739	223.0	23	1
1470740	157.0	23	0
1470749	195.0	18	0
1472422	60.0	32	0
1474814	215.0	51	1
1474816	196.0	52	1
1474820	220.0	53	1
1474932	91.0	20	0
1476129	57.0	43	0
1476270	91.0	26	0
1476288	284.0	23	1
1476297	200.0	25	1
1476325	248.0	21	1
1476354	89.0	25	1
1523459	184.0	26	1
1523541	420.0	28	1
1523548	324.0	28	1
1524764	164.0	34	0
1524777	480.0	34	0
1524839	82.0	43	0
1524843	57.0	42	0
1524855	450.0	44	1
1524877	374.0	45	1
1524932	403.0	36	1
1524955	454.0	26	1
1524970	428.0	21	1
1525045	508.0	15	1
1525071	166.0	16	1
1525638	73.0	29	0
1525875	58.0	18	0
1526901	71.0	30	1
1527005	88.0	14	1
1531716	172.0	18	0
1533600	191.0	22	0
1534538	356.0	40	1
1534589	289.0	24	1
1534602	95.0	20	0
1534682	349.0	22	0
1535059	302.0	27	0
1535157	213.0	22	0
1536275	121.0	37	1
1542793	90.0	31	0
1547095	200.0	20	0
1547625	71.0	27	0
1547636	192.0	27	0
1549114	73.0	27	1
1549156	60.0	25	1
1549162	60.0	22	1
1549397	59.0	30	0
1552422	141.0	30	0
1552465	105.0	35	1
1552466	105.0	35	1
1552521	106.0	26	1
1552524	105.0	28	1
1552593	96.0	35	0
1552605	95.0	54	1
1552607	27.0	58	1
1552611	84.0	68	0
1552626	60.0	67	1
1552740	325.0	44	1
1552774	90.0	38	0
1553238	102.0	17	0
1558680	422.0	20	0
1558681	319.0	19	0
1558705	338.0	23	1
1559352	142.0	15	1
1560820	139.0	17	0
1560824	159.0	18	0
1561007	110.0	28	1
1561083	315.0	40	1
1561146	57.0	29	0
1561160	42.0	27	0
1561163	275.0	28	0
1561621	167.0	22	1
1561664	330.0	33	1
1561736	268.0	31	0
1561755	223.0	38	1
1561781	331.0	29	1
1561785	54.0	25	1
1578648	85.0	33	0
1578838	209.0	25	1
1578846	219.0	22	1
1578855	218.0	23	1
1578917	210.0	17	1
1578922	244.0	18	0
1579064	57.0	22	1
1579579	218.0	25	1
1579591	140.0	25	1
1579593	84.0	25	0
1579596	184.0	25	1
1579612	79.0	27	0
1579620	118.0	30	1
1579623	117.0	30	1
1579637	95.0	25	1
1579648	312.0	23	1
1579659	121.0	20	0
1579663	121.0	21	0
1579671	124.0	23	1
1579672	120.0	22	0
1579699	325.0	22	1
1579760	61.0	24	0
1580926	57.0	29	0
1581472	59.0	14	0
1587899	96.0	41	0
1588171	165.0	20	0
1588177	80.0	22	0
1588196	265.0	25	1
1588218	83.0	24	0
1607668	85.0	25	0
1608143	87.0	35	0
1608751	84.0	27	0
1610060	92.0	53	0
1610071	94.0	52	0
1610121	93.0	18	0
1610133	154.0	21	1
1610152	513.0	23	1
1610171	186.0	30	1
1610175	482.0	28	1
1610186	85.0	29	0
1610274	190.0	20	1
1610322	165.0	19	0
1610325	127.0	19	1
1610329	246.0	19	1
1610375	62.0	30	0
1610392	132.0	32	0
1610424	86.0	32	0
1610484	62.0	29	0
1610499	43.0	33	0
1614483	84.0	35	1
1614485	137.0	37	1
1614598	39.0	26	1
1614604	239.0	24	0
1614746	270.0	22	0
1614753	236.0	21	0
1614840	28.0	38	1
1614895	132.0	33	1
1615018	127.0	31	1
1615100	168.0	25	1
1615122	219.0	15	1
1620570	585.0	33	1
1620591	220.0	35	1
1620608	54.0	33	0
1620754	60.0	9	0
1620769	60.0	9	0
1621435	310.0	26	1
1621473	42.0	25	0
1621483	213.0	25	1
1621484	215.0	25	1
1627745	266.0	36	1
1646704	107.0	18	0
1647377	316.0	26	1
1650547	284.0	22	0
1655147	159.0	30	1
1655166	126.0	23	1
1655255	134.0	17	1
1656302	24.0	43	0
1656327	150.0	50	0
1656357	184.0	46	0
1656419	73.0	27	1
1656440	32.0	25	1
1656475	59.0	34	0
1656520	58.0	33	0
1656541	149.0	27	1
1656729	98.0	20	1
1657900	63.0	16	0
1658980	203.0	73	1
1659007	273.0	68	1
1659020	36.0	66	1
1659034	61.0	74	0
1659078	110.0	65	0
1659115	161.0	33	0
1659159	217.0	9	0
1659173	216.0	7	0
1659177	219.0	4	0
1659209	84.0	2	1
1659943	70.0	28	1
1659966	60.0	28	1
1740540	212.0	31	1
1740547	201.0	28	1
1740637	60.0	17	0
1741484	87.0	15	0
1741485	145.0	16	0
1743632	90.0	30	0
1743639	141.0	30	0
1743656	205.0	30	0
1743736	229.0	28	0
1743878	491.0	27	1
1743904	451.0	26	1
1743908	515.0	28	1
1743929	190.0	25	1
1743951	54.0	26	1
1744691	71.0	17	1
1745906	92.0	26	0
1746900	57.0	39	0
1746918	134.0	34	0
1746946	200.0	26	1
1746957	74.0	22	1
1746969	124.0	20	1
1747001	107.0	22	1
1747013	125.0	24	1
1747016	126.0	23	1
1747265	56.0	23	0
1747291	88.0	21	1
1747372	271.0	18	1
1748125	276.0	35	0
1748127	274.0	33	0
1748136	275.0	30	0
1748191	166.0	32	1
1748229	391.0	30	1
1748237	452.0	30	1
1748268	56.0	30	0
1748273	567.0	29	1
1748276	476.0	31	1
1748297	443.0	32	1
1748324	496.0	24	0
1748354	290.0	23	0
1748450	58.0	18	0
1748457	132.0	17	1
1748986	90.0	27	1
1749006	34.0	27	1
1749048	175.0	25	0
1749254	124.0	21	0
1749404	128.0	39	1
1749434	166.0	35	1
1749455	150.0	32	1
1749467	233.0	43	1
1749524	296.0	19	1
1749539	382.0	23	1
1749559	386.0	25	1
1749577	383.0	23	1
1749585	312.0	24	1
1749693	95.0	33	1
1749792	70.0	19	1
1749970	50.0	40	0
1750090	194.0	30	1
1750238	76.0	27	1
1750243	136.0	27	1
1750251	178.0	25	1
1750268	95.0	18	1
1750298	147.0	18	1
1750414	111.0	42	1
1750423	224.0	44	1
1750424	56.0	42	1
1750450	336.0	42	1
1750482	64.0	27	0
1750492	201.0	28	0
1750496	160.0	28	1
1750506	480.0	25	1
1750508	155.0	25	1
1750510	435.0	23	1
1750515	404.0	19	1
1750592	411.0	21	1
1750603	348.0	19	1
1750605	375.0	19	1
1750626	155.0	15	1
1750638	417.0	15	1
1750640	490.0	16	1
1763179	156.0	22	0
1763364	177.0	26	0
1763391	268.0	27	0
1763400	323.0	28	1
1764588	59.0	70	0
1764589	218.0	68	1
1764599	52.0	48	1
1764609	211.0	39	1
1764612	58.0	29	0
1764624	59.0	17	1
1764643	235.0	15	1
1764742	69.0	26	1
1764791	21.0	78	0
1764850	456.0	60	1
1764858	205.0	52	1
1764884	480.0	49	1
1764942	61.0	22	0
1764978	353.0	24	1
1764998	58.0	22	0
1765233	131.0	23	0
1765241	131.0	22	0
1766802	350.0	17	0
1766804	348.0	17	0
1767807	58.0	72	0
1767909	193.0	58	1
1767918	221.0	48	1
1767962	135.0	16	1
1768128	42.0	58	0
1768168	92.0	61	1
1768197	87.0	35	1
1768278	47.0	27	0
1768307	183.0	22	1
1768353	167.0	17	1
1768358	218.0	17	1
1768378	290.0	15	1
1768387	271.0	15	1
1768416	252.0	13	1
1768419	252.0	13	1
1768422	164.0	12	1
1768445	286.0	17	0
1768454	386.0	20	0
1768494	121.0	23	0
1768588	197.0	16	0
1768995	355.0	29	0
1769003	357.0	25	0
1769028	419.0	28	0
1770967	188.0	52	0
1770978	219.0	49	1
1771110	59.0	24	0
1771150	59.0	26	0
1771192	237.0	21	0
1771252	205.0	23	1
1771296	162.0	22	1
1771298	120.0	22	1
1771307	45.0	27	1
1771406	54.0	22	0
1771469	256.0	19	0
1771480	219.0	18	0
1771492	157.0	15	0
1771530	48.0	20	0
1771549	108.0	21	0
1771642	81.0	31	0
1771657	141.0	36	0
1771713	230.0	40	1
1771715	245.0	43	1
1771729	195.0	38	1
1771788	292.0	20	1
1771792	280.0	20	1
1774143	297.0	21	1
1775059	167.0	22	0
1775066	255.0	25	0
1775067	164.0	25	1
1775079	218.0	21	0
1775090	164.0	20	1
1775109	512.0	26	1
1775117	164.0	23	1
1775129	77.0	31	1
1775141	459.0	42	1
1775142	195.0	41	1
1775146	537.0	46	1
1775152	52.0	59	1
1775161	78.0	60	1
1775178	652.0	44	1
1775179	397.0	45	1
1775201	332.0	41	1
1775213	658.0	40	1
1775228	343.0	35	1
1775243	93.0	35	1
1775254	540.0	35	1
1775315	136.0	9	0
1775363	199.0	9	1
1775874	56.0	19	0
1776395	229.0	20	0
1776398	199.0	19	0
1776399	199.0	19	0
1776404	169.0	17	0
1776412	165.0	15	1
1776442	167.0	16	0
1776456	143.0	15	0
1882774	73.0	27	1
1882801	251.0	25	1
1882810	282.0	20	1
1882812	268.0	21	1
1882821	204.0	21	1
1882844	229.0	18	1
1882853	178.0	18	1
1882860	203.0	16	0
1933180	236.0	22	1
1933209	96.0	30	1
1933735	366.0	27	0
1933741	351.0	27	1
1933752	326.0	27	1
1937392	206.0	15	1
1943023	983.0	27	1
1943039	147.0	6818	1
1943069	332.0	6903	1
1943077	279.0	6875	1
1943079	1709.0	6788	0
1943085	331.0	6811	1
1943106	1821.0	6690	0
1943169	1925.0	5179	0
1943176	1821.0	5195	0
1943185	1230.0	5183	0
1943194	1929.0	5689	0
1943208	2205.0	5775	0
1943209	1537.0	5769	0
1943220	1367.0	5665	0
1943232	2019.0	5586	0
1943240	1485.0	5616	0
1943292	796.0	5874	1
1943296	1114.0	5748	1
1943299	1402.0	5968	0
1943320	2215.0	5881	0
1943322	3067.0	5781	0
1943362	1043.0	5094	0
1943367	3491.0	4914	0
1943368	1525.0	4907	0
1943376	1725.0	29	1
1943377	156.0	14	0
1965479	465.0	29	0
1966993	170.0	35	1
1967007	169.0	25	1
1967025	20.0	16	0
1967029	21.0	14	1
1967045	60.0	12	1
1967049	60.0	12	1
1967366	192.0	23	1
1967370	166.0	22	1
1967371	194.0	22	1
1967479	138.0	19	0
1967481	136.0	19	0
1967488	137.0	17	0
1967496	102.0	15	0
1967568	71.0	21	0
1967650	138.0	22	0
1968256	291.0	30	1
1968278	298.0	20	1
1968296	298.0	21	1
1968301	329.0	21	1
1968321	85.0	23	0
1968326	377.0	20	0
1968339	421.0	20	1
1974538	47.0	39	0
1974564	243.0	41	0
1974566	244.0	40	0
1975411	178.0	13	1
1975444	64.0	10	0
1975880	22.0	22	1
1975998	64.0	26	0
1976402	31.0	54	0
1976407	32.0	63	0
1976412	227.0	64	1
1976430	265.0	62	1
1976459	94.0	54	1
1976827	162.0	26	1
1976829	161.0	26	1
1976866	181.0	25	1
1976923	128.0	24	1
1976959	73.0	22	1
1977062	127.0	16	1
1977065	109.0	17	1
1977068	68.0	17	1
1977081	108.0	15	1
1977153	70.0	17	0
1977548	62.0	32	0
1977566	151.0	31	1
1977681	58.0	38	0
1977702	59.0	31	0
1977838	143.0	16	0
1988872	487.0	47	1
1988899	182.0	64	1
1988900	244.0	65	1
1988910	198.0	62	1
1988917	209.0	61	1
1988920	241.0	60	1
1988950	211.0	45	1
1988995	215.0	16	1
1989004	63.0	15	0
1989153	63.0	25	0
1989425	138.0	32	0
1989443	351.0	32	0
1989444	334.0	32	0
1989452	377.0	29	1
1989523	333.0	28	1
1989529	323.0	30	1
1992050	179.0	18	0
1992817	341.0	21	1
1992836	373.0	19	1
1992849	140.0	16	0
1992889	68.0	16	1
1993919	113.0	20	0
2000675	197.0	40	0
2000763	59.0	63	0
2000768	518.0	64	1
2000807	476.0	48	1
2000851	323.0	20	1
2000975	85.0	46	0
2001051	57.0	42	0
2001054	245.0	40	1
2001149	174.0	38	1
2001228	301.0	28	1
2001236	264.0	30	1
2001237	203.0	26	1
2006208	254.0	14	0
2006209	255.0	14	0
2007239	117.0	39	1
2007257	133.0	38	0
2007262	150.0	39	0
2007264	133.0	40	0
2007286	149.0	36	1
2007307	100.0	29	1
2007330	60.0	34	1
2007342	60.0	35	1
2007347	50.0	32	1
2007363	162.0	24	1
2007368	159.0	24	1
2007386	299.0	16	1
2007420	366.0	17	1
2007444	393.0	22	0
2007445	344.0	20	0
2007466	156.0	17	1
2008144	57.0	55	0
2008204	58.0	57	0
2008245	410.0	49	1
2008247	454.0	49	1
2008289	320.0	22	0
2009513	151.0	36	0
2009705	339.0	33	1
2009739	164.0	35	1
2010150	229.0	33	1
2010159	264.0	31	1
2010557	333.0	33	0
2010683	95.0	14	1
2010688	57.0	18	0
2010751	203.0	38	1
2010782	147.0	33	1
2010793	169.0	74	1
2010822	613.0	87	1
2010888	359.0	57	1
2010895	139.0	44	1
2010980	55.0	12	0
2011012	153.0	13	1
2011016	280.0	13	1
2011034	228.0	13	1
2011047	40.0	8	1
2020116	91.0	43	0
2020174	320.0	30	1
2020180	321.0	28	1
2020188	356.0	27	1
2020223	302.0	13	0
2020259	60.0	23	1
2020304	104.0	27	1
2020395	166.0	28	1
2021477	368.0	37	0
2022602	443.0	19	0
2022829	58.0	25	0
2194622	109.0	18	1
2204847	399.0	23	0
2206999	55.0	38	0
2207033	168.0	40	1
2207040	237.0	39	0
2208660	301.0	20	0
2208663	354.0	20	0
2208679	157.0	20	0
2208685	317.0	21	0
2208707	59.0	17	0
2219828	124.0	15	1
2219830	61.0	18	1
2219938	56.0	19	0
2219979	122.0	21	1
2219982	122.0	25	1
2219985	89.0	22	1
2219989	122.0	25	1
2220003	154.0	26	1
2220015	123.0	22	0
2220029	123.0	22	0
2220032	144.0	22	0
2222094	332.0	52	1
2222096	357.0	57	1
2222106	434.0	59	1
2222116	141.0	56	1
2222181	160.0	66	1
2222183	65.0	62	1
2222184	65.0	61	1
2222187	88.0	60	1
2222223	385.0	31	1
2222248	375.0	30	1
2222250	376.0	29	1
2222252	61.0	29	1
2222254	346.0	29	1
2222265	60.0	35	1
2222272	198.0	33	1
2222281	96.0	31	1
2222304	45.0	28	1
2222311	185.0	28	1
2222318	69.0	27	1
2222408	326.0	33	1
2222526	96.0	46	0
2222559	286.0	28	1
2222575	57.0	16	0
2223329	242.0	28	1
2223359	64.0	22	1
2223396	179.0	17	1
2223423	170.0	14	0
2224276	79.0	11	0
2224292	182.0	12	0
2224594	62.0	57	0
2224609	281.0	61	1
2224618	172.0	53	1
2224633	165.0	64	1
2224646	167.0	55	1
2224732	152.0	29	1
2224938	59.0	29	0
2225093	73.0	31	1
2225430	67.0	20	1
2225476	58.0	24	0
2225505	92.0	19	1
2225517	78.0	21	1
2225727	230.0	15	1
2225745	214.0	18	1
2225791	191.0	15	0
2227063	123.0	15	1
2227079	345.0	14	1
2227097	81.0	12	1
2227099	275.0	12	1
2227112	314.0	11	0
2227114	303.0	11	0
2231465	32.0	19	0
2269671	55.0	24	1
2269676	215.0	25	0
2269715	216.0	28	0
2269721	28.0	28	0
2269722	27.0	28	0
2269725	114.0	29	0
2270051	197.0	40	0
2270057	229.0	43	0
2270095	160.0	30	0
2270104	92.0	26	0
2270112	68.0	28	0
2270159	27.0	18	0
2305350	339.0	32	0
2305355	119.0	33	0
2305432	216.0	23	1
2305458	356.0	18	0
2305466	172.0	21	0
2305471	350.0	23	0
2306322	273.0	53	1
2306590	197.0	56	1
2307914	141.0	40	0
2307938	141.0	43	1
2307939	209.0	41	0
2307940	140.0	43	0
2307942	141.0	41	0
2307944	141.0	40	0
2307951	141.0	42	0
2307953	141.0	43	0
2307987	46.0	36	1
2308003	347.0	32	1
2308015	164.0	27	1
2308027	274.0	22	1
2308047	224.0	19	1
2308098	66.0	17	1
2308108	66.0	16	1
2309915	156.0	17	1
2309933	306.0	22	1
2310452	38.0	46	1
2310484	259.0	44	1
2310696	157.0	20	0
2311072	58.0	33	0
2311165	135.0	28	0
2311180	144.0	31	1
2312681	56.0	38	0
2312685	56.0	44	0
2312714	123.0	22	1
2312725	134.0	22	1
2312755	160.0	26	1
2312776	174.0	23	1
2312779	126.0	21	1
2312810	114.0	20	1
2312817	73.0	17	1
2314475	61.0	56	0
2314600	125.0	20	1
2314624	220.0	20	1
2314627	160.0	21	1
2314647	231.0	19	1
2314656	112.0	17	1
2314686	211.0	17	1
2314717	468.0	22	1
2314727	58.0	25	0
2315087	277.0	22	1
2315719	204.0	29	1
2315748	96.0	26	0
2315756	176.0	25	0
2316221	125.0	23	1
2316233	141.0	24	1
2316235	217.0	25	1
2321999	187.0	120	1
2322049	183.0	141	0
2322058	51.0	139	0
2322063	92.0	128	0
2322065	92.0	132	0
2322076	30.0	123	0
2322082	91.0	56	0
2323163	483.0	31	0
2323212	111.0	24	1
2323573	151.0	29	0
2323579	118.0	28	0
2323583	118.0	28	0
2323594	281.0	34	1
2323651	223.0	21	1
2323652	118.0	37	1
2323677	240.0	31	1
2323679	82.0	31	0
2323726	241.0	16	1
2323733	260.0	15	1
2325605	94.0	18	1
2325606	90.0	22	0
2325611	305.0	22	1
2325646	427.0	20	1
2326695	125.0	30	0
2326696	286.0	28	1
2326717	91.0	24	0
2326751	186.0	18	0
2327339	608.0	22	0
2327349	656.0	21	0
2327369	514.0	17	0
2328278	147.0	39	1
2328285	62.0	39	0
2328296	107.0	35	0
2328374	167.0	21	1
2328440	62.0	11	0
2329010	61.0	24	0
2329075	126.0	21	0
2329084	97.0	22	0
2329672	84.0	16	0
2386667	292.0	22	0
2387034	57.0	31	0
2387128	59.0	17	0
2387225	188.0	25	0
2387235	86.0	27	0
2387251	90.0	25	0
2391044	165.0	24	0
2391107	47.0	21	1
2391134	60.0	33	0
2391358	144.0	17	1
2400029	609.0	30	0
2400039	439.0	30	0
2400050	208.0	26	0
2400056	242.0	24	0
2400072	394.0	23	0
2400115	232.0	17	0
2441502	60.0	18	0
2521761	218.0	21	0
2521765	248.0	19	0
2521783	559.0	18	0
2522011	183.0	17	0
2522056	195.0	21	1
2523826	250.0	24	0
2523862	58.0	20	0
2523869	249.0	20	0
2524900	325.0	36	0
2524914	134.0	30	1
2524932	318.0	35	0
2524958	285.0	38	0
2524959	287.0	37	0
2525006	182.0	30	0
2525034	214.0	32	1
2525044	100.0	38	0
2525107	57.0	36	0
2526247	97.0	25	1
2526274	207.0	26	1
2527003	634.0	30	0
2527071	122.0	14	0
2527207	145.0	39	1
2527254	113.0	33	1
2527288	197.0	33	0
2527310	101.0	23	1
2527317	180.0	27	0
2527361	193.0	28	0
2527371	189.0	29	0
2527381	191.0	26	0
2527384	245.0	26	1
2527386	52.0	25	1
2527407	317.0	22	0
2527458	227.0	12	1
2527462	244.0	10	1
2527472	243.0	10	1
2555466	96.0	8	0
2557580	186.0	49	1
2557602	58.0	44	0
2557603	23.0	43	0
2557623	262.0	42	1
2557644	161.0	44	1
2557657	126.0	42	0
2557662	195.0	40	1
2557663	307.0	39	1
2557696	319.0	29	1
2557728	224.0	24	1
2557779	54.0	17	1
2558147	199.0	16	0
2563126	279.0	21	0
2563138	325.0	27	0
2563139	338.0	26	0
2597780	90.0	32	0
2597840	92.0	42	0
2600149	61.0	23	1
2600159	270.0	41	1
2600167	62.0	42	1
2600187	147.0	40	1
2600244	60.0	42	1
2600248	147.0	40	1
2600308	108.0	24	0
2600758	93.0	27	1
2600772	92.0	28	1
2602053	202.0	18	0
2602076	273.0	16	0
2602325	58.0	30	0
2602876	362.0	9	0
2603957	50.0	32	0
2605177	259.0	38	1
2605197	31.0	34	1
2605266	52.0	38	1
2605499	209.0	16	1
2615310	83.0	43	0
2615329	237.0	50	1
2615359	50.0	55	0
2615371	98.0	44	1
2615386	318.0	36	1
2615408	69.0	34	1
2615428	82.0	36	1
2615438	100.0	28	1
2615444	173.0	26	1
2615471	66.0	15	1
2615515	65.0	27	1
2615516	150.0	28	1
2615539	65.0	25	1
2615598	23.0	29	0
2615613	137.0	35	1
2615678	209.0	33	1
2615702	195.0	28	1
2615711	203.0	30	1
2615714	204.0	29	1
2615722	205.0	31	1
2615725	203.0	33	1
2615748	313.0	29	1
2615784	243.0	22	1
2615792	208.0	23	1
2615903	456.0	26	0
2615971	473.0	20	0
2615973	470.0	21	0
2615982	471.0	22	0
2615998	399.0	21	0
2616046	205.0	14	0
2616049	204.0	13	0
2616128	189.0	15	0
2616137	157.0	14	0
2616138	157.0	13	0
2638274	216.0	81	1
2638295	156.0	63	1
2638303	107.0	53	1
2638311	133.0	56	1
2638323	133.0	50	1
2638393	132.0	20	1
2638421	518.0	22	1
2638430	405.0	26	1
2638439	418.0	27	1
2638448	382.0	26	1
2638557	430.0	42	1
2638662	109.0	52	1
2638781	59.0	26	1
2640028	98.0	30	0
2640040	64.0	53	0
2640077	192.0	51	1
2640098	168.0	56	1
2640135	245.0	53	1
2640165	100.0	34	1
2640170	102.0	30	1
2640195	103.0	27	1
2640213	87.0	28	0
2640223	169.0	26	1
2640238	219.0	46	1
2640304	134.0	52	1
2640314	108.0	55	1
2640334	174.0	63	1
2640372	503.0	50	1
2640381	221.0	49	1
2640382	197.0	46	1
2640397	189.0	42	1
2640399	191.0	39	1
2640419	335.0	41	1
2640685	293.0	31	1
2640737	379.0	34	1
2640742	30.0	35	1
2640754	191.0	37	1
2640758	237.0	35	1
2640781	169.0	26	1
2640806	249.0	43	1
2640809	275.0	43	1
2640877	97.0	35	1
2640918	69.0	26	1
2640938	102.0	17	1
2640945	92.0	12	1
2704728	94.0	15	0
2704820	120.0	25	0
2704852	177.0	23	0
2704854	197.0	25	0
2704857	233.0	21	0
2705024	485.0	19	0
2705039	176.0	21	0
2705050	646.0	21	1
2705068	79.0	25	0
2705071	670.0	24	1
2705312	139.0	17	0
2705316	60.0	18	0
2705900	648.0	26	0
2705907	90.0	27	0
2705911	90.0	26	0
2706901	56.0	28	0
2706918	596.0	33	1
2706920	588.0	30	1
2706921	369.0	30	1
2706924	592.0	30	0
2706953	55.0	24	0
2706960	129.0	31	0
2706964	116.0	31	0
2706967	134.0	28	0
2707001	117.0	33	1
2707013	240.0	32	1
2707015	232.0	34	1
2707039	1040.0	27	1
2707067	488.0	25	1
2707068	1030.0	24	1
2707103	290.0	15	1
2707104	626.0	15	1
2707812	220.0	21	0
2707848	646.0	17	0
2707861	849.0	19	0
2707903	247.0	19	0
2707915	357.0	24	0
2707935	785.0	25	1
2707941	325.0	23	0
2708023	358.0	32	0
2708043	330.0	29	0
2708069	60.0	26	0
2708084	296.0	28	0
2708086	325.0	29	0
2708091	418.0	30	0
2708098	100.0	32	1
2708122	279.0	35	1
2708123	635.0	35	1
2708130	566.0	34	1
2708139	640.0	31	1
2708150	397.0	21	1
2708151	372.0	24	1
2708158	199.0	18	0
2708177	232.0	24	0
2708182	333.0	26	1
2708186	446.0	24	1
2708245	526.0	21	1
2708267	1109.0	26	1
2708272	187.0	26	0
2708273	163.0	25	1
2708276	163.0	25	1
2708283	220.0	27	1
2708290	164.0	28	1
2708292	164.0	28	1
2708316	739.0	20	0
2708380	244.0	24	1
2708384	210.0	24	1
2708410	263.0	27	1
2708413	145.0	28	0
2708423	128.0	27	0
2708424	101.0	28	0
2708438	294.0	25	1
2708445	436.0	27	1
2708452	436.0	28	1
2708458	360.0	27	1
2708476	439.0	24	0
2709216	857.0	29	0
2709227	91.0	30	0
2709239	253.0	31	1
2709257	446.0	29	1
2709261	122.0	33	1
2709290	192.0	22	0
2709592	402.0	62	1
2709613	506.0	60	1
2709736	60.0	30	0
2709804	404.0	32	1
2709864	533.0	49	1
2709938	201.0	45	1
2709985	61.0	29	0
2709996	208.0	26	1
2710038	57.0	21	1
2711825	112.0	23	0
2711859	214.0	15	1
2711942	247.0	27	0
2711953	252.0	28	0
2713244	312.0	12	0
2713263	242.0	14	0
2713281	311.0	12	0
2714327	610.0	28	0
2714329	503.0	25	0
2714350	742.0	31	1
2714354	777.0	32	1
2714360	769.0	28	0
2714370	656.0	27	0
2714371	743.0	27	0
2714375	643.0	28	0
2714383	551.0	25	0
2714385	655.0	26	0
2714405	208.0	20	0
2714452	334.0	18	1
2714456	267.0	18	0
2714458	266.0	19	0
2714714	289.0	16	1
2714763	93.0	19	0
2714769	287.0	17	0
2714786	276.0	17	0
2714821	87.0	21	0
2714822	110.0	21	0
2714823	102.0	21	0
2714824	129.0	21	0
2715481	836.0	29	1
2715495	71.0	24	1
2715520	150.0	23	1
2715521	143.0	22	1
2715529	654.0	20	1
2715559	269.0	13	1
2715905	861.0	23	0
2715939	811.0	23	0
2715955	41.0	21	0
2716081	76.0	20	0
2717414	121.0	41	1
2717820	60.0	59	0
2717943	148.0	61	1
2717946	311.0	69	1
2717951	359.0	60	1
2718076	209.0	60	1
2718296	179.0	35	1
2718337	229.0	29	1
2718365	44.0	25	1
2718378	187.0	19	1
2719808	99.0	16	0
2719814	60.0	15	0
2719990	52.0	27	0
2720149	344.0	34	1
2720176	90.0	38	1
2720187	306.0	46	1
2720190	73.0	35	1
2720210	168.0	36	1
2720231	96.0	35	0
2720238	101.0	29	0
2720257	136.0	24	1
2720268	347.0	23	1
2720271	357.0	24	1
2720333	41.0	18	1
2720340	119.0	21	1
2720342	40.0	18	1
2720344	119.0	19	1
2720366	166.0	22	1
2720368	23.0	21	1
2720380	86.0	21	1
2721169	59.0	16	0
2721718	85.0	17	0
2724786	203.0	34	0
2724855	59.0	29	0
2724856	61.0	28	0
2724869	61.0	23	0
2724878	218.0	18	0
2724883	145.0	20	0
2728332	169.0	39	1
2728427	66.0	27	0
2728453	127.0	25	1
2728463	101.0	24	1
2728488	103.0	24	1
2728492	100.0	29	1
2728498	100.0	29	1
2728831	254.0	21	0
2728835	75.0	20	0
2728844	379.0	22	1
2728880	166.0	20	0
2728892	322.0	20	0
2728897	50.0	18	0
2728946	42.0	34	0
2729129	72.0	26	0
2729130	72.0	26	0
2729181	162.0	32	1
2729189	84.0	27	0
2729209	137.0	31	1
2729210	181.0	33	1
2729224	182.0	30	1
2729227	63.0	27	0
2729228	30.0	25	0
2729251	300.0	19	1
2729269	86.0	20	1
2729288	88.0	26	1
2729318	90.0	24	1
2729325	109.0	24	0
2729327	108.0	25	0
2729331	258.0	24	0
2729335	123.0	25	0
2729696	172.0	60	1
2729707	21.0	86	0
2729715	66.0	117	1
2729718	21.0	122	0
2729721	148.0	119	1
2729740	436.0	123	1
2729748	305.0	114	1
2729844	125.0	52	1
2730002	75.0	13	1
2730015	113.0	17	1
2730156	63.0	38	0
2730524	58.0	35	0
2730536	95.0	35	1
2730552	89.0	33	0
2730553	29.0	33	1
2730557	66.0	35	1
2730739	23.0	37	1
2730786	167.0	28	1
2730971	38.0	39	1
2730983	149.0	40	1
2731027	92.0	23	0
2731950	599.0	20	0
2732016	339.0	37	1
2732836	58.0	32	0
2734930	65.0	32	0
2734979	162.0	41	1
2734986	58.0	39	0
2735007	56.0	43	1
2735051	214.0	42	1
2735087	156.0	31	1
2735759	88.0	38	0
2735787	146.0	40	1
2735803	188.0	61	1
2735815	152.0	51	1
2735909	97.0	17	1
2735914	117.0	17	1
2735929	35.0	23	0
2735953	312.0	32	1
2735978	78.0	36	1
2738381	137.0	30	0
2750903	194.0	26	1
2800848	462.0	26	1
2800866	397.0	27	0
2800886	466.0	26	1
2800899	492.0	24	1
2800961	247.0	25	0
2800981	241.0	23	1
2801016	335.0	19	0
2801747	99.0	26	1
2801763	276.0	22	1
2801766	261.0	21	1
2801809	286.0	21	1
2801812	285.0	22	1
2801816	287.0	22	1
2801828	355.0	23	1
2813247	77.0	39	1
2813248	77.0	39	1
2813257	201.0	39	1
2813276	219.0	38	1
2813340	267.0	16	1
2813357	60.0	20	0
2813371	55.0	19	0
2813391	209.0	12	0
2813413	361.0	23	0
2813435	232.0	20	0
2813437	116.0	21	0
2813440	116.0	23	0
2813475	502.0	41	1
2813524	61.0	40	0
2813587	528.0	33	1
2813724	47.0	26	1
2813777	262.0	24	1
2815508	139.0	21	1
2815510	139.0	22	1
2815630	102.0	21	0
2815650	121.0	19	0
2815656	90.0	19	0
2815858	128.0	31	1
2816122	92.0	21	0
2818179	165.0	14	0
2818200	265.0	12	0
2818219	143.0	13	0
2818495	261.0	42	1
2818532	255.0	39	1
2818694	72.0	20	0
2818700	61.0	18	0
2818701	44.0	18	0
2818714	60.0	25	0
2818734	128.0	30	0
2819247	60.0	12	1
2819315	376.0	23	1
2819329	355.0	26	1
2819350	128.0	44	1
2819399	344.0	47	1
2819409	148.0	37	1
2819431	229.0	34	1
2819450	164.0	37	1
2819451	164.0	38	1
2819452	164.0	36	1
2819456	229.0	37	1
2819463	199.0	36	1
2819482	201.0	33	1
2819484	225.0	32	1
2819500	201.0	23	1
2819508	200.0	15	1
2819530	201.0	20	1
2819535	296.0	18	1
2819545	632.0	23	1
2819558	289.0	23	1
2819584	376.0	18	1
2819598	74.0	22	1
2819600	157.0	22	1
2819605	162.0	19	1
2819629	150.0	22	1
2819724	374.0	29	0
2819759	367.0	34	1
2819760	368.0	33	1
2819773	222.0	33	0
2819889	113.0	21	0
2820020	56.0	21	0
2820038	42.0	19	1
2820128	400.0	23	0
2820135	437.0	23	0
2820329	598.0	34	0
2820403	80.0	25	0
2820473	129.0	33	1
2820513	57.0	28	0
2820596	133.0	28	1
2820744	138.0	21	0
2820845	181.0	20	0
2822098	103.0	15	1
2822112	395.0	13	1
2822113	103.0	13	1
2822123	404.0	13	1
2822148	84.0	13	1
2822205	56.0	36	0
2822318	384.0	32	1
2823364	619.0	31	1
2835886	59.0	44	0
2910740	171.0	25	1
2910893	57.0	26	0
2911567	58.0	35	0
2911620	235.0	14	1
2911756	1981.0	70	1
2911903	86.0	35	0
2912029	81.0	23	0
2925025	234.0	32	1
2925028	116.0	33	1
2925035	712.0	35	1
2925039	243.0	28	1
2925048	271.0	40	1
2925049	166.0	40	1
2925070	365.0	40	1
2925076	618.0	36	1
2925078	448.0	35	1
2925102	667.0	34	1
2925110	669.0	38	1
2925118	401.0	35	1
2925131	360.0	36	1
2925138	1573.0	36	1
2925141	406.0	38	1
2925142	713.0	38	1
2925150	379.0	39	1
2925172	278.0	41	1
2925173	271.0	41	1
2925174	206.0	43	1
2925176	223.0	40	1
2925177	491.0	38	1
2925199	720.0	39	1
2925200	418.0	38	1
2925201	57.0	40	0
2925211	600.0	40	1
2925218	58.0	42	0
2925224	553.0	37	1
2925235	180.0	35	1
2925237	685.0	39	1
2925239	178.0	35	1
2925257	216.0	34	1
2925262	243.0	41	1
2925266	539.0	40	1
2925275	693.0	45	1
2925284	576.0	44	1
2925291	1427.0	48	1
2925294	323.0	48	1
2925295	770.0	50	1
2925301	833.0	53	1
2925315	850.0	53	1
2925329	367.0	53	1
2925358	594.0	35	1
2925376	413.0	31	1
2925411	308.0	36	1
2925430	428.0	21	1
2925445	246.0	21	1
2925475	79.0	15	0
2925514	150.0	9	1
2925517	152.0	9	1
2925543	406.0	12	0
2926258	118.0	32	0
2926363	87.0	33	0
2936360	430.0	18	1
2936388	561.0	20	1
2936391	310.0	23	1
2936397	124.0	30	1
2936406	472.0	30	1
2936429	189.0	33	1
2936430	115.0	33	1
2936436	208.0	36	1
2936445	342.0	34	1
2936454	277.0	33	1
2936462	112.0	32	1
2936489	418.0	29	1
2936499	255.0	27	1
2936523	345.0	18	1
2936571	61.0	16	0
2936576	384.0	14	0
2936679	395.0	26	1
2936748	262.0	25	0
2936821	380.0	27	1
2936840	844.0	26	1
2936882	332.0	28	1
2936891	835.0	28	1
2936911	288.0	25	1
2936920	302.0	25	1
2936930	290.0	28	1
2936953	338.0	22	1
2936955	233.0	22	0
2936978	634.0	21	0
2936979	310.0	22	0
2936995	687.0	21	0
2936997	339.0	22	0
2937065	570.0	27	0
2937589	774.0	34	0
2937597	218.0	34	0
2937603	187.0	35	1
2937723	56.0	15	1
2937743	150.0	13	1
2937756	57.0	12	1
2937805	89.0	11	0
2937979	73.0	33	0
2938066	403.0	23	1
2938068	187.0	22	0
2938209	209.0	28	1
2938235	264.0	17	1
2938245	465.0	17	1
2938298	187.0	25	1
2938300	98.0	24	1
2938330	497.0	24	0
2938413	249.0	28	1
2938425	440.0	27	1
2938433	684.0	30	1
2938463	158.0	29	1
2938481	268.0	23	1
2938488	410.0	24	1
2938493	612.0	26	1
2938499	196.0	26	1
2938529	354.0	20	1
2938541	828.0	16	1
2938547	154.0	18	1
2938579	117.0	18	1
2938595	161.0	22	1
2938608	101.0	20	1
2939064	919.0	21	1
2939081	264.0	25	1
2939103	259.0	25	1
2939104	232.0	25	1
2939107	286.0	27	1
2939115	258.0	26	1
2939116	538.0	29	1
2939157	647.0	28	1
2939359	571.0	28	1
2939366	226.0	25	1
2939378	246.0	22	1
2939393	316.0	16	1
2939403	278.0	19	1
2939405	249.0	20	1
2939427	212.0	20	1
2939435	204.0	18	1
2939451	458.0	14	1
2939481	475.0	18	1
2939491	187.0	24	1
2939505	443.0	27	1
2939508	101.0	27	1
2939556	601.0	36	1
2939569	144.0	35	1
2939599	289.0	36	1
2939604	119.0	33	1
2939606	256.0	32	1
2939613	374.0	29	1
2939624	287.0	29	1
2939625	263.0	26	0
2939636	829.0	23	1
2939662	749.0	22	1
2939667	255.0	24	0
2939708	203.0	25	0
2939726	197.0	24	1
2939765	210.0	24	1
2939778	188.0	23	1
2939793	299.0	24	1
2939821	177.0	28	1
2939830	193.0	25	1
2939848	260.0	29	0
2940018	109.0	41	0
2940022	71.0	43	0
2940036	99.0	42	0
2940061	160.0	26	0
2940070	167.0	26	1
2940085	157.0	19	0
2940135	164.0	17	0
2940144	84.0	19	0
2940161	138.0	18	0
2940177	213.0	20	0
2940236	366.0	23	0
2940612	260.0	16	0
2940614	509.0	19	0
2942264	278.0	33	0
2942442	208.0	13	0
2943160	82.0	14	0
2943172	92.0	17	0
2943173	57.0	17	0
2943199	128.0	17	1
2943221	386.0	17	1
2971486	84.0	18	0
2985296	58.0	14	0
2985306	99.0	16	0
2985307	99.0	16	0
2985321	38.0	15	0
2985826	237.0	24	1
2986079	124.0	21	0
2986118	351.0	22	1
2989420	135.0	27	1
2989506	68.0	29	0
2989587	168.0	20	1
2989598	95.0	19	0
2990064	312.0	38	0
2990086	214.0	37	0
2990163	285.0	25	1
2990177	264.0	33	1
2990201	173.0	19	1
2990270	138.0	11	1
2990286	245.0	12	1
2990357	231.0	19	1
2990362	501.0	19	1
2990393	167.0	19	1
2990394	155.0	20	1
2990399	205.0	19	1
2990407	202.0	17	0
2990415	338.0	17	1
2990419	130.0	30	1
2990423	130.0	26	1
2990425	104.0	19	1
2990435	225.0	26	1
2990543	192.0	18	0
2992988	315.0	26	1
2993105	207.0	24	0
2993112	262.0	26	0
2994089	142.0	33	1
2994173	131.0	67	1
2994218	194.0	55	1
2994384	94.0	14	1
2994392	58.0	14	0
2995382	58.0	21	1
2995484	91.0	40	0
2995595	198.0	11	1
2995653	167.0	15	1
2996425	94.0	16	1
2997236	174.0	39	1
2997313	129.0	28	1
2997345	151.0	28	1
2997416	195.0	26	1
2997462	127.0	23	0
2997483	162.0	25	1
2997526	198.0	21	1
2997533	90.0	27	0
2997553	93.0	24	1
2997576	60.0	26	0
2997831	59.0	33	1
2999841	151.0	15	0
2999991	84.0	31	0
3000016	128.0	24	1
3000064	59.0	27	0
3000098	58.0	23	0
3000101	91.0	20	0
3000104	90.0	19	0
3000107	119.0	18	0
3000152	56.0	20	0
3000481	58.0	26	0
3002228	62.0	12	0
3002569	213.0	44	1
3002577	87.0	44	0
3002632	423.0	43	1
3002650	101.0	41	1
3002704	202.0	7	1
3002710	267.0	7	1
3002711	257.0	7	1
3002712	257.0	7	1
3002808	71.0	23	0
3002812	70.0	26	0
3008895	152.0	21	1
3010664	369.0	27	1
3010679	532.0	24	1
3010680	154.0	25	1
3010683	345.0	25	1
3010716	219.0	21	1
3010732	199.0	20	0
3018711	143.0	22	0
3018838	128.0	38	0
3018858	58.0	38	0
3018911	59.0	27	0
3019371	58.0	20	0
3022276	59.0	18	0
3023745	60.0	23	0
3028289	61.0	42	0
3028543	90.0	20	0
3030646	60.0	28	0
3030916	58.0	40	0
3032190	59.0	24	0
3034277	58.0	47	0
3034309	89.0	41	0
3034343	365.0	35	1
3034359	173.0	36	0
3034368	603.0	32	1
3034439	182.0	35	0
3034454	79.0	28	1
3034676	97.0	13	1
3052165	166.0	27	1
3054631	332.0	28	1
3064102	93.0	21	1
3065402	126.0	28	1
3065588	139.0	28	0
3065602	137.0	27	1
3065842	76.0	19	0
3065843	75.0	22	0
3066485	58.0	23	0
3066878	124.0	19	1
3066943	135.0	27	1
3067066	317.0	41	1
3067102	357.0	41	1
3067109	310.0	41	1
3067122	75.0	46	0
3067126	1202.0	48	1
3067150	54.0	59	0
3067167	93.0	63	0
3067168	268.0	62	1
3067191	36.0	58	0
3067194	592.0	57	1
3067195	36.0	58	0
3067200	117.0	58	1
3067227	89.0	32	1
3067228	895.0	30	1
3067232	257.0	31	1
3067234	1047.0	30	1
3067236	180.0	30	1
3067253	170.0	26	1
3067262	220.0	31	1
3067277	234.0	29	1
3067279	227.0	30	1
3067296	958.0	28	1
3067298	55.0	30	0
3067312	124.0	27	1
3067313	84.0	29	0
3067373	220.0	31	0
3067378	588.0	31	1
3067407	208.0	25	0
3067422	210.0	21	0
3067439	172.0	19	1
3067804	177.0	23	1
3067910	39.0	31	0
3067914	190.0	35	0
3067918	83.0	34	0
3067968	83.0	22	0
3068055	89.0	13	0
3069491	159.0	39	1
3069748	60.0	31	0
3070598	72.0	22	0
3070995	140.0	29	1
3071045	103.0	24	1
3071080	171.0	19	1
3071133	210.0	22	1
3071140	491.0	30	1
3071228	292.0	34	1
3071585	160.0	10	1
3074244	60.0	32	0
3082828	64.0	13	0
3083213	58.0	40	0
3083580	64.0	18	0
3087014	59.0	25	0
3087094	60.0	20	0
3191607	89.0	35	0
3194718	282.0	26	1
3194779	381.0	17	1
3199690	61.0	44	0
3247964	60.0	10	0
3254298	282.0	25	0
3254311	274.0	22	0
3254322	150.0	23	0
3254335	126.0	21	0
3254344	59.0	23	0
3254369	105.0	20	0
3254458	254.0	31	1
3254459	226.0	35	1
3254477	156.0	30	1
3254481	82.0	32	1
3254557	195.0	28	1
3254695	289.0	34	1
3254703	260.0	35	1
3254735	291.0	25	1
3254771	313.0	25	1
3254773	125.0	23	1
3254780	161.0	24	1
3254867	148.0	26	1
3254889	235.0	24	1
3254891	254.0	24	1
3254908	179.0	25	1
3254912	271.0	26	1
3257354	148.0	23	0
3257380	127.0	27	0
3257391	334.0	26	0
3257400	348.0	27	0
3319354	46.0	13	0
3319427	117.0	34	0
3319639	1193.0	33	1
3320241	753.0	22	1
3321265	58.0	34	0
3321458	56.0	28	0
3321590	1531.0	28	1
3322337	1068.0	22	1
3322644	92.0	32	0
3323111	91.0	34	0
3333573	986.0	20	1
3333729	109.0	33	0
3333951	1436.0	22	1
3334059	86.0	22	0
3334316	76.0	28	0
3344779	141.0	20	0
3397181	174.0	23	1
3447299	91.0	49	1
3447302	91.0	46	1
3447307	97.0	49	0
3447323	99.0	46	0
3447332	154.0	44	0
3447336	60.0	45	0
3495078	58.0	25	0
3495165	202.0	27	0
3495170	202.0	27	0
3495173	201.0	28	0
3495214	268.0	29	0
3495220	216.0	32	1
3495222	163.0	30	1
3495243	198.0	25	1
3495264	201.0	21	1
3495272	200.0	23	1
3495273	199.0	23	1
3495278	206.0	20	1
3495281	207.0	18	0
3527945	199.0	14	1
3528000	418.0	15	1
3528148	579.0	30	0
3528150	262.0	29	0
3528179	632.0	32	1
3528187	222.0	28	1
3528191	186.0	26	0
3528215	1176.0	30	1
3528240	289.0	31	1
3528253	293.0	38	0
3528281	215.0	32	0
3528308	258.0	22	0
3528317	635.0	22	1
3528339	285.0	16	1
3528357	707.0	11	1
3528358	618.0	11	1
3528359	633.0	11	1
3528685	229.0	28	1
3528747	258.0	20	1
3528749	760.0	20	1
3528784	203.0	20	1
3528831	948.0	26	1
3528874	337.0	23	0
3528938	105.0	17	0
3532368	59.0	21	0
3532448	136.0	32	0
3532561	365.0	21	1
3532573	175.0	18	1
3532624	84.0	17	1
3532662	59.0	16	1
3532723	251.0	30	0
3532780	131.0	35	0
3532915	287.0	30	1
3532916	175.0	30	1
3532928	289.0	29	1
3532950	596.0	30	1
3532953	122.0	36	0
3532971	184.0	37	1
3532978	407.0	36	1
3533033	154.0	37	1
3533072	535.0	36	1
3533112	514.0	26	1
3533141	834.0	25	1
3533155	615.0	27	0
3533181	238.0	28	0
3533182	255.0	28	0
3533197	325.0	30	0
3533198	325.0	30	0
3533209	343.0	31	0
3533211	362.0	31	0
3533332	486.0	29	1
3533338	351.0	26	1
3533374	157.0	24	1
3533376	367.0	24	1
3533377	421.0	24	1
3533386	261.0	23	1
3533468	324.0	23	0
3533482	118.0	28	0
3533484	384.0	26	1
3533503	598.0	24	1
3533518	558.0	23	1
3533541	538.0	22	1
3533557	632.0	28	1
3533690	539.0	27	1
3533704	442.0	34	1
3533824	104.0	28	1
3533836	406.0	26	1
3533842	805.0	23	1
3533940	186.0	23	1
3534326	185.0	28	1
3534598	296.0	27	1
3534617	41.0	29	0
3534646	137.0	30	0
3534652	555.0	38	0
3534686	57.0	34	0
3534884	369.0	18	0
3535369	230.0	24	0
3535384	192.0	29	0
3535460	611.0	21	0
3535463	255.0	25	0
3535467	201.0	24	0
3535469	201.0	23	0
3537103	252.0	36	1
3537105	79.0	35	0
3537178	101.0	16	1
3537203	282.0	17	1
3537229	224.0	18	1
3537238	195.0	19	1
3537239	180.0	21	1
3537241	181.0	20	1
3537267	122.0	21	1
3537300	71.0	18	1
3540185	118.0	19	0
3540188	119.0	18	0
3540265	184.0	18	1
3540266	145.0	19	1
3541697	55.0	28	0
3541829	182.0	23	0
3542464	81.0	40	0
3542518	71.0	17	1
3542521	72.0	18	1
3542545	73.0	13	1
3542560	76.0	12	1
3543312	308.0	39	0
3543329	25.0	44	0
3543353	254.0	39	0
3543356	153.0	39	0
3543407	253.0	26	0
3543408	123.0	25	0
3543423	123.0	22	0
3543434	188.0	19	0
3545105	49.0	14	1
3545143	211.0	11	1
3550015	98.0	42	1
3550145	28.0	23	1
3550185	135.0	23	1
3551574	286.0	34	1
3551846	114.0	21	0
3552023	384.0	16	0
3558341	59.0	33	0
3558531	251.0	24	1
3558551	233.0	17	1
3558623	120.0	16	0
3558642	382.0	31	0
3558911	51.0	21	0
3563051	320.0	29	0
3563115	181.0	13	1
3563130	92.0	12	0
3563157	57.0	13	0
3563168	57.0	13	0
3569422	283.0	22	1
3570756	376.0	25	0
3570947	359.0	18	1
3570964	56.0	18	0
3571031	433.0	16	0
3571146	241.0	28	0
3589979	62.0	39	0
3592865	446.0	19	0
3594621	87.0	15	0
3594629	422.0	20	0
3594645	189.0	20	0
3594656	189.0	18	0
3594657	189.0	18	0
3594660	454.0	16	0
3596847	122.0	12	0
3596849	88.0	14	0
3596877	354.0	12	0
3596878	124.0	12	0
3598497	431.0	18	1
3598686	56.0	21	0
3604969	1028.0	24	0
3604973	546.0	27	0
3604993	1015.0	29	1
3604998	973.0	30	0
3604999	996.0	32	0
3605001	22.0	33	1
3605021	972.0	29	0
3605022	956.0	29	0
3605031	639.0	30	0
3605036	857.0	27	0
3609612	192.0	26	0
3610375	71.0	20	1
3611696	183.0	29	1
3611702	114.0	29	0
3611867	99.0	23	1
3611879	56.0	28	1
3611883	71.0	30	1
3678477	59.0	22	0
3678919	60.0	43	0
3729357	195.0	37	1
3729392	176.0	24	0
3733808	147.0	22	1
3733884	317.0	21	0
3733997	57.0	26	0
3734155	211.0	22	1
3734157	138.0	22	1
3735060	330.0	34	1
3735074	299.0	25	1
3753637	57.0	18	0
3753648	291.0	17	0
3759306	248.0	39	1
3759312	231.0	36	1
3759326	175.0	34	0
3760347	423.0	52	1
3760357	327.0	39	1
3760363	105.0	40	1
3760383	233.0	29	1
3760395	267.0	28	1
3760409	531.0	21	1
3760452	146.0	9	1
3766809	61.0	20	0
3766924	105.0	15	0
3767246	158.0	21	1
3767331	93.0	29	0
3767369	295.0	33	1
3767370	184.0	33	1
3767405	61.0	26	0
3767445	27.0	19	0
3767464	87.0	22	0
3767481	495.0	28	1
3767489	467.0	29	1
3767490	183.0	29	1
3767562	366.0	34	1
3771440	211.0	30	0
3771469	221.0	26	1
3787688	58.0	37	0
3787854	54.0	32	0
3788341	59.0	18	0
3788342	123.0	18	0
3788349	58.0	19	0
3790017	344.0	39	0
3790038	57.0	40	0
3790292	97.0	12	0
3790294	72.0	11	0
3792336	60.0	38	0
3792413	41.0	17	1
3792415	134.0	23	1
3792436	107.0	19	1
3792480	138.0	14	0
3792485	89.0	15	0
3792500	30.0	16	0
3792504	188.0	17	0
3792512	32.0	25	0
3792519	180.0	38	0
3792569	69.0	42	1
3792571	87.0	43	1
3792574	225.0	41	1
3792575	113.0	42	1
3792576	88.0	39	1
3792590	69.0	45	1
3792992	92.0	33	0
3793030	445.0	34	0
3793044	318.0	35	1
3793083	135.0	27	0
3811618	142.0	23	0
3811654	115.0	36	1
3811689	334.0	32	0
3811700	60.0	31	0
3813900	61.0	39	0
3814016	62.0	54	1
3814265	62.0	14	0
3844086	289.0	41	1
3844224	36.0	11	1
3844302	316.0	19	0
3844677	158.0	29	1
3844719	93.0	28	1
3844796	68.0	27	1
3844824	53.0	26	1
3844903	99.0	24	1
3844929	163.0	26	1
3844950	372.0	27	1
3844965	337.0	27	1
3844978	324.0	37	1
3845007	28.0	41	0
3845109	52.0	30	0
3845362	218.0	29	1
3845392	65.0	23	1
3845629	159.0	22	1
3845677	92.0	23	1
3845727	250.0	17	0
3845743	152.0	16	1
3849038	455.0	57	1
3849125	402.0	54	1
3849139	66.0	36	1
3849278	197.0	26	1
3849281	79.0	27	1
3849349	195.0	26	0
3849353	161.0	27	0
3849357	179.0	26	0
3849376	403.0	23	0
3849406	154.0	24	0
3849422	391.0	26	0
3849637	253.0	35	1
3849694	526.0	16	1
3849710	407.0	18	1
3849728	265.0	18	1
3849819	180.0	41	1
3849899	66.0	23	1
3849945	91.0	13	0
3850615	54.0	25	1
3850624	54.0	25	1
3851772	58.0	24	0
3851863	27.0	21	0
3855083	63.0	24	1
3855091	228.0	22	1
3855102	364.0	25	1
3855129	377.0	18	1
3855139	181.0	14	1
3855153	281.0	13	1
3855166	228.0	13	1
3855177	229.0	13	1
3855189	203.0	15	0
3855213	57.0	17	0
3873321	307.0	20	0
3873336	372.0	21	0
3873337	306.0	19	0
3873371	547.0	22	1
3873394	111.0	22	0
3873399	171.0	25	0
3873404	111.0	24	0
3873436	104.0	24	1
3873438	56.0	24	0
3873439	29.0	24	0
3873456	58.0	26	0
3873878	444.0	15	0
3873879	552.0	17	0
3873895	410.0	19	0
3873911	509.0	23	0
3873982	469.0	24	0
3874009	368.0	23	0
3874059	751.0	16	0
3874063	388.0	17	0
3874103	242.0	23	0
3874268	246.0	20	0
3874294	272.0	16	0
3874320	107.0	20	1
3874322	289.0	19	0
3874347	168.0	16	0
3874349	168.0	15	0
3874351	167.0	17	0
3885450	192.0	30	1
3885476	280.0	22	1
3885482	270.0	21	1
3885502	344.0	19	1
3885543	58.0	22	0
3921619	93.0	28	0
3922888	442.0	24	1
3923063	142.0	10	1
3924315	146.0	30	1
3924495	190.0	20	1
3925239	97.0	24	0
3925257	306.0	23	0
3926336	136.0	27	1
3926369	126.0	32	1
3926384	132.0	28	1
3927343	21.0	34	0
3927357	58.0	34	0
3927539	160.0	22	0
3927618	99.0	21	0
3927668	102.0	28	1
3928379	373.0	26	0
3928618	233.0	45	0
3928620	232.0	45	0
3928639	221.0	50	1
3928647	216.0	48	1
3928650	215.0	50	1
3928651	79.0	35	1
3928656	182.0	35	1
3928669	262.0	33	0
3928671	263.0	32	0
3928672	235.0	32	0
3928681	81.0	27	0
3928695	238.0	28	0
3928703	242.0	29	0
3928709	241.0	32	0
3928717	268.0	31	0
3928748	228.0	46	1
3928761	239.0	50	1
3928763	163.0	46	1
3928811	71.0	48	1
3928835	344.0	20	1
3928844	36.0	21	0
3928884	191.0	23	1
3928901	132.0	28	1
3928914	55.0	29	1
3928933	57.0	26	0
3928943	125.0	23	1
3928954	149.0	30	1
3928955	117.0	30	1
3928957	119.0	34	1
3929020	180.0	44	1
3929038	126.0	43	1
3929042	126.0	43	1
3929043	84.0	41	1
3929048	533.0	40	1
3929067	1031.0	36	1
3929074	1079.0	42	1
3929081	125.0	48	1
3929096	128.0	48	1
3929171	713.0	56	1
3929196	182.0	65	1
3929241	119.0	41	0
3929272	1107.0	39	1
3929316	192.0	39	1
3929326	76.0	28	1
3929365	606.0	79	1
3929400	331.0	86	1
3929544	1032.0	39	1
3929545	261.0	44	1
3929597	58.0	34	0
3929682	80.0	27	1
3929685	109.0	29	1
3929692	267.0	29	1
3929719	249.0	34	1
3929722	40.0	30	1
3929734	99.0	34	0
3929735	210.0	34	1
3929795	33.0	23	1
3929804	34.0	23	1
3929813	220.0	23	1
3929814	220.0	23	1
3929820	221.0	23	1
3929838	175.0	22	1
3929942	599.0	31	1
3930000	121.0	35	1
3930093	89.0	22	1
3930100	258.0	24	1
3930112	87.0	22	0
3930133	233.0	26	1
3930140	529.0	29	1
3930162	251.0	35	1
3930165	103.0	33	0
3930177	167.0	37	0
3930200	104.0	39	0
3930253	26.0	51	0
3930274	358.0	52	1
3930281	621.0	55	1
3930312	258.0	39	1
3930319	54.0	41	0
3930321	323.0	39	1
3930336	530.0	35	1
3930438	73.0	36	0
3930456	212.0	39	1
3930471	201.0	37	1
3930525	119.0	32	1
3930597	205.0	29	0
3930716	933.0	19	1
3930723	236.0	24	1
3930817	249.0	38	1
3930969	184.0	28	1
3930984	193.0	34	1
3930993	245.0	33	1
3931003	412.0	35	1
3931118	363.0	30	0
3931125	38.0	25	1
3931174	58.0	33	0
3931225	593.0	34	1
3931302	163.0	33	1
3931433	389.0	33	1
3931454	558.0	25	1
3931509	307.0	35	1
3931527	279.0	29	1
3931532	92.0	34	0
3931575	803.0	39	1
3931628	407.0	27	1
3931645	1243.0	27	1
3931675	498.0	20	1
3931696	186.0	24	1
3931739	343.0	17	0
3931746	65.0	18	0
3931866	233.0	28	1
3939332	112.0	22	0
3939452	92.0	44	0
3939476	58.0	46	0
3939497	282.0	41	1
3939531	242.0	43	0
3942099	225.0	38	1
3942197	279.0	33	1
3942352	192.0	14	1
3942353	166.0	14	1
3942511	57.0	30	0
3942515	57.0	31	1
3942763	180.0	11	1
3943459	483.0	22	1
3943473	306.0	21	1
3944437	541.0	30	1
3944439	314.0	31	0
3944535	172.0	24	0
3944546	511.0	22	0
3946128	362.0	21	1
3946190	149.0	19	0
3946194	210.0	19	1
3946948	193.0	28	1
3946952	866.0	25	1
3946987	188.0	21	0
3946993	69.0	20	0
3946997	396.0	18	0
3947004	372.0	17	0
3947008	393.0	17	0
3947109	157.0	22	0
3947118	157.0	24	0
3971173	451.0	33	1
3971181	861.0	40	1
3971210	1112.0	36	1
3971212	845.0	36	1
3971213	842.0	37	1
3971217	413.0	40	1
3971218	163.0	38	0
3971221	873.0	39	1
3971228	1197.0	36	1
3971230	1052.0	35	1
3971235	554.0	36	1
3971268	469.0	40	1
3971281	945.0	33	1
3971282	234.0	33	1
3971297	498.0	34	1
3971304	437.0	31	1
3971305	196.0	29	1
3971329	339.0	42	1
3971330	79.0	40	1
3971333	128.0	43	1
3971337	791.0	41	1
3971347	247.0	37	1
3971348	350.0	34	1
3971349	120.0	37	1
3971368	126.0	37	1
3971375	346.0	37	1
3971381	120.0	33	1
3971382	337.0	32	1
3971384	118.0	25	1
3971389	153.0	21	1
3971392	123.0	19	1
3971393	566.0	20	1
3971409	157.0	19	1
3971422	217.0	20	1
3971434	220.0	18	1
3971448	223.0	17	1
3971449	217.0	14	1
3971456	217.0	15	1
3971459	452.0	14	1
3971474	286.0	19	1
3971484	416.0	23	1
3971500	526.0	25	1
3971511	520.0	28	1
3971512	913.0	33	1
3971514	122.0	52	1
3971515	162.0	51	1
3971517	173.0	57	1
3971518	180.0	57	1
3971521	158.0	55	1
3971523	937.0	54	1
3971526	525.0	55	1
3971533	313.0	57	1
3971538	123.0	58	1
3971541	654.0	58	1
3971553	121.0	59	0
3971561	38.0	52	0
3971567	309.0	49	1
3971571	853.0	45	1
3971607	257.0	42	1
3971612	334.0	40	1
3971622	59.0	44	0
3971623	59.0	43	0
3971625	580.0	45	1
3971631	59.0	46	0
3971632	125.0	48	1
3971645	366.0	49	1
3971661	210.0	26	1
3971669	835.0	22	1
3971676	156.0	25	0
3971679	283.0	25	1
3971680	156.0	25	0
3971685	280.0	24	1
3971688	96.0	24	1
3971690	813.0	25	1
3971693	150.0	25	0
3971695	238.0	28	1
3971697	233.0	26	1
3971699	576.0	26	1
3971703	101.0	27	1
3971711	200.0	29	1
3971721	403.0	30	0
3971757	376.0	22	1
3971772	732.0	17	1
3971775	69.0	15	1
3971813	222.0	24	0
3971820	648.0	28	1
3971824	273.0	28	1
3971830	365.0	31	1
3971869	223.0	21	1
3971883	149.0	20	0
3971894	365.0	22	1
3971897	80.0	27	0
3971899	489.0	27	1
3971901	214.0	28	0
3971902	398.0	28	1
3971913	880.0	32	1
3971921	405.0	32	1
3971924	1117.0	31	1
3971926	508.0	31	0
3971944	590.0	30	1
3971949	374.0	28	1
3971970	425.0	25	1
3971996	103.0	23	0
3973397	84.0	17	0
3973400	438.0	17	0
3973413	248.0	14	0
3973454	999.0	32	0
3973455	643.0	31	0
3973469	325.0	34	0
3973496	566.0	28	0
3973499	613.0	30	0
3973528	550.0	30	0
3973532	236.0	31	0
3973644	117.0	39	0
3973654	252.0	39	0
3973669	451.0	38	0
3973672	417.0	37	0
3973673	167.0	39	0
3973690	548.0	32	1
3973692	427.0	33	1
3973703	178.0	34	0
3973718	452.0	27	1
3973721	249.0	30	1
3973724	788.0	30	1
3973747	562.0	25	1
3973765	273.0	17	1
3973766	709.0	17	1
3973767	417.0	15	1
3973768	695.0	16	0
3973788	421.0	14	0
3973862	626.0	18	1
3973895	527.0	18	1
3973904	736.0	21	1
3973935	655.0	37	1
3973944	653.0	36	1
3973956	75.0	37	0
3973971	516.0	36	0
3973980	693.0	26	1
3974011	232.0	41	1
3974014	221.0	40	1
3974016	919.0	40	1
3974059	400.0	39	1
3974068	282.0	35	1
3974071	218.0	34	1
3974075	151.0	37	0
3974090	323.0	33	1
3974095	1339.0	31	1
3974100	110.0	33	1
3974109	1351.0	33	1
3974114	313.0	35	1
3974115	394.0	35	1
3974133	265.0	26	1
3974141	74.0	23	1
3974143	684.0	22	1
3974147	673.0	27	1
3974158	322.0	34	1
3974162	221.0	35	1
3974163	143.0	37	1
3974174	340.0	39	1
3974182	267.0	41	1
3974183	353.0	41	1
3974201	156.0	45	1
3974233	322.0	39	1
3974244	1169.0	34	1
3974245	926.0	35	1
3974261	244.0	35	1
3975104	457.0	25	1
3975109	158.0	25	0
3975112	517.0	28	1
3975120	254.0	32	1
3975124	304.0	31	1
3975127	357.0	30	1
3975148	399.0	42	1
3975164	335.0	39	1
3975171	278.0	40	1
3975194	415.0	44	1
3975217	223.0	48	1
3975220	216.0	49	1
3975222	209.0	49	1
3975224	1291.0	46	1
3975239	976.0	44	1
3975255	190.0	50	1
3975258	221.0	47	1
3975272	654.0	46	1
3975298	599.0	46	1
3975316	148.0	40	1
3975349	407.0	41	1
3975357	626.0	43	1
3975370	1437.0	45	1
3975375	315.0	43	1
3975395	1407.0	38	1
3975408	529.0	37	1
3975410	928.0	35	1
3975411	575.0	35	1
3975420	258.0	35	1
3975465	261.0	31	1
3975479	706.0	37	1
3975511	399.0	39	1
3975519	426.0	37	1
3975536	958.0	40	1
3975547	271.0	41	1
3975548	509.0	41	1
3975560	1188.0	40	1
3975573	470.0	37	1
3975594	2034.0	37	1
3975595	1004.0	36	1
3975628	303.0	36	1
3975634	2122.0	42	1
3975662	1014.0	42	1
3975677	569.0	39	1
3975684	178.0	39	1
3975692	177.0	40	1
3975693	160.0	40	1
3975703	416.0	40	1
3975740	1233.0	33	1
3975756	91.0	33	0
3975757	771.0	33	1
3975765	90.0	36	0
3975772	768.0	33	1
3975783	1464.0	29	1
3975785	224.0	30	1
3975812	272.0	39	1
3975833	815.0	41	1
3975858	308.0	37	1
3975860	226.0	37	1
3975872	799.0	46	1
3975879	1451.0	45	1
3975880	593.0	45	1
3975898	789.0	53	1
3975904	819.0	57	1
3975908	121.0	57	0
3975911	305.0	56	1
3975918	305.0	57	1
3975924	289.0	61	0
3975935	450.0	60	1
3975959	2286.0	51	1
3975967	389.0	47	1
3975974	105.0	40	1
3975980	643.0	52	1
3975985	79.0	50	1
3975994	588.0	54	1
3976012	135.0	47	1
3976022	399.0	51	1
3976038	440.0	46	1
3976044	153.0	39	1
3976059	1357.0	41	1
3976078	126.0	37	0
3976086	394.0	35	1
3976091	247.0	38	1
3976098	425.0	36	1
3976120	970.0	32	1
3976144	422.0	37	1
3976164	1164.0	45	1
3976171	84.0	40	1
3976184	408.0	43	1
3976187	365.0	43	1
3976193	1680.0	39	1
3976201	1895.0	40	1
3976217	414.0	40	1
3976220	1326.0	40	1
3976223	459.0	45	1
3976228	425.0	43	1
3976244	504.0	43	1
3976250	566.0	45	1
3976270	416.0	40	1
3976305	305.0	37	1
3976318	844.0	37	1
3976323	1884.0	38	1
3976331	291.0	39	1
3976338	1747.0	39	1
3976340	226.0	36	1
3976347	261.0	37	1
3976357	391.0	32	1
3976363	1519.0	31	1
3976391	1314.0	33	1
3976394	330.0	33	1
3976402	1183.0	32	1
3976418	329.0	20	1
3976445	271.0	32	1
3976453	424.0	34	1
3976486	299.0	44	0
3976492	609.0	40	1
3976503	815.0	36	1
3976511	515.0	39	1
3976515	435.0	37	1
3976516	307.0	35	1
3976530	1595.0	34	1
3976550	457.0	36	1
3976566	213.0	38	1
3976579	708.0	34	1
3976583	326.0	36	1
3976595	64.0	26	0
3976599	287.0	30	1
3976602	234.0	29	0
3976650	59.0	22	0
3976658	335.0	21	1
3976670	239.0	23	1
3976672	397.0	21	1
3976681	654.0	18	0
3976710	309.0	23	0
3976716	199.0	23	0
3976717	268.0	23	0
3976722	142.0	21	0
3976730	88.0	21	0
3976735	424.0	26	1
3976754	405.0	25	0
3976756	1529.0	26	0
3976800	259.0	40	1
3976819	282.0	41	1
3976830	971.0	38	1
3976879	363.0	26	1
3976893	402.0	23	1
4004174	717.0	34	1
4004189	25.0	31	1
4004552	60.0	46	0
4004556	109.0	49	1
4004596	156.0	55	1
4004631	84.0	45	1
4004639	92.0	44	1
4004641	92.0	46	1
4004662	91.0	37	1
4004697	84.0	35	0
4004700	118.0	33	0
4004707	118.0	34	0
4004710	116.0	35	0
4004769	204.0	27	0
4004785	146.0	29	0
4004791	108.0	28	0
4004839	77.0	35	1
4004884	167.0	29	1
4004922	133.0	23	1
4004927	82.0	29	0
4004949	876.0	38	1
4004952	903.0	46	1
4004986	555.0	43	1
4004998	962.0	35	1
4005017	562.0	28	1
4005048	110.0	31	1
4005079	215.0	35	1
4005120	85.0	26	0
4005130	366.0	26	1
4005133	252.0	24	1
4005395	275.0	30	1
4005401	221.0	26	1
4005426	388.0	26	1
4005429	177.0	25	0
4005459	201.0	17	0
4005462	136.0	24	1
4005474	488.0	25	1
4005480	399.0	23	1
4005483	135.0	23	1
4005500	365.0	29	1
4005557	364.0	23	1
4005567	712.0	25	1
4005634	118.0	19	1
4005699	252.0	17	1
4005707	532.0	15	1
4005716	149.0	18	0
4005722	126.0	14	0
4005732	125.0	12	0
4005819	183.0	25	0
4005848	149.0	18	1
4007311	119.0	24	0
4007523	200.0	27	0
4007544	447.0	24	1
4007914	57.0	24	0
4014020	63.0	32	0
4014102	77.0	20	1
4014111	129.0	25	1
4014145	59.0	28	0
4015900	192.0	31	0
4015912	192.0	28	0
4015942	348.0	23	0
4015957	346.0	27	0
4015982	918.0	35	1
4015988	908.0	35	1
4016001	682.0	34	1
4016002	726.0	32	1
4016013	686.0	34	1
4016228	751.0	23	1
4016289	1050.0	20	1
4016296	598.0	21	1
4016297	613.0	18	1
4016330	261.0	14	1
4016362	863.0	10	1
4019063	950.0	23	0
4019140	368.0	30	0
4019142	294.0	30	0
4019152	682.0	30	0
4019155	92.0	28	1
4019158	258.0	34	1
4019160	258.0	35	1
4019169	309.0	35	1
4019173	229.0	35	0
4019178	204.0	32	0
4019211	314.0	31	1
4019213	640.0	33	1
4019220	444.0	34	1
4019353	636.0	31	0
4019355	539.0	27	0
4019370	575.0	27	0
4019376	393.0	24	0
4019378	384.0	27	0
4019403	514.0	30	0
4019405	348.0	30	0
4019528	489.0	30	0
4019532	225.0	30	1
4019549	455.0	23	0
4019568	264.0	21	0
4019593	323.0	21	1
4019595	630.0	20	1
4019600	325.0	22	1
4019644	476.0	27	1
4019646	195.0	27	1
4019647	527.0	27	1
4019655	232.0	24	1
4019659	204.0	25	0
4019665	500.0	24	0
4019679	212.0	29	1
4019701	277.0	21	1
4019702	589.0	20	1
4019704	195.0	20	1
4019706	210.0	22	1
4019714	214.0	22	1
4019715	197.0	22	1
4019725	408.0	22	1
4019733	359.0	21	1
4019734	344.0	21	1
4019748	456.0	25	1
4019757	427.0	20	1
4019789	899.0	22	1
4019793	194.0	23	1
4019805	178.0	24	1
4019817	58.0	24	0
4019824	577.0	27	0
4019838	694.0	27	0
4019867	577.0	21	0
4019876	419.0	22	0
4020165	456.0	17	0
4020205	248.0	26	0
4020225	250.0	33	0
4020244	81.0	42	0
4020257	132.0	32	0
4020268	167.0	33	0
4020293	195.0	33	0
4020295	412.0	34	1
4020303	194.0	33	0
4020304	194.0	33	0
4020305	194.0	32	0
4020309	195.0	31	0
4020310	340.0	30	1
4020311	114.0	31	0
4020315	183.0	32	0
4020320	409.0	29	1
4020322	176.0	34	1
4020353	381.0	24	0
4020357	643.0	26	1
4020361	172.0	23	1
4020389	489.0	17	0
4044168	322.0	27	0
4044175	438.0	32	0
4044176	663.0	30	0
4044210	636.0	34	1
4044212	1118.0	34	1
4044216	355.0	36	1
4044219	166.0	37	1
4044221	373.0	36	1
4044230	192.0	34	1
4044233	94.0	31	1
4044237	256.0	37	1
4044246	90.0	35	0
4044251	373.0	32	1
4044262	500.0	37	1
4044264	225.0	38	1
4044277	196.0	28	1
4044284	230.0	28	1
4044291	432.0	28	1
4044301	362.0	24	1
4044302	624.0	23	1
4044311	262.0	22	0
4044317	196.0	22	0
4044331	962.0	20	0
4044332	455.0	21	0
4044339	308.0	22	0
4044353	296.0	18	0
4044354	257.0	19	0
4044361	138.0	18	0
4044362	405.0	16	0
4044368	222.0	17	0
4044399	477.0	21	0
4044400	277.0	21	0
4044410	297.0	24	0
4044419	304.0	25	0
4044425	232.0	24	0
4044441	1255.0	21	0
4044443	442.0	20	0
4044444	450.0	19	0
4044445	319.0	16	0
4044493	233.0	21	0
4044495	217.0	20	0
4044497	233.0	21	0
4044499	271.0	19	0
4044500	246.0	20	0
4044501	234.0	19	0
4044502	622.0	19	0
4044523	623.0	22	0
4044524	269.0	21	0
4044527	262.0	21	0
4044563	200.0	22	0
4044578	897.0	31	0
4044581	324.0	35	0
4044584	232.0	34	0
4044585	365.0	34	0
4044586	261.0	35	0
4044591	521.0	34	0
4044597	186.0	34	0
4044603	203.0	34	0
4044605	295.0	35	0
4044610	79.0	35	0
4044611	198.0	35	0
4044612	200.0	36	0
4044623	397.0	35	1
4044626	397.0	34	0
4044627	137.0	34	0
4044628	137.0	33	0
4044638	270.0	29	1
4044643	202.0	31	1
4044650	134.0	29	0
4044664	76.0	23	1
4044668	138.0	24	0
4044681	673.0	22	1
4044687	753.0	21	1
4044703	889.0	25	1
4044706	910.0	24	0
4044722	169.0	21	1
4044725	755.0	21	1
4044746	267.0	25	1
4044755	274.0	26	1
4044759	1036.0	26	1
4044772	1096.0	27	1
4044778	411.0	28	1
4044785	323.0	31	1
4044787	468.0	25	1
4044799	1177.0	26	1
4044821	438.0	26	1
4044847	427.0	30	1
4044857	625.0	30	1
4044862	337.0	27	1
4044868	1108.0	27	1
4044872	557.0	28	1
4044874	201.0	28	0
4044878	497.0	27	1
4044880	222.0	25	0
4044899	399.0	18	1
4044903	46.0	18	0
4044904	115.0	14	1
4044906	261.0	18	0
4044907	110.0	20	1
4044918	907.0	21	0
4044931	738.0	20	0
4044951	195.0	28	0
4044959	89.0	28	0
4044976	946.0	28	0
4044983	196.0	25	0
4045180	329.0	29	0
4045187	471.0	29	0
4045189	294.0	28	0
4045218	364.0	30	0
4045225	376.0	30	0
4045249	360.0	31	1
4045251	958.0	29	1
4045295	328.0	23	0
4045309	467.0	24	0
4045323	332.0	18	0
4045326	342.0	16	0
4045338	56.0	17	0
4045869	647.0	21	0
4045889	772.0	25	1
4045915	804.0	25	1
4045922	774.0	27	1
4045945	471.0	27	1
4045947	864.0	29	1
4045955	1146.0	30	1
4045965	1254.0	32	1
4045971	305.0	31	1
4046005	640.0	25	1
4046033	214.0	32	1
4046041	377.0	32	0
4046044	102.0	30	0
4046052	557.0	31	0
4046065	494.0	26	0
4046081	159.0	22	1
4046102	406.0	20	0
4046388	233.0	40	0
4046393	154.0	42	1
4046407	184.0	41	1
4046410	847.0	37	1
4046411	588.0	44	1
4046418	439.0	44	1
4046420	199.0	44	1
4046429	843.0	45	0
4046431	252.0	44	0
4046432	343.0	45	1
4046443	543.0	41	1
4046480	119.0	39	1
4046493	338.0	27	1
4046494	515.0	27	1
4046497	151.0	27	1
4046500	518.0	26	1
4046510	285.0	23	1
4046511	567.0	23	1
4046514	157.0	21	1
4046517	285.0	22	1
4046523	263.0	21	1
4046534	328.0	16	1
4046544	172.0	16	1
4046545	413.0	16	1
4046554	292.0	14	1
4046557	240.0	12	0
4046560	242.0	12	1
4046583	447.0	15	0
4046588	936.0	19	1
4046602	297.0	22	1
4046603	331.0	23	1
4046606	776.0	28	1
4046614	207.0	31	1
4046618	753.0	32	1
4046624	752.0	34	1
4046630	939.0	31	1
4046631	388.0	33	1
4046633	388.0	36	1
4046634	404.0	36	1
4046650	233.0	44	1
4046656	707.0	42	1
4046661	525.0	44	1
4046666	508.0	43	1
4046668	418.0	42	1
4046684	349.0	42	1
4046685	539.0	41	1
4046688	362.0	44	1
4046689	2157.0	43	1
4046737	1894.0	37	1
4046753	1092.0	33	1
4046760	1707.0	31	1
4046797	505.0	30	1
4046800	2221.0	31	1
4046806	977.0	30	1
4046808	1869.0	30	1
4046811	1884.0	31	1
4046815	604.0	32	1
4046819	633.0	30	1
4046831	641.0	32	1
4046834	643.0	33	1
4046841	1838.0	46	1
4046842	897.0	46	1
4046848	877.0	52	1
4046851	428.0	51	1
4046857	886.0	52	1
4046858	778.0	52	1
4046862	293.0	53	1
4046879	1304.0	55	1
4046880	315.0	56	0
4046882	864.0	54	1
4046886	1412.0	49	1
4046888	551.0	49	1
4046897	899.0	43	1
4046922	908.0	42	1
4046928	732.0	37	1
4046933	694.0	35	1
4046943	740.0	39	1
4046946	739.0	40	1
4046950	800.0	41	1
4047001	943.0	36	1
4047008	816.0	33	1
4047012	796.0	34	1
4047026	973.0	37	1
4047031	928.0	39	1
4047033	928.0	38	1
4047048	842.0	40	1
4047049	647.0	40	1
4047052	927.0	43	1
4047057	949.0	43	1
4047062	188.0	48	0
4047092	160.0	42	1
4047112	1092.0	38	1
4047132	683.0	35	1
4047155	871.0	29	1
4047171	628.0	35	1
4047177	460.0	35	1
4047187	543.0	35	1
4047213	1034.0	33	1
4047214	513.0	32	1
4047215	1023.0	31	1
4047217	977.0	30	1
4047219	1048.0	32	1
4047238	341.0	24	1
4047260	965.0	22	1
4047261	173.0	22	1
4047285	425.0	25	1
4047301	980.0	22	0
4047448	242.0	43	1
4047452	729.0	44	1
4047477	1039.0	37	1
4047478	383.0	42	1
4047480	888.0	47	1
4047484	624.0	47	1
4047499	378.0	41	1
4047528	756.0	41	1
4047550	480.0	29	0
4047555	447.0	30	0
4047572	447.0	29	0
4047579	298.0	29	0
4047648	162.0	34	0
4048070	260.0	24	1
4048077	52.0	26	0
4048107	174.0	21	0
4048112	699.0	21	1
4048116	697.0	22	1
4048142	268.0	19	1
4048158	114.0	19	0
4048167	818.0	19	1
4049683	209.0	23	1
4049718	387.0	23	1
4049771	277.0	60	1
4049846	81.0	48	0
4049882	550.0	20	1
4049953	237.0	21	1
4050110	259.0	39	1
4050163	97.0	19	0
4050166	98.0	19	0
4054017	209.0	30	1
4054183	253.0	20	1
4054341	278.0	26	1
4054342	277.0	26	1
4054359	92.0	27	1
4054376	436.0	25	1
4054385	127.0	26	1
4054408	377.0	25	1
4054444	80.0	28	0
4054450	190.0	27	1
4054477	179.0	22	0
4054550	256.0	47	1
4054643	657.0	48	1
4054744	90.0	19	0
4054770	85.0	20	0
4054777	160.0	19	1
4054779	685.0	19	1
4054814	342.0	20	1
4054841	176.0	24	1
4054846	282.0	20	1
4054856	61.0	21	0
4055312	142.0	68	1
4055334	1199.0	72	1
4055384	2221.0	56	1
4055440	1886.0	35	1
4055487	215.0	37	1
4055517	299.0	33	1
4055518	2206.0	32	1
4055538	1789.0	30	1
4055539	175.0	29	1
4055541	176.0	27	1
4055544	1651.0	29	1
4055550	1190.0	31	1
4055551	923.0	31	1
4055563	1498.0	30	1
4055587	748.0	26	1
4055592	432.0	25	1
4055593	1049.0	24	1
4055606	1377.0	21	1
4055627	91.0	28	0
4055644	617.0	27	1
4055683	179.0	29	0
4055712	1571.0	40	1
4055720	57.0	41	0
4055757	1097.0	33	1
4055763	1131.0	32	1
4055868	1105.0	24	1
4055883	638.0	29	1
4055901	1155.0	32	1
4056023	643.0	43	1
4056085	163.0	33	1
4056716	59.0	24	0
4057095	56.0	40	0
4057123	80.0	38	0
4057129	178.0	38	1
4057160	693.0	35	1
4057168	1511.0	31	1
4057201	347.0	35	1
4057226	834.0	37	1
4057257	274.0	30	1
4057273	283.0	28	1
4057338	332.0	37	1
4057382	623.0	31	1
4057425	597.0	35	1
4057484	298.0	57	1
4057486	785.0	56	1
4057526	424.0	47	1
4057570	1914.0	36	1
4057571	201.0	33	1
4057602	62.0	31	1
4057615	1662.0	29	1
4057649	117.0	37	1
4057729	78.0	30	1
4057749	79.0	29	1
4059290	96.0	29	1
4059340	621.0	34	1
4059344	417.0	27	1
4059366	57.0	29	1
4059391	46.0	25	1
4059393	581.0	30	1
4059397	60.0	32	1
4059399	578.0	32	1
4059453	261.0	29	1
4059458	244.0	31	1
4059461	194.0	34	1
4059470	260.0	34	1
4059531	130.0	36	0
4059532	32.0	51	1
4059537	226.0	56	1
4059538	182.0	60	1
4059540	23.0	73	1
4059594	159.0	63	1
4059659	372.0	45	1
4059663	216.0	48	0
4059719	129.0	40	1
4059724	157.0	42	1
4059774	239.0	28	1
4059796	248.0	26	1
4059834	425.0	22	1
4059839	422.0	22	1
4060268	72.0	21	0
4060295	90.0	24	0
4060297	88.0	26	1
4060303	723.0	28	1
4060351	371.0	25	0
4060386	113.0	22	0
4060401	61.0	20	0
4060760	397.0	23	1
4061675	458.0	15	0
4061706	376.0	14	0
4061713	376.0	14	0
4062021	365.0	21	1
4062082	191.0	28	0
4062087	208.0	28	1
4062102	127.0	30	0
4062120	115.0	27	1
4062144	471.0	28	1
4062147	323.0	28	1
4062166	439.0	30	1
4062182	338.0	25	1
4062191	443.0	25	1
4062206	271.0	25	1
4062213	414.0	23	1
4062285	281.0	23	0
4062286	293.0	23	0
4062299	281.0	17	0
4062301	885.0	20	0
4062330	1045.0	29	1
4063363	378.0	36	1
4063455	83.0	30	0
4063495	88.0	26	0
4063497	56.0	30	0
4063569	188.0	24	1
4063585	175.0	19	1
4063667	248.0	36	1
4063705	203.0	36	1
4063858	237.0	31	1
4064119	161.0	24	0
4064551	263.0	28	0
4064559	295.0	29	1
4064573	294.0	32	1
4064584	325.0	24	0
4064587	306.0	26	0
4064605	282.0	27	1
4064660	237.0	17	0
4065071	186.0	30	1
4065076	185.0	35	1
4066789	89.0	15	1
4066807	58.0	17	1
4066808	85.0	18	1
4066829	62.0	21	1
4066836	223.0	21	1
4067279	374.0	24	0
4067281	285.0	23	0
4067340	119.0	23	0
4067342	318.0	23	0
4067354	160.0	25	0
4067356	120.0	25	0
4067357	160.0	25	0
4067365	146.0	23	0
4067374	162.0	20	0
4067379	88.0	23	0
4067381	89.0	22	0
4067612	238.0	23	0
4067620	24.0	21	0
4067627	188.0	27	0
4067655	168.0	18	0
4067663	125.0	16	0
4067664	21.0	17	0
4091424	61.0	14	0
4091487	87.0	12	1
4091511	86.0	11	0
4091517	53.0	9	0
4092524	84.0	23	0
4092925	95.0	28	0
4093492	266.0	27	0
4093517	310.0	33	1
4093531	251.0	26	0
4093542	234.0	29	0
4093557	58.0	32	0
4093563	86.0	38	0
4093594	523.0	29	0
4093616	519.0	28	0
4093637	239.0	26	0
4093639	87.0	26	0
4093690	211.0	25	0
4093703	210.0	23	0
4093768	85.0	22	0
4093796	402.0	25	0
4093800	647.0	20	0
4094559	90.0	20	0
4094592	159.0	29	1
4094625	192.0	24	0
4098160	247.0	29	1
4098172	221.0	24	1
4098232	218.0	26	1
4098277	92.0	25	1
4098472	144.0	23	0
4115075	59.0	16	1
4115094	216.0	16	1
4115122	91.0	17	1
4115136	58.0	15	0
4115178	59.0	14	0
4119615	324.0	23	0
4124693	71.0	23	1
4124729	31.0	32	0
4124765	165.0	36	0
4124794	87.0	29	0
4126496	299.0	35	0
4126504	95.0	30	1
4126528	179.0	29	1
4126543	342.0	27	1
4126544	344.0	26	0
4126589	60.0	22	0
4127160	59.0	25	0
4127175	173.0	25	0
4127199	127.0	21	0
4127211	93.0	20	1
4127219	127.0	18	0
4127224	93.0	16	0
4127552	145.0	67	1
4127554	109.0	76	1
4127652	74.0	30	0
4127658	92.0	29	0
4127659	75.0	30	0
4127807	65.0	53	1
4127821	59.0	55	1
4127916	60.0	21	0
4127947	66.0	21	0
4128002	135.0	25	1
4128125	82.0	18	1
4128177	189.0	25	1
4128188	23.0	22	0
4128225	33.0	28	0
4128308	193.0	37	1
4128309	193.0	38	1
4128331	40.0	33	1
4128373	33.0	29	1
4143852	60.0	48	0
4143977	112.0	33	1
4143978	37.0	33	1
4144064	84.0	25	1
4144394	65.0	61	0
4144429	36.0	52	0
4144433	63.0	55	0
4144442	110.0	48	0
4144469	97.0	25	1
4144480	97.0	18	1
4144635	79.0	62	1
4144638	191.0	76	0
4144641	124.0	75	0
4144656	76.0	77	1
4144704	120.0	67	0
4144716	58.0	49	0
4144771	128.0	27	1
4144826	80.0	12	1
4144846	149.0	29	1
4144848	126.0	28	1
4144850	130.0	27	1
4144869	60.0	34	0
4144975	44.0	63	0
4145023	60.0	58	0
4145165	60.0	14	0
4145454	227.0	32	0
4145507	58.0	16	0
4146112	339.0	11	1
4147752	68.0	26	0
4147758	47.0	23	0
4147767	265.0	25	1
4147810	333.0	26	1
4147894	455.0	25	1
4147930	58.0	20	0
4147946	23.0	16	1
4148026	244.0	21	1
4148171	131.0	23	0
4148187	344.0	24	0
4148206	148.0	25	0
4148216	347.0	26	0
4149834	28.0	19	1
4149878	132.0	23	0
4150125	89.0	23	0
4150194	21.0	47	1
4150203	92.0	56	1
4150231	36.0	51	1
4150245	48.0	54	1
4150268	118.0	53	0
4150272	248.0	37	0
4150285	198.0	35	1
4150286	181.0	34	1
4150292	52.0	30	1
4150332	144.0	26	1
4150358	55.0	17	1
4150360	241.0	17	1
4150408	107.0	21	1
4150435	75.0	35	0
4150448	181.0	34	1
4150460	179.0	35	1
4150464	179.0	32	1
4150465	162.0	33	1
4150495	212.0	33	1
4150511	35.0	26	1
4150536	83.0	25	0
4150555	70.0	13	1
4150700	88.0	56	0
4150701	278.0	57	1
4150757	198.0	38	1
4150761	91.0	37	1
4151425	170.0	34	1
4151432	59.0	34	0
4151476	73.0	31	0
4151559	45.0	22	1
4151578	40.0	15	0
4172804	165.0	16	0
4172818	23.0	19	0
4182923	73.0	35	0
4182938	129.0	32	0
4182942	70.0	30	0
4182946	183.0	30	0
4182957	320.0	30	1
4182963	321.0	27	1
4183009	250.0	20	0
4192815	178.0	27	0
4192842	315.0	27	1
4192855	316.0	23	1
4192891	252.0	17	0
4193517	58.0	22	0
4194757	124.0	24	0
4194780	125.0	23	1
4194797	601.0	26	0
4194810	365.0	29	0
4194818	861.0	27	0
4194831	503.0	24	0
4194832	406.0	26	0
4194836	482.0	26	0
4194867	116.0	26	0
4194896	230.0	25	0
4195163	368.0	22	0
4195168	611.0	23	0
4197092	225.0	30	1
4198903	57.0	22	1
4199027	184.0	48	1
4199034	169.0	45	1
4199093	218.0	28	1
4199101	188.0	28	1
4199133	146.0	23	1
4199149	118.0	21	1
4199179	56.0	18	0
4199183	66.0	16	1
4199197	58.0	17	1
4200583	261.0	19	1
4200585	79.0	19	1
4200649	230.0	16	1
4200654	274.0	17	1
4200655	58.0	19	0
4206697	177.0	22	0
4206710	151.0	17	0
4206715	148.0	21	1
4206727	44.0	20	1
4206734	148.0	19	1
4206748	148.0	21	1
4206757	94.0	22	0
4207121	149.0	34	1
4207152	118.0	27	1
4207172	151.0	32	1
4207182	152.0	25	1
4207190	62.0	19	1
4207202	87.0	23	1
4207208	118.0	25	1
4207219	118.0	22	1
4207237	119.0	18	1
4207242	61.0	19	1
4207980	72.0	16	0
4211982	131.0	25	0
4211993	57.0	28	0
4212016	58.0	26	0
4213044	58.0	45	1
4213050	92.0	53	1
4213055	146.0	55	1
4213067	172.0	58	1
4213124	50.0	55	0
4213126	157.0	54	1
4213166	192.0	57	1
4213272	238.0	13	1
4213297	343.0	20	1
4213305	424.0	29	1
4213833	54.0	27	0
4213911	290.0	23	0
4214489	198.0	35	0
4214492	42.0	38	0
4214502	307.0	38	0
4214503	307.0	38	0
4214540	287.0	38	0
4214578	358.0	31	1
4214583	283.0	27	1
4214587	262.0	26	1
4214618	167.0	19	0
4214634	166.0	17	0
4214661	33.0	12	1
4214700	84.0	17	1
4214780	416.0	24	1
4214781	399.0	22	1
4214791	68.0	21	1
4214818	273.0	25	1
4214819	293.0	29	1
4214822	64.0	25	1
4215627	381.0	21	0
4215669	223.0	21	0
4215702	58.0	26	0
4215723	229.0	28	0
4216035	152.0	15	1
4216048	164.0	17	1
4216130	125.0	29	1
4216155	93.0	33	0
4216243	88.0	27	0
4216275	37.0	22	0
4216279	92.0	22	0
4216854	179.0	34	0
4216902	144.0	27	0
4217396	111.0	26	0
4217420	207.0	26	1
4217649	145.0	24	1
4218402	255.0	23	1
4218405	240.0	22	1
4218418	119.0	20	1
4218448	217.0	15	1
4218466	217.0	14	1
4218496	251.0	12	1
4218497	250.0	14	1
4218509	111.0	17	1
4218523	353.0	25	1
4218538	149.0	24	0
4219868	223.0	30	1
4219876	58.0	30	0
4220914	92.0	20	0
4220915	75.0	22	0
4222540	59.0	43	0
4222577	134.0	32	0
4222590	136.0	26	0
4222595	136.0	26	0
4222614	35.0	26	0
4222624	48.0	22	1
4222704	89.0	31	0
4224236	131.0	29	0
4224245	31.0	28	0
4224300	194.0	22	1
4224307	396.0	22	1
4224308	200.0	23	1
4224342	205.0	19	1
4225482	57.0	19	0
4226575	249.0	13	0
4226723	119.0	30	0
4226732	41.0	31	0
4227681	126.0	22	0
4227685	160.0	21	0
4232231	59.0	22	0
4232487	67.0	34	0
4232581	121.0	18	1
4232596	144.0	19	1
4233587	99.0	46	1
4233615	186.0	53	1
4233625	58.0	54	1
4233628	183.0	56	1
4233641	180.0	56	1
4233643	178.0	55	1
4233646	143.0	57	1
4233649	25.0	53	1
4233658	175.0	57	1
4233662	175.0	47	1
4233688	159.0	59	1
4233780	215.0	39	1
4233807	227.0	33	1
4233834	73.0	27	1
4234036	59.0	22	0
4235618	122.0	21	1
4235635	91.0	25	0
4235681	90.0	13	1
4239055	127.0	35	1
4239231	710.0	11	1
4252983	57.0	26	0
4268752	144.0	44	1
4269291	396.0	28	1
4269304	393.0	28	1
4269310	136.0	27	1
4269459	411.0	17	0
4269743	108.0	28	0
4269752	77.0	27	0
4269762	187.0	28	0
4269765	148.0	27	0
4269768	266.0	27	0
4269777	504.0	27	0
4269782	111.0	23	0
4269802	160.0	27	0
4269803	371.0	25	1
4269829	60.0	21	0
4269834	61.0	20	0
4270264	221.0	52	1
4270269	35.0	53	0
4270274	115.0	51	1
4270295	295.0	52	1
4270335	116.0	37	1
4270395	230.0	33	0
4270417	79.0	31	1
4270427	198.0	34	0
4270441	201.0	35	1
4278610	81.0	21	0
4279051	101.0	18	0
4279073	38.0	15	0
4279080	58.0	17	0
4279087	166.0	15	0
4279112	61.0	20	0
4279201	41.0	34	0
4280751	216.0	27	0
4281128	265.0	54	1
4281129	253.0	57	1
4281202	103.0	48	1
4281247	125.0	38	1
4281281	117.0	17	0
4281336	124.0	13	1
4281887	102.0	53	1
4281898	93.0	44	0
4281946	58.0	18	1
4282041	189.0	28	0
4282139	81.0	25	1
4282535	161.0	25	1
4282551	125.0	30	1
4282601	101.0	24	1
4282703	207.0	17	0
4282713	208.0	16	0
4283826	168.0	45	1
4283878	163.0	56	1
4283886	73.0	51	1
4283982	67.0	27	1
4283995	216.0	26	1
4284131	321.0	16	0
4284202	130.0	22	0
4284275	61.0	15	1
4284299	61.0	12	0
4284922	126.0	22	0
4284971	203.0	32	1
4284979	213.0	27	1
4284986	220.0	29	1
4285001	204.0	30	1
4292829	121.0	24	1
4292835	265.0	26	1
4292840	265.0	23	1
4292856	341.0	22	0
4292870	354.0	24	0
4292898	86.0	17	0
4292995	60.0	27	0
4292996	93.0	32	0
4293019	58.0	29	0
4293055	86.0	34	0
4293654	88.0	17	0
4293684	40.0	20	0
4293702	59.0	17	0
4294195	103.0	32	0
4294220	104.0	34	0
4294625	61.0	33	1
4294631	59.0	37	0
4294677	60.0	25	1
4294678	174.0	24	1
4294692	61.0	25	0
4295211	121.0	18	1
4295221	302.0	22	1
4295254	88.0	18	1
4295259	88.0	16	1
4306979	122.0	45	0
4306997	119.0	45	1
4307005	103.0	42	1
4307047	70.0	27	1
4307049	70.0	25	1
4307057	66.0	18	1
4307061	87.0	19	1
4307094	30.0	21	1
4307100	88.0	22	1
4307119	89.0	29	1
4307121	89.0	26	1
4319003	88.0	34	0
4350737	82.0	42	0
4350890	59.0	51	0
4350974	91.0	40	0
4351623	92.0	21	1
4351643	92.0	27	1
4351672	116.0	30	1
4351675	116.0	29	1
4351801	89.0	31	1
4351812	86.0	29	1
4351821	88.0	24	1
4351828	60.0	25	1
4351856	91.0	23	1
4351860	119.0	24	1
4352367	101.0	22	0
4352595	79.0	20	0
4352617	101.0	25	0
4352649	132.0	18	1
4352730	63.0	31	0
4353139	217.0	37	1
4353177	59.0	24	0
4355005	186.0	43	1
4355010	174.0	36	1
4355027	34.0	41	1
4355059	340.0	42	1
4355210	58.0	25	0
4355228	57.0	30	0
4355230	164.0	29	1
4355286	91.0	31	0
4355333	171.0	35	0
4355423	87.0	27	0
4355975	23.0	9	0
4355984	87.0	10	1
4356013	53.0	11	1
4356026	86.0	12	1
4402755	208.0	22	0
4402907	114.0	30	0
4405811	89.0	44	0
4405892	60.0	46	1
4405902	61.0	43	1
4405906	61.0	40	1
4405962	228.0	37	1
4405968	226.0	35	1
4405992	301.0	30	1
4405998	297.0	34	1
4406035	299.0	22	1
4406067	302.0	20	1
4406154	231.0	30	1
4407828	124.0	20	0
4414798	21.0	38	1
4414804	58.0	37	0
4416537	161.0	32	0
4416551	85.0	28	0
4416774	237.0	24	1
4429908	357.0	18	0
4429909	357.0	17	0
4430601	593.0	34	0
4430625	533.0	32	0
4441145	244.0	17	1
4441162	211.0	17	1
4444378	45.0	26	0
4444380	213.0	28	0
4444409	92.0	27	0
4446193	63.0	44	0
4487852	154.0	15	1
4487871	263.0	20	1
4487875	398.0	19	1
4588572	82.0	29	0
4588858	59.0	16	0
4590047	56.0	42	1
4590054	97.0	40	1
4590057	64.0	39	1
4590078	183.0	18	1
4590175	186.0	18	1
4590730	425.0	17	0
4590948	257.0	14	0
4590982	233.0	11	1
4590984	240.0	13	1
4591005	130.0	14	1
4591039	205.0	14	0
4592225	110.0	23	0
4599226	124.0	26	1
4599260	113.0	25	1
4599274	129.0	29	1
4599291	82.0	24	1
4599336	208.0	34	1
4599344	173.0	31	1
4599385	73.0	27	1
4599448	75.0	20	1
4601945	42.0	21	0
4604349	129.0	39	1
4604356	42.0	48	0
4604357	59.0	48	0
4604383	210.0	48	1
4604426	145.0	64	1
4604675	62.0	22	0
4604684	42.0	17	0
4604765	61.0	20	1
4604797	205.0	22	1
4604809	192.0	19	1
4605146	95.0	44	1
4605346	119.0	21	0
4605981	63.0	16	0
4608338	59.0	36	0
4608350	59.0	34	0
4608357	59.0	28	0
4608446	60.0	22	0
4608640	126.0	28	1
4608653	125.0	31	1
4608734	118.0	31	1
4608763	57.0	27	0
4608769	111.0	27	1
4608896	122.0	61	1
4609492	332.0	33	1
4609515	334.0	31	1
4609554	252.0	14	1
4609684	106.0	11	1
4655316	60.0	20	0
4656096	369.0	29	1
4656127	59.0	46	1
4656138	185.0	46	1
4656149	488.0	48	1
4656157	581.0	48	1
4656185	340.0	46	1
4656210	91.0	51	1
4656227	390.0	47	1
4656256	244.0	40	1
4656260	59.0	37	0
4656274	325.0	26	0
4656284	109.0	26	1
4656299	59.0	34	0
4656312	412.0	33	1
4656322	98.0	33	1
4656327	209.0	33	1
4656338	123.0	30	1
4656380	193.0	21	0
4656393	197.0	21	0
4656875	126.0	25	0
4658508	240.0	34	1
4658518	277.0	36	1
4658544	160.0	38	1
4659122	205.0	28	1
4659177	210.0	29	1
4659178	138.0	30	1
4659189	56.0	31	1
4659202	289.0	31	1
4659305	154.0	28	1
4659325	62.0	28	0
4660734	160.0	25	1
4660741	160.0	23	1
4660796	130.0	19	1
4660989	58.0	30	0
4661091	37.0	26	0
4661372	61.0	18	0
4661621	67.0	38	0
4661886	71.0	37	1
4662094	58.0	32	1
4662115	58.0	33	0
4662982	474.0	28	1
4663096	151.0	20	0
4663148	130.0	29	0
4663169	270.0	28	1
4663173	203.0	27	1
4663186	26.0	29	1
4663203	137.0	33	0
4663224	199.0	32	1
4663233	86.0	34	0
4663244	285.0	37	1
4663272	87.0	40	0
4663273	87.0	40	0
4663275	87.0	41	0
4663284	132.0	42	1
4663331	279.0	35	1
4663334	231.0	33	1
4663340	231.0	33	1
4663343	196.0	32	1
4663370	376.0	31	1
4663373	375.0	31	1
4663390	304.0	32	1
4663411	274.0	25	1
4663429	238.0	20	1
4663439	155.0	21	1
4663456	104.0	23	1
4663500	128.0	19	0
4663505	92.0	19	0
4663533	451.0	13	1
4663535	216.0	13	1
4663544	492.0	17	1
4663565	509.0	17	1
4663573	484.0	20	1
4663621	532.0	23	1
4663670	213.0	39	1
4663676	180.0	37	1
4663706	339.0	30	1
4663729	285.0	28	1
4663952	88.0	20	1
4665595	392.0	23	1
4665613	62.0	27	1
4665614	22.0	26	1
4665617	27.0	30	1
4665622	106.0	26	1
4665651	74.0	22	1
4665660	256.0	19	1
4665818	140.0	30	1
4668325	26.0	32	0
4668363	195.0	24	1
4668390	31.0	22	1
4668406	121.0	28	1
4668407	96.0	25	1
4669112	62.0	26	0
4669304	57.0	16	0
4669334	55.0	16	1
4669347	218.0	18	1
4669362	252.0	23	1
4669370	252.0	32	1
4670474	57.0	36	0
4670482	55.0	34	0
4671133	141.0	12	1
4672074	122.0	16	1
4674234	225.0	36	0
4674258	58.0	43	0
4674929	96.0	21	0
4741302	147.0	27	0
4770180	58.0	54	0
4770241	61.0	38	0
4770289	89.0	44	0
4770362	76.0	32	1
4770366	76.0	32	1
4770399	74.0	26	0
4770400	58.0	25	0
4770402	166.0	26	1
4770939	69.0	31	0
4770940	153.0	28	1
4771017	323.0	24	1
4771044	313.0	18	1
4771045	317.0	17	0
4771050	184.0	18	1
4772470	59.0	33	1
4772472	59.0	31	1
4772478	70.0	28	1
4779421	102.0	23	0
4779557	58.0	36	0
4779606	161.0	41	1
4779607	212.0	40	1
4779821	282.0	10	1
4779860	222.0	17	1
4846790	367.0	17	0
4846832	131.0	16	0
4846834	166.0	17	0
4846867	317.0	17	1
4846878	96.0	18	1
4846879	112.0	18	1
4876962	60.0	13	0
4879107	334.0	24	0
4879173	277.0	30	1
4931994	301.0	31	1
4932017	158.0	24	1
4932087	418.0	16	0
4932092	380.0	16	0
4932093	368.0	16	0
4947111	83.0	29	1
4947180	125.0	18	1
4947194	108.0	17	1
4947202	88.0	18	1
4947209	88.0	16	1
4947763	46.0	19	0
4947840	87.0	42	0
4947852	117.0	34	1
4951268	54.0	33	1
4951378	193.0	10	1
4951751	161.0	39	0
4955420	252.0	22	0
4955602	33.0	37	0
4955608	171.0	39	1
4955616	94.0	44	0
4955628	183.0	44	1
4955693	81.0	28	1
4955703	173.0	38	1
4955725	82.0	34	1
4955823	229.0	55	1
4955831	62.0	57	1
4955877	147.0	33	0
4955881	273.0	30	1
4955893	59.0	31	0
4955924	217.0	23	0
4956116	87.0	21	1
4956840	171.0	36	0
4956882	109.0	35	0
4956886	52.0	36	0
4958015	90.0	33	0
4958884	87.0	43	0
4958976	93.0	29	1
4958980	92.0	34	1
4958998	93.0	28	1
4959959	177.0	40	1
4959976	204.0	42	1
4960014	88.0	32	1
4960027	121.0	28	0
4960031	138.0	28	0
4960032	329.0	28	1
4960033	57.0	28	1
4960034	329.0	29	1
4960038	289.0	30	1
4960046	328.0	25	1
4960048	309.0	25	1
4960049	292.0	24	1
4960076	56.0	13	0
4960088	251.0	14	1
4960100	57.0	12	1
4960123	58.0	9	1
4960139	152.0	11	0
4960148	56.0	15	0
4960149	56.0	14	0
4960152	39.0	14	0
4960453	142.0	13	1
4960456	127.0	13	1
4960464	199.0	12	1
4960482	270.0	10	1
4960496	90.0	11	1
4961236	194.0	22	0
4961243	43.0	22	0
4962294	97.0	35	0
4962594	199.0	28	1
4962647	212.0	29	0
4962649	177.0	29	0
4962743	234.0	23	1
4967513	162.0	34	0
4967526	54.0	35	1
4967545	167.0	42	1
4967554	192.0	48	1
4967592	91.0	44	1
4967614	119.0	41	1
4967623	143.0	41	0
4967637	159.0	29	1
4967651	193.0	27	1
4970828	159.0	34	0
4970831	60.0	36	0
4972231	59.0	34	1
4972250	339.0	37	1
4972254	49.0	31	1
4972258	104.0	40	1
4972271	253.0	37	1
4972316	359.0	62	1
4972321	350.0	60	1
4972335	71.0	59	1
4972351	187.0	77	1
4972388	103.0	68	1
5014773	60.0	26	0
5014783	233.0	26	0
5014788	59.0	31	0
5014789	159.0	30	0
5014803	326.0	33	0
5014839	810.0	26	1
5014856	62.0	28	0
5014884	68.0	22	0
5014891	428.0	30	1
5014895	257.0	30	0
5014901	140.0	29	0
5014902	160.0	27	0
5015364	549.0	42	0
5015399	225.0	27	1
5015414	195.0	28	1
5015442	681.0	22	1
5015501	130.0	10	1
5015507	207.0	10	1
5017068	122.0	38	0
5017082	105.0	39	0
5017089	398.0	34	1
5017090	120.0	40	0
5017105	226.0	33	1
5017107	450.0	36	1
5017128	527.0	34	1
5017154	92.0	29	1
5017178	520.0	26	1
5017189	57.0	30	0
5017191	654.0	32	1
5017196	649.0	36	1
5017199	442.0	41	1
5017244	60.0	52	1
5017251	61.0	51	1
5017273	97.0	23	0
5017441	135.0	12	0
5017484	100.0	15	0
5017579	38.0	42	0
5017655	315.0	32	1
5021261	61.0	30	1
5021468	80.0	29	1
5021512	694.0	42	1
5021513	736.0	43	1
5021543	609.0	38	1
5021546	637.0	32	1
5021742	70.0	29	1
5021752	234.0	30	0
5021757	88.0	31	0
5021815	207.0	21	0
5021825	278.0	25	1
5021826	279.0	24	1
5021857	273.0	25	1
5021862	309.0	24	1
5021868	306.0	25	1
5021926	180.0	25	1
5021937	269.0	25	1
5021944	263.0	24	1
5022065	170.0	27	1
5022181	282.0	28	1
5022195	279.0	31	1
5022209	89.0	31	0
5022213	60.0	29	0
5022262	165.0	26	1
5022263	165.0	26	1
5022268	127.0	28	1
5022302	89.0	36	0
5022380	148.0	37	1
5022398	119.0	40	1
5022399	85.0	40	1
5022400	118.0	40	1
5022405	706.0	43	1
5022417	127.0	38	1
5022418	246.0	38	1
5022424	392.0	43	1
5022437	550.0	43	1
5022441	144.0	45	1
5022444	640.0	47	1
5022448	159.0	48	1
5022464	158.0	48	1
5022465	348.0	46	1
5022486	186.0	42	1
5022488	347.0	45	1
5022547	288.0	37	1
5022548	619.0	36	1
5022581	90.0	34	0
5022625	139.0	33	1
5022642	113.0	38	0
5022659	404.0	30	1
5022677	488.0	25	1
5022698	473.0	24	1
5022705	393.0	22	1
5022822	439.0	33	1
5022835	433.0	41	1
5022852	357.0	43	1
5022873	293.0	40	1
5022888	415.0	40	1
5023031	59.0	34	0
5023066	239.0	22	0
5023085	280.0	25	1
5023119	174.0	21	0
5023143	477.0	23	1
5023159	274.0	22	1
5023160	309.0	24	0
5023165	275.0	24	0
5023168	312.0	22	0
5023179	266.0	23	0
5023226	267.0	24	1
5023227	59.0	27	0
5023250	370.0	26	0
5023269	510.0	31	1
5023316	145.0	36	0
5023338	141.0	39	0
5023342	126.0	37	0
5023344	142.0	37	0
5023363	110.0	31	0
5023407	126.0	30	1
5023420	57.0	32	1
5023425	519.0	34	1
5023433	141.0	32	1
5023471	102.0	22	0
5023488	228.0	24	1
5023489	101.0	24	1
5023490	128.0	24	1
5023515	221.0	24	1
5023525	158.0	22	1
5023530	168.0	18	1
5023534	485.0	16	1
5023561	273.0	13	1
5023565	72.0	13	1
5023568	273.0	11	1
5023596	58.0	11	0
5023599	149.0	11	1
5023634	152.0	17	1
5023636	153.0	17	1
5023750	175.0	33	0
5023780	179.0	28	0
5023849	116.0	27	1
5023853	321.0	28	1
5023858	358.0	28	1
5023859	316.0	31	1
5023868	318.0	31	1
5023877	217.0	31	0
5023880	249.0	30	0
5023881	217.0	28	0
5023883	217.0	29	1
5023890	272.0	38	1
5023916	700.0	43	1
5023922	745.0	42	1
5023943	155.0	39	0
5023948	613.0	38	1
5023951	321.0	38	1
5023953	155.0	39	0
5023956	613.0	41	1
5023957	624.0	42	1
5023958	580.0	43	1
5023963	582.0	45	1
5023988	172.0	37	1
5023992	235.0	37	1
5023995	486.0	36	1
5024000	489.0	35	1
5024044	136.0	27	1
5024045	135.0	26	1
5024049	135.0	24	1
5024073	167.0	27	1
5024082	161.0	35	1
5024083	161.0	35	1
5024090	228.0	38	1
5024093	299.0	39	1
5024105	303.0	34	1
5024108	304.0	36	1
5024150	365.0	32	1
5024208	275.0	23	1
5024274	59.0	17	0
5024293	123.0	20	1
5024300	58.0	27	0
5024311	526.0	41	1
5024314	226.0	44	1
5024316	182.0	44	1
5024327	57.0	47	0
5024408	355.0	26	1
5024423	95.0	25	1
5024460	447.0	20	1
5024512	129.0	34	1
5024571	171.0	44	0
5024574	171.0	44	0
5024584	111.0	42	0
5024588	766.0	36	1
5024590	488.0	42	1
5024597	83.0	40	0
5024611	379.0	31	1
5024631	824.0	33	1
5024642	356.0	28	1
5024649	154.0	31	1
5024660	235.0	20	0
5024747	364.0	21	1
5024860	552.0	20	1
5025541	497.0	26	1
5025556	58.0	24	0
5025567	497.0	18	1
5025579	576.0	15	1
5025609	482.0	17	1
5025611	457.0	17	1
5025624	381.0	20	1
5025636	417.0	20	0
5025663	408.0	34	1
5025691	155.0	41	1
5025740	490.0	37	1
5025776	205.0	36	1
5025782	399.0	35	1
5025789	242.0	28	1
5025827	786.0	33	1
5025834	715.0	31	1
5025843	715.0	31	1
5025849	818.0	32	1
5025852	633.0	30	1
5025870	676.0	42	1
5025887	667.0	36	1
5025915	413.0	35	1
5025942	88.0	37	1
5025959	443.0	33	1
5025965	472.0	35	1
5026010	80.0	27	1
5026109	737.0	23	1
5026110	744.0	23	1
5026126	701.0	21	1
5026131	689.0	21	1
5026137	528.0	17	1
5026142	555.0	18	1
5026225	1064.0	17	0
5026249	883.0	28	1
5026254	844.0	27	0
5026527	290.0	21	1
5026555	362.0	22	1
5026562	255.0	25	1
5026563	112.0	24	1
5026572	111.0	29	1
5026578	218.0	26	1
5026584	217.0	28	1
5026585	218.0	26	1
5026588	201.0	24	1
5026603	216.0	29	1
5026612	103.0	47	1
5026613	65.0	50	1
5026615	35.0	48	1
5026617	100.0	48	1
5026629	259.0	58	1
5026648	80.0	59	1
5026756	336.0	41	1
5028028	811.0	32	0
5028049	821.0	30	0
5028074	332.0	22	0
5028517	251.0	24	0
5028605	57.0	17	0
5028618	73.0	19	1
5029071	382.0	13	0
5029091	982.0	20	1
5029120	757.0	22	0
5029139	387.0	20	0
5029140	52.0	26	0
5029957	362.0	36	1
5030101	176.0	16	1
5030138	698.0	21	1
5030158	260.0	22	1
5030317	896.0	24	1
5030332	1096.0	23	0
5030398	1039.0	18	0
5030421	921.0	21	1
5030481	439.0	21	1
5030640	451.0	26	0
5030717	600.0	26	0
5030737	873.0	15	1
5030948	896.0	31	0
5030957	524.0	33	1
5031006	1297.0	30	1
5031043	1185.0	30	0
5031603	295.0	14	0
5031891	434.0	20	0
5032304	155.0	27	0
5032541	303.0	14	0
5032543	320.0	12	0
5032562	339.0	12	0
5032575	356.0	10	0
5032601	59.0	10	0
5032604	380.0	10	0
5036590	56.0	30	0
5036747	196.0	24	1
5037398	85.0	14	0
5038142	130.0	10	0
5038179	46.0	14	1
5074626	262.0	26	0
5074628	262.0	25	0
5074634	259.0	27	0
5074636	86.0	28	0
5074638	258.0	28	0
5074643	260.0	27	0
5074659	58.0	29	0
5074889	89.0	33	0
5074891	91.0	31	0
5074892	249.0	31	0
5074896	116.0	33	0
5074917	123.0	36	1
5074924	179.0	36	1
5074933	177.0	48	1
5074956	330.0	58	1
5074996	271.0	49	1
5075025	102.0	35	0
5075481	241.0	25	0
5075628	95.0	24	0
5075629	122.0	23	0
5075639	165.0	25	1
5075650	202.0	45	1
5075725	160.0	46	1
5075730	251.0	48	1
5075760	90.0	72	0
5075799	300.0	56	1
5075808	229.0	46	1
5075945	89.0	16	0
5085781	179.0	30	0
5085787	89.0	37	1
5085825	144.0	33	1
5085858	89.0	29	1
5085891	118.0	39	1
5085923	116.0	32	0
5085928	115.0	34	0
5085934	115.0	38	0
5086124	190.0	24	0
5086150	56.0	21	1
5086152	57.0	19	1
5086156	102.0	19	1
5086162	57.0	20	1
5086169	85.0	19	0
5086170	85.0	18	0
5086172	57.0	21	1
5086183	57.0	20	1
5086219	227.0	20	1
5086221	56.0	20	1
5086222	56.0	22	1
5086225	73.0	22	1
5086232	57.0	20	1
5086237	74.0	21	0
5086243	58.0	22	0
5086271	193.0	31	1
5086277	171.0	27	1
5086279	158.0	33	1
5086325	180.0	32	1
5086355	138.0	27	1
5086356	137.0	29	1
5105365	57.0	24	0
5105394	56.0	28	1
5105411	22.0	35	1
5105415	56.0	35	1
5105446	57.0	31	1
5105455	85.0	32	1
5105457	89.0	37	1
5105472	166.0	36	1
5105482	138.0	38	1
5105505	186.0	30	1
5105512	157.0	32	1
5105555	157.0	30	1
5105581	139.0	29	1
5105590	258.0	31	1
5105639	227.0	33	1
5105665	260.0	37	1
5105671	149.0	33	1
5105675	260.0	34	1
5105693	261.0	27	1
5105716	57.0	25	0
5105723	324.0	26	0
5105823	124.0	16	0
5107926	436.0	23	0
5107930	340.0	21	0
5107944	469.0	20	0
5108021	296.0	17	0
5108267	92.0	19	0
5108526	128.0	25	1
5108531	123.0	21	0
5108542	133.0	25	0
5108561	121.0	31	1
5108620	119.0	35	0
5108859	100.0	26	1
5108897	196.0	20	1
5113194	119.0	11	1
5163179	466.0	18	1
5163181	149.0	16	1
5163197	58.0	17	0
5163202	536.0	17	1
5163251	378.0	12	1
5163256	393.0	14	1
5163261	360.0	15	1
5163285	351.0	14	0
5163407	306.0	12	1
5166894	157.0	43	0
5166929	235.0	48	1
5166932	228.0	47	1
5166945	105.0	39	1
5166954	266.0	45	1
5167091	25.0	60	1
5167118	58.0	64	0
5167128	56.0	69	0
5167314	179.0	14	1
5167315	63.0	15	0
5167363	58.0	16	0
5167421	60.0	43	0
5167425	59.0	41	0
5167427	162.0	44	1
5167474	166.0	33	0
5168978	449.0	27	1
5169767	354.0	24	0
5169981	89.0	30	0
5170070	456.0	30	0
5170148	402.0	23	0
5171395	173.0	11	0
5171415	20.0	8	0
5171428	251.0	9	0
5196813	58.0	24	0
5196820	98.0	26	1
5196838	102.0	33	1
5196868	97.0	34	1
5196908	193.0	28	0
5197001	146.0	13	0
5216803	207.0	22	0
5216815	175.0	25	0
5217354	346.0	32	1
5217365	114.0	30	1
5217446	346.0	19	0
5217465	236.0	20	0
5218253	270.0	38	1
5219104	45.0	48	1
5219119	193.0	48	1
5223283	59.0	23	0
5223545	33.0	42	1
5223547	162.0	44	1
5223636	404.0	27	1
5223891	68.0	38	0
5223911	60.0	40	0
5223924	59.0	44	0
5226211	122.0	23	1
5226213	218.0	23	1
5226220	122.0	21	1
5316885	60.0	36	0
5317016	30.0	18	1
5317027	161.0	17	1
5317079	194.0	18	0
5317262	65.0	14	0
5320127	318.0	30	0
5320134	1254.0	35	0
5320171	1152.0	22	0
5320204	1050.0	17	0
5320275	1014.0	17	0
5320286	1034.0	16	0
5320319	866.0	21	0
5320323	793.0	19	0
5320388	754.0	19	0
5320389	120.0	20	0
5320396	715.0	22	0
5320409	672.0	23	0
5320523	646.0	19	0
5320534	653.0	19	0
5320537	726.0	20	0
5321767	155.0	15	0
5321772	89.0	18	0
5321777	351.0	17	0
5327394	156.0	29	1
5327418	446.0	38	1
5327422	385.0	38	1
5327457	385.0	37	1
5327482	275.0	36	1
5327493	120.0	30	1
5331570	91.0	23	0
5334649	342.0	23	0
5334653	281.0	23	0
5335016	367.0	12	0
5335029	114.0	17	0
5335047	255.0	17	0
5335049	288.0	17	0
5335060	279.0	17	0
5335078	362.0	20	0
5335093	311.0	40	0
5335097	102.0	50	0
5335114	317.0	52	1
5335116	282.0	51	1
5335125	344.0	53	1
5335331	350.0	14	0
5337466	163.0	18	1
5337478	128.0	19	1
5337514	89.0	22	0
5346856	57.0	23	0
5347255	218.0	19	0
5347446	351.0	36	1
5347469	227.0	39	1
5347497	223.0	38	1
5347613	453.0	21	1
5347631	417.0	24	1
5347632	501.0	24	1
5347644	453.0	24	1
5347650	57.0	22	1
5347674	564.0	25	1
5347708	377.0	20	0
5348160	92.0	46	0
5349341	57.0	17	0
5350393	202.0	27	0
5350495	59.0	42	0
5350498	293.0	40	1
5350521	85.0	40	1
5350557	298.0	34	1
5353958	131.0	34	1
5353978	133.0	29	1
5354056	24.0	12	1
5359887	131.0	29	0
5359909	85.0	31	1
5360016	57.0	20	0
5360940	235.0	25	1
5362410	322.0	22	0
5363046	490.0	30	1
5363056	469.0	29	0
5363723	60.0	29	0
5363890	186.0	33	1
5363914	64.0	37	0
5363931	58.0	38	1
5364129	146.0	24	1
5364136	197.0	22	1
5364146	146.0	21	1
5364162	206.0	22	1
5364188	147.0	23	1
5366410	115.0	48	0
5366463	84.0	23	1
5366536	95.0	8	1
5368377	59.0	37	1
5368385	59.0	55	1
5368426	60.0	46	1
5371933	470.0	28	1
5371954	927.0	36	1
5371975	146.0	38	1
5372008	359.0	42	1
5372030	221.0	39	1
5372031	570.0	37	1
5372032	391.0	37	1
5372105	387.0	27	1
5372110	292.0	21	1
5397646	390.0	51	1
5397670	301.0	45	1
5397672	494.0	36	1
5397714	152.0	34	1
5397716	97.0	36	1
5397729	378.0	30	1
5397732	216.0	28	1
5439161	176.0	22	0
5439198	158.0	16	0
5439205	49.0	16	1
5439223	194.0	14	1
5440800	521.0	23	0
5440801	215.0	23	0
5440804	227.0	23	0
5440815	553.0	24	0
5441332	88.0	21	0
5441348	304.0	26	1
5441352	295.0	26	0
5441354	143.0	25	0
5441356	485.0	26	0
5441360	309.0	24	0
5441362	306.0	25	0
5441379	120.0	29	0
5441407	123.0	26	0
5477341	61.0	47	0
5477523	62.0	20	1
5477560	147.0	17	0
5477562	143.0	18	0
5477575	163.0	14	0
5488243	47.0	31	0
5516325	226.0	34	1
5516344	298.0	34	1
5516345	338.0	34	1
5516361	70.0	38	0
5516366	328.0	36	1
5516374	328.0	37	1
5516390	333.0	38	1
5516414	350.0	35	1
5516419	367.0	34	1
5516448	87.0	27	0
5516461	189.0	21	0
5516485	220.0	21	0
5516492	220.0	23	0
5516566	148.0	23	1
5516751	495.0	29	1
5516790	541.0	24	1
5516840	494.0	17	1
5516865	416.0	18	1
5516905	592.0	22	1
5516912	279.0	25	1
5516935	605.0	32	1
5517140	346.0	25	1
5517156	243.0	22	0
5517178	390.0	21	0
5517630	321.0	26	0
5518516	515.0	12	0
5518522	461.0	11	0
5519061	28.0	47	0
5519063	236.0	50	1
5519640	57.0	30	1
5519648	211.0	37	1
5521945	183.0	33	0
5521990	219.0	34	0
5522208	350.0	22	0
5522463	144.0	18	0
5524218	259.0	25	0
5524250	329.0	22	1
5524274	347.0	26	0
5524765	232.0	28	0
5525871	295.0	24	0
5526055	150.0	24	1
5526056	151.0	23	1
5526058	151.0	22	1
5526060	196.0	23	1
5526066	83.0	33	0
5526177	439.0	21	0
5534816	86.0	28	0
5534910	690.0	27	1
5549060	314.0	33	1
5549119	226.0	22	1
5549122	84.0	20	1
5549125	224.0	21	1
5549126	81.0	20	1
5549845	494.0	25	1
5550048	261.0	23	0
5550073	331.0	20	0
5551661	143.0	25	0
5551662	178.0	25	0
5556563	89.0	29	1
5556741	164.0	26	1
5556767	314.0	14	1
5568568	386.0	29	1
5568571	168.0	28	1
5568664	73.0	49	1
5570498	326.0	19	0
5570838	124.0	23	1
5570912	120.0	26	1
5570927	290.0	26	1
5570952	98.0	22	1
5570998	24.0	24	1
5571027	89.0	25	1
5571054	175.0	27	1
5571064	26.0	29	0
5571072	175.0	27	0
5571478	120.0	48	1
5571575	127.0	36	1
5571581	79.0	32	1
5571586	97.0	23	1
5571606	97.0	18	1
5571610	97.0	19	1
5586071	62.0	10	0
5608364	205.0	57	1
5608602	594.0	10	1
5608658	353.0	14	1
5612546	290.0	39	1
5612555	130.0	35	0
5651986	179.0	4	0
5652004	169.0	2	0
5652006	186.0	2	0
5652011	88.0	1	0
5652561	175.0	42	1
5652565	205.0	40	0
5652568	178.0	41	0
5652601	63.0	40	0
5652715	58.0	21	1
5652744	33.0	30	1
5665122	86.0	24	1
5665146	444.0	34	1
5665216	285.0	25	1
5665816	325.0	16	1
5665822	325.0	17	0
5665835	152.0	19	1
5665871	461.0	16	1
5665872	419.0	16	1
5665874	222.0	16	1
5666092	189.0	38	1
5666202	148.0	24	1
5666206	146.0	29	0
5666215	145.0	26	1
5666250	52.0	27	1
5666274	184.0	28	1
5666293	35.0	24	0
5668072	187.0	22	0
5668103	86.0	16	0
5668189	82.0	23	1
5668193	322.0	24	1
5668197	316.0	24	1
5668215	303.0	24	1
5668233	348.0	44	1
5668263	346.0	36	1
5668264	60.0	38	0
5668327	124.0	20	1
5668377	324.0	10	1
5668404	328.0	9	1
5668451	30.0	11	0
5669779	92.0	21	1
5669809	86.0	15	1
5669817	316.0	16	1
5669855	369.0	23	1
5670540	90.0	24	1
5671698	365.0	27	0
5671860	121.0	28	0
5671884	357.0	23	1
5673278	175.0	31	0
5673281	211.0	26	1
5673300	209.0	27	1
5673305	210.0	27	1
5673313	202.0	25	1
5673320	97.0	26	0
5673380	33.0	19	0
5676527	192.0	35	1
5676528	169.0	37	1
5676534	26.0	33	0
5676854	65.0	10	0
5676919	221.0	13	1
5676927	195.0	13	1
5744467	464.0	26	0
5744514	125.0	20	0
5745150	485.0	49	1
5745217	143.0	72	0
5745219	145.0	68	0
5745230	102.0	67	0
5745235	146.0	66	0
5745960	142.0	32	1
5746090	407.0	19	1
5746349	136.0	26	1
5746837	78.0	28	0
5746842	76.0	23	0
5746848	213.0	23	1
5746874	214.0	19	1
5746879	130.0	21	0
5746884	311.0	20	0
5804626	58.0	22	0
5809442	164.0	25	0
5810456	140.0	31	1
5810520	57.0	35	0
5810541	180.0	26	0
5810547	212.0	25	0
5810796	88.0	29	0
5810817	160.0	20	0
5810832	453.0	19	0
5810873	219.0	22	0
5810876	219.0	22	0
5811415	126.0	22	1
5811417	190.0	24	1
5811434	219.0	21	1
5811760	195.0	25	1
5811765	210.0	26	1
5811772	518.0	19	1
5811780	185.0	20	1
5811787	498.0	20	1
5811853	95.0	24	0
5813042	29.0	22	1
5813063	26.0	24	0
5813072	231.0	26	1
5813092	167.0	28	0
5813108	137.0	36	0
5813112	172.0	39	0
5813118	139.0	37	0
5813127	355.0	40	1
5813158	119.0	26	1
5813206	226.0	20	1
5813217	223.0	18	1
5813229	259.0	16	1
5814036	343.0	35	0
5814050	435.0	33	0
5814081	395.0	25	0
5814254	357.0	13	1
5814271	90.0	12	1
5816740	217.0	11	0
5816791	305.0	7	1
5816828	254.0	11	0
5816832	96.0	11	0
5816834	239.0	11	0
5848451	110.0	22	1
5849176	96.0	15	1
5849192	22.0	15	0
5849201	61.0	15	0
5849207	191.0	9	1
5849224	192.0	11	0
5849231	156.0	14	0
5849236	137.0	14	0
5849313	29.0	40	0
5849315	105.0	41	1
5849326	143.0	40	1
5849347	97.0	25	1
5849350	181.0	25	1
5849360	242.0	29	1
5849390	168.0	29	1
5849397	364.0	33	1
5849430	305.0	30	1
5849464	223.0	33	0
5849466	222.0	33	0
5849722	30.0	40	1
5849731	21.0	38	1
5849735	23.0	38	1
5849789	118.0	25	1
5849831	189.0	27	1
5849852	35.0	21	1
5858516	59.0	39	1
5858566	92.0	45	1
5858576	46.0	43	0
5858673	164.0	10	1
5858674	29.0	8	0
5858697	59.0	14	0
5858730	62.0	16	1
5858731	62.0	15	1
5858762	21.0	8	1
5858805	24.0	32	1
5858808	170.0	35	1
5858910	95.0	36	1
5858933	166.0	28	1
5862731	271.0	25	0
5946537	145.0	18	0
5946539	119.0	17	0
5946540	38.0	17	0
5946552	57.0	15	0
5946912	549.0	22	1
5946924	631.0	23	1
5946956	461.0	26	1
5954281	314.0	29	0
5954901	58.0	23	0
5954912	101.0	16	0
5954919	269.0	20	0
5954936	238.0	25	0
5954952	239.0	24	0
5955217	423.0	17	1
5955227	976.0	21	1
5955250	973.0	24	0
5955268	902.0	26	1
5955292	112.0	20	0
5955503	1079.0	32	0
5955518	1171.0	26	1
5955533	171.0	25	0
5955578	241.0	26	1
5973746	121.0	16	0
5974012	91.0	18	0
5974015	91.0	17	0
5974016	91.0	16	0
5974018	91.0	17	0
5974383	27.0	30	0
5974390	256.0	29	1
5974401	121.0	29	0
5974420	116.0	25	1
5974451	70.0	31	0
5974557	180.0	36	1
5974568	94.0	35	1
5974865	53.0	22	1
5974886	191.0	26	1
5975109	85.0	28	1
5975129	123.0	31	1
5975160	57.0	34	1
5975181	104.0	28	1
5975233	83.0	45	0
5975241	84.0	46	0
5975248	472.0	42	1
5975254	473.0	42	1
5975476	44.0	28	1
5975478	121.0	28	1
5975506	101.0	30	1
5976224	82.0	93	1
5976225	92.0	92	1
5976230	99.0	92	1
5976243	98.0	89	1
5976294	64.0	59	0
5978353	32.0	50	1
5978373	261.0	50	1
5978374	101.0	30	1
5978408	188.0	30	0
5978465	155.0	27	0
5979212	58.0	30	0
5979258	96.0	20	0
5979432	145.0	21	1
5979467	587.0	20	1
5979468	243.0	21	1
5979473	58.0	24	0
5979496	268.0	15	1
5979497	550.0	15	0
5979504	199.0	16	1
5979521	323.0	18	0
5979537	33.0	27	0
5979975	41.0	18	0
5979983	35.0	16	0
5979995	36.0	16	0
5980014	141.0	18	0
5980016	139.0	19	0
5980018	157.0	17	0
5980794	88.0	45	0
5980801	68.0	47	1
5980824	63.0	38	1
5980833	63.0	42	1
5980846	29.0	31	0
5980856	66.0	42	1
5980903	65.0	31	1
5980929	62.0	25	0
5981531	308.0	23	1
5981551	87.0	29	0
5981612	477.0	19	1
5991457	452.0	24	1
5991463	218.0	25	1
5991471	378.0	24	1
5991484	70.0	31	1
5991492	457.0	25	1
5991512	249.0	24	1
5991547	321.0	17	1
6000477	419.0	32	0
6000526	453.0	28	1
6000593	104.0	28	0
6000708	262.0	18	0
6000732	460.0	16	0
6000735	431.0	17	0
6000773	299.0	27	0
6000791	310.0	28	0
6000797	294.0	27	0
6001794	87.0	42	1
6001828	166.0	45	1
6001831	200.0	48	1
6001844	247.0	48	1
6001856	201.0	46	1
6001857	255.0	45	1
6001886	61.0	41	0
6001890	152.0	42	1
6001916	121.0	39	1
6001922	133.0	35	1
6002305	96.0	18	1
6002391	114.0	26	0
6003606	420.0	25	0
6003619	368.0	26	0
6003628	417.0	27	0
6003632	418.0	26	0
6003745	522.0	22	1
6003780	442.0	24	0
6003790	532.0	24	1
6003797	420.0	23	1
6003820	455.0	22	1
6003827	351.0	18	0
6003839	423.0	14	1
6003845	426.0	14	1
6003860	467.0	18	0
6003868	393.0	20	1
6003870	419.0	21	0
6003871	394.0	24	0
6003874	397.0	25	0
6004657	58.0	19	0
6004693	124.0	30	1
6004745	43.0	27	0
6005542	97.0	38	1
6005597	118.0	22	1
6005605	155.0	19	1
6005623	150.0	19	1
6005756	238.0	14	1
6005760	84.0	12	1
6007182	184.0	23	0
6007205	186.0	24	1
6007389	58.0	19	1
6008101	89.0	28	0
6008140	156.0	29	1
6008425	26.0	13	0
6010259	167.0	69	1
6010318	279.0	24	1
6010331	415.0	36	1
6010336	388.0	34	1
6010342	279.0	36	1
6010429	229.0	28	1
6010440	63.0	30	0
6010543	27.0	11	0
6010546	92.0	10	0
6010548	92.0	11	0
6013063	55.0	35	1
6013184	156.0	19	1
6114736	33.0	25	0
6115480	229.0	24	0
6115489	171.0	20	0
6115493	157.0	21	0
6115498	156.0	24	0
6115511	169.0	25	1
6115594	123.0	27	0
6115980	85.0	16	0
6116026	86.0	20	0
6116031	86.0	20	0
6116073	69.0	12	0
6116175	94.0	33	0
6116195	62.0	36	0
6116213	111.0	32	1
6116224	328.0	31	1
6116235	298.0	31	1
6116254	169.0	30	1
6116279	142.0	25	1
6116285	144.0	26	1
6116314	288.0	39	1
6116347	293.0	38	1
6116364	120.0	26	1
6117014	310.0	7	1
6117022	331.0	9	1
6117072	137.0	16	1
6117077	239.0	15	1
6117078	254.0	15	1
6117088	255.0	18	1
6117091	272.0	17	1
6117105	268.0	24	1
6117119	84.0	29	1
6117315	364.0	28	0
6117339	156.0	22	0
6117631	63.0	33	0
6117691	63.0	24	0
6117712	77.0	26	0
6117774	272.0	15	1
6117812	61.0	28	0
6118396	113.0	23	0
6142415	206.0	27	0
6142685	485.0	28	0
6142810	79.0	27	0
6142860	378.0	20	1
6142893	312.0	14	1
6142954	857.0	18	1
6142957	235.0	19	1
6142960	134.0	21	1
6142980	173.0	23	0
6142992	132.0	23	0
6142998	57.0	22	0
6143478	384.0	28	0
6143488	80.0	32	0
6166823	59.0	37	0
6181240	261.0	23	0
6181843	282.0	19	1
6181890	289.0	14	1
6181912	214.0	18	1
6181922	665.0	18	1
6181926	388.0	19	1
6181960	92.0	20	1
6181969	189.0	32	1
6181994	363.0	28	0
6192034	131.0	14	1
6196324	63.0	19	0
6196603	303.0	13	1
6196615	220.0	13	1
6196674	386.0	25	1
6196691	310.0	24	0
6196695	288.0	25	0
6197029	468.0	28	1
6197048	193.0	20	1
6197070	324.0	12	1
6197091	391.0	14	1
6197112	635.0	15	1
6197148	359.0	23	1
6197195	158.0	32	0
6197219	60.0	28	0
6200922	92.0	33	1
6201120	205.0	22	1
6201144	262.0	18	1
6201159	248.0	11	1
6204448	346.0	18	0
6204478	316.0	19	1
6204754	456.0	21	0
6204769	569.0	23	0
6205194	374.0	24	0
6205250	375.0	29	1
6205301	280.0	28	1
6207212	61.0	23	0
6209389	157.0	19	0
6209402	157.0	17	0
6209423	157.0	16	0
6209650	195.0	22	1
6209663	259.0	20	1
6209958	255.0	44	1
6209964	239.0	40	1
6210032	246.0	48	1
6210109	92.0	22	0
6210110	102.0	21	0
6210170	56.0	24	0
6210472	270.0	14	0
6210533	173.0	23	1
6210536	174.0	27	1
6210561	251.0	25	0
6211441	77.0	17	1
6250967	226.0	27	1
6251055	143.0	15	0
6251072	246.0	16	0
6252799	137.0	30	0
6252819	197.0	38	1
6252831	300.0	37	1
6252842	197.0	39	1
6252847	59.0	38	1
6253040	20.0	17	1
6253044	142.0	19	1
6253063	146.0	15	0
6253849	57.0	69	0
6253863	216.0	72	1
6253865	215.0	69	1
6253868	27.0	66	1
6253873	196.0	71	1
6253875	213.0	71	1
6254304	60.0	17	0
6254313	93.0	18	0
6254354	108.0	34	1
6254370	29.0	30	1
6254382	61.0	29	0
6254384	91.0	28	1
6254389	29.0	27	1
6254397	108.0	25	1
6254405	108.0	22	1
6254406	108.0	21	1
6254408	107.0	25	1
6254661	58.0	27	0
6254707	66.0	17	0
6254752	63.0	33	0
6254762	164.0	33	1
6254811	284.0	26	1
6254822	164.0	21	0
6260360	132.0	20	0
6289452	584.0	27	0
6289458	565.0	27	0
6289523	472.0	24	0
6289524	414.0	24	0
6289555	59.0	25	0
6289563	353.0	27	0
6289601	406.0	24	0
6289612	299.0	23	0
6291860	214.0	26	0
6291866	213.0	28	0
6291869	214.0	29	0
6291878	214.0	31	0
6291908	170.0	31	1
6291999	59.0	26	0
6334630	180.0	46	0
6334669	93.0	42	0
6334684	249.0	40	1
6334687	248.0	40	1
6334700	149.0	40	1
6334702	148.0	40	1
6334704	178.0	40	1
6334717	212.0	33	1
6334721	214.0	28	1
6334728	180.0	28	1
6334740	182.0	25	1
6334861	282.0	27	1
6334882	183.0	24	0
6337264	128.0	24	0
6337273	57.0	33	0
6338691	311.0	23	1
6338701	102.0	22	1
6338714	103.0	21	0
6338741	193.0	23	0
6339202	59.0	32	0
6340954	269.0	28	0
6344663	448.0	19	0
6344675	414.0	19	0
6344741	70.0	29	0
6344759	335.0	28	0
6355965	225.0	39	1
6355988	254.0	45	1
6356004	211.0	51	1
6356040	142.0	55	1
6356073	64.0	40	0
6356086	228.0	41	1
6356156	195.0	15	1
6356159	231.0	17	1
6356191	223.0	17	1
6356216	60.0	28	0
6356280	62.0	27	0
6356295	61.0	27	1
6356315	43.0	31	1
6356320	44.0	29	1
6356329	61.0	27	1
6356579	89.0	26	0
6356989	271.0	18	1
6356991	273.0	21	1
6359665	587.0	35	0
6367057	288.0	29	0
6367131	57.0	25	0
6506733	220.0	21	1
6506840	104.0	25	1
6526121	58.0	16	0
6526247	58.0	40	0
6526261	149.0	47	0
6535670	59.0	29	0
6536782	159.0	32	0
6536817	228.0	32	1
6536879	198.0	20	0
6536992	379.0	22	1
6537027	68.0	22	1
6537035	233.0	20	0
6537046	256.0	20	0
6537052	235.0	19	1
6537055	252.0	20	1
6537059	42.0	22	0
6538017	115.0	19	0
6538142	93.0	28	0
6538147	93.0	31	0
6538881	129.0	34	1
6538919	194.0	28	1
6538921	195.0	29	1
6538946	293.0	20	1
6538990	61.0	17	0
6538991	244.0	17	0
6538998	241.0	17	0
6539001	213.0	17	0
6539066	297.0	27	0
6539070	132.0	26	0
6539101	175.0	22	0
6542223	212.0	36	0
6544589	94.0	30	0
6544689	361.0	37	0
6544691	363.0	38	0
6544723	41.0	33	0
6544739	123.0	31	0
6544745	71.0	22	0
6544771	184.0	21	1
6544773	75.0	20	1
6544792	59.0	24	1
6544817	54.0	19	1
6544832	364.0	25	1
6544840	376.0	27	1
6544861	100.0	30	0
6545260	342.0	22	0
6545759	172.0	17	1
6545775	177.0	19	1
6555446	58.0	31	0
6579203	215.0	26	0
6579276	123.0	22	1
6579292	123.0	23	1
6579300	57.0	21	0
6579302	57.0	22	0
6579669	125.0	36	0
6616773	59.0	36	0
6616814	156.0	25	1
6616815	101.0	27	1
6616838	161.0	19	1
6625482	386.0	17	1
6736369	59.0	36	0
6771940	206.0	20	0
6771947	24.0	21	0
6771954	34.0	20	0
6771959	130.0	18	0
6771961	367.0	19	0
6771966	368.0	19	0
6771973	156.0	19	1
6771976	365.0	18	0
6771987	132.0	20	1
6771989	125.0	26	1
6771992	20.0	50	0
6772019	370.0	52	1
6772045	203.0	42	0
6772054	268.0	43	1
6772069	162.0	44	0
6772070	162.0	44	0
6772073	177.0	40	0
6772085	250.0	38	1
6772104	248.0	39	1
6772110	83.0	37	1
6772120	217.0	39	1
6772121	217.0	39	1
6772164	215.0	28	0
6787432	156.0	18	1
6787479	252.0	14	1
6806995	231.0	26	0
6809399	59.0	35	0
6809448	36.0	41	1
6809738	57.0	18	0
6810925	222.0	32	0
6810982	145.0	42	1
6811004	304.0	32	1
6811021	176.0	22	1
6811123	275.0	26	1
6811126	260.0	26	1
6811137	86.0	24	0
6811139	188.0	24	0
6811157	108.0	21	0
6811288	321.0	25	1
6811310	88.0	33	0
6811370	116.0	46	1
6811506	41.0	21	0
6811521	250.0	13	1
6811548	114.0	16	1
6812529	60.0	12	0
6814244	209.0	29	1
6814306	338.0	26	1
6820014	75.0	9	0
6822180	57.0	20	0
6822290	194.0	20	1
6822329	200.0	18	1
6822333	202.0	17	1
6825905	65.0	18	0
6826394	106.0	24	0
6826636	295.0	12	0
6826650	296.0	15	0
6827411	56.0	22	0
6829904	350.0	18	1
6830650	57.0	48	0
6830756	59.0	29	0
6830884	89.0	25	0
6830997	159.0	23	0
6835704	197.0	15	1
6835709	181.0	16	1
6835725	128.0	15	0
6835727	22.0	15	0
6836521	236.0	32	1
6836627	110.0	12	0
6843439	88.0	29	0
6843443	89.0	28	0
6843463	23.0	22	1
6843501	350.0	22	1
6843586	52.0	56	1
6843623	161.0	54	1
6854635	165.0	33	0
6854638	133.0	33	0
6854703	203.0	18	1
6854707	203.0	15	1
6854721	202.0	13	0
6854739	165.0	16	0
6878670	57.0	22	0
6878820	79.0	22	1
6878832	103.0	26	0
6878945	56.0	32	0
6879021	491.0	17	0
6882573	115.0	25	1
6889128	158.0	19	0
6892469	62.0	36	0
6892497	148.0	26	0
6926912	61.0	36	0
6926949	58.0	30	0
6941511	120.0	65	0
7057068	60.0	16	0
7059946	56.0	34	0
7065543	63.0	49	0
7070174	456.0	37	1
7070175	457.0	37	1
7072687	80.0	25	0
7072746	494.0	23	1
7072794	53.0	20	0
7072831	156.0	22	0
7074322	127.0	17	0
7074464	234.0	29	1
7118837	226.0	30	1
7119475	59.0	29	1
7156082	172.0	20	1
7156766	57.0	14	0
7158064	44.0	25	1
7158107	112.0	22	1
7158954	57.0	26	0
7186700	59.0	21	0
7193295	260.0	20	1
7193321	327.0	16	0
7193323	126.0	22	0
7193337	57.0	23	0
7193428	115.0	48	0
7193633	59.0	17	0
7193649	148.0	22	0
7193694	185.0	20	0
7193707	184.0	20	0
7193708	248.0	21	0
7193725	280.0	19	0
7202552	59.0	18	0
7205278	199.0	20	0
7205304	59.0	21	0
7206818	57.0	22	0
7206974	156.0	21	0
7211500	86.0	21	0
7223289	62.0	15	0
7223304	62.0	19	0
7223306	154.0	19	0
7235711	90.0	29	0
7239240	60.0	20	0
7245152	60.0	39	0
7245153	60.0	39	0
7245172	60.0	35	0
7251950	93.0	40	0
7251986	292.0	49	1
7251987	163.0	49	1
7252008	212.0	44	1
7252027	753.0	44	1
7252066	357.0	42	1
7252144	701.0	21	1
7253626	309.0	19	0
7255748	110.0	29	0
7256003	81.0	23	0
7256037	357.0	21	1
7256075	83.0	33	0
7256080	85.0	29	0
7256085	67.0	27	0
7256090	59.0	28	0
7256151	245.0	24	0
7256170	226.0	26	0
7256173	242.0	27	0
7257346	154.0	68	1
7257370	201.0	51	1
7257373	253.0	53	1
7257384	299.0	49	1
7257385	271.0	50	1
7257389	286.0	47	1
7257419	303.0	44	1
7257446	340.0	41	1
7257484	101.0	35	1
7257494	279.0	35	1
7257508	312.0	33	1
7257518	339.0	31	1
7257530	240.0	32	0
7257547	285.0	33	1
7257575	338.0	29	1
7257578	287.0	26	1
7257584	313.0	26	1
7257661	131.0	28	1
7260225	179.0	12	1
7273651	610.0	26	0
7273652	739.0	26	0
7273668	372.0	30	0
7273679	357.0	29	0
7273722	246.0	34	1
7273784	311.0	26	1
7273815	211.0	33	1
7273832	143.0	26	1
7273856	266.0	24	0
7273857	150.0	24	0
7273879	349.0	20	0
7273881	330.0	19	0
7273882	350.0	20	0
7274215	309.0	32	1
7274263	260.0	32	1
7274308	333.0	22	1
7274403	59.0	24	0
7275248	57.0	36	0
7275265	167.0	39	0
7275567	59.0	21	1
7275576	73.0	18	0
7275579	59.0	18	0
7276417	519.0	19	0
7291475	131.0	29	1
7291495	237.0	27	1
7291499	238.0	24	1
7291514	204.0	19	0
7291515	141.0	19	0
7291528	273.0	20	0
7291557	340.0	23	0
7368449	265.0	38	0
7368651	181.0	63	1
7368684	385.0	62	1
7368713	231.0	61	0
7368717	369.0	55	0
7368751	420.0	39	0
7368807	282.0	33	0
7368822	151.0	29	0
7368823	194.0	27	0
7368854	415.0	29	1
7368861	150.0	30	0
7368902	169.0	18	1
7368987	151.0	19	0
7369000	133.0	28	1
7369116	43.0	28	1
7369123	28.0	25	0
7369137	167.0	28	1
7369186	120.0	26	1
7369910	358.0	24	0
7371095	517.0	30	0
7371128	423.0	30	0
7371182	412.0	33	0
7371465	591.0	17	0
7371471	591.0	17	0
7398335	124.0	25	0
7398388	359.0	24	0
7398395	139.0	27	0
7398400	168.0	28	0
7398409	320.0	26	0
7398523	196.0	33	0
7398558	221.0	34	0
7398608	224.0	33	1
7398610	276.0	30	1
7398618	287.0	38	1
7398626	328.0	43	1
7398652	319.0	53	1
7398657	280.0	58	0
7398757	85.0	58	0
7398766	253.0	55	1
7398772	353.0	51	1
7398793	379.0	43	1
7398820	83.0	22	1
7398831	239.0	24	1
7398837	93.0	25	1
7398841	209.0	24	1
7398842	213.0	24	1
7398866	287.0	25	1
7398874	113.0	23	1
7398877	354.0	23	1
7398890	260.0	16	1
7398901	292.0	20	1
7398908	175.0	19	1
7398911	206.0	20	1
7398915	166.0	19	1
7398920	213.0	19	1
7398940	344.0	17	1
7398942	466.0	16	1
7398949	95.0	19	0
7398955	370.0	17	1
7398975	206.0	13	0
7399657	209.0	12	1
7399668	488.0	12	1
7400604	276.0	28	0
7400752	39.0	25	0
7400802	229.0	17	0
7400807	246.0	17	0
7400999	322.0	24	1
7401038	386.0	31	1
7401068	250.0	31	1
7401090	182.0	32	1
7401105	304.0	28	1
7401106	111.0	28	0
7450389	56.0	20	0
7450394	422.0	17	1
7450402	207.0	20	0
7450423	211.0	16	0
7454226	251.0	18	0
7457656	227.0	26	1
7457706	58.0	16	0
7463047	59.0	34	0
7464139	59.0	24	0
7464140	131.0	24	0
7464214	115.0	18	0
7464278	139.0	22	0
7465293	464.0	22	1
7465326	58.0	19	0
7465521	318.0	46	1
7465584	172.0	35	1
7465646	325.0	48	1
7465911	306.0	45	1
7465927	310.0	42	1
7465961	293.0	33	1
7465966	48.0	31	1
7465981	218.0	25	1
7465992	189.0	20	0
7465994	189.0	19	0
7465996	189.0	19	0
7466010	221.0	17	0
7466031	281.0	20	1
7466062	212.0	24	1
7531481	139.0	28	0
7534108	89.0	22	0
7535724	214.0	26	0
7535766	252.0	28	1
7535799	157.0	23	1
7535802	157.0	21	1
7535910	73.0	16	0
7691628	282.0	28	1
7691747	304.0	30	1
7691912	270.0	21	1
7719418	58.0	13	0
7719591	61.0	23	0
7719726	61.0	21	0
7746675	81.0	22	0
7746685	122.0	22	1
7746708	54.0	30	1
7746724	88.0	31	0
7746735	87.0	30	0
7747091	154.0	42	1
7747097	52.0	39	1
7747106	155.0	35	1
7747107	93.0	36	1
7747127	98.0	34	1
7747140	53.0	32	1
7747141	161.0	32	1
7747731	234.0	41	0
7747734	249.0	42	0
7747757	397.0	39	0
7747759	246.0	37	0
7747760	58.0	37	0
7747762	101.0	34	0
7747767	251.0	33	0
7747781	99.0	37	1
7747788	82.0	32	1
7747792	232.0	32	1
7747796	127.0	22	1
7747815	103.0	23	1
7747818	132.0	23	0
7747829	102.0	23	0
7773114	91.0	31	0
7775787	206.0	19	0
7777765	305.0	27	0
7777776	335.0	27	0
7777780	299.0	28	0
7793151	439.0	14	0
7793164	401.0	13	0
7793166	234.0	12	0
7793173	382.0	12	0
7793181	402.0	12	0
7793195	401.0	11	0
7793476	87.0	23	0
7793511	126.0	22	1
7793520	127.0	18	1
7793521	128.0	18	1
7793524	128.0	17	1
7793558	59.0	19	0
7881539	63.0	14	1
7881595	316.0	20	1
7881596	120.0	19	0
7881597	57.0	20	0
7900126	60.0	35	0
7900344	91.0	58	0
7900430	60.0	49	0
7900617	64.0	34	0
7902393	92.0	22	0
7902942	20.0	22	0
7902951	248.0	18	0
7902970	248.0	9	0
7902975	302.0	13	1
7902985	300.0	14	1
7903087	88.0	28	0
7904314	181.0	33	0
7904677	57.0	30	0
7904824	193.0	25	0
7905032	58.0	28	0
7905062	57.0	32	0
7905162	249.0	20	1
7905185	299.0	13	1
7905214	382.0	16	1
7905705	336.0	28	0
7905829	214.0	25	1
7906831	128.0	42	1
7906834	125.0	46	1
7906945	44.0	14	0
7906970	95.0	12	1
7909317	60.0	35	0
7909483	107.0	41	0
7909509	198.0	33	0
7909512	223.0	34	0
7909523	164.0	35	1
7909544	553.0	35	1
7909555	178.0	35	0
7909581	144.0	36	0
7909869	368.0	29	1
7909911	60.0	54	0
7910202	56.0	37	0
7910219	57.0	49	0
7910350	311.0	42	1
7910364	399.0	36	1
7910419	90.0	48	0
7910768	90.0	36	0
7912024	46.0	30	0
7912073	59.0	21	0
7912174	507.0	29	1
7948486	87.0	20	0
7948629	57.0	31	0
8090139	260.0	25	1
8090144	261.0	26	1
8090223	181.0	21	1
8091781	113.0	28	1
8092320	60.0	30	0
8092715	57.0	28	0
8094127	201.0	21	1
8094160	137.0	24	1
8094775	54.0	37	1
8094826	89.0	41	1
8094875	43.0	27	0
8096458	59.0	23	0
8096467	291.0	23	0
8096468	292.0	22	1
8096495	428.0	22	0
8096503	253.0	26	0
8097218	308.0	18	1
8097264	373.0	22	1
8097333	60.0	14	1
8167728	194.0	33	1
8167744	228.0	28	1
8167745	122.0	27	0
8167771	418.0	23	1
8167780	342.0	20	1
8167781	57.0	20	0
8167791	322.0	23	1
8167796	323.0	23	1
8167809	262.0	25	1
8167817	250.0	26	1
8167841	63.0	16	1
8167854	185.0	15	0
8167859	21.0	18	1
8167865	92.0	31	0
8167884	255.0	46	1
8167894	252.0	47	1
8167904	183.0	47	1
8167910	183.0	46	1
8167947	186.0	38	1
8167955	252.0	49	1
8168047	31.0	19	1
8168055	162.0	24	1
8168209	259.0	23	1
8168236	421.0	25	0
8168242	226.0	25	0
8168304	60.0	29	0
8168305	63.0	30	0
8168316	93.0	29	0
8168329	310.0	29	1
8170104	229.0	20	1
8170120	57.0	28	0
8172183	282.0	30	1
8172200	216.0	37	1
8172204	41.0	35	1
8172504	58.0	34	0
8172560	307.0	27	0
8172569	320.0	24	0
8172573	55.0	19	0
8172603	88.0	17	1
8172619	112.0	19	1
8249222	439.0	22	0
8249759	403.0	16	0
8251574	92.0	13	1
8251603	95.0	18	1
8251609	61.0	24	0
8307826	122.0	28	0
8307925	194.0	14	0
8307927	117.0	14	0
8307951	309.0	17	1
8308056	42.0	42	0
8308098	93.0	40	0
8308106	359.0	36	0
8308107	103.0	36	0
8308115	98.0	47	0
8308131	83.0	49	0
8308132	224.0	48	0
8308141	223.0	47	0
8308143	190.0	47	0
8308154	83.0	44	0
8349057	60.0	12	0
8349332	151.0	11	1
8349334	342.0	12	1
8349355	360.0	12	0
8349369	387.0	17	0
8349374	280.0	16	0
8349388	333.0	17	0
8349405	317.0	19	0
8349540	410.0	29	0
8349541	73.0	29	0
8349574	27.0	22	1
8349642	125.0	21	0
8349658	150.0	18	0
8350120	259.0	18	0
8350123	298.0	20	0
8350124	113.0	18	0
8350132	349.0	20	1
8350137	388.0	19	1
8350175	369.0	18	1
8350180	410.0	18	0
8350182	406.0	17	0
8350193	318.0	10	0
8350199	337.0	9	0
8350216	447.0	11	0
8350225	213.0	9	0
8352900	266.0	24	0
8352913	169.0	26	0
8352922	157.0	26	0
8352929	117.0	26	0
8352932	268.0	27	0
8352937	296.0	28	0
8354013	93.0	41	0
8404207	78.0	20	1
8404210	51.0	22	1
8404858	119.0	53	1
8404882	130.0	48	1
8405087	411.0	22	1
8405107	335.0	21	1
8405121	189.0	22	1
8405130	428.0	19	1
8406050	328.0	23	1
8406325	332.0	13	0
8406675	312.0	18	0
8424252	134.0	26	0
8424257	120.0	24	0
8424258	120.0	24	0
8424276	283.0	22	0
8424277	118.0	22	0
8424280	118.0	20	0
8424281	118.0	19	0
8424289	94.0	18	1
8424292	151.0	18	1
8424342	158.0	13	0
8424345	157.0	14	0
8424872	132.0	22	1
8424915	423.0	30	1
8425316	712.0	52	1
8425338	781.0	52	1
8425351	295.0	50	1
8425368	906.0	26	1
8425401	924.0	24	1
8425495	761.0	4	1
8425512	57.0	5	0
8429763	171.0	23	0
8429780	186.0	23	1
8429781	172.0	23	1
8429782	172.0	22	1
8430189	92.0	42	0
8430193	168.0	42	0
8430338	56.0	13	0
8432968	58.0	10	0
8432985	318.0	10	0
8447196	113.0	26	0
8448292	297.0	28	1
8480555	87.0	31	0
8480716	58.0	47	0
8483148	186.0	20	1
8483167	83.0	19	1
8483175	253.0	19	1
8483210	285.0	15	1
8483229	94.0	18	0
8483261	59.0	23	1
8483304	47.0	52	1
8483371	29.0	45	1
8483373	155.0	45	1
8483621	68.0	21	0
8483645	322.0	22	0
8524300	40.0	19	0
8524863	158.0	27	0
8524886	619.0	30	0
8527341	65.0	21	0
8527358	67.0	18	0
8527448	199.0	20	1
8535204	60.0	33	0
8535225	252.0	23	0
8535256	88.0	20	0
8535302	59.0	12	0
8536615	35.0	39	1
8536664	90.0	17	1
8536707	470.0	20	1
8536712	446.0	19	1
8536728	387.0	20	1
8536749	412.0	18	1
8536777	331.0	16	1
8536782	351.0	15	1
8536791	157.0	17	1
8539147	220.0	26	1
8539170	242.0	33	1
8539174	211.0	36	1
8539262	168.0	27	1
8539481	270.0	17	0
8539493	21.0	19	0
8540993	414.0	34	1
8541124	135.0	30	1
8541259	326.0	15	1
8544336	149.0	28	1
8544444	88.0	22	1
8544721	143.0	34	1
8544727	57.0	30	0
8545067	57.0	17	0
8545091	89.0	14	0
8545856	313.0	28	1
8545905	120.0	27	1
8545980	118.0	53	1
8546012	355.0	82	1
8546063	356.0	57	1
8546322	99.0	9	0
8546431	60.0	26	0
8546629	187.0	19	1
8546654	223.0	20	1
8548030	256.0	35	0
8548047	314.0	40	0
8548065	57.0	35	0
8548152	316.0	18	1
8548155	338.0	18	1
8548181	300.0	20	1
8548189	61.0	17	0
8595468	436.0	50	0
8595469	485.0	52	1
8595471	144.0	53	1
8595482	114.0	58	0
8595517	204.0	49	1
8595526	503.0	47	1
8595529	169.0	43	1
8595537	60.0	45	0
8595553	357.0	43	1
8595633	425.0	16	0
8597519	86.0	37	0
8597556	162.0	39	1
8598425	76.0	12	1
8598442	112.0	12	1
8598446	192.0	12	0
8602088	401.0	21	0
8602955	236.0	22	1
8602956	246.0	22	1
8602960	264.0	20	1
8602972	264.0	19	0
8603270	59.0	14	0
8604289	150.0	19	0
8604293	150.0	20	0
8609758	137.0	23	0
8609761	303.0	22	0
8609783	209.0	32	1
8609812	265.0	39	1
8609837	198.0	48	1
8609957	514.0	27	1
8612095	398.0	23	0
8616633	256.0	36	1
8619987	60.0	34	0
8620258	98.0	19	0
8657881	161.0	26	1
8657885	164.0	25	1
8658358	160.0	24	1
8658371	193.0	23	0
8658373	164.0	22	0
8658375	165.0	22	0
8658385	165.0	22	0
8659863	88.0	24	1
8659875	233.0	22	1
8661566	57.0	40	0
8662930	235.0	38	0
8662969	114.0	27	0
8662980	183.0	27	0
8662986	182.0	31	0
8666638	60.0	44	1
8666641	60.0	46	1
8666744	30.0	33	1
8666782	272.0	23	1
8666937	239.0	29	1
8666949	256.0	30	1
8668601	196.0	18	0
8668602	186.0	15	0
8668605	169.0	17	0
8670468	158.0	20	0
8671840	290.0	36	0
8674941	119.0	33	0
8675007	292.0	29	1
8675157	333.0	18	0
8675615	100.0	17	0
8675625	96.0	16	1
8676007	301.0	41	0
8676087	277.0	37	0
8676207	60.0	23	1
8676209	60.0	23	1
8755375	161.0	30	1
8756177	197.0	48	1
8756309	113.0	29	1
8756609	226.0	27	1
8756715	62.0	11	0
8757169	276.0	25	0
8757239	125.0	21	1
8757254	35.0	18	0
8757967	188.0	24	1
8758099	60.0	40	0
8758172	61.0	21	0
8822381	108.0	25	0
8822415	113.0	21	0
8822434	289.0	16	0
8822435	289.0	16	0
8966412	221.0	25	0
8966962	60.0	28	0
8969094	350.0	26	0
8969108	368.0	28	1
8969120	409.0	25	0
8969124	391.0	25	0
8969159	374.0	23	0
8969161	390.0	23	1
8969174	379.0	23	0
9001918	63.0	15	0
9001930	135.0	26	0
9041409	362.0	20	1
9047358	205.0	20	0
9047361	203.0	21	0
9050392	403.0	23	0
9050398	104.0	24	0
9050401	379.0	24	0
9052205	162.0	41	0
9052234	401.0	33	0
9052417	95.0	25	0
9052540	58.0	36	0
9052594	541.0	35	0
9053076	57.0	24	0
9094161	115.0	14	1
9094223	263.0	25	1
9094242	294.0	28	1
9094262	250.0	27	1
9094281	340.0	25	0
9094334	229.0	21	0
9094345	229.0	20	1
9094371	253.0	26	1
9094379	251.0	29	1
9094384	254.0	27	1
9094427	165.0	32	0
9094471	192.0	12	1
9094500	286.0	21	1
9094534	227.0	24	1
9094546	287.0	22	1
9094559	278.0	25	1
9094560	278.0	25	1
9094665	174.0	20	0
9094695	167.0	24	0
9094704	166.0	20	1
9094740	262.0	20	1
9094757	93.0	17	1
9094846	66.0	22	0
9097207	233.0	27	1
9097475	89.0	23	0
9097808	227.0	14	0
9097836	262.0	14	0
9097857	161.0	11	0
9097871	334.0	17	0
9097886	368.0	21	1
9097892	371.0	20	1
9097896	372.0	18	0
9097924	475.0	25	0
9097925	467.0	26	0
9098320	170.0	17	0
9098329	161.0	15	0
9098347	69.0	23	1
9098373	264.0	24	1
9098379	336.0	25	1
9098380	237.0	23	1
9098387	257.0	22	1
9111297	286.0	31	1
9111324	196.0	30	1
9111360	207.0	29	1
9111474	394.0	18	0
9111655	88.0	20	0
9111656	88.0	21	0
9111657	88.0	21	0
9111659	95.0	20	0
9111678	88.0	31	0
9111685	98.0	31	0
9111687	240.0	30	0
9111817	285.0	36	1
9111864	489.0	47	1
9111865	521.0	49	1
9111886	452.0	43	1
9111912	412.0	36	1
9111914	519.0	39	1
9111924	469.0	41	1
9111927	594.0	43	1
9111936	318.0	30	1
9111937	305.0	28	1
9111944	358.0	26	1
9111997	287.0	25	1
9112001	287.0	24	1
9112017	250.0	21	0
9112142	196.0	14	1
9112253	333.0	46	1
9112292	196.0	37	1
9112319	218.0	39	1
9112343	289.0	25	1
9112372	59.0	16	0
9112377	173.0	20	0
9112435	195.0	17	0
9112540	356.0	20	1
9112541	355.0	21	1
9112553	485.0	24	1
9112563	451.0	25	0
9112579	630.0	25	1
9112600	634.0	29	1
9112608	658.0	30	1
9112612	646.0	31	1
9112613	628.0	30	1
9112909	176.0	35	1
9112928	577.0	33	1
9112937	454.0	29	1
9113146	353.0	24	1
9113181	328.0	21	0
9113237	231.0	18	0
9113340	356.0	18	0
9175477	301.0	26	0
9175643	240.0	28	1
9175674	191.0	31	1
9175752	185.0	23	1
9175758	198.0	22	1
9186765	208.0	32	0
9186834	273.0	31	0
9186855	208.0	26	0
9190063	272.0	44	1
9190135	404.0	29	1
9190168	187.0	32	1
9190417	57.0	17	0
9190423	57.0	21	0
9190512	89.0	29	0
9196738	231.0	41	1
9196760	254.0	38	1
9196838	620.0	18	1
9196867	57.0	14	0
9196935	442.0	23	1
9199069	611.0	22	0
9199146	473.0	23	0
9202842	42.0	56	0
9202982	57.0	15	0
9204280	332.0	58	1
9204572	293.0	24	1
9204575	85.0	23	1
9204626	111.0	16	1
9207361	110.0	32	1
9207425	155.0	18	1
9207455	61.0	12	0
9207463	61.0	19	0
9221958	93.0	40	0
9225847	115.0	23	1
9227798	57.0	30	0
9228289	240.0	27	0
9228307	257.0	24	1
9229221	59.0	35	0
9229266	423.0	35	0
9230369	136.0	28	0
9232571	299.0	23	1
9232574	96.0	30	1
9232584	203.0	31	0
9232669	144.0	22	0
9233199	99.0	38	0
9233365	276.0	22	1
9236079	334.0	53	1
9236082	300.0	49	1
9236092	97.0	54	0
9236121	354.0	52	1
9236130	361.0	41	1
9236133	150.0	40	1
9236151	468.0	21	1
9236181	265.0	15	1
9236192	286.0	13	1
9236226	306.0	18	1
9236229	323.0	17	1
9236234	338.0	19	1
9236278	212.0	25	1
9236292	233.0	24	0
9236707	301.0	24	0
9236725	391.0	22	0
9236744	211.0	20	0
9248034	395.0	43	0
9248106	262.0	43	0
9248143	202.0	30	0
9248146	166.0	29	1
9248165	162.0	14	1
9248168	59.0	13	1
9248206	160.0	10	1
9291674	399.0	22	0
9291697	586.0	25	0
9291741	485.0	19	1
9307386	23.0	23	0
9307388	189.0	21	1
9307401	189.0	26	1
9307485	319.0	26	1
9307509	98.0	27	1
9307510	64.0	27	1
9307512	299.0	26	1
9307516	98.0	27	1
9307519	98.0	26	1
9307673	410.0	20	1
9307679	100.0	20	0
9309739	62.0	41	0
9331084	407.0	17	0
9358200	58.0	26	0
9360239	277.0	41	0
9360252	451.0	40	1
9360255	446.0	48	1
9360336	252.0	37	1
9360362	236.0	24	1
9360365	270.0	25	1
9360368	273.0	23	1
9360392	252.0	22	1
9360394	268.0	23	1
9360396	270.0	21	1
9360421	105.0	34	1
9360427	401.0	35	1
9360435	535.0	35	1
9360442	610.0	36	1
9360451	673.0	38	1
9360457	257.0	40	1
9360478	733.0	44	1
9360496	450.0	38	1
9360497	433.0	36	1
9360500	469.0	40	1
9360510	487.0	34	1
9360511	446.0	35	1
9360514	498.0	34	1
9360523	479.0	36	1
9360551	485.0	25	1
9360579	109.0	16	1
9361834	141.0	17	1
9362793	76.0	126	0
9362919	37.0	22	1
9362934	306.0	24	1
9362954	338.0	29	1
9362962	46.0	27	1
9363006	256.0	27	1
9363152	23.0	17	0
9363155	169.0	17	0
9364501	83.0	40	0
9364505	416.0	38	0
9364518	402.0	33	0
9364555	419.0	25	1
9364567	179.0	23	0
9364619	249.0	23	0
9364640	184.0	22	0
9365182	490.0	26	0
9365223	201.0	24	0
9367975	95.0	45	1
9368007	71.0	30	1
9368009	229.0	33	1
9368012	220.0	30	1
9368057	355.0	25	1
9368071	201.0	48	1
9368074	390.0	49	1
9368109	251.0	43	1
9368123	171.0	41	1
9368169	78.0	58	1
9368183	298.0	61	1
9368218	207.0	39	1
9368220	100.0	33	1
9368237	133.0	25	1
9368263	235.0	24	1
9368275	236.0	20	1
9368289	116.0	21	1
9368352	60.0	47	0
9368362	299.0	50	1
9368389	274.0	44	0
9368404	273.0	45	0
9368410	86.0	44	0
9368477	233.0	35	0
9368482	89.0	35	0
9368557	355.0	25	0
9368558	172.0	25	0
9368608	23.0	28	1
9368632	552.0	33	0
9368658	58.0	24	0
9368672	58.0	26	0
9368674	664.0	27	1
9368681	714.0	24	1
9368697	105.0	18	0
9368741	399.0	24	1
9368764	355.0	31	1
9368769	824.0	28	1
9368772	397.0	28	1
9368808	902.0	27	1
9368846	336.0	27	0
9368847	580.0	27	0
9369011	413.0	24	0
9369015	226.0	27	0
9369050	57.0	26	0
9369051	567.0	28	0
9369101	89.0	36	0
9369103	247.0	38	0
9369128	217.0	33	0
9369320	65.0	16	0
9370533	142.0	10	0
9370919	396.0	42	1
9371060	254.0	14	1
9371078	127.0	14	0
9371084	58.0	13	0
9410126	92.0	20	0
9410678	242.0	84	1
9410692	211.0	77	1
9410707	226.0	74	1
9413768	154.0	36	0
9413772	96.0	34	0
9413849	21.0	20	0
9413871	32.0	20	0
9414098	183.0	30	1
9414153	219.0	19	0
9414164	219.0	31	0
9414194	68.0	36	1
9414217	356.0	37	1
9416052	326.0	11	1
9416729	109.0	23	0
9416800	71.0	37	0
9416819	290.0	39	0
9417853	60.0	27	0
9418079	378.0	57	1
9418100	60.0	68	0
9418120	526.0	65	1
9418162	384.0	84	1
9418176	118.0	80	1
9418178	332.0	81	1
9418243	57.0	78	1
9418266	543.0	70	1
9418345	138.0	32	1
9418369	133.0	16	1
9418398	55.0	27	0
9418408	92.0	28	0
9418425	92.0	27	0
9418478	60.0	27	0
9418488	71.0	36	0
9419085	256.0	18	1
9419167	753.0	28	1
9419173	253.0	31	1
9420083	239.0	19	0
9420204	57.0	35	0
9420241	91.0	49	0
9420243	595.0	48	1
9420286	682.0	45	0
9420311	90.0	43	0
9420403	295.0	14	0
9420493	59.0	19	1
9420496	327.0	20	1
9420517	83.0	21	1
9422197	405.0	18	0
9423182	118.0	30	1
9423185	172.0	30	1
9423189	341.0	28	0
9427239	375.0	22	0
9427240	297.0	22	0
9427258	247.0	24	0
9427261	339.0	23	0
9427320	390.0	18	0
9427324	430.0	16	0
9427376	279.0	18	0
9427380	280.0	19	0
9428214	87.0	28	0
9428261	62.0	26	0
9428269	120.0	24	0
9428318	95.0	23	0
9428342	63.0	18	0
9429133	90.0	38	0
9429173	252.0	49	1
9429248	293.0	35	1
9429362	192.0	21	1
9429485	285.0	46	1
9429487	159.0	46	1
9429490	285.0	46	1
9429524	383.0	42	1
9429585	89.0	28	0
9429596	56.0	27	0
9429637	101.0	29	1
9429645	95.0	32	0
9429935	309.0	18	0
9429943	80.0	20	0
9430006	94.0	50	0
9430014	285.0	48	1
9430064	244.0	46	0
9430077	279.0	45	1
9430121	185.0	25	0
9430132	91.0	24	1
9430559	59.0	25	0
9430602	76.0	41	1
9430609	93.0	42	1
9430638	288.0	38	1
9522662	505.0	28	0
9522767	518.0	24	1
9522768	499.0	24	0
9522769	493.0	22	0
9522770	501.0	21	0
9522774	615.0	20	1
9522816	637.0	7	1
9522818	636.0	8	1
9522827	677.0	7	1
9522903	36.0	24	1
9522966	59.0	31	0
9524987	590.0	26	0
9524996	314.0	23	0
9619867	93.0	15	0
9619869	93.0	15	0
9620615	403.0	20	1
9680432	251.0	26	1
9680441	248.0	22	1
9681004	266.0	19	1
9681321	122.0	22	0
9701215	83.0	30	0
9701241	199.0	37	0
9701253	76.0	35	0
9701265	289.0	39	0
9701292	268.0	36	0
9701299	250.0	35	0
9701301	241.0	33	0
9741921	186.0	28	0
9741923	399.0	28	0
9741932	468.0	32	1
9741943	502.0	34	1
9741976	696.0	41	1
9742010	663.0	24	1
9742206	447.0	33	1
9742285	381.0	18	1
9742295	339.0	13	0
9742300	310.0	13	0
9744279	422.0	30	1
9744984	347.0	13	1
9745063	278.0	13	0
9751893	260.0	26	1
9751895	137.0	30	1
9751911	294.0	35	1
9752029	269.0	19	1
9752089	378.0	18	1
9752112	57.0	24	0
9752122	719.0	26	1
9752196	316.0	31	0
9752203	353.0	30	0
9752251	440.0	28	1
9752310	429.0	29	1
9752345	134.0	39	1
9752352	234.0	37	1
9752645	378.0	20	0
9752647	200.0	18	0
9752696	328.0	16	0
9752701	327.0	16	0
9752719	267.0	19	0
9752937	468.0	21	0
9756530	402.0	22	1
9756542	397.0	23	1
9756625	58.0	22	0
9816254	68.0	22	0
9816329	203.0	40	0
9816346	87.0	41	0
9821285	192.0	28	0
9821294	154.0	23	1
9821321	186.0	22	0
9821782	279.0	17	0
9821923	83.0	40	1
9821973	56.0	45	0
9821978	821.0	46	1
9822000	1009.0	43	1
9822009	261.0	44	1
9822021	1031.0	37	1
9822024	127.0	37	1
9822027	400.0	36	1
9822037	125.0	30	1
9822041	685.0	25	1
9822053	824.0	31	1
9822068	191.0	24	1
9822087	209.0	23	1
9822089	83.0	24	1
9822096	220.0	28	1
9822115	1083.0	39	1
9822134	799.0	37	1
9822136	456.0	34	1
9822145	307.0	36	1
9822171	488.0	32	1
9822184	1226.0	33	1
9822186	726.0	34	1
9822202	592.0	32	1
9822210	230.0	29	1
9822215	682.0	27	1
9822236	99.0	22	1
9822237	356.0	22	1
9822269	573.0	21	1
9822273	179.0	22	1
9822296	309.0	29	1
9822297	285.0	28	1
9822335	462.0	25	1
9822341	130.0	28	1
9822363	155.0	26	1
9822377	1001.0	26	1
9822379	1033.0	26	1
9822415	745.0	17	1
9832994	244.0	40	1
9833057	104.0	36	0
9833648	105.0	15	1
9839474	388.0	21	0
9839641	362.0	23	1
9839664	121.0	19	1
9839676	395.0	18	0
9839749	351.0	19	0
9845498	74.0	47	1
9845507	103.0	50	1
9845510	126.0	56	0
9845514	180.0	54	1
9845597	182.0	51	1
9845602	119.0	51	0
9845604	118.0	51	0
9845654	149.0	26	0
9847130	86.0	21	0
9945879	286.0	27	0
9945885	321.0	27	0
9945948	295.0	23	0
9945959	282.0	22	0
9945978	285.0	19	0
9946110	151.0	26	0
9946112	169.0	26	0
9946127	208.0	31	1
9946210	150.0	21	0
9966394	244.0	28	1
9966414	485.0	31	0
9966522	214.0	26	1
9966525	117.0	27	0
9966532	212.0	25	0
9966629	328.0	37	1
9966692	185.0	49	1
9966699	284.0	52	1
9966706	95.0	52	1
9966723	170.0	49	1
9966800	130.0	41	1
9966816	118.0	34	1
9966822	350.0	24	1
9966983	89.0	21	0
9967032	53.0	23	0
9980726	102.0	29	0
9980745	128.0	28	0
9980749	128.0	28	0
9980781	126.0	32	1
9980793	116.0	28	1
9980818	120.0	27	1
9981087	221.0	26	0
9981094	186.0	27	0
9981096	246.0	27	0
9981105	757.0	27	0
9981134	181.0	24	1
9981138	117.0	23	0
9981191	131.0	22	1
9981208	148.0	23	1
9981217	125.0	24	0
9981219	57.0	23	0
9987825	756.0	32	0
9987849	387.0	31	0
9988052	57.0	20	0
9988612	58.0	20	1
9988614	189.0	21	1
9988617	59.0	22	1
9988620	190.0	20	1
9988652	63.0	17	1
9988656	63.0	16	1
9988660	125.0	15	1
9988676	63.0	16	1
9988678	63.0	17	1
9992205	172.0	10	1
9992208	163.0	10	0
9993534	185.0	21	0
9993538	60.0	21	0
9997383	313.0	28	1
9997409	397.0	31	1
9997415	363.0	35	1
9997418	362.0	37	1
9997420	346.0	37	1
9997424	363.0	36	1
9997450	349.0	33	1
9997457	352.0	28	1
9997463	280.0	28	1
9998139	41.0	35	1
9998141	185.0	36	1
9998168	104.0	31	1
9998305	71.0	52	1
9998311	104.0	51	1
9998387	114.0	28	1
9998398	243.0	20	1
